CASE_ID,ACCIDENT_YEAR,PROC_DATE,JURIS,COLLISION_DATE,COLLISION_TIME,OFFICER_ID,REPORTING_DISTRICT,DAY_OF_WEEK,CHP_SHIFT,POPULATION,CNTY_CITY_LOC,SPECIAL_COND,BEAT_TYPE,CHP_BEAT_TYPE,CITY_DIVISION_LAPD,CHP_BEAT_CLASS,BEAT_NUMBER,PRIMARY_RD,SECONDARY_RD,DISTANCE,DIRECTION,INTERSECTION,WEATHER_1,WEATHER_2,STATE_HWY_IND,CALTRANS_COUNTY,CALTRANS_DISTRICT,STATE_ROUTE,ROUTE_SUFFIX,POSTMILE_PREFIX,POSTMILE,LOCATION_TYPE,RAMP_INTERSECTION,SIDE_OF_HWY,TOW_AWAY,COLLISION_SEVERITY,NUMBER_KILLED,NUMBER_INJURED,PARTY_COUNT,PRIMARY_COLL_FACTOR,PCF_CODE_OF_VIOL,PCF_VIOL_CATEGORY,PCF_VIOLATION,PCF_VIOL_SUBSECTION,HIT_AND_RUN,TYPE_OF_COLLISION,MVIW,PED_ACTION,ROAD_SURFACE,ROAD_COND_1,ROAD_COND_2,LIGHTING,CONTROL_DEVICE,CHP_ROAD_TYPE,PEDESTRIAN_ACCIDENT,BICYCLE_ACCIDENT,MOTORCYCLE_ACCIDENT,TRUCK_ACCIDENT,NOT_PRIVATE_PROPERTY,ALCOHOL_INVOLVED,STWD_VEHTYPE_AT_FAULT,CHP_VEHTYPE_AT_FAULT,COUNT_SEVERE_INJ,COUNT_VISIBLE_INJ,COUNT_COMPLAINT_PAIN,COUNT_PED_KILLED,COUNT_PED_INJURED,COUNT_BICYCLIST_KILLED,COUNT_BICYCLIST_INJURED,COUNT_MC_KILLED,COUNT_MC_INJURED,PRIMARY_RAMP,SECONDARY_RAMP,LATITUDE,LONGITUDE,COUNTY,CITY,POINT_X,POINT_Y
8536510,2018,2018-01-24,1942,2018-01-01,0235,42735,0946,1,5,7,1942,0,0,0,I,0,9A37,"MAMMOTH AV","OXNARD ST",3.00,,N,A,-,N,,,,,,,,,,N,4,0,1,2,A,-,10,21950,A,N,G,B,B,A,H,-,C,D,0,Y,,,,Y,Y,A,01,0,0,1,0,1,0,0,0,0,"- ","- ",,,"LOS ANGELES","LOS ANGELES",-118.43235015869141,34.179401397705078
8561936,2018,2018-02-26,1942,2018-01-01,0940,43128,2055,1,5,7,1942,0,0,0,,0,,"FEDORA ST","OLYMPIC BL",0.00,,Y,A,-,N,,,,,,,,,,N,3,0,1,2,A,-,10,21950,A,N,G,B,B,A,H,-,A,A,0,Y,,,,Y,,A,01,0,1,0,0,1,0,0,0,0,"- ","- ",,,"LOS ANGELES","LOS ANGELES",-118.29791259765625,34.052650451660156
8597717,2018,2018-04-20,1942,2018-04-05,1500,41800,1849,4,5,7,1942,0,0,0,R,0,18X38,"11TH ST","GRAPE ST",300.00,E,N,A,-,N,,,,,,,,,,N,4,0,1,2,D,-,00,,,N,C,B,-,A,H,-,A,D,0,Y,,,,Y,,-,"- ",0,0,1,0,1,0,0,0,0,"- ","- ",,,"LOS ANGELES","LOS ANGELES",-118.23537445068359,33.934288024902344
8619892,2018,2018-05-22,1942,2018-05-04,0715,27792,0929,5,5,7,1942,0,0,0,I,0,9A19,"GREENBUSH AV","KITTRIDGE ST",15.00,W,N,A,-,N,,,,,,,,,,N,4,0,1,3,A,-,10,21950,A,N,G,B,B,A,H,-,A,A,0,Y,,,,Y,,A,01,0,0,1,0,1,0,0,0,0,"- ","- ",,,"LOS ANGELES","LOS ANGELES",-118.42579650878906,34.190311431884766
8626491,2018,2018-06-06,1942,2018-05-15,1850,40123,2029,2,5,7,1942,0,0,0,,0,20A58,"6TH ST","COMMONWEALTH AV",0.00,,Y,A,-,N,,,,,,,,,,N,4,0,1,2,A,-,10,21950,A,N,G,B,B,A,H,-,A,A,0,Y,,,,Y,,A,07,0,0,1,0,1,0,0,0,0,"- ","- ",,,"LOS ANGELES","LOS ANGELES",-118.28566741943359,34.063709259033203
8648408,2018,2020-05-22,1942,2018-11-22,0307,42344,1729,4,5,7,1942,0,0,0,Q,0,17A35,"BALBOA BL","RONALD REAGAN FWY",19.00,S,N,C,-,N,,,,,,,,,,Y,1,1,1,2,A,-,11,21954,A,N,G,B,D,B,H,-,C,A,0,Y,,,,Y,,N,60,0,1,0,1,0,0,0,0,0,"- ","- ",,,"LOS ANGELES","LOS ANGELES",,
8775401,2018,2019-02-15,1942,2018-12-12,1800,38434,1241,3,5,7,1942,0,0,0,L,0,12X18,"WEST BL","67TH ST",0.00,,Y,A,-,N,,,,,,,,,,N,4,0,1,2,A,-,10,21950,,F,G,B,B,A,H,-,C,D,0,Y,,,,Y,,-,99,0,0,1,0,1,0,0,0,0,"- ","- ",,,"LOS ANGELES","LOS ANGELES",-118.33522033691406,33.978099822998047
8662882,2018,2018-07-18,1942,2018-06-23,1315,41671,2027,6,5,7,1942,0,0,0,,0,20A45,"ALEXANDRIA AV","6TH ST",200.00,S,N,A,-,N,,,,,,,,,,N,4,0,1,2,A,-,21,22106,,F,G,B,D,A,H,-,A,D,0,Y,,,,Y,,-,99,0,0,1,0,1,0,0,0,0,"- ","- ",,,"LOS ANGELES","LOS ANGELES",-118.29792785644531,34.063060760498047
8669813,2018,2018-09-10,1942,2018-07-20,2100,43252,0374,5,5,7,1942,0,0,0,C,0,3A18,"MARTIN LUTHER KING JR BL","ARLINGTON AV",0.00,,Y,A,-,N,,,,,,,,,,N,4,0,1,2,A,-,11,21106,B,N,G,B,B,A,H,-,C,A,0,Y,,,,Y,,N,60,0,0,1,0,1,0,0,0,0,"- ","- ",,,"LOS ANGELES","LOS ANGELES",-118.31825256347656,34.010818481445312
8672273,2018,2018-08-16,1942,2018-07-02,1827,43005,1805,1,5,7,1942,0,0,0,R,0,18A34,"E 89TH ST","TOWNE AV",0.00,,Y,A,-,N,,,,,,,,,,N,3,0,1,2,A,-,11,21956,A,N,G,B,D,A,H,-,A,A,0,Y,,,,Y,,N,60,0,1,0,0,1,0,0,0,0,"- ","- ",,,"LOS ANGELES","LOS ANGELES",-118.26737213134766,33.955570220947266
8684334,2018,2018-09-06,1942,2018-06-17,2120,43118,0221,7,5,7,1942,0,0,0,B,0,20A34,"N VERMONT AV","BEVERLY BL",0.00,,Y,A,-,N,,,,,,,,,,N,3,0,1,2,A,-,11,21955,,M,G,B,D,A,H,-,C,A,0,Y,,,,Y,,N,60,0,1,0,0,1,0,0,0,0,"- ","- ",,,"LOS ANGELES","LOS ANGELES",-118.29168701171875,34.076320648193359
8705538,2018,2018-10-30,1942,2018-09-23,1210,33599,1801,7,5,7,1942,0,0,0,R,0,18A1,"HOOVER ST","MANCHESTER AV",0.00,,Y,A,-,N,,,,,,,,,,N,3,0,1,2,A,-,12,21453,A,N,G,B,B,A,H,-,A,A,0,Y,,,,Y,,A,07,0,1,0,0,1,0,0,0,0,"- ","- ",,,"LOS ANGELES","LOS ANGELES",-118.28706359863281,33.960048675537109
8763738,2018,2019-01-02,1942,2018-11-27,1045,25635,0505,2,5,7,1942,0,0,0,E,0,5A85,"VERMONT AV","FRANCISCO ST",0.00,,Y,A,-,N,,,,,,,,,,N,4,0,1,2,A,-,03,22350,,F,G,B,B,A,H,-,A,A,0,Y,,,,Y,,-,99,0,0,1,0,1,0,0,0,0,"- ","- ",,,"LOS ANGELES","LOS ANGELES",-118.29051971435547,33.849838256835938
8558939,2018,2018-02-22,1942,2018-01-23,2010,42230,1496,2,5,7,1942,0,0,0,N,0,14A67,"VICKSBURG AV","CENTURY BL",200.00,N,N,A,-,N,,,,,,,,,,N,4,0,1,2,A,-,11,21956,A,N,G,B,E,A,H,-,C,D,0,Y,,,,Y,,N,60,0,0,1,0,1,0,0,0,0,"- ","- ",,,"LOS ANGELES","LOS ANGELES",-118.39395904541016,33.946159362792969
8569898,2018,2018-03-26,1942,2018-03-05,1900,42417,1504,1,5,7,1942,0,0,0,O,0,15A3,"SHERMAN WAY","LANKERSHIM BL",0.00,,Y,A,-,N,,,,,,,,,,N,4,0,1,2,A,-,10,21950,A,N,G,B,B,A,H,-,C,A,0,Y,,,,Y,,A,01,0,0,1,0,1,0,0,0,0,"- ","- ",,,"LOS ANGELES","LOS ANGELES",-118.38777923583984,34.201190948486328
8574780,2018,2018-03-26,1942,2018-02-26,2055,42312,0161,1,5,7,1942,0,0,0,A,0,1A41,"JAMES M WOOD BL","FRANCISCO ST",0.00,,Y,C,-,N,,,,,,,,,,N,3,0,1,2,A,-,10,21950,A,N,G,B,B,B,H,-,C,A,0,Y,,,,Y,,A,01,0,1,0,0,1,0,0,0,0,"- ","- ",,,"LOS ANGELES","LOS ANGELES",-118.26467895507812,34.047000885009766
8603604,2018,2018-05-07,1942,2018-04-24,0830,32372,1952,2,5,7,1942,0,0,0,,0,19A43,"SEPULVEDA BL","DEVONSHIRE ST",105.00,S,N,A,-,N,,,,,,,,,,N,3,0,1,2,A,-,10,21954,B,F,G,B,E,A,H,-,A,D,0,Y,,,,Y,,-,99,0,1,0,0,1,0,0,0,0,"- ","- ",,,"LOS ANGELES","LOS ANGELES",-118.46747589111328,34.257022857666016
8604770,2018,2018-05-10,1942,2018-04-23,1245,42344,1523,1,5,7,1942,0,0,0,O,0,15A33,"COLDWATER CANYON AV","SYLVAN ST",12.00,N,N,A,-,N,,,,,,,,,,N,4,0,1,2,A,-,21,22106,,F,G,B,E,A,H,-,A,D,0,Y,,,,Y,,-,99,0,0,1,0,1,0,0,0,0,"- ","- ",,,"LOS ANGELES","LOS ANGELES",-118.41378784179688,34.184902191162109
8609050,2018,2018-05-15,1942,2018-04-11,2000,40929,1454,3,5,7,1942,0,0,0,N,0,14A27,"MAXELLA AV","GLENCOE AV",0.00,,Y,A,-,N,,,,,,,,,,N,3,0,1,2,A,-,10,21950,A,N,G,B,B,A,-,-,C,A,0,Y,,,,Y,,A,01,0,1,0,0,1,0,0,0,0,"- ","- ",,,"LOS ANGELES","LOS ANGELES",-118.4403076171875,33.987220764160156
8748853,2018,2019-01-19,1942,2018-11-06,2325,39022,0646,2,5,7,1942,0,0,0,F,0,6A63,"VINE ST","HOLLYWOOD BL",350.00,N,N,A,-,N,,,,,,,,,,N,2,0,1,2,A,-,11,21456,B,F,G,B,C,A,H,-,C,A,0,Y,,,,Y,,N,60,1,0,0,0,1,0,0,0,0,"- ","- ",,,"LOS ANGELES","LOS ANGELES",-118.32669830322266,34.102558135986328
8767143,2018,2019-01-08,1942,2018-12-12,1815,39410,1798,3,5,7,1942,0,0,0,Q,0,17A95,"NORDHOFF ST","GLORIA AV",10.00,E,N,A,-,N,,,,,,,,,,N,3,0,1,2,A,-,12,21453,A,F,G,B,B,A,H,-,C,A,0,Y,,,,Y,,-,99,0,1,0,0,1,0,0,0,0,"- ","- ",,,"LOS ANGELES","LOS ANGELES",-118.48067474365234,34.235599517822266
8791928,2018,2019-02-11,1942,2018-11-22,1705,34426,0249,4,5,7,1942,0,0,0,B,0,2A69,"4TH ST","ALAMEDA ST",200.00,W,N,A,-,N,,,,,,,,,,N,2,0,1,2,A,-,11,21954,A,N,G,B,E,A,H,-,C,D,0,Y,,,,Y,,N,60,1,0,0,0,1,0,0,0,0,"- ","- ",,,"LOS ANGELES","LOS ANGELES",-118.23876190185547,34.043449401855469
90785127,2018,2018-08-06,9590,2018-03-18,0205,021535,,7,3,7,1942,0,1,1,,2,085,"I-5 SOUTHBOUND (GOLDEN STATE FREEWAY)","GILROY STREET (SOUTH EDGE)",65.00,S,N,A,-,Y,,,5,,,,,,S,Y,1,1,0,3,A,-,01,23152,A,N,H,C,E,A,C,-,C,D,0,Y,,Y,,Y,Y,A,01,0,0,0,1,0,0,0,0,0,"- ","- ",34.104530334472656,-118.25290679931641,"LOS ANGELES","LOS ANGELES",-118.25289154052734,34.104557037353516
8657133,2018,2018-09-11,1942,2018-06-26,1820,40514,1303,2,5,7,1942,0,0,0,M,0,13X71,MAPLE,PICO,0.00,,Y,A,-,N,,,,,,,,,,N,3,0,1,2,A,-,09,21804,,N,D,B,B,A,H,-,A,A,0,Y,,,,Y,,A,01,0,1,0,0,1,0,0,0,0,"- ","- ",,,"LOS ANGELES","LOS ANGELES",-118.25726318359375,34.034549713134766
8659596,2018,2018-07-23,1942,2018-06-21,1045,41439,1803,4,5,7,1942,0,0,0,R,0,18A3,"E MANCHESTER AV","S SAN PEDRO ST",150.00,W,N,A,-,N,,,,,,,,,,N,4,0,1,2,A,-,03,22350,,F,G,B,E,A,H,-,A,D,0,Y,,,,Y,,-,99,0,0,1,0,1,0,0,0,0,"- ","- ",,,"LOS ANGELES","LOS ANGELES",-118.26999664306641,33.960109710693359
8702001,2018,2018-09-27,1942,2018-08-31,1720,37952,0256,5,5,7,1942,0,0,0,B,0,2A56,"S BURLINGTON AV","7TH ST",20.00,N,N,A,-,N,,,,,,,,,,N,3,0,1,2,A,-,11,21954,A,F,G,B,E,A,H,-,A,D,0,Y,,,,Y,,N,60,0,1,0,0,1,0,0,0,0,"- ","- ",,,"LOS ANGELES","LOS ANGELES",-118.27342224121094,34.055004119873047
8725394,2018,2018-10-26,1942,2018-10-07,2005,42737,1034,7,5,7,1942,0,0,0,J,0,10A21,"FRIAR ST",ETIWANDA,0.00,,Y,A,-,N,,,,,,,,,,,4,0,1,2,D,-,00,,,N,G,B,E,A,H,-,C,D,0,Y,,,,Y,,-,"- ",0,0,1,0,1,0,0,0,0,"- ","- ",,,"LOS ANGELES","LOS ANGELES",-118.53169250488281,34.186119079589844
8728320,2018,2018-11-09,1942,2018-10-22,1520,33294,1548,1,5,7,1942,0,0,0,O,0,15A39,"MAGNOLIA BL","BAKMAN AV",250.00,E,N,A,-,N,,,,,,,,,,N,2,0,1,2,A,-,11,21954,A,N,G,B,D,A,H,-,A,A,0,Y,,,,Y,,N,60,1,0,0,0,1,0,0,0,0,"- ","- ",,,"LOS ANGELES","LOS ANGELES",-118.37657165527344,34.164936065673828
8730125,2018,2018-11-26,1942,2018-10-30,1955,38349,1065,2,5,7,1942,0,0,0,J,0,10A99,"VENTURA BL","ALONZO AV",0.00,,Y,A,-,N,,,,,,,,,,N,3,0,1,2,A,-,10,21950,A,N,-,B,B,-,H,-,C,A,0,Y,,,,Y,,A,01,0,1,0,0,1,0,0,0,0,"- ","- ",,,"LOS ANGELES","LOS ANGELES",-118.52024841308594,34.162891387939453
8543861,2018,2018-06-20,1942,2018-01-22,1015,40363,0154,1,5,7,1942,0,0,0,A,0,1A35,"5TH ST","MAIN ST",12.00,W,N,A,-,N,,,,,,,,,,N,4,0,1,2,A,-,10,21950,A,F,G,B,B,A,H,-,A,A,0,Y,,,,Y,,-,99,0,0,1,0,1,0,0,0,0,"- ","- ",,,"LOS ANGELES","LOS ANGELES",-118.24855804443359,34.046718597412109
8544156,2018,2018-02-02,1942,2018-01-18,0645,38326,2138,4,5,7,1942,0,0,0,,0,21A29,"SATICOY ST","OSO AV",10.00,E,N,A,-,N,,,,,,,,,,N,4,0,1,2,A,-,10,21950,A,N,G,B,B,A,H,-,B,A,0,Y,,,,Y,,A,01,0,0,1,0,1,0,0,0,0,"- ","- ",,,"LOS ANGELES","LOS ANGELES",-118.57534790039062,34.208351135253906
8553536,2018,2018-03-14,1942,2018-01-01,0440,35330,1465,1,5,7,1942,0,0,0,N,0,14A73,"INGLEWOOD BL","ANETA ST",30.00,S,N,A,-,N,,,,,,,,,,N,4,0,1,2,A,-,11,21956,A,N,G,B,D,A,H,-,C,D,0,Y,,,,Y,Y,N,60,0,0,1,0,1,0,0,0,0,"- ","- ",,,"LOS ANGELES","LOS ANGELES",-118.40785980224609,33.986080169677734
8567899,2018,2018-03-14,1942,2018-01-11,2215,37575,2079,4,5,7,1942,0,0,0,,0,,"PICO BL","VERMONT AV",0.00,,Y,A,-,N,,,,,,,,,,N,3,0,1,2,A,-,10,21950,A,F,G,B,B,A,H,-,C,B,0,Y,,,,Y,,-,99,0,1,0,0,1,0,0,0,0,"- ","- ",,,"LOS ANGELES","LOS ANGELES",-118.29160308837891,34.047260284423828
8585452,2018,2018-04-09,1942,2018-03-10,1730,43209,1841,6,5,7,1942,0,0,0,R,0,18A35,FIGUEROA,"108TH ST",0.00,,Y,C,-,N,,,,,,,,,,N,4,0,1,2,A,-,09,21801,A,N,G,B,B,B,H,-,B,A,0,Y,,,,Y,,A,01,0,0,1,0,1,0,0,0,0,"- ","- ",,,"LOS ANGELES","LOS ANGELES",-118.28260803222656,33.938251495361328
8586492,2018,2018-04-18,1942,2018-03-23,2010,42892,0202,5,5,7,1942,0,0,0,B,0,2A17,"HOOVER ST","SANTA MONICA BL",5.00,N,N,A,-,N,,,,,,,,,,N,4,0,1,2,A,-,10,21950,A,N,G,B,B,A,H,-,C,A,0,Y,,,,Y,,A,01,0,0,1,0,1,0,0,0,0,"- ","- ",,,"LOS ANGELES","LOS ANGELES",-118.28450775146484,34.09088134765625
8728188,2018,2018-11-05,1942,2018-10-23,0600,41497,1999,2,5,7,1942,0,0,0,,0,19A93,"LANARK ST","WOODMAN AV",0.00,,Y,A,-,N,,,,,,,,,,N,4,0,1,2,A,-,10,21950,A,F,G,B,B,A,H,-,C,A,0,Y,,,,Y,,-,99,0,0,1,0,1,0,0,0,0,"- ","- ",,,"LOS ANGELES","LOS ANGELES",-118.43209838867188,34.219478607177734
8733661,2018,2018-11-08,1942,2018-10-12,1055,36664,0842,5,5,7,1942,0,0,0,H,0,8A53,"S BARRINGTON AV","WILSHIRE BL",0.00,,Y,A,-,N,,,,,,,,,,N,3,0,2,3,A,-,10,21950,A,N,G,B,B,A,H,-,A,A,0,Y,,,,Y,,A,07,0,1,1,0,2,0,0,0,0,"- ","- ",,,"LOS ANGELES","LOS ANGELES",-118.46086883544922,34.049480438232422
8748809,2018,2019-02-26,1942,2018-11-18,1920,38090,1454,7,5,7,1942,0,0,0,N,0,6T7,"LINCOLN BL","RT 90",11.00,E,N,A,-,Y,LA,7,1,-,-,31.278,I,5,N,N,3,0,1,2,A,-,11,21453,D,N,G,B,B,A,H,-,C,A,0,Y,,,,Y,,N,60,0,1,0,0,1,0,0,0,0,"- ","- ",,,"LOS ANGELES","LOS ANGELES",-118.44255828857422,33.984577178955078
8748814,2018,2019-01-19,1942,2018-11-27,0900,41054,2036,2,5,7,1942,0,0,0,,0,20A45,"S NEW HAPMSHIRE AV","W 7TH ST",0.00,,Y,A,-,N,,,,,,,,,,N,3,0,1,2,A,-,10,21950,A,N,G,B,B,A,H,-,A,A,0,Y,,,,Y,,A,01,0,1,0,0,1,0,0,0,0,"- ","- ",,,"LOS ANGELES","LOS ANGELES",-118.29289245605469,34.059791564941406
8762820,2018,2019-01-28,1942,2018-12-03,1945,41640,0638,1,5,7,1942,0,0,0,F,0,6A37,"FRANKLIN AV","VISTA DEL MAR",100.00,W,N,A,-,N,,,,,,,,,,Y,2,0,1,2,A,-,11,21954,A,N,G,B,D,A,H,-,C,D,0,Y,,,,Y,,N,60,1,0,0,0,1,0,0,0,0,"- ","- ",,,"LOS ANGELES","LOS ANGELES",-118.32430267333984,34.105228424072266
8763313,2018,2019-01-03,1942,2018-08-13,0730,40467,1437,1,5,7,1942,0,0,0,N,0,MA37,"BENTLEY AV","VENICE BL",0.00,,Y,A,-,N,,,,,,,,,,N,3,0,1,2,A,-,10,21950,A,N,G,B,B,A,H,-,A,A,0,Y,,,,Y,,-,,0,1,0,0,1,0,0,0,0,"- ","- ",,,"LOS ANGELES","LOS ANGELES",-118.41584014892578,34.013778686523438
8642199,2018,2018-06-28,1942,2018-06-17,0350,41856,0644,7,5,7,1942,0,0,0,F,0,6A45,"LA BREA AV","DE LONGPRE AV",38.00,N,N,B,-,N,,,,,,,,,,N,2,0,1,2,A,-,11,21955,,N,G,B,D,A,H,-,C,-,0,Y,,,,Y,,N,60,1,0,0,0,1,0,0,0,0,"- ","- ",,,"LOS ANGELES","LOS ANGELES",-118.3441162109375,34.096244812011719
8653413,2018,2018-07-13,1942,2018-06-13,1940,38233,0448,3,5,7,1942,0,0,0,D,0,4A59,"LANCASTER AV","RICARDO ST",121.00,E,N,A,-,N,,,,,,,,,,N,3,0,1,2,A,-,11,21955,,N,G,B,D,A,H,-,A,D,0,Y,,,,Y,,N,60,0,1,0,0,1,0,0,0,0,"- ","- ",,,"LOS ANGELES","LOS ANGELES",-118.19853210449219,34.058609008789062
8654592,2018,2018-07-17,1942,2018-04-27,2140,41068,1834,5,5,7,1942,0,0,0,R,0,18A3,"105TH ST","TOWNE AV",125.00,E,N,A,-,N,,,,,,,,,,N,4,0,1,6,A,-,03,22350,,F,B,E,E,A,H,-,C,D,0,Y,,,,Y,,-,99,0,0,1,0,1,0,0,0,0,"- ","- ",,,"LOS ANGELES","LOS ANGELES",-118.26694488525391,33.941020965576172
8661977,2018,2018-08-21,1942,2018-07-13,1020,40275,0157,5,5,7,1942,0,0,0,A,0,1A29,"SOUTH SAN PEDRO ST","5TH ST",50.00,S,N,A,-,N,,,,,,,,,,N,4,0,1,2,A,-,11,21954,A,N,G,B,D,A,H,-,A,D,0,Y,,,,Y,,N,60,0,0,1,0,1,0,0,0,0,"- ","- ",,,"LOS ANGELES","LOS ANGELES",-118.24398040771484,34.044086456298828
8669442,2018,2018-08-16,1942,2018-07-12,2145,43238," 0163",4,5,7,1942,0,0,0,,0,1A85,"7TH ST",BROADWAY,65.00,W,N,A,-,N,,,,,,,,,,N,4,0,1,2,A,-,11,21954,A,N,G,B,E,A,H,-,C,D,0,Y,,,,Y,,N,60,0,0,1,0,1,0,0,0,0,"- ","- ",,,"LOS ANGELES","LOS ANGELES",-118.46569061279297,33.996234893798828
8719289,2018,2018-10-22,1942,2018-08-30,0925,42238,1445,4,5,7,1942,0,0,0,N,0,14A45,"VENICE BL","MOORE ST",0.00,,Y,A,-,N,,,,,,,,,,N,4,0,1,2,A,-,05,21651,,N,A,J,B,A,H,-,A,A,0,Y,,,,Y,,N,60,0,0,1,0,1,0,0,0,0,"- ","- ",,,"LOS ANGELES","LOS ANGELES",-118.44049072265625,34.000289916992188
8592646,2018,2018-04-05,1942,2018-03-26,1730,35433,1078,1,5,7,1942,0,0,0,J,0,10A99,"HARTSOOK ST","HAYVENHURST AV",0.00,,Y,A,-,N,,,,,,,,,,N,3,0,1,2,A,-,10,21950,A,N,G,B,B,A,H,-,A,D,0,Y,,,,Y,,A,07,0,1,0,0,1,0,0,0,0,"- ","- ",,,"LOS ANGELES","LOS ANGELES",-118.49236297607422,34.163551330566406
8596175,2018,2018-05-01,1942,2018-03-14,0630,43116,,3,5,7,1942,0,0,0,,0,12A73,"MANCHESTER AV","BUDLONG AV",0.00,,Y,B,-,N,,,,,,,,,,N,2,0,1,2,A,-,10,21950,,N,G,B,B,A,H,-,B,A,0,Y,,,,Y,Y,A,07,1,0,0,0,1,0,0,0,0,"- ","- ",,,"LOS ANGELES","LOS ANGELES",-118.29592132568359,33.960010528564453
8628702,2018,2018-06-13,1942,2018-05-17,2253,37003,2019,4,5,7,1942,0,0,0,,0,20A97,"3RD ST","VERMONT AV",0.00,,Y,A,-,N,,,,,,,,,,N,2,0,1,2,A,-,11,21456,B,N,G,B,B,A,H,-,C,A,0,Y,,,,Y,,A,01,1,0,0,0,1,0,0,0,0,"- ","- ",,,"LOS ANGELES","LOS ANGELES",-118.29164886474609,34.069049835205078
8635037,2018,2018-06-14,1942,2018-04-03,2301,42069,0506,2,5,7,1942,0,0,0,E,0,25T45,"S WESTERN AV","218TH ST",16.00,N,N,A,-,N,,,,,,,,,,N,3,0,1,2,A,-,11,21954,A,F,G,B,D,A,H,-,C,D,0,Y,,,,Y,Y,N,60,0,1,0,0,1,0,0,0,0,"- ","- ",,,"LOS ANGELES","LOS ANGELES",-118.30902099609375,33.830303192138672
8635475,2018,2018-06-21,1942,2018-05-16,2110,41914,1822,3,5,7,1942,0,0,0,R,0,18A3,"CENTURY BL","MAIN ST",25.00,W,N,A,-,N,,,,,,,,,,N,3,0,1,2,A,-,11,21956,A,F,G,B,E,A,H,-,C,D,0,Y,,,,Y,,N,60,0,1,0,0,1,0,0,0,0,"- ","- ",,,"LOS ANGELES","LOS ANGELES",-118.27397155761719,33.945560455322266
8637663,2018,2018-06-20,1942,2018-05-16,2025,42607,1142,3,5,7,1942,0,0,0,K,0,11A48,"LOS FELIZ",HILLHURST,0.00,,Y,A,-,N,,,,,,,,,,N,3,0,1,2,A,-,10,21950,A,N,G,-,B,A,H,-,C,A,0,Y,,,,Y,,A,01,0,1,0,0,1,0,0,0,0,"- ","- ",,,"LOS ANGELES","LOS ANGELES",-118.28743743896484,34.111888885498047
8559741,2018,2018-02-26,1942,2018-01-13,1720,36940,2004,6,5,7,1942,0,0,0,,0,20A13,"WESTERN AV","MELROSE AV",300.00,S,N,A,-,N,,,,,,,,,,N,3,0,1,2,A,-,11,21954,A,N,G,B,E,A,H,-,B,D,0,Y,,,,Y,,N,60,0,1,0,0,1,0,0,0,0,"- ","- ",,,"LOS ANGELES","LOS ANGELES",-118.30912780761719,34.082687377929688
8623565,2018,2018-05-29,1942,2018-03-22,1930,30083,0412,4,5,7,1942,0,0,0,D,0,4A3,"WEST PASADENA AV","AVENUE 25",0.00,,Y,A,-,N,,,,,,,,,,N,4,0,1,2,A,-,10,21950,A,N,G,B,B,B,H,-,B,D,0,Y,,,,Y,,A,01,0,0,1,0,1,0,0,0,0,"- ","- ",,,"LOS ANGELES","LOS ANGELES",-118.21646118164062,34.076248168945312
8630338,2018,2018-06-05,1942,2018-05-10,0815,40008,1146,4,5,7,1942,0,0,0,K,0,11A95,"RIPPLE ST","NEWELL ST",5.00,N,N,A,-,N,,,,,,,,,,N,4,0,1,3,A,-,03,22350,,F,C,C,B,A,H,-,A,B,0,Y,,,,Y,,-,99,0,0,1,0,1,0,0,0,0,"- ","- ",,,"LOS ANGELES","LOS ANGELES",-118.24626159667969,34.099948883056641
8670399,2018,2018-10-18,1942,2018-07-25,0550,41963,0357,3,5,7,1942,0,0,0,C,0,3A31,"36TH PL","VERMONT AV",15.00,E,N,A,-,N,,,,,,,,,,N,4,0,1,2,A,-,11,21954,A,N,G,B,E,A,H,-,A,D,0,Y,,,,Y,,N,60,0,0,1,0,1,0,0,0,0,"- ","- ",,,"LOS ANGELES","LOS ANGELES",-118.29150390625,34.022052764892578
8671040,2018,2018-10-04,1942,2018-07-26,1600,40141,1023,4,5,7,1942,0,0,0,J,0,10A21,"TAMPA AV","SHERMAN WAY",330.00,S,N,A,-,N,,,,,,,,,,N,3,0,1,2,A,-,11,21954,A,N,G,B,C,A,H,-,A,D,0,Y,,,,Y,,N,60,0,1,0,0,1,0,0,0,0,"- ","- ",,,"LOS ANGELES","LOS ANGELES",-118.553466796875,34.20025634765625
8678287,2018,2018-10-08,1942,2018-08-14,1330,37146,0358,2,5,7,1942,0,0,0,C,0,3A57,"MCCLINTOCK AV","34TH ST",10.00,E,N,A,-,N,,,,,,,,,,N,4,0,1,2,A,-,10,21950,A,N,G,B,B,A,H,-,A,A,0,Y,,,,Y,,A,01,0,0,1,0,1,0,0,0,0,"- ","- ",,,"LOS ANGELES","LOS ANGELES",-118.28756713867188,34.024333953857422
8679859,2018,2018-10-03,1942,2018-07-04,2240,41803,1117,3,5,7,1942,0,0,0,K,0,1A17,"WESTDALE AV","EAGLE ROCK BL",150.00,W,N,A,-,N,,,,,,,,,,N,4,0,1,2,A,-,11,21954,A,N,A,B,E,A,H,-,C,D,0,Y,,,,Y,,N,60,0,0,1,0,1,0,0,0,0,"- ","- ",,,"LOS ANGELES","LOS ANGELES",-118.21758270263672,34.129165649414062