CASE_ID,ACCIDENT_YEAR,PROC_DATE,JURIS,COLLISION_DATE,COLLISION_TIME,OFFICER_ID,REPORTING_DISTRICT,DAY_OF_WEEK,CHP_SHIFT,POPULATION,CNTY_CITY_LOC,SPECIAL_COND,BEAT_TYPE,CHP_BEAT_TYPE,CITY_DIVISION_LAPD,CHP_BEAT_CLASS,BEAT_NUMBER,PRIMARY_RD,SECONDARY_RD,DISTANCE,DIRECTION,INTERSECTION,WEATHER_1,WEATHER_2,STATE_HWY_IND,CALTRANS_COUNTY,CALTRANS_DISTRICT,STATE_ROUTE,ROUTE_SUFFIX,POSTMILE_PREFIX,POSTMILE,LOCATION_TYPE,RAMP_INTERSECTION,SIDE_OF_HWY,TOW_AWAY,COLLISION_SEVERITY,NUMBER_KILLED,NUMBER_INJURED,PARTY_COUNT,PRIMARY_COLL_FACTOR,PCF_CODE_OF_VIOL,PCF_VIOL_CATEGORY,PCF_VIOLATION,PCF_VIOL_SUBSECTION,HIT_AND_RUN,TYPE_OF_COLLISION,MVIW,PED_ACTION,ROAD_SURFACE,ROAD_COND_1,ROAD_COND_2,LIGHTING,CONTROL_DEVICE,CHP_ROAD_TYPE,PEDESTRIAN_ACCIDENT,BICYCLE_ACCIDENT,MOTORCYCLE_ACCIDENT,TRUCK_ACCIDENT,NOT_PRIVATE_PROPERTY,ALCOHOL_INVOLVED,STWD_VEHTYPE_AT_FAULT,CHP_VEHTYPE_AT_FAULT,COUNT_SEVERE_INJ,COUNT_VISIBLE_INJ,COUNT_COMPLAINT_PAIN,COUNT_PED_KILLED,COUNT_PED_INJURED,COUNT_BICYCLIST_KILLED,COUNT_BICYCLIST_INJURED,COUNT_MC_KILLED,COUNT_MC_INJURED,PRIMARY_RAMP,SECONDARY_RAMP,LATITUDE,LONGITUDE,COUNTY,CITY,POINT_X,POINT_Y
8544512,2018,2018-02-02,1942,2018-01-05,1730,42019,1407,5,5,7,1942,0,0,0,N,0,14EL2,PALMS,SEPULVEDA,0.00,,Y,A,-,N,,,,,,,,,,N,4,0,1,2,A,-,10,21950,A,F,G,B,B,A,H,-,B,A,0,Y,,,,Y,,-,99,0,0,1,0,1,0,0,0,0,"- ","- ",,,"LOS ANGELES","LOS ANGELES",-118.42220306396484,34.019241333007812
8550705,2018,2018-02-09,1942,2018-01-31,1230,40972,1645,3,5,7,1942,0,0,0,P,0,16A23,"PIERCE ST","GLENOAKS BL",0.00,,Y,A,-,N,,,,,,,,,,N,4,0,1,2,A,-,10,21950,A,N,G,-,B,A,H,-,A,A,0,Y,,,,Y,,A,01,0,0,1,0,1,0,0,0,0,"- ","- ",,,"LOS ANGELES","LOS ANGELES",-118.40850830078125,34.27069091796875
8551838,2018,2018-03-09,1942,2018-02-01,1530,41536,1249,4,5,7,1942,0,0,0,L,0,12A49,"S FIGUEROA ST","69TH ST",5.00,N,N,A,-,N,,,,,,,,,,N,4,0,1,2,A,-,10,21950,A,N,D,B,B,A,H,-,A,A,0,Y,,,,Y,,A,01,0,0,1,0,1,0,0,0,0,"- ","- ",,,"LOS ANGELES","LOS ANGELES",-118.28269958496094,33.977363586425781
8551946,2018,2018-02-16,1942,2018-01-25,0652,41683,0315,4,5,7,1942,0,0,0,C,0,25T22,"ADAMS BL","GRAMERCY BL",5.00,N,N,B,-,N,,,,,,,,,,N,2,0,1,2,A,-,11,21954,A,F,G,B,D,A,H,-,A,D,0,Y,,,,Y,,N,60,1,0,0,0,1,0,0,0,0,"- ","- ",,,"LOS ANGELES","LOS ANGELES",-118.31333160400391,34.032661437988281
8553579,2018,2018-02-22,1942,2018-01-08,1105,30264,1487,1,5,7,1942,0,0,0,N,0,14A73,"SEPULVEDA WY","WESTCHESTER PKWY",0.00,,Y,F,-,N,,,,,,,,,,N,3,0,1,2,A,-,10,21950,A,N,-,B,B,-,H,-,-,A,0,Y,,,,Y,,A,01,0,1,0,0,1,0,0,0,0,"- ","- ",,,"LOS ANGELES","LOS ANGELES",-118.39620971679688,33.954608917236328
8553673,2018,2018-02-21,1942,2018-02-03,1800,40578,2129,6,5,7,1942,0,0,0,,0,21A1,WINNETKA,"SATICOY ST",0.00,,Y,A,-,N,,,,,,,,,,N,4,0,1,2,A,-,11,21955,,N,B,B,E,A,H,-,C,D,0,Y,,,,Y,,N,60,0,0,1,0,1,0,0,0,0,"- ","- ",,,"LOS ANGELES","LOS ANGELES",-118.57099914550781,34.208370208740234
8555405,2018,2018-02-20,1942,2018-02-04,1925,42798,1824,7,5,7,1942,0,0,0,R,0,18X96,CLOVIS,"103RD ST",0.00,,Y,A,-,N,,,,,,,,,,Y,3,0,1,2,C,-,18,,,N,G,B,E,A,H,-,C,D,0,Y,,,,Y,,-,"- ",0,1,0,0,1,0,0,0,0,"- ","- ",,,"LOS ANGELES","LOS ANGELES",-118.25653076171875,33.943271636962891
8556223,2018,2018-02-23,1942,2018-01-28,0510,37336,2011,7,5,7,1942,0,0,0,,0,20A53,"WESTERN AV","BEVERLY BL",430.00,S,N,A,-,N,,,,,,,,,,N,3,0,1,2,A,-,10,21952,,F,G,B,F,A,H,-,C,D,0,Y,,,,Y,,-,99,0,1,0,0,1,0,0,0,0,"- ","- ",,,"LOS ANGELES","LOS ANGELES",-118.30914306640625,34.075080871582031
8556272,2018,2018-02-22,1942,2018-01-31,1315,40471,2038,3,5,7,1942,0,0,0,,0,20A44,VERMONT,"8TH ST",100.00,N,N,A,-,N,,,,,,,,,,N,4,0,1,2,A,-,10,21952,,N,G,B,F,A,H,-,A,D,0,Y,,,,Y,,A,08,0,0,1,0,1,0,0,0,0,"- ","- ",,,"LOS ANGELES","LOS ANGELES",,
8556896,2018,2018-03-03,1942,2018-01-24,1555,41531,,3,5,7,1942,0,0,0,,0,1538,"TUJUNGA AV","HATTERAS ST",0.00,,Y,A,-,N,,,,,,,,,,N,4,0,1,2,A,-,10,21950,A,N,A,B,E,A,H,-,A,D,0,Y,,,,Y,,A,08,0,0,1,0,1,0,0,0,0,"- ","- ",,,"LOS ANGELES","LOS ANGELES",-118.37904357910156,34.17578125
8558790,2018,2018-02-23,1942,2018-01-08,1530,41858,0663,1,5,7,1942,0,0,0,F,0,6TL2,"LEXINGTON AV","SEWARD ST",0.00,,Y,C,-,N,,,,,,,,,,N,3,0,1,2,A,-,11,21950,B,N,G,B,E,B,H,-,A,D,0,Y,,,,Y,,N,60,0,1,0,0,1,0,0,0,0,"- ","- ",,,"LOS ANGELES","LOS ANGELES",-118.33319854736328,34.092559814453125
8559407,2018,2018-03-02,1942,2018-02-11,1005,31288,0314,7,5,7,1942,0,0,0,C,0,3A15,"ADAMS BL","7TH AV",70.00,W,N,A,-,N,,,,,,,,,,Y,2,0,3,3,C,-,18,,,N,G,B,F,A,H,-,A,D,0,Y,,,,Y,,-,"- ",1,1,1,0,2,0,0,0,0,"- ","- ",,,"LOS ANGELES","LOS ANGELES",-118.32504272460938,34.032611846923828
8559480,2018,2018-02-23,1942,2018-01-13,1905,40623,399,6,5,7,1942,0,0,0,,0,3F74,"VERNON AV",FIGUEROA,300.00,W,N,A,-,N,,,,,,,,,,N,3,0,1,2,A,-,11,21955,,N,G,B,D,A,H,-,C,D,0,Y,,,,Y,,N,60,0,1,0,0,1,0,0,0,0,"- ","- ",,,"LOS ANGELES","LOS ANGELES",-118.28372955322266,34.003738403320312
8561305,2018,2018-02-27,1942,2018-02-07,0805,35267,0334,3,5,7,1942,0,0,0,C,0,25MQ17,"W JEFFERSON BL","12TH AV",15.00,E,N,A,-,N,,,,,,,,,,N,4,0,1,2,A,-,10,21950,A,N,G,-,B,A,H,-,A,D,0,Y,,,,Y,,A,01,0,0,1,0,1,0,0,0,0,"- ","- ",,,"LOS ANGELES","LOS ANGELES",-118.33161926269531,34.025588989257812
8562010,2018,2018-02-27,1942,2018-02-07,1615,39177,1256,3,5,7,1942,0,0,0,L,0,25TL24,"FLORENCE AV","DENVER AV",3.00,E,N,A,-,N,,,,,,,,,,N,3,0,1,2,A,-,11,21950,B,N,G,B,-,A,H,-,A,D,0,Y,,,,Y,,N,60,0,1,0,0,1,0,0,0,0,"- ","- ",,,"LOS ANGELES","LOS ANGELES",-118.28379821777344,33.974658966064453
8563328,2018,2018-02-28,1942,2018-02-03,1225,41858,0705,6,5,7,1942,0,0,0,G,0,14TL52,"N LA BREA AV","CLINTON ST",210.00,S,N,A,-,N,,,,,,,,,,N,3,0,1,2,A,-,21,22106,,F,G,B,E,A,H,-,A,D,0,Y,,,,Y,,-,99,0,1,0,0,1,0,0,0,0,"- ","- ",,,"LOS ANGELES","LOS ANGELES",-118.34406280517578,34.081275939941406
8563336,2018,2018-02-28,1942,2018-02-09,1750,40690,0769,5,5,7,1942,0,0,0,G,0,7A69,"W PICO BL","5TH AV",11.00,E,N,A,-,N,,,,,,,,,,N,2,0,1,2,A,-,10,21950,A,F,G,B,B,A,H,-,B,D,0,Y,,,,Y,,-,99,1,0,0,0,1,0,0,0,0,"- ","- ",,,"LOS ANGELES","LOS ANGELES",-118.32241058349609,34.047435760498047
8563340,2018,2018-02-28,1942,2018-02-06,1620,39655,0749,2,5,7,1942,0,0,0,G,0,8T26,"LUCERNE BL","8TH ST",329.00,S,N,A,-,N,,,,,,,,,,N,2,0,1,2,A,-,11,21954,A,N,G,B,D,A,H,-,A,D,0,Y,,,,Y,,N,60,1,0,0,0,1,0,0,0,0,"- ","- ",,,"LOS ANGELES","LOS ANGELES",-118.32534790039062,34.059494018554688
8565023,2018,2018-03-01,1942,2018-01-30,1800,42332,1862,2,5,7,1942,0,0,0,R,0,18Z21,"117TH ST","SPRING ST",20.00,W,N,A,-,N,,,,,,,,,,N,2,0,1,2,A,-,03,22350,,F,G,B,B,A,H,-,C,A,0,Y,,,,Y,,-,99,1,0,0,0,1,0,0,0,0,"- ","- ",,,"LOS ANGELES","LOS ANGELES",-118.27614593505859,33.927379608154297
8569442,2018,2018-03-21,1942,2018-03-09,1440,38857,1563,5,5,7,1942,0,0,0,O,0,15A85,"SARAH ST","IRVINE AV",0.00,,Y,A,-,N,,,,,,,,,,N,3,0,1,2,A,-,10,21950,A,N,G,B,B,A,H,-,A,A,0,Y,,,,Y,,A,01,0,1,0,0,1,0,0,0,0,"- ","- ",,,"LOS ANGELES","LOS ANGELES",-118.38552856445312,34.154018402099609
8575469,2018,2018-03-20,1942,2018-03-02,0745,38261,1015,5,5,7,1942,0,0,0,J,0,35EL12,"SATICOY ST","DARBY AV",0.00,,Y,C,-,N,,,,,,,,,,N,4,0,1,2,A,-,11,21950,B,N,A,B,B,B,H,-,A,D,0,Y,,,,Y,,N,60,0,0,1,0,1,0,0,0,0,"- ","- ",,,"LOS ANGELES","LOS ANGELES",-118.53280639648438,34.208389282226562
8576307,2018,2018-03-27,1942,2018-03-01,0740,36700,396,4,5,7,1942,0,0,0,,0,3A63,"42ND ST","MENLO AV",0.00,,Y,A,-,N,,,,,,,,,,N,4,0,1,2,A,-,10,21950,A,N,G,B,B,A,H,-,A,D,0,Y,,,,Y,,A,01,0,0,1,0,1,0,0,0,0,"- ","- ",,,"LOS ANGELES","LOS ANGELES",-118.29002380371094,34.007331848144531
8577422,2018,2018-03-22,1942,2018-02-03,1420,33395,1112,6,5,7,1942,0,0,0,K,0,11A25,"VERDUGO RD","MC CARTHY AV",0.00,,Y,A,-,N,,,,,,,,,,N,3,0,1,2,A,-,21,22106,,N,G,B,F,A,H,-,A,D,0,Y,,,,Y,,A,01,0,1,0,0,1,0,0,0,0,"- ","- ",,,"LOS ANGELES","LOS ANGELES",-118.23313140869141,34.132118225097656
8578189,2018,2018-03-16,1942,2018-03-04,2330,38090,0678,7,5,7,1942,0,0,0,F,0,6A77,"WESTERN AV","MARATHON ST",56.00,N,N,A,-,N,,,,,,,,,,Y,4,0,1,3,A,-,01,23152,A,N,D,E,F,A,H,-,C,D,0,Y,,,,Y,Y,A,01,0,0,1,0,1,0,0,0,0,"- ","- ",,,"LOS ANGELES","LOS ANGELES",-118.30914306640625,34.085052490234375
8578297,2018,2018-03-20,1942,2018-03-01,1850,41462,1526,4,5,7,1942,0,0,0,O,0,15A85,"LANKERSHIM BL","OXNARD ST",0.00,,Y,A,-,N,,,,,,,,,,N,4,0,1,2,A,-,08,22107,,N,G,B,B,A,H,-,B,A,0,Y,,,,Y,,D,22,0,0,1,0,1,0,0,0,0,"- ","- ",,,"LOS ANGELES","LOS ANGELES",-118.38340759277344,34.179420471191406
8579881,2018,2018-03-20,1942,2018-02-11,2200,42243,1488,7,5,7,1942,0,0,0,N,0,14A67,"MANCHESTER BL","OSAGE AV",40.00,W,N,A,-,N,,,,,,,,,,N,4,0,1,2,A,-,00,21955,A,N,E,B,D,A,H,-,C,D,0,Y,,,,Y,,A,08,0,0,1,0,1,0,0,0,0,"- ","- ",,,"LOS ANGELES","LOS ANGELES",-118.37895202636719,33.959888458251953
8579988,2018,2018-03-27,1942,2018-02-23,2050,42792,0154,5,5,7,1942,0,0,0,A,0,1A41,"6TH ST","MAIN ST",90.00,E,N,A,-,N,,,,,,,,,,N,3,0,1,2,A,-,11,21956,A,N,G,B,E,A,H,-,C,D,0,Y,,,,Y,,N,60,0,1,0,0,1,0,0,0,0,"- ","- ",,,"LOS ANGELES","LOS ANGELES",-118.24992370605469,34.045249938964844
8581588,2018,2018-03-29,1942,2018-03-04,1805,39844,0646,7,5,7,1942,0,0,0,F,0,6A63,"WILCOX AV","SELMA AV",0.00,N,N,A,-,N,,,,,,,,,,N,4,0,1,2,A,-,03,22350,,F,G,B,F,A,H,-,D,D,0,Y,,,,Y,,-,99,0,0,1,0,1,0,0,0,0,"- ","- ",,,"LOS ANGELES","LOS ANGELES",-118.33101654052734,34.099758148193359
8582990,2018,2018-03-26,1942,2018-03-18,2010,42364,1215,7,5,7,1942,0,0,0,L,0,12A15,"54TH ST","NORMANDIE AV",145.00,E,N,A,-,N,,,,,,,,,,N,2,0,1,2,A,-,11,21954,A,F,G,B,D,A,H,-,C,D,0,Y,,,,Y,,N,60,1,0,0,0,1,0,0,0,0,"- ","- ",,,"LOS ANGELES","LOS ANGELES",-118.29973602294922,33.993228912353516
8584552,2018,2018-03-29,1942,2018-02-02,1840,34426,0271,5,5,7,1942,0,0,0,B,0,2A75,"10TH ST","LAKE ST",0.00,,Y,A,-,N,,,,,,,,,,N,4,0,1,2,A,-,11,21950,B,N,G,B,-,A,H,-,C,D,0,Y,,,,Y,,-,"- ",0,0,1,0,1,0,0,0,0,"- ","- ",,,"LOS ANGELES","LOS ANGELES",-118.28096771240234,34.052181243896484
8584811,2018,2018-04-05,1942,2018-03-10,2250,40938,0265,6,5,7,1942,0,0,0,B,0,02A,"7TH ST","WESTLAKE AV",0.00,,Y,C,-,N,,,,,,,,,,N,3,0,1,2,A,-,10,21950,A,N,G,B,B,B,H,-,C,A,0,Y,,,,Y,,D,22,0,1,0,0,1,0,0,0,0,"- ","- ",,,"LOS ANGELES","LOS ANGELES",-118.27565002441406,34.055938720703125
8585319,2018,2018-04-06,1942,2018-01-06,0120,41859,0362,6,5,7,1942,0,0,0,C,0,3A63,"CHESAPEAKE AV","RODEO LN",62.00,N,N,A,-,N,,,,,,,,,,Y,4,0,1,5,A,-,03,22350,,F,B,C,E,A,H,-,C,D,0,Y,,,,Y,,-,99,0,0,1,0,0,0,0,0,0,"- ","- ",,,"LOS ANGELES","LOS ANGELES",-118.34521484375,34.020439147949219
8585323,2018,2018-04-10,1942,2018-01-01,1340,36700,0355,1,5,7,1942,0,0,0,C,0,3A41,"WESTERN AV","JEFFERSON BL",0.00,,Y,A,-,N,,,,,,,,,,N,3,0,2,3,A,-,05,21650,,N,G,B,B,A,H,-,A,D,0,Y,Y,,,Y,,L,04,0,1,1,0,2,0,0,0,0,"- ","- ",,,"LOS ANGELES","LOS ANGELES",-118.30889129638672,34.025550842285156
8585925,2018,2018-04-10,1942,2018-01-12,1620,40099,0251,5,5,7,1942,0,0,0,B,0,2A45,"W 6TH ST","LA FAYETTE PARK PL",7.00,E,N,A,-,N,,,,,,,,,,N,3,0,1,2,A,-,10,21950,A,N,G,B,B,A,H,-,A,D,0,Y,,,,Y,,A,07,0,1,0,0,1,0,0,0,0,"- ","- ",,,"LOS ANGELES","LOS ANGELES",-118.2830810546875,34.063190460205078
8585980,2018,2018-04-10,1942,2018-03-15,2310,41718,701,4,5,7,1942,0,0,0,,0,7A1-W3,"WILLOUGHBY AV","FAIRFAX AV",0.00,,Y,C,-,N,,,,,,,,,,N,3,0,1,2,A,-,10,21950,A,N,G,B,B,B,-,-,C,A,0,Y,,,,Y,,A,01,0,1,0,0,1,0,0,0,0,"- ","- ",,,"LOS ANGELES","LOS ANGELES",-118.36154174804688,34.087188720703125
8586488,2018,2018-04-20,1942,2018-03-24,2150,41452,148,6,5,7,1942,0,0,0,N,0,1A61W3,"CENTRAL AV","CERES AV",20.00,N,N,A,-,N,,,,,,,,,,N,3,0,1,3,A,-,11,21955,,F,G,B,D,A,H,-,C,A,0,Y,,,,Y,,N,60,0,1,0,0,1,0,0,0,0,"- ","- ",,,"LOS ANGELES","LOS ANGELES",-118.23986053466797,34.041446685791016
8591758,2018,2018-04-18,1942,2018-03-22,0550,39678,0313,4,5,7,1942,0,0,0,C,0,,"ADAMS BL","EDGEHILL DR",0.00,,Y,C,-,N,,,,,,,,,,N,4,0,1,2,A,-,10,21950,A,N,G,B,B,B,H,-,C,A,0,Y,,,,Y,,A,07,0,0,1,0,1,0,0,0,0,"- ","- ",,,"LOS ANGELES","LOS ANGELES",-118.32842254638672,34.032611846923828
8593501,2018,2018-04-09,1942,2018-03-19,2008,42149,1589,1,5,7,1942,0,0,0,O,0,15A12,"FORREST LAWN DR",CORNER,979.00,E,N,A,-,N,,,,,,,,,,N,3,0,1,2,A,-,11,21950,B,N,B,B,E,A,H,-,D,D,0,Y,,,,Y,,N,60,0,1,0,0,1,0,0,0,0,"- ","- ",,,"LOS ANGELES","LOS ANGELES",,
8594883,2018,2018-04-23,1942,2018-04-10,2130,32774,1984,2,5,7,1942,0,0,0,,0,19A85,"RAYEN ST","KESTER AV",100.00,W,N,A,-,N,,,,,,,,,,N,3,0,1,2,A,-,11,21954,A,F,G,B,D,A,H,-,D,D,0,Y,,,,Y,,N,60,0,1,0,0,1,0,0,0,0,"- ","- ",,,"LOS ANGELES","LOS ANGELES",-118.45783233642578,34.231822967529297
8595841,2018,2018-04-17,1942,2018-02-16,1900,41496,2146,5,5,7,1942,0,0,0,,0,21A2W5,"SHERMAN WY","ALABAMA AV",0.00,,N,A,-,N,,,,,,,,,,N,3,0,1,2,A,-,10,21950,A,N,G,B,D,A,H,-,D,D,0,Y,,,,Y,Y,A,01,0,1,0,0,1,0,0,0,0,"- ","- ",,,"LOS ANGELES","LOS ANGELES",-118.59902191162109,34.201030731201172
8597356,2018,2018-04-19,1942,2018-03-16,0605,43010,1801,5,5,7,1942,0,0,0,R,0,18A1,"SOUTH FIGUEROA ST","89TH ST",0.00,,Y,A,-,N,,,,,,,,,,N,3,0,1,2,A,-,10,21950,A,N,G,B,B,A,H,-,C,D,0,Y,,,,Y,,A,01,0,1,0,0,1,0,0,0,0,"- ","- ",,,"LOS ANGELES","LOS ANGELES",-118.28272247314453,33.956001281738281
8598506,2018,2018-04-19,1942,2018-04-03,1915,41957,0669,2,5,7,1942,0,0,0,F,0,7T23,"SANTA MONICA BL","KINGSLEY DR",0.00,,Y,A,-,N,,,,,,,,,,N,4,0,1,2,A,-,10,21950,A,N,G,B,B,A,H,-,A,D,0,Y,,,,Y,,A,07,0,0,1,0,1,0,0,0,0,"- ","- ",,,"LOS ANGELES","LOS ANGELES",-118.30325317382812,34.090801239013672
8598526,2018,2018-04-19,1942,2018-04-09,0005,33757,1412,1,5,7,1942,0,0,0,N,0,14A11,"MAIN ST","ROSE AV",113.00,S,N,A,-,N,,,,,,,,,,N,2,0,1,2,A,-,03,22350,,F,G,B,E,A,H,-,C,A,0,Y,,,,Y,Y,-,99,1,0,0,0,1,0,0,0,0,"- ","- ",,,"LOS ANGELES","LOS ANGELES",-118.47786712646484,33.995716094970703
8603347,2018,2018-05-07,1942,2018-04-02,0045,15074,LAXPD,1,5,7,1942,0,0,0,,0,3F52,"WORLD WAY","PILLAR 6A",0.00,,-,A,-,N,,,,,,,,,,N,4,0,1,2,A,-,11,21954,A,N,G,B,E,A,H,-,C,D,0,Y,,,,Y,,N,60,0,0,1,0,1,0,0,0,0,"- ","- ",33.563499450683594,-118.24900054931641,"LOS ANGELES","LOS ANGELES",,
8604664,2018,2018-05-08,1942,2018-04-21,2054,39072,0456,6,5,7,1942,0,0,0,D,0,4A59,"WABASH AV","FOREST AV",0.00,,Y,A,-,N,,,,,,,,,,N,2,0,1,2,A,-,11,21456,B,N,A,B,B,A,H,-,C,A,0,Y,,,,Y,,N,60,1,0,0,0,1,0,0,0,0,"- ","- ",,,"LOS ANGELES","LOS ANGELES",-118.19802093505859,34.050498962402344
8605060,2018,2018-05-21,1942,2018-04-23,0950,34458,0157,1,5,7,1942,0,0,0,A,0,1A29,"7TH ST","CROCKER ST",113.00,E,N,A,-,N,,,,,,,,,,Y,2,0,1,2,C,-,18,,,N,G,B,E,A,H,-,A,D,0,Y,,,,Y,,-,"- ",1,0,0,0,1,0,0,0,0,"- ","- ",,,"LOS ANGELES","LOS ANGELES",-118.24564361572266,34.039909362792969
8606080,2018,2018-05-15,1942,2018-04-24,1700,36615,3028,2,5,7,1942,0,0,0,,0,3XL94,"S FIGUEROA ST","W 28TH ST",50.00,N,N,A,-,N,,,,,,,,,,N,4,0,1,2,A,-,03,22350,,F,G,B,E,A,H,-,A,A,0,Y,,,,Y,,-,99,0,0,1,0,1,0,0,0,0,"- ","- ",,,"LOS ANGELES","LOS ANGELES",-118.27728271484375,34.026210784912109
8607153,2018,2018-05-15,1942,2018-04-09,0930,38590,0711,1,5,7,1942,0,0,0,G,0,7A1,"N CRESCENT HEIGHTS BL","BEVERLY BL",0.00,,Y,A,-,N,,,,,,,,,,N,3,0,1,2,A,-,11,21950,B,F,G,B,E,A,D,-,A,A,0,Y,,,,Y,,-,99,0,1,0,0,1,0,0,0,0,"- ","- ",,,"LOS ANGELES","LOS ANGELES",-118.36586761474609,34.076091766357422
8607793,2018,2018-05-17,1942,2018-04-25,0625,38313,1755,3,5,7,1942,0,0,0,Q,0,17A35W,"LINDLEY AV","DEVONSHIRE ST",0.00,,Y,B,-,N,,,,,,,,,,N,3,0,1,2,A,-,10,21950,A,N,G,B,B,A,H,-,A,A,0,Y,,,,Y,,A,01,0,1,0,0,1,0,0,0,0,"- ","- ",,,"LOS ANGELES","LOS ANGELES",-118.52735137939453,34.257270812988281
8607850,2018,2018-05-16,1942,2018-05-01,1225,35481,1538,2,5,7,1942,0,0,0,O,0,15A39,"VINELAND AV","MORRISON ST",3.00,N,N,B,-,N,,,,,,,,,,N,4,0,1,2,D,-,00,,,N,G,B,E,A,H,-,A,A,0,Y,,,,Y,,-,"- ",0,0,1,0,1,0,0,0,0,"- ","- ",,,"LOS ANGELES","LOS ANGELES",-118.37045288085938,34.161056518554688
8607902,2018,2018-05-16,1942,2018-05-03,1820,34599,1685,4,5,7,1942,0,0,0,P,0,16A81,"LANKERSHIM BL","SATICOY ST",223.00,S,N,A,-,N,,,,,,,,,,N,4,0,1,2,A,-,11,21954,A,N,G,B,D,A,H,-,A,A,0,Y,,,,Y,,N,60,0,0,1,0,1,0,0,0,0,"- ","- ",,,"LOS ANGELES","LOS ANGELES",-118.38778686523438,34.207866668701172
8609237,2018,2018-05-04,1942,2018-03-18,1050,34959,0784,7,5,7,1942,0,0,0,G,0,20T59,"REDONDO BL","WASHINGTON BL",239.00,N,N,A,-,N,,,,,,,,,,N,3,0,1,2,A,-,11,21954,A,N,G,B,D,A,H,-,A,D,0,Y,,,,Y,,N,60,0,1,0,0,1,0,0,0,0,"- ","- ",,,"LOS ANGELES","LOS ANGELES",-118.35256958007812,34.041835784912109
8611956,2018,2019-01-17,1942,2018-04-05,2010,33909,1777,4,5,7,1942,0,0,0,Q,0,017,"HAYVENHURST AV","DEARBORN ST",0.00,,N,A,-,N,,,,,,,,,,N,3,0,1,3,A,-,03,22350,,F,B,E,E,A,H,-,C,D,0,Y,,,,Y,,-,99,0,1,0,0,1,0,0,0,0,"- ","- ",,,"LOS ANGELES","LOS ANGELES",-118.49378967285156,34.237518310546875
8613068,2018,2018-05-09,1942,2018-04-13,2115,25495,2019,5,5,7,1942,0,0,0,,0,20A39,"VERMONT AV","1ST ST",14.00,S,N,A,-,N,,,,,,,,,,N,2,0,1,2,A,-,12,21453,A,N,G,B,B,-,H,-,C,A,0,Y,,,,Y,,A,07,1,0,0,0,1,0,0,0,0,"- ","- ",,,"LOS ANGELES","LOS ANGELES",,
8613137,2018,2018-05-03,1942,2018-03-10,1530,34426,1134,6,5,7,1942,0,0,0,K,0,1A89,"EAGLE ROCK BL","W AVENUE 34",15.00,S,N,C,-,N,,,,,,,,,,N,2,0,1,2,A,-,11,21954,A,N,G,B,D,B,H,-,A,D,0,Y,,,,Y,,N,60,1,0,0,0,1,0,0,0,0,"- ","- ",,,"LOS ANGELES","LOS ANGELES",-118.23638916015625,34.113979339599609
8615073,2018,2018-05-02,1942,2018-04-03,1715,41000,0628,2,5,7,1942,0,0,0,F,0,6A15W2,"BRONSON AV","FRANKLIN AV",130.00,N,N,A,-,N,,,,,,,,,,N,2,0,1,2,A,-,11,21954,A,N,G,B,D,A,H,-,A,D,0,Y,,,,Y,,N,60,1,0,0,0,1,0,0,0,0,"- ","- ",,,"LOS ANGELES","LOS ANGELES",-118.31798553466797,34.105606079101562
8616862,2018,2018-05-15,1942,2018-01-23,1730,35230,1303,2,5,7,1942,0,0,0,M,0,13A13,"11TH ST","STANFORD AV",0.00,,Y,A,-,N,,,,,,,,,,N,4,0,1,2,A,-,11,21954,A,N,G,B,E,A,H,-,B,A,0,Y,,,,Y,,N,60,0,0,1,0,1,0,0,0,0,"- ","- ",,,"LOS ANGELES","LOS ANGELES",-118.24932861328125,34.032909393310547
8617132,2018,2018-05-24,1942,2018-04-11,0230,40325,1309,3,5,7,1942,0,0,0,M,0,13A9,"ALAMEDA ST","NEWTON ST",0.00,,Y,A,-,N,,,,,,,,,,N,4,0,1,2,A,-,10,21950,A,N,G,B,B,A,H,-,C,A,0,Y,,,Y,Y,,F,77,0,0,1,0,1,0,0,0,0,"- ","- ",,,"LOS ANGELES","LOS ANGELES",-118.23922729492188,34.024951934814453
8617260,2018,2018-05-23,1942,2018-05-02,1415,39058,2014,3,5,7,1942,0,0,0,,0,20A13,"W HARVARD BL","2ND ST",8.00,S,N,B,-,N,,,,,,,,,,N,4,0,1,2,A,-,10,21950,A,N,G,B,B,A,H,-,A,A,0,Y,,,,Y,,D,22,0,0,1,0,1,0,0,0,0,"- ","- ",,,"LOS ANGELES","LOS ANGELES",-118.30416107177734,34.071128845214844
8621137,2018,2018-05-23,1942,2018-04-23,1010,34959,2053,1,5,7,1942,0,0,0,,0,20A53,"OLYMPIC BL","SERRANO AV",0.00,,Y,A,-,N,,,,,,,,,,N,4,0,1,2,A,-,10,21950,A,N,G,B,B,A,H,-,A,D,0,Y,,,,Y,,A,01,0,0,1,0,1,0,0,0,0,"- ","- ",,,"LOS ANGELES","LOS ANGELES",-118.30632019042969,34.052619934082031