CASE_ID,ACCIDENT_YEAR,PROC_DATE,JURIS,COLLISION_DATE,COLLISION_TIME,OFFICER_ID,REPORTING_DISTRICT,DAY_OF_WEEK,CHP_SHIFT,POPULATION,CNTY_CITY_LOC,SPECIAL_COND,BEAT_TYPE,CHP_BEAT_TYPE,CITY_DIVISION_LAPD,CHP_BEAT_CLASS,BEAT_NUMBER,PRIMARY_RD,SECONDARY_RD,DISTANCE,DIRECTION,INTERSECTION,WEATHER_1,WEATHER_2,STATE_HWY_IND,CALTRANS_COUNTY,CALTRANS_DISTRICT,STATE_ROUTE,ROUTE_SUFFIX,POSTMILE_PREFIX,POSTMILE,LOCATION_TYPE,RAMP_INTERSECTION,SIDE_OF_HWY,TOW_AWAY,COLLISION_SEVERITY,NUMBER_KILLED,NUMBER_INJURED,PARTY_COUNT,PRIMARY_COLL_FACTOR,PCF_CODE_OF_VIOL,PCF_VIOL_CATEGORY,PCF_VIOLATION,PCF_VIOL_SUBSECTION,HIT_AND_RUN,TYPE_OF_COLLISION,MVIW,PED_ACTION,ROAD_SURFACE,ROAD_COND_1,ROAD_COND_2,LIGHTING,CONTROL_DEVICE,CHP_ROAD_TYPE,PEDESTRIAN_ACCIDENT,BICYCLE_ACCIDENT,MOTORCYCLE_ACCIDENT,TRUCK_ACCIDENT,NOT_PRIVATE_PROPERTY,ALCOHOL_INVOLVED,STWD_VEHTYPE_AT_FAULT,CHP_VEHTYPE_AT_FAULT,COUNT_SEVERE_INJ,COUNT_VISIBLE_INJ,COUNT_COMPLAINT_PAIN,COUNT_PED_KILLED,COUNT_PED_INJURED,COUNT_BICYCLIST_KILLED,COUNT_BICYCLIST_INJURED,COUNT_MC_KILLED,COUNT_MC_INJURED,PRIMARY_RAMP,SECONDARY_RAMP,LATITUDE,LONGITUDE,COUNTY,CITY,POINT_X,POINT_Y
8621652,2018,2018-05-31,1942,2018-04-21,0520,40606,202,6,5,7,1942,0,0,0,,0,2A75,"VERMONT AV","WILLOW BROOK AV",200.00,N,N,A,-,N,,,,,,,,,,N,3,0,1,2,A,-,"- ",,,F,G,B,E,A,H,-,C,D,0,Y,,,,Y,Y,-,"- ",0,1,0,0,1,0,0,0,0,"- ","- ",,,"LOS ANGELES","LOS ANGELES",-118.29174041748047,34.090328216552734
8623256,2018,2018-06-08,1942,2018-05-09,1325,43016,0162,3,5,7,1942,0,0,0,A,0,4A56,"W 7TH ST","S FIGUEROA ST",0.00,,Y,A,-,N,,,,,,,,,,N,4,0,2,2,A,-,11,21456,B,N,G,B,B,A,H,-,A,A,0,Y,,,,Y,,-,"- ",0,0,2,0,0,0,0,0,0,"- ","- ",,,"LOS ANGELES","LOS ANGELES",-118.25991058349609,34.049419403076172
8624451,2018,2018-06-05,1942,2018-05-03,1700,39162,WESTL,4,5,7,1942,0,0,0,,0,14A28,"NEBRASKA AV","SEPULVEDA BL",10.00,W,N,A,-,N,,,,,,,,,,N,4,0,1,2,D,-,00,,,N,D,B,B,A,H,-,A,A,0,Y,,,,Y,,-,"- ",0,0,1,0,1,0,0,0,0,"- ","- ",,,"LOS ANGELES","LOS ANGELES",-118.44289398193359,34.045925140380859
8626550,2018,2018-06-06,1942,2018-04-27,1530,37282,1353,5,5,7,1942,0,0,0,M,0,13X45,VERNON,"CENTRAL AV",0.00,,Y,A,-,N,,,,,,,,,,N,4,0,1,2,A,-,10,21950,A,F,G,B,B,A,H,-,A,A,0,Y,,,,Y,,-,,0,0,1,0,1,0,0,0,0,"- ","- ",,,"LOS ANGELES","LOS ANGELES",-118.25649261474609,34.003929138183594
8628174,2018,2018-06-13,1942,2018-05-22,0900,39733,0153,2,5,7,1942,0,0,0,A,0,1A41,BROADWAY,"6TH ST",15.00,N,N,A,-,N,,,,,,,,,,N,3,0,1,2,A,-,10,21950,A,N,D,B,B,A,H,-,A,A,0,Y,,,,Y,,D,22,0,1,0,0,1,0,0,0,0,"- ","- ",,,"LOS ANGELES","LOS ANGELES",,
8628206,2018,2018-06-13,1942,2018-05-25,1700,42573,0132,5,5,7,1942,0,0,0,A,0,1A12,"W 1ST ST","S HILL ST",5.00,E,N,A,-,N,,,,,,,,,,N,3,0,1,2,A,-,10,21950,A,N,G,B,B,A,H,-,A,A,0,Y,,,,Y,,I,20,0,1,0,0,1,0,0,0,0,"- ","- ",,,"LOS ANGELES","LOS ANGELES",-118.24660491943359,34.054332733154297
8628665,2018,2018-06-13,1942,2018-05-10,0830,27475,0803,4,5,7,1942,0,0,0,H,0,34M5,"MANDEVILLE CANYON RD","SKY VALLEY RD",220.00,S,N,A,-,N,,,,,,,,,,N,3,0,2,2,A,-,11,21954,A,N,G,B,D,A,H,-,A,D,0,Y,Y,,,Y,,N,60,0,2,0,0,1,0,1,0,0,"- ","- ",,,"LOS ANGELES","LOS ANGELES",-118.50810241699219,34.12548828125
8629929,2018,2018-06-06,1942,2018-05-16,1030,43098,0221,3,5,7,1942,0,0,0,B,0,2A17,"N NEW HAMPSHIRE",OAKWOOD,183.00,S,N,A,-,N,,,,,,,,,,N,4,0,1,2,A,-,11,21956,A,F,G,B,E,A,H,-,A,D,0,Y,,,,Y,,N,60,0,0,1,0,1,0,0,0,0,"- ","- ",,,"LOS ANGELES","LOS ANGELES",-118.29322814941406,34.077186584472656
8630167,2018,2018-05-31,1942,2018-05-03,1615,40643,1341,4,5,7,1942,0,0,0,M,0,13A41,"BROADWAY PL","39TH ST",0.00,,Y,A,-,N,,,,,,,,,,Y,4,0,4,4,A,-,09,21802,A,N,D,C,F,A,H,-,A,A,0,Y,,,,Y,,A,01,0,0,4,0,2,0,0,0,0,"- ","- ",,,"LOS ANGELES","LOS ANGELES",-118.27678680419922,34.012088775634766
8630274,2018,2018-06-06,1942,2018-05-15,1120,41924,0522,2,5,7,1942,0,0,0,E,0,5A25,"GULF AV","WEST ANAHEIM ST",0.00,,Y,A,-,N,,,,,,,,,,N,2,0,1,2,A,-,10,21950,A,N,G,B,B,A,H,-,A,A,0,Y,,,,Y,,A,01,1,0,0,0,1,0,0,0,0,"- ","- ",,,"LOS ANGELES","LOS ANGELES",-118.27290344238281,33.779411315917969
8630378,2018,2018-06-05,1942,2018-05-05,1345,38794,0396,6,5,7,1942,0,0,0,C,0,3A41W2,"43RD PL","MENLO AV",200.00,W,N,A,-,N,,,,,,,,,,N,3,0,1,2,A,-,11,21954,A,N,G,B,D,A,H,-,A,D,0,Y,,,,Y,,N,60,0,1,0,0,1,0,0,0,0,"- ","- ",,,"LOS ANGELES","LOS ANGELES",-118.29067993164062,34.004550933837891
8630828,2018,2018-06-06,1942,2018-05-16,1723,43341,0231,3,5,7,1942,0,0,0,B,0,A25,"BEVERLY BL","VENDOME ST",4.00,E,N,A,-,N,,,,,,,,,,N,4,0,1,2,A,-,10,21950,A,N,G,B,B,A,H,-,A,D,0,Y,,,,Y,,A,01,0,0,1,0,1,0,0,0,0,"- ","- ",,,"LOS ANGELES","LOS ANGELES",-118.28218078613281,34.071804046630859
8631046,2018,2018-06-12,1942,2018-05-09,1110,39745,0341,3,5,7,1942,0,0,0,C,0,3A41,"ORANGE DR","ORANGE PL",300.00,N,N,A,-,N,,,,,,,,,,N,4,0,1,3,C,-,18,,,N,A,I,-,A,H,-,A,D,0,Y,,,,Y,,-,"- ",0,0,1,0,1,0,0,0,0,"- ","- ",,,"LOS ANGELES","LOS ANGELES",-118.356201171875,34.015583038330078
8631138,2018,2018-06-07,1942,2018-05-17,1545,37437,2063,4,5,7,1942,0,0,0,,0,20A53,"S WESTERN AV","W 1TH ST",6.00,S,N,A,-,N,,,,,,,,,,N,3,0,2,3,A,-,10,21950,A,N,G,B,B,A,H,-,A,A,0,Y,,,,Y,,A,01,0,2,0,0,2,0,0,0,0,"- ","- ",,,"LOS ANGELES","LOS ANGELES",-118.30905914306641,34.050792694091797
8631798,2018,2018-06-06,1942,2018-05-23,1250,41671,0782,3,5,7,1942,0,0,0,G,0,7A73,"LA CIENEGA BL","VENICE BL",0.00,,Y,B,-,N,,,,,,,,,,N,4,0,1,2,A,-,10,21950,A,N,G,B,B,A,H,-,A,A,0,Y,,,,Y,,N,60,0,0,1,0,1,0,0,0,0,"- ","- ",,,"LOS ANGELES","LOS ANGELES",-118.37789154052734,34.035171508789062
8634390,2018,2018-06-11,1942,2018-04-26,1430,42786,1218,4,5,7,1942,0,0,0,L,0,12A39,"51ST ST","51ST PL",200.00,E,N,A,-,N,,,,,,,,,,N,4,0,1,2,A,-,06,21951,,N,G,B,E,A,H,-,A,D,0,Y,,,,Y,,A,01,0,0,1,0,1,0,0,0,0,"- ","- ",,,"LOS ANGELES","LOS ANGELES",-118.28897094726562,33.996414184570312
8635436,2018,2018-06-26,1942,2018-05-21,1420,37952,1309,1,5,7,1942,0,0,0,M,0,13A9,"MATEO ST","DAMON ST",120.00,N,N,B,-,N,,,,,,,,,,N,4,0,1,2,A,-,11,21950,B,N,G,B,F,A,H,-,A,D,0,Y,,,,Y,,N,60,0,0,1,0,1,0,0,0,0,"- ","- ",,,"LOS ANGELES","LOS ANGELES",-118.23223876953125,34.029018402099609
8637619,2018,2018-06-18,1942,2018-05-27,1600,42372,1185,7,5,7,1942,0,0,0,K,0,11A37,"STADIUM WY","SCOTT AV",568.00,N,N,A,-,N,,,,,,,,,,N,3,0,1,2,A,-,11,21954,A,N,G,B,E,A,H,-,A,D,0,Y,,,,Y,Y,N,60,0,1,0,0,1,0,0,0,0,"- ","- ",,,"LOS ANGELES","LOS ANGELES",-118.24888610839844,34.078868865966797
8639469,2018,2018-06-26,1942,2018-05-06,0113,42858,1802,7,5,7,1942,0,0,0,R,0,18A17,BROADWAY,"92ND ST",0.00,,Y,A,-,N,,,,,,,,,,N,2,0,1,2,A,-,11,21954,A,N,G,B,D,A,H,-,C,A,0,Y,,,,Y,,N,60,1,0,0,0,1,0,0,0,0,"- ","- ",,,"LOS ANGELES","LOS ANGELES",-118.278189,33.952765999999997
8643504,2018,2018-06-29,1942,2018-05-16,1625,40452,1488,3,5,7,1942,0,0,0,N,0,14A67,"W 98TH ST","AIRPORT BL",20.00,E,N,A,-,N,,,,,,,,,,N,4,0,1,2,A,-,10,21950,A,N,G,B,B,A,H,-,A,A,0,Y,,,,Y,,A,07,0,0,1,0,1,0,0,0,0,"- ","- ",,,"LOS ANGELES","LOS ANGELES",-118.38592529296875,33.947341918945312
8644758,2018,2018-06-27,1942,2018-05-08,0845,37613,0833,2,5,7,1942,0,0,0,H,0,8A29,"MIDVALE AV","WILSHIRE BL",11.00,S,N,A,-,N,,,,,,,,,,N,4,0,1,3,A,-,07,21658,A,N,G,B,E,A,H,-,A,A,0,Y,,,,Y,,A,01,0,0,1,0,1,0,0,0,0,"- ","- ",,,"LOS ANGELES","LOS ANGELES",-118.44551086425781,34.058300018310547
8644844,2018,2018-06-27,1942,2018-06-01,1525,38374,2015,5,5,7,1942,0,0,0,,0,20A25,"MARIPOSA AV","BEVERLY BL",100.00,S,N,A,-,N,,,,,,,,,,N,4,0,1,2,A,-,11,21954,A,N,G,B,D,A,H,-,A,D,0,Y,,,,Y,,N,60,0,0,1,0,1,0,0,0,0,"- ","- ",,,"LOS ANGELES","LOS ANGELES",-118.29945373535156,34.076026916503906
8645761,2018,2018-07-10,1942,2018-05-26,1540,42928,1826,6,5,7,1942,0,0,0,R,0,18A96,"103RD ST","COMPTON BL",0.00,,Y,A,-,N,,,,,,,,,,N,4,0,1,2,A,-,10,21950,,F,G,B,B,A,H,-,A,A,0,Y,,,,Y,,-,99,0,0,1,0,1,0,0,0,0,"- ","- ",,,"LOS ANGELES","LOS ANGELES",-118.24620819091797,33.943229675292969
8647908,2018,2018-07-11,1942,2018-06-14,0822,31152,1373,4,5,7,1942,0,0,0,M,0,13A85,"54TH ST","AVALON BL",12.00,W,N,A,-,N,,,,,,,,,,N,4,0,1,2,A,-,10,21950,A,N,G,B,B,A,H,-,A,A,0,Y,,,,Y,,J,48,0,0,1,0,1,0,0,0,0,"- ","- ",,,"LOS ANGELES","LOS ANGELES",-118.26525115966797,33.993381500244141
8648169,2018,2020-05-26,1942,2018-07-02,2120,34599,1902,1,5,7,1942,0,0,0,,0,19A7,"BORDEN AV","LARKSPUR ST",50.00,S,N,A,-,N,,,,,,,,,,N,1,1,0,2,A,-,11,21954,A,N,G,B,D,A,H,-,C,D,0,Y,,,,Y,Y,N,60,0,0,0,1,0,0,0,0,0,"- ","- ",,,"LOS ANGELES","LOS ANGELES",-118.45917510986328,34.319808959960938
8651679,2018,2018-10-03,1942,2018-08-25,1621,34426,0152,6,5,7,1942,0,0,0,A,0,1A41,"HILL ST","5TH ST",96.00,S,N,A,-,N,,,,,,,,,,N,4,0,1,2,A,-,11,21954,A,N,G,-,E,A,H,-,A,D,0,Y,,,,Y,Y,N,60,0,0,1,0,1,0,0,0,0,"- ","- ",,,"LOS ANGELES","LOS ANGELES",-118.25199127197266,34.048549652099609
8652074,2018,2018-10-01,1942,2018-06-28,2122,38814,1152,4,5,7,1942,0,0,0,K,0,11A51,"HOLLYWOOD BL","RODNEY DR",0.00,,Y,A,-,N,,,,,,,,,,Y,2,0,1,2,A,-,11,21956,A,N,A,B,E,A,-,-,C,D,0,Y,,,,Y,,N,60,1,0,0,0,1,0,0,0,0,"- ","- ",,,"LOS ANGELES","LOS ANGELES",-118.29006958007812,34.100059509277344
8653552,2018,2018-07-06,1942,2018-06-23,0930,30452,1555,6,5,7,1942,0,0,0,O,0,9TL53,"TUJUNGA AV","OTSEGO ST",0.00,,Y,A,-,N,,,,,,,,,,N,3,0,1,2,A,-,10,21950,A,F,G,B,B,A,H,-,A,A,0,Y,,,,Y,,-,99,0,1,0,0,1,0,0,0,0,"- ","- ",,,"LOS ANGELES","LOS ANGELES",-118.37901306152344,34.162998199462891
8656576,2018,2018-08-10,1942,2018-07-01,0010,43302,0832,7,5,7,1942,0,0,0,H,0,8A95,"WILSHIRE BL","BARRINGTON AV",0.00,,Y,A,-,N,,,,,,,,,,N,4,0,1,2,A,-,10,21950,A,F,G,B,B,A,H,-,C,A,0,Y,,,,Y,,-,99,0,0,1,0,1,0,0,0,0,"- ","- ",,,"LOS ANGELES","LOS ANGELES",-118.46086883544922,34.049480438232422
8656608,2018,2018-08-10,1942,2018-07-10,0835,38262,0719,2,5,7,1942,0,0,0,G,0,7A17,"WILCOX AV","MELROSE AV",0.00,,Y,A,-,N,,,,,,,,,,N,4,0,1,2,A,-,10,21950,A,N,G,B,B,A,H,-,A,A,0,Y,,,,Y,,A,01,0,0,1,0,1,0,0,0,0,"- ","- ",,,"LOS ANGELES","LOS ANGELES",-118.33096313476562,34.083461761474609
8658613,2018,2018-07-11,1942,2018-06-26,2055,41977,1248,2,5,7,1942,0,0,0,L,0,12A49,"WEST 65TH ST","S HOOVER ST",0.00,,Y,A,-,N,,,,,,,,,,Y,3,0,1,2,A,-,10,21950,A,N,G,B,B,A,H,-,C,A,0,Y,,,,Y,,A,01,0,1,0,0,1,0,0,0,0,"- ","- ",,,"LOS ANGELES","LOS ANGELES",-118.28708648681641,33.980579376220703
8659063,2018,2018-08-10,1942,2018-06-04,0800,42451,0669,1,5,7,1942,0,0,0,F,0,6A79,"SANTA MONICA BL","NORMANDIE AV",0.00,,Y,A,-,N,,,,,,,,,,N,4,0,1,2,A,-,10,21950,A,N,G,B,B,A,H,-,A,A,0,Y,,,,Y,,A,01,0,0,1,0,1,0,0,0,0,"- ","- ",,,"LOS ANGELES","LOS ANGELES",-118.30049133300781,34.090831756591797
8659197,2018,2018-07-20,1942,2018-07-02,1510,42561,1025,1,5,7,1942,0,0,0,J,0,10A17,"HART ST","ETIWANDA AV",0.00,,Y,A,-,N,,,,,,,,,,N,4,0,1,2,A,-,10,21950,A,N,D,B,B,A,H,-,A,A,0,Y,,,,Y,,A,01,0,0,1,0,1,0,0,0,0,"- ","- ",,,"LOS ANGELES","LOS ANGELES",-118.53169250488281,34.197479248046875
8659465,2018,2018-07-20,1942,2018-06-10,1310,37613,0762,7,5,7,1942,0,0,0,G,0,7A53,"CRESCENT HEIGHTS BL","18TH ST",7.00,N,N,A,-,N,,,,,,,,,,N,2,0,1,2,A,-,11,21950,B,N,G,B,B,A,H,-,A,A,0,Y,,,,Y,,N,60,1,0,0,0,1,0,0,0,0,"- ","- ",,,"LOS ANGELES","LOS ANGELES",-118.37453460693359,34.044116973876953
8660905,2018,2018-09-04,1942,2018-06-09,1050,42171,0155,6,5,7,1942,0,0,0,A,0,0155,"6TH ST","SPRING ST",0.00,,Y,A,-,N,,,,,,,,,,N,4,0,1,2,A,-,09,21801,,F,G,B,B,A,H,-,A,A,0,Y,,,,Y,,-,99,0,0,1,0,1,0,0,0,0,"- ","- ",,,"LOS ANGELES","LOS ANGELES",-118.25099182128906,34.04595947265625
8661725,2018,2018-07-24,1942,2018-06-19,2330,41210,2042,2,5,7,1942,0,0,0,,0,7T23,"WESTERN AV","W 8TH ST",0.00,,Y,A,-,N,,,,,,,,,,N,3,0,1,2,A,-,10,21950,A,N,G,B,B,A,H,-,C,D,0,Y,,,,Y,Y,A,08,0,1,0,0,1,0,0,0,0,"- ","- ",,,"LOS ANGELES","LOS ANGELES",,
8661787,2018,2018-07-24,1942,2018-06-04,0855,34458,0256,1,5,7,1942,0,0,0,B,0,2A47,"UNION AV","WILSHIRE BL",5.00,S,N,A,-,N,,,,,,,,,,N,4,0,1,2,A,-,10,21950,A,N,G,B,B,A,H,-,A,B,0,Y,,,,Y,,A,01,0,0,1,0,1,0,0,0,0,"- ","- ",,,"LOS ANGELES","LOS ANGELES",-118.27018737792969,34.055366516113281
8661841,2018,2018-08-22,1942,2018-07-04,1130,42360,451,3,5,7,1942,0,0,0,,0,4A71,"PLAZA DEL SOL","MISSION RD",253.00,E,N,A,-,N,,,,,,,,,,N,4,0,1,2,A,-,10,21950,C,N,G,B,E,A,H,-,A,D,0,Y,,,,Y,,A,01,0,0,1,0,1,0,0,0,0,"- ","- ",,,"LOS ANGELES","LOS ANGELES",-118.226806640625,34.048828125
8665387,2018,2018-08-06,1942,2018-06-26,1140,39655,0678,2,5,7,1942,0,0,0,F,0,6A77,"ROMAINE ST","WESTERN AV",0.00,,Y,A,-,N,,,,,,,,,,Y,3,0,3,3,A,-,12,21453,A,N,D,C,F,A,H,-,A,A,0,Y,,,,Y,,-,"- ",0,2,1,0,1,0,0,0,0,"- ","- ",,,"LOS ANGELES","LOS ANGELES",-118.30915832519531,34.088489532470703
8667428,2018,2018-07-25,1942,2018-06-30,2110,40924,1265,6,5,7,1942,0,0,0,L,0,12A67,"VERMONT AV","84TH ST",100.00,N,N,A,-,N,,,,,,,,,,N,3,0,1,2,A,-,10,21954,,F,G,B,D,A,H,-,C,D,0,Y,,,,Y,,N,60,0,1,0,0,1,0,0,0,0,"- ","- ",,,"LOS ANGELES","LOS ANGELES",,
8669144,2018,2018-08-13,1942,2018-07-05,0400,35024,0155,4,5,7,1942,0,0,0,A,0,1A35,"EAST 5TH ST","MAPLE AV",15.00,E,N,A,-,N,,,,,,,,,,Y,3,0,2,3,A,-,11,21956,A,N,G,-,D,A,H,-,C,D,0,Y,,,,Y,,N,60,0,1,1,0,2,0,0,0,0,"- ","- ",,,"LOS ANGELES","LOS ANGELES",-118.24648284912109,34.045352935791016
8670488,2018,2018-10-04,1942,2018-07-22,0930,42029,2129,7,5,7,1942,0,0,0,,0,21A29,"ROECOE BL","PENFIELD AV",0.00,,Y,A,-,N,,,,,,,,,,N,4,0,1,2,A,-,10,21950,A,N,G,B,B,A,H,-,A,A,0,Y,,,,Y,,A,08,0,0,1,0,1,0,0,0,0,"- ","- ",,,"LOS ANGELES","LOS ANGELES",-118.56887817382812,34.220249176025391
8671338,2018,2018-09-11,1942,2018-07-06,0800,42451,2046,5,5,7,1942,0,0,0,,0,20A45,"JAMES M WOOD BL","NEW HAMPSHIRE BL",0.00,,Y,A,-,N,,,,,,,,,,N,2,0,1,2,A,-,10,21950,A,N,G,-,B,A,H,-,A,D,0,Y,,,,Y,,A,01,1,0,0,0,1,0,0,0,0,"- ","- ",,,"LOS ANGELES","LOS ANGELES",-118.29289,34.055950000000003
8672731,2018,2018-08-08,1942,2018-06-16,0010,40275,0489,6,5,7,1942,0,0,0,D,0,4A97,"E 8TH ST","SOTO ST",10.00,E,N,A,-,N,,,,,,,,,,N,2,0,1,2,A,-,12,21453,A,F,G,B,C,A,H,-,C,A,0,Y,,,,Y,,-,99,1,0,0,0,1,0,0,0,0,"- ","- ",,,"LOS ANGELES","LOS ANGELES",-118.21939849853516,34.028068542480469
8679847,2018,2018-10-03,1942,2018-07-06,0605,34332,1149,5,5,7,1942,0,0,0,K,0,11A37,"FIGUEROA ST","ELLITA PL",40.00,N,N,A,-,N,,,,,,,,,,N,3,0,1,2,A,-,11,21954,A,N,D,B,D,A,H,-,A,A,0,Y,,,,Y,,N,60,0,1,0,0,1,0,0,0,0,"- ","- ",,,"LOS ANGELES","LOS ANGELES",-118.19877624511719,34.106647491455078
8680248,2018,2018-09-10,1942,2018-07-24,1500,42809,1844,2,5,7,1942,0,0,0,R,0,18L90,"113TH ST","SAN PEDRO ST",350.00,E,N,A,-,N,,,,,,,,,,N,4,0,1,2,A,-,00,20015,A,F,G,B,E,A,H,-,A,D,0,Y,,,,Y,,-,99,0,0,1,0,1,0,0,0,0,"- ","- ",,,"LOS ANGELES","LOS ANGELES",-118.26840972900391,33.932025909423828
8681039,2018,2018-10-04,1942,2018-07-18,2035,40325,0231,3,5,7,1942,0,0,0,B,0,2A12,"VENDOME ST","BEVERLY BL",14.00,S,N,A,-,N,,,,,,,,,,N,4,0,1,2,A,-,10,21950,A,N,G,B,B,A,H,-,C,A,0,Y,,,,Y,,A,08,0,0,1,0,1,0,0,0,0,"- ","- ",,,"LOS ANGELES","LOS ANGELES",-118.28221130371094,34.07177734375
8681082,2018,2018-09-05,1942,2018-07-31,2310,42111,1258,2,5,7,1942,0,0,0,L,0,12A73,FLORENCE,BROADWAY,5.00,W,N,A,-,N,,,,,,,,,,N,4,0,1,2,A,-,10,21950,,N,G,B,B,A,H,-,C,A,0,Y,,,,Y,,A,08,0,0,1,0,1,0,0,0,0,"- ","- ",,,"LOS ANGELES","LOS ANGELES",-118.27834320068359,33.974658966064453
8681653,2018,2018-10-08,1942,2018-08-04,2140,41240,1011,6,5,7,1942,0,0,0,J,0,10X1,"TAMPA AV","WYANDOTTE ST",75.00,N,N,A,-,N,,,,,,,,,,N,2,0,1,2,A,-,11,21955,,N,A,B,D,A,H,-,D,D,0,Y,,,,Y,,N,60,1,0,0,0,1,0,0,0,0,"- ","- ",,,"LOS ANGELES","LOS ANGELES",-118.55348205566406,34.203105926513672
8683096,2018,2018-10-04,1942,2018-09-05,0750,38282,1416,3,5,7,1942,0,0,0,N,0,14A25,"WALGROVE AV","APPLETON WY",300.00,N,N,A,-,N,,,,,,,,,,N,3,0,1,2,A,-,15,21235,A,F,G,B,F,A,H,-,A,D,0,Y,,,,Y,,-,99,0,1,0,0,1,0,0,0,0,"- ","- ",,,"LOS ANGELES","LOS ANGELES",-118.45302581787109,34.005973815917969
8690380,2018,2018-08-30,1942,2018-08-16,2155,40529,1806,4,5,7,1942,0,0,0,R,0,18A3,"CENTRAL AV","90TH ST",4.00,S,N,A,-,N,,,,,,,,,,N,3,0,1,2,A,-,10,21950,A,F,-,B,C,-,H,-,C,D,0,Y,,,,Y,,N,60,0,1,0,0,1,0,0,0,0,"- ","- ",,,"LOS ANGELES","LOS ANGELES",-118.25643157958984,33.954708099365234
8691464,2018,2018-09-26,1942,2018-08-22,1530,40008,1162,3,5,7,1942,0,0,0,K,0,11A51,"N VERMONT AV",SUNSET,50.00,S,N,A,-,N,,,,,,,,,,N,3,0,1,2,A,-,11,21956,A,F,G,B,E,A,H,-,A,D,0,Y,,,,Y,,N,60,0,1,0,0,1,0,0,0,0,"- ","- ",,,"LOS ANGELES","LOS ANGELES",-118.29177093505859,34.098011016845703
8692351,2018,2018-09-28,1942,2018-08-22,0020,38620,1001,3,5,7,1942,0,0,0,J,0,10A3,"WILBUR AV","STRATHERN ST",100.00,N,N,A,-,N,,,,,,,,,,N,3,0,1,2,A,-,03,22350,,F,G,B,E,A,H,-,C,D,0,Y,,,,Y,,-,99,0,1,0,0,1,0,0,0,0,"- ","- ",,,"LOS ANGELES","LOS ANGELES",-118.54478454589844,34.215915679931641
8693616,2018,2018-10-09,1942,2018-08-24,1525,36678,2146,5,5,7,1942,0,0,0,,0,21A57,"VASSAR AV","SHERMAN WAY BL",3.00,N,N,A,-,N,,,,,,,,,,N,4,0,1,2,A,-,10,21950,A,F,G,B,D,A,H,-,A,D,0,Y,,,,Y,,-,99,0,0,1,0,1,0,0,0,0,"- ","- ",,,"LOS ANGELES","LOS ANGELES",,
8695241,2018,2018-09-19,1942,2018-06-07,0215,36344,2027,4,5,7,1942,0,0,0,,0,20A39,"WILSHIRE BL","MARIPOSA AV",0.00,,Y,A,-,N,,,,,,,,,,N,3,0,1,2,A,-,11,21453,D,N,G,B,B,A,H,-,C,A,0,Y,,,,Y,,N,60,0,1,0,0,1,0,0,0,0,"- ","- ",,,"LOS ANGELES","LOS ANGELES",-118.29917907714844,34.061759948730469
8697488,2018,2018-10-03,1942,2018-08-28,2115,40353,0955,2,5,7,1942,0,0,0,I,0,9A63,"MAGNOLIA BL","VAN NUYS BL",16.00,E,N,A,-,N,,,,,,,,,,N,3,0,1,2,A,-,11,21453,D,N,G,B,B,A,H,-,C,A,0,Y,,,,Y,,D,22,0,1,0,0,1,0,0,0,0,"- ","- ",,,"LOS ANGELES","LOS ANGELES",-118.44865417480469,34.164867401123047
8697551,2018,2018-09-26,1942,2018-09-04,0800,33599,0317,2,5,7,1942,0,0,0,C,0,3A15,"W 24TH ST","VERMONT AV",75.00,E,N,B,-,N,,,,,,,,,,N,4,0,1,2,A,-,03,22350,,N,G,B,E,A,D,-,A,D,0,Y,,,,Y,,A,01,0,0,1,0,1,0,0,0,0,"- ","- ",,,"LOS ANGELES","LOS ANGELES",-118.29154968261719,34.034530639648438
8698986,2018,2018-09-25,1942,2018-08-26,1405,33458,1595,7,5,7,1942,0,0,0,O,0,15A85,"VENTURA BL","CARPENTER AV",125.00,W,N,A,-,N,,,,,,,,,,N,3,0,2,3,A,-,04,21703,,N,C,C,D,A,H,-,A,D,0,Y,,,,Y,,A,07,0,1,1,0,0,0,0,0,0,"- ","- ",,,"LOS ANGELES","LOS ANGELES",-118.39115142822266,34.142841339111328
8701290,2018,2018-09-20,1942,2018-08-14,2050,36599,2115,2,5,7,1942,0,0,0,,0,21A5,"ROSCOE BL","OWENSMOUTH AV",0.00,,Y,A,-,N,,,,,,,,,,N,2,0,1,2,A,-,11,21954,A,N,G,B,D,A,H,-,C,A,0,Y,,,,Y,Y,N,60,1,0,0,0,1,0,0,0,0,"- ","- ",,,"LOS ANGELES","LOS ANGELES",-118.60163116455078,34.219730377197266
8701828,2018,2018-09-24,1942,2018-09-05,1925,42599,1942,3,5,7,1942,0,0,0,,0,1118,"N AVE 56","NORTH FIGUEROA ST",200.00,W,N,B,-,N,,,,,,,,,,N,4,0,1,2,A,-,10,21950,C,F,G,B,E,A,H,-,C,D,0,Y,,,,Y,Y,-,99,0,0,1,0,1,0,0,0,0,"- ","- ",,,"LOS ANGELES","LOS ANGELES",-118.19452667236328,34.109375
8701963,2018,2018-10-02,1942,2018-08-25,0740,39010,0497,6,5,7,1942,0,0,0,D,0,4A97,"OLYMPIC BL","LORENA ST",39.00,E,N,A,-,N,,,,,,,,,,N,3,0,1,2,A,-,10,21950,A,N,G,B,B,A,H,-,A,A,0,Y,,,,Y,,D,22,0,1,0,0,1,0,0,0,0,"- ","- ",,,"LOS ANGELES","LOS ANGELES",-118.20652008056641,34.018753051757812