CASE_ID,ACCIDENT_YEAR,PROC_DATE,JURIS,COLLISION_DATE,COLLISION_TIME,OFFICER_ID,REPORTING_DISTRICT,DAY_OF_WEEK,CHP_SHIFT,POPULATION,CNTY_CITY_LOC,SPECIAL_COND,BEAT_TYPE,CHP_BEAT_TYPE,CITY_DIVISION_LAPD,CHP_BEAT_CLASS,BEAT_NUMBER,PRIMARY_RD,SECONDARY_RD,DISTANCE,DIRECTION,INTERSECTION,WEATHER_1,WEATHER_2,STATE_HWY_IND,CALTRANS_COUNTY,CALTRANS_DISTRICT,STATE_ROUTE,ROUTE_SUFFIX,POSTMILE_PREFIX,POSTMILE,LOCATION_TYPE,RAMP_INTERSECTION,SIDE_OF_HWY,TOW_AWAY,COLLISION_SEVERITY,NUMBER_KILLED,NUMBER_INJURED,PARTY_COUNT,PRIMARY_COLL_FACTOR,PCF_CODE_OF_VIOL,PCF_VIOL_CATEGORY,PCF_VIOLATION,PCF_VIOL_SUBSECTION,HIT_AND_RUN,TYPE_OF_COLLISION,MVIW,PED_ACTION,ROAD_SURFACE,ROAD_COND_1,ROAD_COND_2,LIGHTING,CONTROL_DEVICE,CHP_ROAD_TYPE,PEDESTRIAN_ACCIDENT,BICYCLE_ACCIDENT,MOTORCYCLE_ACCIDENT,TRUCK_ACCIDENT,NOT_PRIVATE_PROPERTY,ALCOHOL_INVOLVED,STWD_VEHTYPE_AT_FAULT,CHP_VEHTYPE_AT_FAULT,COUNT_SEVERE_INJ,COUNT_VISIBLE_INJ,COUNT_COMPLAINT_PAIN,COUNT_PED_KILLED,COUNT_PED_INJURED,COUNT_BICYCLIST_KILLED,COUNT_BICYCLIST_INJURED,COUNT_MC_KILLED,COUNT_MC_INJURED,PRIMARY_RAMP,SECONDARY_RAMP,LATITUDE,LONGITUDE,COUNTY,CITY,POINT_X,POINT_Y
8702071,2018,2018-10-01,1942,2018-08-31,1630,39407,0362,5,5,7,1942,0,0,0,C,0,3A31,"COLISEUM ST","SANTA ROSALIA DR",0.00,,Y,A,-,N,,,,,,,,,,N,3,0,1,2,A,-,10,21950,A,N,G,B,B,A,H,-,A,D,0,Y,,,,Y,,A,07,0,1,0,0,1,0,0,0,0,"- ","- ",,,"LOS ANGELES","LOS ANGELES",-118.34716796875,34.016929626464844
8702188,2018,2018-10-02,1942,2018-07-28,2025,42416,0835,6,5,7,1942,0,0,0,H,0,8A13,"SANTA MONICA BL","WESTWOOD BL",0.00,,Y,A,-,N,,,,,,,,,,N,4,0,1,2,D,-,00,,,F,G,B,B,A,H,-,C,A,0,Y,,,,Y,,-,"- ",0,0,1,0,1,0,0,0,0,"- ","- ",,,"LOS ANGELES","LOS ANGELES",-118.43698120117188,34.049819946289062
8702401,2018,2018-10-16,1942,2018-08-29,1650,43460,1727,3,5,7,1942,0,0,0,Q,0,17A48,"CHATSWORTH ST","WILBUR AV",0.00,,Y,A,-,N,,,,,,,,,,N,4,0,1,2,A,-,10,21950,A,N,G,B,B,A,H,-,A,A,0,Y,,,,Y,,-,"- ",0,0,1,0,1,0,0,0,0,"- ","- ",,,"LOS ANGELES","LOS ANGELES",-118.54483795166016,34.264530181884766
8702452,2018,2018-10-02,1942,2018-07-21,2220,40957,2026,6,5,7,1942,0,0,0,,0,20A53,"NEW HAMPSHIRE AV","4TH ST",0.00,,Y,A,-,N,,,,,,,,,,N,4,0,1,2,A,-,10,21950,A,N,G,B,B,A,H,-,C,D,0,Y,,,,Y,,A,01,0,0,1,0,1,0,0,0,0,"- ","- ",,,"LOS ANGELES","LOS ANGELES",-118.29292297363281,34.067359924316406
8705845,2018,2018-10-17,1942,2018-09-13,0725,41370,2019,4,5,7,1942,0,0,0,,0,14T49,"W 1ST ST","WESTMORELAND AV",16.00,N,N,A,-,N,,,,,,,,,,N,2,0,1,2,A,-,12,21453,A,N,G,B,B,A,H,-,A,A,0,Y,,,,Y,,D,22,1,0,0,0,1,0,0,0,0,"- ","- ",,,"LOS ANGELES","LOS ANGELES",-118.28790283203125,34.073459625244141
8708875,2018,2018-10-12,1942,2018-09-02,1445,39759,0237,7,5,7,1942,0,0,0,B,0,2A39,"BEVERLY BL","UNION AV",30.00,W,N,A,-,N,,,,,,,,,,N,3,0,1,2,B,-,22,,,F,G,B,F,A,H,-,A,D,0,Y,,,,Y,Y,-,99,0,1,0,0,1,0,0,0,0,"- ","- ",,,"LOS ANGELES","LOS ANGELES",-118.26595306396484,34.064701080322266
8709132,2018,2018-10-11,1942,2018-09-20,0235,35756,0161,4,5,7,1942,0,0,0,A,0,1A61W3,"8TH PL",FIGUEROA,5.00,W,N,A,-,N,,,,,,,,,,N,3,0,1,2,A,-,10,21950,A,N,G,B,B,A,H,-,C,A,0,Y,,,,Y,Y,A,01,0,1,0,0,1,0,0,0,0,"- ","- ",,,"LOS ANGELES","LOS ANGELES",-118.26229095458984,34.046806335449219
8710157,2018,2018-11-13,1942,2018-09-20,2107,86200,LOSAN,4,5,7,1942,0,0,0,,0,5M24,"WORLD WAY","SEPULVEDA BL",0.00,,Y,A,-,N,,,,,,,,,,N,4,0,1,2,A,-,11,21954,A,N,H,B,E,A,H,-,C,A,0,Y,,,,Y,,N,60,0,0,1,0,1,0,0,0,0,"- ","- ",,,"LOS ANGELES","LOS ANGELES",,
8710329,2018,2018-10-30,1942,2018-09-21,2230,41744,0764,5,5,7,1942,0,0,0,G,0,7A1W3,"PICO BL","MEADOWBROOK AV",45.00,W,N,A,-,N,,,,,,,,,,N,3,0,1,2,A,-,11,21955,,N,G,B,D,A,H,-,C,D,0,Y,,,,Y,Y,N,60,0,1,0,0,1,0,0,0,0,"- ","- ",,,"LOS ANGELES","LOS ANGELES",-118.35057067871094,34.048091888427734
8712001,2018,2018-10-15,1942,2018-09-09,1515,40008,1148,7,5,7,1942,0,0,0,K,0,11A37,"NORTH FIGUEROA ST","AVE 45",5.00,N,N,A,-,N,,,,,,,,,,N,3,0,1,2,A,-,10,21950,A,F,G,B,B,A,H,-,A,D,0,Y,,,,Y,,-,99,0,1,0,0,1,0,0,0,0,"- ","- ",,,"LOS ANGELES","LOS ANGELES",-118.20732879638672,34.095939636230469
8712492,2018,2018-11-09,1942,2018-10-07,2230,41636,1243,7,5,7,1942,0,0,0,L,0,12G43,"WESTERN AV","69TH ST",0.00,,Y,A,-,N,,,,,,,,,,N,3,0,1,2,A,-,11,21106,B,N,G,B,B,A,H,-,C,A,0,Y,,,,Y,,N,60,0,1,0,0,1,0,0,0,0,"- ","- ",,,"LOS ANGELES","LOS ANGELES",,
8712525,2018,2018-10-18,1942,2018-09-17,1525,1269,0237,1,5,7,1942,0,0,0,B,0,LASPD4,"CROWN HILL AV","LOMA PL",50.00,E,N,A,-,N,,,,,,,,,,N,4,0,1,2,A,-,11,21954,A,N,G,B,E,A,H,-,A,D,0,Y,,,,Y,,N,60,0,0,1,0,1,0,0,0,0,"- ","- ",,,"LOS ANGELES","LOS ANGELES",-118.26522827148438,34.061233520507812
8712592,2018,2018-10-22,1942,2018-09-22,1800,41652,1243,6,5,7,1942,0,0,0,L,0,12X4,"WESTERN AV","62ND ST",0.00,,Y,A,-,N,,,,,,,,,,N,2,0,1,2,A,-,10,21950,A,N,G,B,B,A,H,-,B,A,0,Y,,,,Y,,A,01,1,0,0,0,1,0,0,0,0,"- ","- ",,,"LOS ANGELES","LOS ANGELES",,
8712620,2018,2018-10-22,1942,2018-09-27,1330,34332,2088,4,5,7,1942,0,0,0,,0,20A97,"S HOOVER ST","18TH ST",215.00,S,N,A,-,N,,,,,,,,,,N,4,0,1,2,A,-,11,21954,A,N,D,B,E,A,D,-,A,A,0,Y,,,,Y,,N,60,0,0,1,0,1,0,0,0,0,"- ","- ",,,"LOS ANGELES","LOS ANGELES",-118.28414154052734,34.041240692138672
8714374,2018,2018-10-29,1942,2018-09-23,0200,43446,0646,7,5,7,1942,0,0,0,F,0,6A48,"HOLLYWOOD BL","CAHUENGA BL",0.00,,Y,A,-,N,,,,,,,,,,N,4,0,1,2,A,-,11,21456,B,N,G,B,B,A,H,-,C,A,0,Y,,,,Y,,N,60,0,0,1,0,1,0,0,0,0,"- ","- ",,,"LOS ANGELES","LOS ANGELES",-118.32951354980469,34.101608276367188
8715502,2018,2018-11-08,1942,2018-10-13,0040,40151,1802,6,5,7,1942,0,0,0,R,0,18A1,"FIGUEROA BL","90TH ST",3.00,N,N,A,-,N,,,,,,,,,,N,3,0,1,2,A,-,10,21950,A,F,A,B,B,B,H,-,C,A,0,Y,,,,Y,Y,-,99,0,1,0,0,1,0,0,0,0,"- ","- ",,,"LOS ANGELES","LOS ANGELES",-118.28272247314453,33.955089569091797
8717213,2018,2018-10-16,1942,2018-08-05,2335,43069,2019,7,5,7,1942,0,0,0,,0,20A68,"VERMONT AV","3RD ST",123.00,S,N,A,-,N,,,,,,,,,,N,3,0,1,2,A,-,11,21955,,N,G,B,D,A,H,-,C,A,0,Y,,,,Y,Y,N,60,0,1,0,0,1,0,0,0,0,"- ","- ",,,"LOS ANGELES","LOS ANGELES",,
8718745,2018,2018-11-13,1942,2018-09-28,2100,42251,2189,5,5,7,1942,0,0,0,,0,21A97,"OAKDALE AV","VENTURA BL",0.00,,Y,A,-,N,,,,,,,,,,N,3,0,1,2,A,-,10,21950,A,N,G,B,B,A,H,-,C,A,0,Y,,,,Y,,A,01,0,1,0,0,1,0,0,0,0,"- ","- ",,,"LOS ANGELES","LOS ANGELES",-118.56591033935547,34.172271728515625
8719093,2018,2018-10-17,1942,2018-09-12,1540,43201,0428,3,5,7,1942,0,0,0,D,0,4A9,GAMBIER,PHELPS,20.00,S,N,A,-,N,,,,,,,,,,N,3,0,1,2,A,-,12,22450,A,N,G,B,E,A,H,-,A,D,0,Y,,,,Y,,N,60,0,1,0,0,1,0,0,0,0,"- ","- ",,,"LOS ANGELES","LOS ANGELES",-118.17685699462891,34.081039428710938
8719498,2018,2018-11-14,1942,2018-10-25,2110,41129,1253,4,5,7,1942,0,0,0,L,0,12A53,"SAINT ANDREWS ST","FLORENCE AV",127.00,S,N,A,-,N,,,,,,,,,,N,2,0,1,2,A,-,11,21954,A,F,-,B,E,-,H,-,C,A,0,Y,,,,Y,Y,N,60,1,0,0,0,1,0,0,0,0,"- ","- ",,,"LOS ANGELES","LOS ANGELES",-118.31118774414062,33.974220275878906
8720172,2018,2018-10-26,1942,2018-09-08,0130,38007,2049,6,5,7,1942,0,0,0,,0,24M147,"FRANCIS AV","S WESTMORELAND AV",205.00,W,N,A,-,N,,,,,,,,,,N,2,0,1,2,A,-,11,21954,A,F,G,B,E,A,G,-,-,D,0,Y,,,,Y,Y,N,60,1,0,0,0,1,0,0,0,0,"- ","- ",,,"LOS ANGELES","LOS ANGELES",-118.28976440429688,34.056816101074219
8720292,2018,2018-10-29,1942,2018-10-07,2200,42157,1477,7,5,7,1942,0,0,0,N,0,14A11,"SEPULVEDA BL","83RD ST",60.00,N,N,A,-,N,,,,,,,,,,N,2,0,1,2,A,-,11,21955,,N,G,B,D,A,H,-,C,A,0,Y,,,,Y,,N,60,1,0,0,0,1,0,0,0,0,"- ","- ",,,"LOS ANGELES","LOS ANGELES",,
8721303,2018,2018-10-23,1942,2018-09-17,1810,43091,0479,1,5,7,1942,0,0,0,D,0,4A97,SABINA,ESPERANZA,0.00,,Y,A,-,N,,,,,,,,,,N,3,0,1,2,A,-,08,22103,,N,G,B,B,A,H,-,B,D,0,Y,,,,Y,,A,07,0,1,0,0,1,0,0,0,0,"- ","- ",,,"LOS ANGELES","LOS ANGELES",-118.19476318359375,34.027679443359375
8721369,2018,2018-10-23,1942,2018-09-08,1335,42669,18,6,5,7,1942,0,0,0,R,0,18A41,"MAIN ST","109TH ST",0.00,,Y,A,-,N,,,,,,,,,,N,4,0,1,2,A,-,11,21955,,N,G,B,D,A,H,-,A,D,0,Y,,,,Y,,N,60,0,0,1,0,1,0,0,0,0,"- ","- ",,,"LOS ANGELES","LOS ANGELES",-118.27388000488281,33.937400817871094
8723141,2018,2018-11-13,1942,2018-10-15,1555,36940,2024,1,5,7,1942,0,0,0,,0,34TL12,"6TH ST","HARVARD BL",100.00,W,N,A,-,N,,,,,,,,,,N,4,0,1,2,A,-,17,21235,G,N,G,B,F,A,H,-,A,D,0,Y,,Y,,Y,,C,03,0,0,1,0,1,0,0,0,0,"- ","- ",,,"LOS ANGELES","LOS ANGELES",-118.30443572998047,34.063549041748047
8723764,2018,2018-12-21,1942,2018-11-06,1745,42364,0525,2,5,7,1942,0,0,0,E,0,5A25,"N AVALON BL","F ST",269.00,S,N,A,-,N,,,,,,,,,,N,1,1,0,2,A,-,11,21954,A,N,G,B,D,A,H,-,C,-,0,Y,,,,Y,,N,60,0,0,0,1,0,0,0,0,0,"- ","- ",,,"LOS ANGELES","LOS ANGELES",-118.26216888427734,33.776363372802734
8725051,2018,2018-10-24,1942,2018-10-01,1855,35291,1385,1,5,7,1942,0,0,0,M,0,13A85,"S CENTRAL AV","E 59TH ST",0.00,,Y,A,-,N,,,,,,,,,,N,4,0,1,2,A,-,10,21950,A,N,G,B,B,A,H,-,C,D,0,Y,,,,Y,,A,01,0,0,1,0,1,0,0,0,0,"- ","- ",,,"LOS ANGELES","LOS ANGELES",-118.25646209716797,33.987251281738281
8725675,2018,2018-11-05,1942,2018-09-20,1830,39898,1394,4,5,7,1942,0,0,0,M,0,12X4,"159 W FLORENCE AV","MAIN ST",0.00,,-,A,-,N,,,,,,,,,,N,2,0,1,2,A,-,11,21955,,N,G,B,D,A,H,-,A,D,0,Y,,,,Y,,-,"- ",1,0,0,0,1,0,0,0,0,"- ","- ",,,"LOS ANGELES","LOS ANGELES",-118.27394104003906,33.974681854248047
8725723,2018,2018-11-01,1942,2018-09-12,1430,43433,1801,3,5,7,1942,0,0,0,R,0,18A1,"87TH ST","HOOVER ST",10.00,E,N,A,-,N,,,,,,,,,,N,4,0,1,2,A,-,10,21950,A,F,G,B,B,A,H,-,A,D,0,Y,,,,Y,,-,99,0,0,1,0,1,0,0,0,0,"- ","- ",,,"LOS ANGELES","LOS ANGELES",-118.28693389892578,33.958721160888672
8726943,2018,2018-11-14,1942,2018-10-27,1355,35945,2021,6,5,7,1942,0,0,0,,0,20A1,"S VAN NESS AV","W 6TH ST",0.00,,Y,A,-,N,,,,,,,,,,N,2,0,1,2,A,-,10,21950,A,N,G,B,B,A,H,-,A,A,0,Y,,,,Y,,A,07,1,0,0,0,1,0,0,0,0,"- ","- ",,,"LOS ANGELES","LOS ANGELES",-118.31545257568359,34.063159942626953
8727865,2018,2018-11-02,1942,2018-10-13,0310,41072,563,6,5,7,1942,0,0,0,,0,25T29,"GAFFEY ST","16TH ST",23.00,N,N,B,-,N,,,,,,,,,,N,3,0,1,2,A,-,11,21954,A,F,G,B,D,A,H,-,C,A,0,Y,,,,Y,Y,N,60,0,1,0,0,1,0,0,0,0,"- ","- ",,,"LOS ANGELES","LOS ANGELES",-118.29238128662109,33.729782104492188
8727927,2018,2018-11-30,1942,2018-10-16,2045,38183,1569,2,5,7,1942,0,0,0,O,0,15A67,"RIVERSIDE DR","PLACIDIA AV",0.00,,Y,A,-,N,,,,,,,,,,N,4,0,1,2,A,-,10,21950,A,N,G,B,D,A,H,-,C,D,0,Y,,,,Y,,D,22,0,0,1,0,1,0,0,0,0,"- ","- ",,,"LOS ANGELES","LOS ANGELES",-118.35600280761719,34.152179718017578
8728118,2018,2018-12-04,1942,2018-09-14,1650,33829,1735,5,5,7,1942,0,0,0,Q,0,17X64,"BALBOA BL","SAN FERNANDO MISSION BL",0.00,,Y,A,-,N,,,,,,,,,,Y,3,0,1,3,A,-,12,21453,A,N,A,B,F,A,H,-,A,A,0,Y,,,,Y,,A,07,0,1,0,0,1,0,0,0,0,"- ","- ",,,"LOS ANGELES","LOS ANGELES",-118.502197265625,34.272048950195312
8728886,2018,2018-11-08,1942,2018-10-07,1625,40099,1102,7,5,7,1942,0,0,0,K,0,11A1,"LOS FELIZ BL","REVERE AV",200.00,N,N,A,-,N,,,,,,,,,,N,4,0,1,2,B,-,22,,,F,G,B,F,A,H,-,A,D,0,Y,,,,Y,,-,99,0,0,1,0,1,0,0,0,0,"- ","- ",,,"LOS ANGELES","LOS ANGELES",-118.26322937011719,34.126266479492188
8729775,2018,2018-11-19,1942,2018-10-17,1000,43422,0128,3,5,7,1942,0,0,0,A,0,1A1,BROADWAY,"TEMPLE ST",400.00,S,N,A,-,N,,,,,,,,,,N,3,0,1,2,A,-,10,21950,A,N,G,B,B,A,H,-,A,A,0,Y,,,,Y,,A,01,0,1,0,0,1,0,0,0,0,"- ","- ",,,"LOS ANGELES","LOS ANGELES",-118.24439239501953,34.054889678955078
8729895,2018,2018-11-20,1942,2018-10-15,1645,40164,1321,1,5,7,1942,0,0,0,M,0,13A13,"S BROADWAY","W 21ST ST",0.00,,Y,A,-,N,,,,,,,,,,Y,4,0,2,2,A,-,10,21950,A,N,G,B,B,A,H,-,A,D,0,Y,,Y,,Y,,C,02,0,0,2,0,1,0,0,0,1,"- ","- ",,,"LOS ANGELES","LOS ANGELES",-118.26711273193359,34.0294189453125
8729913,2018,2018-11-19,1942,2018-10-15,0630,31476,1309,1,5,7,1942,0,0,0,M,0,13A49,"E OLYMPIC BL","LEMON ST",119.00,W,N,A,-,N,,,,,,,,,,N,2,0,1,2,A,-,11,21954,A,N,A,B,D,A,H,-,C,A,0,Y,,,,Y,,N,60,1,0,0,0,1,0,0,0,0,"- ","- ",,,"LOS ANGELES","LOS ANGELES",-118.23384857177734,34.026287078857422
8729920,2018,2018-11-20,1942,2018-10-12,2110,38050,0261,5,5,7,1942,0,0,0,B,0,2A45,"S HOOVER ST","LEEWARD AV",75.00,N,N,C,-,N,,,,,,,,,,N,2,0,1,2,A,-,11,21954,A,N,G,B,D,B,H,-,C,D,0,Y,,,,Y,,N,60,1,0,0,0,1,0,0,0,0,"- ","- ",,,"LOS ANGELES","LOS ANGELES",-118.28420257568359,34.058944702148438
8730294,2018,2018-11-27,1942,2018-11-08,0440,42293,0562,4,5,7,1942,0,0,0,E,0,TCAR,"ANAHEIM ST","WILMINGTON BL",0.00,,Y,A,-,N,,,,,,,,,,N,3,0,1,2,A,-,10,21950,A,F,G,B,B,A,H,-,D,A,0,Y,,,,Y,,-,99,0,1,0,0,1,0,0,0,0,"- ","- ",,,"LOS ANGELES","LOS ANGELES",-118.274169921875,33.779331207275391
8730312,2018,2018-11-27,1942,2018-10-24,1950,43405,2058,3,5,7,1942,0,0,0,,0,20A71,"S WESTMORELAND AV","SAN MARINO ST",80.00,S,N,A,-,N,,,,,,,,,,N,4,0,1,2,A,-,11,21954,A,F,G,B,E,A,H,-,C,D,0,Y,,,,Y,,N,60,0,0,1,0,1,0,0,0,0,"- ","- ",,,"LOS ANGELES","LOS ANGELES",-118.28907775878906,34.054779052734375
8731442,2018,2018-11-15,1942,2018-08-28,0825,27475,1488,2,5,7,1942,0,0,0,N,0,,"BELLANCA AV","CENTURY BL",10.00,N,N,B,-,N,,,,,,,,,,N,4,0,1,2,D,-,00,,,N,G,B,B,A,H,-,A,A,0,Y,,,,Y,,-,"- ",0,0,1,0,1,0,0,0,0,"- ","- ",,,"LOS ANGELES","LOS ANGELES",-118.37995910644531,33.945606231689453
8733131,2018,2018-11-20,1942,2018-10-19,1710,38459,1488,5,5,7,1942,0,0,0,N,0,14A66,"98TH ST","AIRPORT BL",14.00,E,N,A,-,N,,,,,,,,,,Y,3,0,1,2,A,-,08,22107,,N,G,B,B,A,H,-,A,A,0,Y,,,,Y,,A,01,0,1,0,0,1,0,0,0,0,"- ","- ",,,"LOS ANGELES","LOS ANGELES",-118.38594055175781,33.947341918945312
8733411,2018,2018-11-06,1942,2018-10-03,1910,41167,0555,3,5,7,1942,0,0,0,E,0,5A59,"PACIFIC AV","SANTA CRUZ ST",0.00,,Y,B,-,N,,,,,,,,,,Y,3,0,1,2,A,-,10,21950,A,F,G,B,B,A,H,-,C,A,0,Y,,,,Y,,A,01,0,1,0,0,1,0,0,0,0,"- ","- ",,,"LOS ANGELES","LOS ANGELES",-118.28787994384766,33.744220733642578
8733678,2018,2018-11-20,1942,2018-10-15,1040,41376,1494,1,5,7,1942,0,0,0,N,0,LAX,"WORLD WY N","EAST WY",0.00,,Y,A,-,N,,,,,,,,,,N,2,0,1,2,A,-,11,21456,B,N,G,B,B,A,H,-,A,A,0,Y,,,,Y,,N,60,1,0,0,0,1,0,0,0,0,"- ","- ",,,"LOS ANGELES","LOS ANGELES",-118.40207672119141,33.945350646972656
8736860,2018,2018-11-28,1942,2018-10-26,1550,37080,0915,5,5,7,1942,0,0,0,I,0,9A19,"VAN NUYS BL","VANOWEN ST",80.00,S,N,A,-,N,,,,,,,,,,N,4,0,1,2,A,-,05,21650,1,F,G,B,F,A,H,-,A,D,0,Y,,,,Y,,-,99,0,0,1,0,1,0,0,0,0,"- ","- ",,,"LOS ANGELES","LOS ANGELES",-118.44874572753906,34.193691253662109
8738626,2018,2019-01-11,1942,2018-10-09,1740,43425,0563,2,5,7,1942,0,0,0,E,0,5A85,"16TH ST","GRANDEE AV",20.00,W,N,A,-,N,,,,,,,,,,N,2,0,1,2,A,-,11,21954,A,F,-,B,E,-,-,-,A,D,0,Y,,,,Y,,N,60,1,0,0,0,1,0,0,0,0,"- ","- ",,,"LOS ANGELES","LOS ANGELES",-118.29027557373047,33.729698181152344
8740495,2018,2018-11-21,1942,2018-09-08,0330,43472,2023,6,5,7,1942,0,0,0,,0,20A1,"KINGSLEY DR","4TH ST",0.00,,Y,A,-,N,,,,,,,,,,N,4,0,1,2,A,-,12,22450,,F,G,B,B,A,H,-,C,A,0,Y,,,,Y,,-,99,0,0,1,0,1,0,0,0,0,"- ","- ",,,"LOS ANGELES","LOS ANGELES",-118.30284118652344,34.06719970703125
8740729,2018,2018-11-19,1942,2018-10-30,0705,38282,1437,2,5,7,1942,0,0,0,N,0,14A27,"SEPULVEDA BL","CHARNOCK RD",15.00,S,N,A,-,N,,,,,,,,,,N,3,0,1,2,A,-,10,21950,A,N,G,B,B,A,H,-,A,A,0,Y,,,,Y,,A,07,0,1,0,0,1,0,0,0,0,"- ","- ",,,"LOS ANGELES","LOS ANGELES",-118.42028045654297,34.016796112060547
8740737,2018,2018-11-19,1942,2018-10-26,1449,41179,0628,5,5,7,1942,0,0,0,F,0,6A15,"FRANKLIN AV","BEACHWOOD DR",7.00,E,N,A,-,N,,,,,,,,,,N,4,0,1,2,A,-,10,21950,A,N,B,B,B,A,H,-,A,A,0,Y,,,,Y,,A,07,0,0,1,0,1,0,0,0,0,"- ","- ",,,"LOS ANGELES","LOS ANGELES",-118.32123565673828,34.105239868164062
8742811,2018,2018-12-13,1942,2018-11-06,2310,41203,05,2,5,7,1942,0,0,0,E,0,5XL3,WILMINGTON,ANAHIEM,0.00,,N,A,-,N,,,,,,,,,,N,4,0,1,2,A,-,10,21950,A,F,B,B,B,A,H,-,C,A,0,Y,,,,Y,Y,-,99,0,0,1,0,1,0,0,0,0,"- ","- ",,,"LOS ANGELES","LOS ANGELES",-118.274169921875,33.779331207275391
8746657,2018,2019-01-26,1942,2018-11-12,1115,35945,2015,1,5,7,1942,0,0,0,,0,20A25,"N EDGEMONT ST","BEVERLY BL",45.00,S,N,A,-,N,,,,,,,,,,N,3,0,1,2,A,-,21,22106,,N,G,B,F,A,H,-,A,D,0,Y,,,,Y,,A,01,0,1,0,0,1,0,0,0,0,"- ","- ",,,"LOS ANGELES","LOS ANGELES",-118.29750823974609,34.076175689697266
8746731,2018,2019-01-26,1942,2018-11-13,1815,38090,0819,2,5,7,1942,0,0,0,H,0,14T47,"WILSHIRE BL","COMSTOCK AV",307.00,W,N,A,-,N,,,,,,,,,,Y,2,0,1,2,A,-,11,21954,A,N,G,B,D,A,H,-,C,A,0,Y,,,,Y,,N,60,1,0,0,0,1,0,0,0,0,"- ","- ",,,"LOS ANGELES","LOS ANGELES",-118.42641448974609,34.067832946777344
8748865,2018,2019-01-19,1942,2018-11-14,1516,33799,0832,3,5,7,1942,0,0,0,H,0,8L60,"MAYFIELD AV","BARRINGTON AV",0.00,,Y,A,-,N,,,,,,,,,,N,3,0,1,2,A,-,11,21954,A,N,G,B,C,A,H,-,A,A,0,Y,,,,Y,,N,60,0,1,0,0,1,0,0,0,0,"- ","- ",,,"LOS ANGELES","LOS ANGELES",-118.46341705322266,34.051780700683594
8749989,2018,2019-01-08,1942,2018-11-17,0930,38025,1841,6,5,7,1942,0,0,0,R,0,18A41,"HOOVER ST","IMPERIAL HWY",15.00,N,N,A,-,N,,,,,,,,,,N,4,0,1,2,A,-,21,22106,,N,G,B,B,A,H,-,A,A,0,Y,,,,Y,,A,01,0,0,1,0,1,0,0,0,0,"- ","- ",,,"LOS ANGELES","LOS ANGELES",-118.2869873046875,33.9310302734375
8750404,2018,2018-12-28,1942,2018-11-16,1200,37724,1213,5,5,7,1942,0,0,0,L,0,12A3,"S WILTON PL","SLAUSON AV",5.00,S,N,A,-,N,,,,,,,,,,N,4,0,1,2,A,-,10,21950,A,N,G,B,B,A,H,-,A,A,0,Y,,,,Y,,D,22,0,0,1,0,1,0,0,0,0,"- ","- ",,,"LOS ANGELES","LOS ANGELES",-118.31494140625,33.989120483398438
8750961,2018,2019-01-18,1942,2018-11-08,1840,43586,1735,4,5,7,1942,0,0,0,Q,0,17A74,"SAN FERNANDO MISSION BL","BALBOA BL",3.00,W,N,A,-,N,,,,,,,,,,N,4,0,1,2,A,-,10,21950,A,N,G,B,B,A,H,-,C,A,0,Y,,,,Y,,-,,0,0,1,0,1,0,0,0,0,"- ","- ",,,"LOS ANGELES","LOS ANGELES",-118.50221252441406,34.272048950195312
8751444,2018,2018-12-07,1942,2018-10-22,1440,37952,0152,1,5,7,1942,0,0,0,A,0,1A41,"W 6TH ST","S GRAND AV",0.00,,Y,A,-,N,,,,,,,,,,N,4,0,1,2,A,-,10,21950,A,F,G,B,B,A,H,-,A,A,0,Y,,,,Y,,-,99,0,0,1,0,1,0,0,0,0,"- ","- ",,,"LOS ANGELES","LOS ANGELES",-118.2901611328125,33.738780975341797
8752279,2018,2019-01-14,1942,2018-11-05,0745,42051,1982,1,5,7,1942,0,0,0,,0,19A61,"RAYEN ST","MEMORY PARK AV",0.00,,Y,A,-,N,,,,,,,,,,N,4,0,1,2,D,-,00,,,N,G,B,B,A,H,-,A,D,0,Y,,,,Y,,-,"- ",0,0,1,0,1,0,0,0,0,"- ","- ",,,"LOS ANGELES","LOS ANGELES",-118.46437072753906,34.231838226318359
8752441,2018,2018-12-12,1942,2018-11-27,1935,35393,0376,2,5,7,1942,0,0,0,C,0,3A55,"S WESTERN AV","W 38TH PL",0.00,,Y,A,-,N,,,,,,,,,,N,3,0,1,2,A,-,10,21950,A,N,G,B,B,A,H,-,C,A,0,Y,,,,Y,,A,01,0,1,0,0,1,0,0,0,0,"- ","- ",,,"LOS ANGELES","LOS ANGELES",-118.30890655517578,34.016441345214844
8756510,2018,2018-12-20,1942,2018-11-30,0940,39814,,5,5,7,1942,0,0,0,,0,1954,"SEPULVEDA BL","LEMARSH ST",15.00,S,N,A,-,N,,,,,,,,,,N,4,0,1,2,A,-,10,21950,A,F,G,B,B,A,H,-,A,D,0,Y,,,,Y,,-,99,0,0,1,0,1,0,0,0,0,"- ","- ",,,"LOS ANGELES","LOS ANGELES",-118.46748352050781,34.255359649658203