CASE_ID,ACCIDENT_YEAR,PROC_DATE,JURIS,COLLISION_DATE,COLLISION_TIME,OFFICER_ID,REPORTING_DISTRICT,DAY_OF_WEEK,CHP_SHIFT,POPULATION,CNTY_CITY_LOC,SPECIAL_COND,BEAT_TYPE,CHP_BEAT_TYPE,CITY_DIVISION_LAPD,CHP_BEAT_CLASS,BEAT_NUMBER,PRIMARY_RD,SECONDARY_RD,DISTANCE,DIRECTION,INTERSECTION,WEATHER_1,WEATHER_2,STATE_HWY_IND,CALTRANS_COUNTY,CALTRANS_DISTRICT,STATE_ROUTE,ROUTE_SUFFIX,POSTMILE_PREFIX,POSTMILE,LOCATION_TYPE,RAMP_INTERSECTION,SIDE_OF_HWY,TOW_AWAY,COLLISION_SEVERITY,NUMBER_KILLED,NUMBER_INJURED,PARTY_COUNT,PRIMARY_COLL_FACTOR,PCF_CODE_OF_VIOL,PCF_VIOL_CATEGORY,PCF_VIOLATION,PCF_VIOL_SUBSECTION,HIT_AND_RUN,TYPE_OF_COLLISION,MVIW,PED_ACTION,ROAD_SURFACE,ROAD_COND_1,ROAD_COND_2,LIGHTING,CONTROL_DEVICE,CHP_ROAD_TYPE,PEDESTRIAN_ACCIDENT,BICYCLE_ACCIDENT,MOTORCYCLE_ACCIDENT,TRUCK_ACCIDENT,NOT_PRIVATE_PROPERTY,ALCOHOL_INVOLVED,STWD_VEHTYPE_AT_FAULT,CHP_VEHTYPE_AT_FAULT,COUNT_SEVERE_INJ,COUNT_VISIBLE_INJ,COUNT_COMPLAINT_PAIN,COUNT_PED_KILLED,COUNT_PED_INJURED,COUNT_BICYCLIST_KILLED,COUNT_BICYCLIST_INJURED,COUNT_MC_KILLED,COUNT_MC_INJURED,PRIMARY_RAMP,SECONDARY_RAMP,LATITUDE,LONGITUDE,COUNTY,CITY,POINT_X,POINT_Y
8760973,2018,2019-02-02,1942,2018-12-14,1840,42741,1837,5,5,7,1942,0,0,0,R,0,18X48,"COMPTON AV","115TH ST",30.00,S,N,B,-,N,,,,,,,,,,N,4,0,1,2,A,-,09,21801,A,F,G,B,C,A,H,-,C,D,0,Y,,,,Y,,-,99,0,0,1,0,1,0,0,0,0,"- ","- ",,,"LOS ANGELES","LOS ANGELES",-118.24629974365234,33.930206298828125
8760977,2018,2019-02-02,1942,2018-12-11,2050,41072,1835,2,5,7,1942,0,0,0,R,0,18A35,"103RD ST","MARY AV",6.00,W,N,A,-,N,,,,,,,,,,Y,2,0,1,2,A,-,10,21950,A,F,G,B,B,A,H,-,C,A,0,Y,,,,Y,Y,A,01,1,0,0,0,1,0,0,0,0,"- ","- ",,,"LOS ANGELES","LOS ANGELES",-118.24994659423828,33.943279266357422
8760981,2018,2019-02-02,1942,2018-12-31,1450,37724,0317,1,5,7,1942,0,0,0,C,0,3A15,"W ADAMS BL","KENWOOD AV",50.00,E,N,A,-,N,,,,,,,,,,N,2,0,1,2,A,-,11,21956,A,N,G,B,E,A,H,-,A,D,0,Y,,,,Y,,N,60,1,0,0,0,1,0,0,0,0,"- ","- ",,,"LOS ANGELES","LOS ANGELES",-118.29896545410156,34.032749176025391
8762730,2018,2018-12-28,1942,2018-10-05,1745,42672,1203,5,5,7,1942,0,0,0,L,0,12A53,"GRAMERCY PL","VERNON AV",0.00,,Y,A,-,N,,,,,,,,,,,4,0,1,2,A,-,10,21950,A,N,G,B,D,A,H,-,A,A,0,Y,,,,Y,Y,A,01,0,0,1,0,1,0,0,0,0,"- ","- ",,,"LOS ANGELES","LOS ANGELES",-118.3138427734375,34.003711700439453
8762896,2018,2018-12-27,1942,2018-11-29,1635,41595,0642,4,5,7,1942,0,0,0,F,0,6A46,"CURSON AV","HOLLYWOOD BL",3.00,N,N,C,-,N,,,,,,,,,,N,3,0,1,2,A,-,10,21950,A,N,G,B,B,B,H,-,A,A,0,Y,,,,Y,,A,07,0,1,0,0,1,0,0,0,0,"- ","- ",,,"LOS ANGELES","LOS ANGELES",-118.35504913330078,34.101669311523438
8763688,2018,2019-01-03,1942,2018-11-18,2045,41353,RD204,7,5,7,1942,0,0,0,,0,20A13,"8TH ST","IROLO ST",0.00,,Y,A,-,N,,,,,,,,,,N,2,0,1,2,A,-,11,21954,A,N,G,B,D,A,H,-,C,A,0,Y,,,,Y,Y,A,01,1,0,0,0,1,0,0,0,0,"- ","- ",,,"LOS ANGELES","LOS ANGELES",-118.3009033203125,34.057731628417969
8763739,2018,2019-01-02,1942,2018-11-17,1605,37700,2029,6,5,7,1942,0,0,0,,0,20A39,"S VERMONT AV","5TH ST",3.00,S,N,A,-,N,,,,,,,,,,N,4,0,1,2,A,-,10,21950,A,N,G,B,B,A,H,-,A,A,0,Y,,,,Y,,A,08,0,0,1,0,1,0,0,0,0,"- ","- ",,,"LOS ANGELES","LOS ANGELES",-118.29165649414062,34.065402984619141
8764388,2018,2019-01-04,1942,2018-11-02,0930,34374,1494,5,5,7,1942,0,0,0,N,0,14FBL8,"WORLD WAY","EAST WY",500.00,E,N,A,-,N,,,,,,,,,,N,4,0,1,2,A,-,21,22106,,F,G,B,B,A,H,-,A,A,0,Y,,,,Y,,-,99,0,0,1,0,1,0,0,0,0,"- ","- ",,,"LOS ANGELES","LOS ANGELES",-118.40289306640625,33.945259094238281
8764587,2018,2019-01-10,1942,2018-11-30,0515,41858,0522,5,5,7,1942,0,0,0,E,0,5A15,"ANAHEIM ST","NEPTUNE AV",0.00,,Y,B,-,N,,,,,,,,,,N,4,0,1,2,A,-,11,21956,A,N,G,B,D,B,H,-,C,A,0,Y,,,,Y,,N,60,0,0,1,0,1,0,0,0,0,"- ","- ",,,"LOS ANGELES","LOS ANGELES",-118.26898193359375,33.779621124267578
8768533,2018,2019-01-26,1942,2018-12-19,1510,33294,0948,3,5,7,1942,0,0,0,I,0,9A37,"BURBANK BL","BUFFALO AV",0.00,,Y,A,-,N,,,,,,,,,,N,3,0,1,2,A,-,10,21950,A,N,G,B,B,A,H,-,A,A,0,Y,,,,Y,,A,01,0,1,0,0,1,0,0,0,0,"- ","- ",,,"LOS ANGELES","LOS ANGELES",-118.43018341064453,34.172130584716797
8772271,2018,2019-01-14,1942,2018-11-30,0820,37540,0281,5,5,7,1942,0,0,0,B,0,2A92,"S HOOVER ST","W PICO BL",0.00,,Y,A,-,N,,,,,,,,,,N,4,0,1,2,A,-,11,21456,B,N,G,B,B,A,H,-,A,A,0,Y,,,,Y,,N,60,0,0,1,0,1,0,0,0,0,"- ","- ",,,"LOS ANGELES","LOS ANGELES",-118.28421020507812,34.047279357910156
8773315,2018,2019-01-09,1942,2018-12-17,0830,39217,0941,1,5,7,1942,0,0,0,I,0,9A41,"KESTER AV","OXNARD ST",0.00,,Y,A,-,N,,,,,,,,,,N,2,0,1,2,A,-,10,21950,A,N,G,B,B,A,H,-,A,A,0,Y,,,,Y,,A,01,1,0,0,0,1,0,0,0,0,"- ","- ",,,"LOS ANGELES","LOS ANGELES",-118.45744323730469,34.179389953613281
8774837,2018,2019-09-30,1942,2018-09-30,1000,34997,1322,7,5,7,1942,0,0,0,M,0,13A27,"22ND ST","TRINITY ST",50.00,W,N,A,-,N,,,,,,,,,,N,3,0,1,2,A,-,10,21950,,F,G,B,E,A,H,-,A,D,0,Y,,,,Y,,A,01,0,1,0,0,1,0,0,0,0,"- ","- ",,,"LOS ANGELES","LOS ANGELES",-118.26129150390625,34.025848388671875
8774869,2018,2019-01-11,1942,2018-11-11,2210,41844,1265,7,5,7,1942,0,0,0,L,0,12A53,"W MANCHESTER AV","HALLDALE AV",40.00,E,N,A,-,N,,,,,,,,,,N,3,0,1,2,A,-,11,21955,,F,G,B,D,A,H,-,C,D,0,Y,,,,Y,,N,60,0,1,0,0,1,0,0,0,0,"- ","- ",,,"LOS ANGELES","LOS ANGELES",-118.30236053466797,33.959999084472656
8775364,2018,2019-01-11,1942,2018-11-28,1600,37952,0269,3,5,7,1942,0,0,0,B,0,2A69,"W 8TH ST","GREEN AV",0.00,,Y,A,-,N,,,,,,,,,,N,4,0,1,2,A,-,10,21950,A,N,G,B,B,A,H,-,A,D,0,Y,,,,Y,,A,01,0,0,1,0,1,0,0,0,0,"- ","- ",,,"LOS ANGELES","LOS ANGELES",-118.27104187011719,34.051738739013672
8775374,2018,2019-01-09,1942,2018-10-26,1503,39759,1178,5,5,7,1942,0,0,0,K,0,1A89,"N CYPRESS AV","FIGUEROA ST",18.00,E,N,A,-,N,,,,,,,,,,N,3,0,1,2,A,-,11,21954,A,N,G,B,C,A,H,-,A,D,0,Y,,,,Y,,N,60,0,1,0,0,1,0,0,0,0,"- ","- ",,,"LOS ANGELES","LOS ANGELES",-118.218994140625,34.086395263671875
8775551,2018,2019-01-28,1942,2018-12-29,2046,41054,2042,6,5,7,1942,0,0,0,,0,20A53,"W 9TH ST","S WILTON PL",0.00,,Y,A,-,N,,,,,,,,,,N,4,0,1,2,A,-,10,21950,A,N,G,B,B,A,H,-,C,A,0,Y,,,,Y,,A,07,0,0,1,0,1,0,0,0,0,"- ","- ",,,"LOS ANGELES","LOS ANGELES",-118.31424713134766,34.055839538574219
8776242,2018,2019-02-01,1942,2018-12-14,1840,32774,0914,5,5,7,1942,0,0,0,I,0,9A23,"KESTER AV","BASSETT ST",40.00,S,N,A,-,N,,,,,,,,,,N,3,0,1,2,A,-,11,21954,A,F,G,B,E,A,H,-,C,D,0,Y,,,,Y,,N,60,0,1,0,0,1,0,0,0,0,"- ","- ",,,"LOS ANGELES","LOS ANGELES",-118.45745849609375,34.196060180664062
8776274,2018,2019-02-01,1942,2018-12-22,0625,37724,1822,6,5,7,1942,0,0,0,R,0,18A17,"W CENTURY BL","BROADWAY ST",10.00,W,N,A,-,N,,,,,,,,,,N,4,0,1,2,A,-,10,21950,A,N,G,B,B,A,H,-,A,A,0,Y,,,,Y,,A,01,0,0,1,0,1,0,0,0,0,"- ","- ",,,"LOS ANGELES","LOS ANGELES",-118.27841949462891,33.945549011230469
8783931,2018,2019-01-29,1942,2018-12-13,1250,42040,0144,4,5,7,1942,0,0,0,A,0,1A35,"WINSTON ST","S MAIN ST",0.00,,Y,A,-,N,,,,,,,,,,N,4,0,1,2,A,-,10,21950,A,F,G,B,B,A,H,-,A,A,0,Y,,,,Y,,-,99,0,0,1,0,1,0,0,0,0,"- ","- ",,,"LOS ANGELES","LOS ANGELES",-118.24772644042969,34.047588348388672
8787031,2018,2019-02-11,1942,2018-11-24,1720,34426,1151,6,5,7,1942,0,0,0,K,0,11A51,"NORMANDIE AV","HAROLD WY",0.00,,Y,A,-,N,,,,,,,,,,N,4,0,1,2,A,-,10,21950,A,N,G,B,B,A,H,-,C,A,0,Y,,,,Y,,A,01,0,0,1,0,1,0,0,0,0,"- ","- ",,,"LOS ANGELES","LOS ANGELES",-118.30052947998047,34.099361419677734
8787390,2018,2019-01-28,1942,2018-10-15,0705,42661,1837,1,5,7,1942,0,0,0,R,0,18A35,"COMPTON AV","107TH ST",0.00,,Y,A,-,N,,,,,,,,,,N,3,0,1,2,A,-,03,22350,,N,G,B,D,A,H,-,A,D,0,Y,,,,Y,,A,01,0,1,0,0,1,0,0,0,0,"- ","- ",,,"LOS ANGELES","LOS ANGELES",-118.24627685546875,33.938850402832031
8788645,2018,2019-01-28,1942,2018-12-13,0750,40275,1258,4,5,7,1942,0,0,0,L,0,12A57,"S MAIN ST","FLORENCE AV",20.00,N,N,A,-,N,,,,,,,,,,N,3,0,1,2,A,-,10,21950,A,N,G,B,B,A,H,-,A,A,0,Y,,,,Y,,A,01,0,1,0,0,1,0,0,0,0,"- ","- ",,,"LOS ANGELES","LOS ANGELES",-118.27394104003906,33.974735260009766
8788658,2018,2019-01-28,1942,2018-12-17,1400,39708,0503,1,5,7,1942,0,0,0,E,0,5AM2,"LOMITA BL","VERMONT AV",450.00,E,N,A,-,N,,,,,,,,,,N,3,0,1,2,A,-,11,21954,A,N,G,B,D,A,H,-,A,D,0,Y,,,,Y,,N,60,0,1,0,0,1,0,0,0,0,"- ","- ",,,"LOS ANGELES","LOS ANGELES",-118.28939819335938,33.797828674316406
8789963,2018,2019-02-06,1942,2018-12-16,0600,40352,1504,7,5,7,1942,0,0,0,O,0,15A3,"SATICOY ST","LANKERSHIM BL",0.00,,Y,A,-,N,,,,,,,,,,N,3,0,1,2,A,-,10,21950,A,N,G,B,B,A,H,-,B,A,0,Y,,,,Y,,A,01,0,1,0,0,1,0,0,0,0,"- ","- ",,,"LOS ANGELES","LOS ANGELES",-118.38778686523438,34.208480834960938
8792406,2018,2019-02-14,1942,2018-12-20,1840,42741,1849,4,5,7,1942,0,0,0,R,0,18A26,"WILMINGTON AV","113TH ST",0.00,,Y,A,-,N,,,,,,,,,,N,4,0,1,2,A,-,09,21801,A,N,G,B,F,A,H,-,C,D,0,Y,,,,Y,,A,01,0,0,1,0,1,0,0,0,0,"- ","- ",,,"LOS ANGELES","LOS ANGELES",-118.23905944824219,33.932468414306641
8792748,2018,2019-02-21,1942,2018-12-28,2030,36654,1841,5,5,7,1942,0,0,0,R,0,18A41,VERMONT,"106TH ST",0.00,,Y,A,-,N,,,,,,,,,,N,3,0,2,3,A,-,11,21950,B,F,G,B,B,A,H,-,C,A,0,Y,,,,Y,,N,60,0,2,0,0,2,0,0,0,0,"- ","- ",,,"LOS ANGELES","LOS ANGELES",,
8793993,2018,2019-02-27,1942,2018-12-08,0835,30452,1792,6,5,7,1942,0,0,0,Q,0,17A81,"CHASE ST","CORBIN AV",0.00,,Y,A,-,N,,,,,,,,,,N,3,0,1,2,A,-,10,21950,A,N,G,B,B,A,H,-,A,A,0,Y,,,,Y,,A,01,0,1,0,0,1,0,0,0,0,"- ","- ",,,"LOS ANGELES","LOS ANGELES",-118.56228637695312,34.224601745605469
8796504,2018,2019-06-24,1942,2018-12-29,1840,42545,,6,5,7,1942,0,0,0,,0,,"BALBOA BL","RT 101",0.00,,-,A,-,Y,LA,7,101,-,-,19.372,R,4,S,N,4,0,2,2,A,-,10,21950,A,N,G,B,B,A,H,-,C,A,0,Y,,,,Y,,-,,0,0,2,0,1,0,0,0,0,"- ","- ",,,"LOS ANGELES","LOS ANGELES",-118.50357818603516,34.171016693115234
8796686,2018,2019-03-05,1942,2018-12-22,1340,42975,04,6,5,7,1942,0,0,0,D,0,4A9,"COLLIS AV","COLLIS AV 3527",0.00,,N,A,-,N,,,,,,,,,,N,3,0,1,2,A,-,21,22106,,N,G,B,E,A,-,-,A,D,0,Y,,,,Y,,A,01,0,1,0,0,1,0,0,0,0,"- ","- ",,,"LOS ANGELES","LOS ANGELES",-118.184158,34.087001999999998
8797260,2018,2019-02-14,1942,2018-12-31,0615,36553,1415,1,5,7,1942,0,0,0,N,0,14A25,"LINCOLN BL","COMMONWEALTH AV",20.00,N,N,A,-,N,,,,,,,,,,N,4,0,1,2,A,-,11,21956,A,N,G,B,E,A,H,-,B,D,0,Y,,,,Y,,N,60,0,0,1,0,1,0,0,0,0,"- ","- ",,,"LOS ANGELES","LOS ANGELES",-118.46974945068359,34.002269744873047
8797496,2018,2019-02-08,1942,2018-12-05,1300,42164,0351,3,5,7,1942,0,0,0,C,0,3XL95,"RODEO RD","RODEO LN",50.00,E,N,B,-,N,,,,,,,,,,N,4,0,1,2,A,-,10,21950,A,F,G,B,B,A,H,-,A,A,0,Y,,,,Y,,N,60,0,0,1,0,1,0,0,0,0,"- ","- ",,,"LOS ANGELES","LOS ANGELES",-118.34846496582031,34.021358489990234
8797718,2018,2019-02-11,1942,2018-12-01,2045,40822,0135,6,5,7,1942,0,0,0,A,0,1A41W3,"SPRING ST","3RD ST",0.00,,Y,A,-,N,,,,,,,,,,N,3,0,1,2,A,-,10,21950,,N,G,B,B,A,H,-,C,A,0,Y,,,,Y,,A,01,0,1,0,0,1,0,0,0,0,"- ","- ",,,"LOS ANGELES","LOS ANGELES",-118.24697875976562,34.050281524658203
8797749,2018,2019-02-11,1942,2018-12-24,2140,43481,1663,1,5,7,1942,0,0,0,P,0,16A.35,"SHELDON ST","HADDON AV",280.00,W,N,C,-,N,,,,,,,,,,N,3,0,2,3,A,-,11,21955,,N,G,B,D,B,H,-,D,D,0,Y,,,,Y,,N,60,0,1,1,0,2,0,0,0,0,"- ","- ",,,"LOS ANGELES","LOS ANGELES",-118.40117645263672,34.233848571777344
8799643,2018,2019-02-26,1942,2018-12-04,1550,42980,1321,2,5,7,1942,0,0,0,M,0,13A13,"MAPLE AV","20TH ST",0.00,,Y,A,-,N,,,,,,,,,,N,4,0,1,2,D,-,00,,,N,G,B,D,A,H,-,A,A,0,Y,,,,Y,,-,"- ",0,0,1,0,1,0,0,0,0,"- ","- ",,,"LOS ANGELES","LOS ANGELES",-118.26217651367188,34.028621673583984
8807491,2018,2019-04-05,1942,2018-12-26,1400,42317,0373,3,5,7,1942,0,0,0,C,0,3A98,"CRENSHAW BL","39TH ST",0.00,,Y,A,-,N,,,,,,,,,,N,4,0,1,2,A,-,11,21954,A,N,F,B,E,A,H,-,A,-,0,Y,,,,Y,,N,60,0,0,1,0,1,0,0,0,0,"- ","- ",,,"LOS ANGELES","LOS ANGELES",-118.335117,34.014583000000002
8819903,2018,2019-04-02,1942,2018-07-26,1800,41801,,4,5,7,1942,0,0,0,,0,18Z22,CENTURY,WILMINGTON,0.00,,Y,A,-,N,,,,,,,,,,N,4,0,1,2,A,-,12,22450,A,F,C,B,B,A,H,-,A,D,0,Y,,,,Y,,-,99,0,0,1,0,1,0,0,0,0,"- ","- ",,,"LOS ANGELES","LOS ANGELES",-118.23902130126953,33.945652008056641
8828021,2018,2019-04-29,1942,2018-12-12,1833,38492,RD011,3,5,7,1942,0,0,0,,0,19X32,"ALAMEDA ST","LOS ANGELES ST",65.00,S,N,A,-,N,,,,,,,,,,N,3,0,1,2,A,-,11,21954,A,N,G,B,E,A,H,-,C,A,0,Y,,,,Y,,N,60,0,1,0,0,1,0,0,0,0,"- ","- ",,,"LOS ANGELES","LOS ANGELES",-118.237548828125,34.055965423583984
8841721,2018,2019-04-17,1942,2018-12-23,1950,43077,0679,7,5,7,1942,0,0,0,F,0,6A31,"SUNSET BL","N KINGSLEY DR",15.00,W,N,A,-,N,,,,,,,,,,N,3,0,1,2,A,-,11,21451,C,N,G,B,D,A,H,-,C,D,0,Y,,,,Y,Y,N,60,0,1,0,0,1,0,0,0,0,"- ","- ",,,"LOS ANGELES","LOS ANGELES",-118.30332183837891,34.098121643066406
90641336,2018,2018-01-17,9540,2018-01-09,0608,021214,,2,1,7,1942,0,1,1,,2,213,"I-210 E/B (FOOTHILL FREEWAY)","POLK ST",10.00,E,N,B,C,Y,,,210,,,,,,E,N,2,0,1,2,A,-,10,21950,A,N,E,B,B,B,H,-,C,A,0,Y,,,,Y,,A,01,1,0,0,0,1,0,0,0,0,"- ","- ",34.316089630126953,-118.44019317626953,"LOS ANGELES","LOS ANGELES",-118.43997192382812,34.316368103027344
90719558,2018,2018-05-03,9580,2018-04-20,0730,014592,,5,1,7,1942,0,1,1,,2,407,"I-405 S/B FROM NORDHOFF ST.","NORDHOFF ST",5.00,S,N,A,-,Y,,,405,,,,R,,S,N,3,0,1,2,A,-,08,22107,,N,G,B,B,A,H,-,A,A,0,Y,,,,Y,,A,01,0,1,0,0,1,0,0,0,0,"- ","- ",34.235519409179688,-118.47357177734375,"LOS ANGELES","LOS ANGELES",-118.47357177734375,34.235519409179688
90929150,2018,2019-02-19,9590,2018-08-23,0235,21016,,4,3,7,1942,0,1,1,,2,051,"INTERSTATE 110 SOUTHBOUND","79TH STREET",612.00,S,N,A,-,Y,,,110,,,,,,S,Y,1,1,0,3,A,-,11,21954,A,N,G,B,E,A,H,-,C,D,0,Y,,,,Y,,N,60,0,0,0,1,0,0,0,0,0,"- ","- ",33.966800689697266,-118.28089904785156,"LOS ANGELES","LOS ANGELES",-118.28093719482422,33.966800689697266
8167161,2018,2020-05-26,1942,2018-04-15,0240,41977,1822,7,5,7,1942,0,0,0,R,0,18A17,"CENTURY BL","MAIN ST",53.00,W,N,A,-,N,,,,,,,,,,Y,1,1,0,2,A,-,01,23152,A,N,G,B,D,A,H,-,C,A,0,Y,,,,Y,Y,A,01,0,0,0,1,0,0,0,0,0,"- ","- ",,,"LOS ANGELES","LOS ANGELES",-118.27406311035156,33.945560455322266
8404933,2018,2018-07-18,1942,2018-05-20,1735,40404,1802,7,5,7,1942,0,0,0,R,0,25T21,"W 92ND ST","S FIGUEROA ST",181.00,E,N,A,-,N,,,,,,,,,,Y,1,1,0,2,A,-,01,23152,A,N,A,B,F,A,H,-,A,D,0,Y,,,,Y,Y,A,07,0,0,0,1,0,0,0,0,0,"- ","- ",,,"LOS ANGELES","LOS ANGELES",-118.28211975097656,33.952789306640625
8404934,2018,2018-07-18,1942,2018-04-01,2150,37768,0415,7,5,7,1942,0,0,0,D,0,6D237,"WORKMAN ST",BROADWAY,321.00,N,N,A,-,N,,,,,,,,,,N,1,1,0,3,A,-,03,22350,,F,G,B,E,A,H,-,C,D,0,Y,,,,Y,,-,99,0,0,0,1,0,0,0,0,0,"- ","- ",,,"LOS ANGELES","LOS ANGELES",-118.21437835693359,34.074539184570312
8415343,2018,2020-05-22,1942,2018-07-01,1625,37560,0361,7,5,7,1942,0,0,0,C,0,25T22,"LA BREA AV","COLISEUM ST",1120.00,S,N,A,-,N,,,,,,,,,,Y,1,1,0,4,A,-,03,22350,,F,G,B,E,A,H,-,A,D,0,Y,,,,Y,,A,01,0,0,0,1,0,0,0,0,0,"- ","- ",,,"LOS ANGELES","LOS ANGELES",-118.35561370849609,34.015247344970703
8465492,2018,2020-05-26,1942,2018-10-27,0145,37511,2033,6,5,7,1942,0,0,0,,0,20A33,"WILSHIRE BL","SERRANO AV",7.00,W,N,A,-,N,,,,,,,,,,Y,1,1,0,2,A,-,11,21456,B,N,G,B,B,A,H,-,C,A,0,Y,,,,Y,Y,N,60,0,0,0,1,0,0,0,0,0,"- ","- ",,,"LOS ANGELES","LOS ANGELES",-118.30662536621094,34.061721801757812
8514073,2018,2018-02-23,1942,2018-01-27,1810,40105,1258,6,5,7,1942,0,0,0,L,0,12A57,"EAST FLORENCE AV","S MAIN ST",0.00,,Y,A,-,N,,,,,,,,,,Y,3,0,3,4,A,-,09,21806,A,N,D,B,B,A,H,-,C,D,0,Y,,,,Y,,A,07,0,1,2,0,2,0,0,0,0,"- ","- ",,,"LOS ANGELES","LOS ANGELES",-118.27394104003906,33.974681854248047
8534037,2018,2018-01-23,1942,2018-01-05,1720,41618,0266,5,5,7,1942,0,0,0,B,0,1A12,"BURLINGTON ST","7TH ST",100.00,S,N,A,-,N,,,,,,,,,,N,3,0,1,2,A,-,11,21955,,N,G,B,D,A,H,-,C,D,0,Y,,,,Y,,N,60,0,1,0,0,1,0,0,0,0,"- ","- ",,,"LOS ANGELES","LOS ANGELES",-118.27362060546875,34.054721832275391
8538336,2018,2018-01-31,1942,2018-01-08,1610,41125,1984,1,5,7,1942,0,0,0,,0,19A85,"KESTER AV","PARTHENIA ST",0.00,,Y,C,-,N,,,,,,,,,,N,4,0,1,2,A,-,10,21950,A,N,G,-,B,B,F,-,B,A,0,Y,,,,Y,,A,01,0,0,1,0,1,0,0,0,0,"- ","- ",,,"LOS ANGELES","LOS ANGELES",-118.45747375488281,34.228279113769531
8538669,2018,2018-02-01,1942,2018-01-10,1227,31324,0163,3,5,7,1942,0,0,0,A,0,1A85,"S BROADWAY","8TH ST",130.00,N,N,A,-,N,,,,,,,,,,N,4,0,1,2,A,-,21,22106,,F,H,B,E,A,H,-,-,A,0,Y,,,,Y,,-,99,0,0,1,0,1,0,0,0,0,"- ","- ",,,"LOS ANGELES","LOS ANGELES",-118.25447082519531,34.043991088867188
8539439,2018,2018-02-01,1942,2018-01-09,2045,39868,1555,2,5,7,1942,0,0,0,O,0,15A33,"VINELAND AV","PEACH GROVE ST",0.00,,Y,B,-,N,,,,,,,,,,N,4,0,2,3,A,-,10,21950,A,N,G,B,B,B,H,-,D,D,0,Y,,,,Y,,A,01,0,0,2,0,2,0,0,0,0,"- ","- ",,,"LOS ANGELES","LOS ANGELES",-118.37046051025391,34.159019470214844
8544131,2018,2018-02-02,1942,2018-01-17,1830,37511,0763,3,5,7,1942,0,0,0,G,0,7T23,"PICO BL","GENESEE AV",150.00,W,N,A,-,N,,,,,,,,,,N,4,0,1,3,A,-,03,22350,,F,B,C,E,A,H,-,C,D,0,Y,,,,Y,,-,99,0,0,1,0,1,0,0,0,0,"- ","- ",,,"LOS ANGELES","LOS ANGELES",-118.36399078369141,34.051006317138672
8545186,2018,2018-02-21,1942,2018-01-21,1820,42734,1806,7,5,7,1942,0,0,0,R,0,,"CENTRAL AV","90TH ST",25.00,S,N,A,-,N,,,,,,,,,,,4,0,1,2,A,-,11,21954,A,N,G,B,D,A,H,-,C,D,0,Y,,,,Y,,N,60,0,0,1,0,1,0,0,0,0,"- ","- ",,,"LOS ANGELES","LOS ANGELES",-118.25643157958984,33.95465087890625
8545885,2018,2018-02-07,1942,2018-01-13,0055,42214,1243,6,5,7,1942,0,0,0,L,0,12A83,"WESTERN AV","FLORENCE AV",5.00,,N,A,-,N,,,,,,,,,,N,4,0,1,2,A,-,07,21658,A,F,B,B,E,A,H,-,C,A,0,Y,,,,Y,,-,99,0,0,1,0,1,0,0,0,0,"- ","- ",,,"LOS ANGELES","LOS ANGELES",-118.30898284912109,33.974571228027344
8545897,2018,2018-02-07,1942,2018-01-09,1555,41567,1253,2,5,7,1942,0,0,0,L,0,12XL57,"WESTERN AV","FLORENCE AV",6.00,S,N,A,-,N,,,,,,,,,,N,4,0,1,2,A,-,10,21950,,N,G,B,B,A,H,-,A,D,0,Y,,,,Y,,A,01,0,0,1,0,1,0,0,0,0,"- ","- ",,,"LOS ANGELES","LOS ANGELES",-118.30898284912109,33.974552154541016
8547532,2018,2018-02-07,1942,2018-01-04,1430,356259,1253,4,5,7,1942,0,0,0,L,0,12A57,"WESTERN AV","76TH ST",0.00,,Y,A,-,N,,,,,,,,,,N,4,0,1,2,A,-,"- ",,,F,G,B,D,A,H,-,A,D,0,Y,,,,Y,Y,-,99,0,0,1,0,1,0,0,0,0,"- ","- ",,,"LOS ANGELES","LOS ANGELES",,
8548774,2018,2018-02-20,1942,2018-01-25,1950,41019,1781,4,5,7,1942,0,0,0,Q,0,17E1,"DE SOTO AV","NORDHOFF ST",15.00,S,N,A,-,N,,,,,,,,,,N,4,0,1,2,A,-,11,21456,B,N,G,B,B,A,H,-,C,A,0,Y,,,,Y,,N,60,0,0,1,0,1,0,0,0,0,"- ","- ",,,"LOS ANGELES","LOS ANGELES",-118.58854675292969,34.235439300537109
8549912,2018,2018-02-28,1942,2018-01-27,0905,41514,1641,6,5,7,1942,0,0,0,P,0,16A23,"OMELVENY AV","CARL ST",60.00,S,N,A,-,N,,,,,,,,,,N,4,0,1,2,A,-,11,21954,A,N,G,B,E,A,H,-,A,D,0,Y,,,,Y,,N,60,0,0,1,0,1,0,0,0,0,"- ","- ",,,"LOS ANGELES","LOS ANGELES",-118.42794799804688,34.258964538574219
8549987,2018,2018-02-12,1942,2018-01-28,2000,41870,1249,7,5,7,1942,0,0,0,L,0,12A49,"W GAGE AV","HOOVER ST",440.00,E,N,A,-,N,,,,,,,,,,N,2,0,1,2,A,-,11,21956,A,N,G,B,D,A,H,-,C,D,0,Y,,,,Y,,N,60,1,0,0,0,1,0,0,0,0,"- ","- ",,,"LOS ANGELES","LOS ANGELES",-118.28683471679688,33.982269287109375