CASE_ID,ACCIDENT_YEAR,PROC_DATE,JURIS,COLLISION_DATE,COLLISION_TIME,OFFICER_ID,REPORTING_DISTRICT,DAY_OF_WEEK,CHP_SHIFT,POPULATION,CNTY_CITY_LOC,SPECIAL_COND,BEAT_TYPE,CHP_BEAT_TYPE,CITY_DIVISION_LAPD,CHP_BEAT_CLASS,BEAT_NUMBER,PRIMARY_RD,SECONDARY_RD,DISTANCE,DIRECTION,INTERSECTION,WEATHER_1,WEATHER_2,STATE_HWY_IND,CALTRANS_COUNTY,CALTRANS_DISTRICT,STATE_ROUTE,ROUTE_SUFFIX,POSTMILE_PREFIX,POSTMILE,LOCATION_TYPE,RAMP_INTERSECTION,SIDE_OF_HWY,TOW_AWAY,COLLISION_SEVERITY,NUMBER_KILLED,NUMBER_INJURED,PARTY_COUNT,PRIMARY_COLL_FACTOR,PCF_CODE_OF_VIOL,PCF_VIOL_CATEGORY,PCF_VIOLATION,PCF_VIOL_SUBSECTION,HIT_AND_RUN,TYPE_OF_COLLISION,MVIW,PED_ACTION,ROAD_SURFACE,ROAD_COND_1,ROAD_COND_2,LIGHTING,CONTROL_DEVICE,CHP_ROAD_TYPE,PEDESTRIAN_ACCIDENT,BICYCLE_ACCIDENT,MOTORCYCLE_ACCIDENT,TRUCK_ACCIDENT,NOT_PRIVATE_PROPERTY,ALCOHOL_INVOLVED,STWD_VEHTYPE_AT_FAULT,CHP_VEHTYPE_AT_FAULT,COUNT_SEVERE_INJ,COUNT_VISIBLE_INJ,COUNT_COMPLAINT_PAIN,COUNT_PED_KILLED,COUNT_PED_INJURED,COUNT_BICYCLIST_KILLED,COUNT_BICYCLIST_INJURED,COUNT_MC_KILLED,COUNT_MC_INJURED,PRIMARY_RAMP,SECONDARY_RAMP,LATITUDE,LONGITUDE,COUNTY,CITY,POINT_X,POINT_Y
8549999,2018,2018-03-02,1942,2018-01-08,1205,40831,646,1,5,7,1942,0,0,0,,0,6FB21,"HOLLYWOOD BL","VINE ST",10.00,W,N,A,-,N,,,,,,,,,,N,4,0,1,2,A,-,10,21950,A,N,-,C,-,A,H,-,A,-,0,Y,,,,Y,,A,01,0,0,1,0,1,0,0,0,0,"- ","- ",,,"LOS ANGELES","LOS ANGELES",-118.32669067382812,34.101600646972656
8550734,2018,2018-02-10,1942,2018-01-28,1859,39741,0906,7,5,7,1942,0,0,0,I,0,9G20,"VAN NUYS BL","SHERMAN WY",0.00,,N,A,-,N,,,,,,,,,,N,4,0,1,2,A,-,10,21950,A,N,G,B,B,A,H,-,C,A,0,Y,,,,Y,,A,01,0,0,1,0,1,0,0,0,0,"- ","- ",,,"LOS ANGELES","LOS ANGELES",-118.44872283935547,34.201190948486328
8551627,2018,2018-02-14,1942,2018-01-31,1945,43012,,3,5,7,1942,0,0,0,,0,9A89,"OXNARD ST","COLDWATER CANYON AV",0.00,,Y,A,-,N,,,,,,,,,,N,3,0,1,2,A,-,10,21950,A,N,G,B,-,A,H,-,C,A,0,Y,,,,Y,,A,01,0,1,0,0,1,0,0,0,0,"- ","- ",,,"LOS ANGELES","LOS ANGELES",-118.41375732421875,34.179420471191406
8551676,2018,2018-02-20,1942,2018-01-08,0800,37880,1245,1,5,7,1942,0,0,0,L,0,12A73,VERMONT,FLORENCE,200.00,S,N,C,-,N,,,,,,,,,,N,2,0,1,2,A,-,03,22350,,N,A,B,F,B,H,-,A,A,0,Y,,,,Y,,A,01,1,0,0,0,1,0,0,0,0,"- ","- ",,,"LOS ANGELES","LOS ANGELES",-118.29187774658203,33.974113464355469
8551735,2018,2018-02-14,1942,2018-01-15,1930,39655,0659,1,5,7,1942,0,0,0,F,0,7T23,"WESTERN AV","FERNWOOD AV",0.00,,Y,A,-,N,,,,,,,,,,N,3,0,1,2,A,-,10,21950,A,F,G,B,B,A,H,-,C,D,0,Y,,,,Y,,-,99,0,1,0,0,1,0,0,0,0,"- ","- ",,,"LOS ANGELES","LOS ANGELES",-118.30919647216797,34.095779418945312
8551749,2018,2018-02-13,1942,2018-01-11,0905,27475,2011,4,5,7,1942,0,0,0,,0,34MQ6,"WILTON PL","1ST ST",6.00,N,N,A,-,N,,,,,,,,,,N,4,0,1,2,A,-,12,22450,A,F,G,B,B,A,H,-,A,A,0,Y,,,,Y,,A,01,0,0,1,0,1,0,0,0,0,"- ","- ",,,"LOS ANGELES","LOS ANGELES",-118.31358337402344,34.073040008544922
8553218,2018,2018-02-15,1942,2018-02-03,1810,37724,1821,6,5,7,1942,0,0,0,R,0,18A17,"VERMONT AV","95TH ST",90.00,S,N,A,-,N,,,,,,,,,,N,3,0,1,2,A,-,11,21956,A,F,G,B,-,A,H,-,C,D,0,Y,,,,Y,,-,99,0,1,0,0,1,0,0,0,0,"- ","- ",,,"LOS ANGELES","LOS ANGELES",,
8553587,2018,2018-02-22,1942,2018-01-03,2010,36255,1474,3,5,7,1942,0,0,0,N,0,14A58,"85TH ST","FORDHAM RD",0.00,,Y,A,-,N,,,,,,,,,,N,3,0,1,2,A,-,11,21954,A,N,G,B,E,A,H,-,C,D,0,Y,,,,Y,,N,60,0,1,0,0,1,0,0,0,0,"- ","- ",,,"LOS ANGELES","LOS ANGELES",-118.41877746582031,33.960639953613281
8553595,2018,2018-02-22,1942,2018-01-12,0730,39624,1414,5,5,7,1942,0,0,0,N,0,14A13,"LINCOLN BL","CALIFORNIA AV",0.00,,Y,A,-,N,,,,,,,,,,Y,3,0,1,2,A,-,10,21950,A,N,G,B,B,A,H,-,A,A,0,Y,,,,Y,,A,07,0,1,0,0,1,0,0,0,0,"- ","- ",,,"LOS ANGELES","LOS ANGELES",-118.46105194091797,33.998050689697266
8553670,2018,2018-02-21,1942,2018-02-06,0940,38326,1781,2,5,7,1942,0,0,0,Q,0,17A81,"NORDHOFF ST","LURLINE AV",10.00,W,N,B,-,N,,,,,,,,,,N,4,0,1,2,A,-,10,21950,A,N,G,B,B,A,H,-,A,A,0,Y,,,,Y,,A,08,0,0,1,0,1,0,0,0,0,"- ","- ",,,"LOS ANGELES","LOS ANGELES",-118.58425140380859,34.235431671142578
8555402,2018,2018-03-06,1942,2018-01-25,1815,40921,1255,4,5,7,1942,0,0,0,L,0,12X52,"NORMANDIE AV","73RD ST",150.00,S,N,A,-,N,,,,,,,,,,N,4,0,1,2,B,-,22,,,N,G,B,F,A,H,-,B,D,0,Y,,Y,,Y,Y,C,02,0,0,1,0,1,0,0,0,0,"- ","- ",,,"LOS ANGELES","LOS ANGELES",-118.30030059814453,33.973228454589844
8555409,2018,2018-02-20,1942,2018-02-03,2050,39758,1802,6,5,7,1942,0,0,0,R,0,18E15,"88TH ST","FIGUEROA AV",0.00,,Y,A,-,N,,,,,,,,,,N,3,0,1,2,A,-,03,22350,,F,G,B,B,A,H,-,C,-,0,Y,,,,Y,,-,99,0,1,0,0,1,0,0,0,0,"- ","- ",,,"LOS ANGELES","LOS ANGELES",-118.28272247314453,33.957370758056641
8556093,2018,2018-02-27,1942,2018-01-11,1135,40260,,4,5,7,1942,0,0,0,,0,6A22,"HOLLYWOOD BL","SYCAMORE AV",0.00,,Y,A,-,N,,,,,,,,,,N,2,0,2,3,A,-,11,21950,B,N,G,B,B,A,H,-,A,A,0,Y,,,,Y,,N,60,1,1,0,0,2,0,0,0,0,"- ","- ",,,"LOS ANGELES","LOS ANGELES",-118.34339141845703,34.101528167724609
8558899,2018,2018-02-22,1942,2018-01-27,1705,42431,0726,6,5,7,1942,0,0,0,G,0,8A36,"BEVERLY BL","LA BREA BL",0.00,,Y,A,-,N,,,,,,,,,,N,4,0,1,2,A,-,11,21456,B,N,G,B,B,A,H,-,B,A,0,Y,,,,Y,,N,60,0,0,1,0,1,0,0,0,0,"- ","- ",,,"LOS ANGELES","LOS ANGELES",-118.34403991699219,34.076171875
8558904,2018,2018-03-29,1942,2018-01-17,0810,37437,0632,3,5,7,1942,0,0,0,F,0,6A31,"SELMA AV","LAUREL AV",28.00,E,N,A,-,N,,,,,,,,,,N,3,0,1,2,A,-,09,21802,A,N,G,B,B,A,H,-,A,D,0,Y,,,,Y,,A,01,0,1,0,0,1,0,0,0,0,"- ","- ",,,"LOS ANGELES","LOS ANGELES",-118.36421966552734,34.099861145019531
8558908,2018,2018-02-22,1942,2018-01-22,1805,42307,0615,1,5,7,1942,0,0,0,F,0,9A89,"LAKERIDGE DR","LAKERIDGE RD",885.00,S,N,A,-,N,,,,,,,,,,N,3,0,1,2,A,-,00,21945,A,N,G,B,E,A,H,-,D,D,0,Y,,,,Y,,N,60,0,1,0,0,1,0,0,0,0,"- ","- ",,,"LOS ANGELES","LOS ANGELES",-118.33632659912109,34.12115478515625
8558931,2018,2018-02-22,1942,2018-01-19,1215,40315,0625,5,5,7,1942,0,0,0,F,0,20T56,"N HIGHLAND AV","FRANKLIN AV",80.00,N,N,A,-,N,,,,,,,,,,N,4,0,1,2,A,-,00,21952,B,N,G,B,F,A,H,-,A,D,0,Y,,,,Y,,A,01,0,0,1,0,1,0,0,0,0,"- ","- ",,,"LOS ANGELES","LOS ANGELES",-118.33811187744141,34.104267120361328
8558936,2018,2018-02-22,1942,2018-01-13,1640,41179,0702,6,5,7,1942,0,0,0,G,0,7TL38,"VISTA ST","MELROSE AV",0.00,,Y,A,-,N,,,,,,,,,,N,3,0,1,2,A,-,10,21950,A,N,G,B,B,A,H,-,B,A,0,Y,,,,Y,,A,01,0,1,0,0,1,0,0,0,0,"- ","- ",,,"LOS ANGELES","LOS ANGELES",-118.35227203369141,34.0836181640625
8559289,2018,2018-05-09,1942,2018-01-22,0800,31813,246,1,5,7,1942,0,0,0,,0,2A1,WILSHIRE,ALVARADO,0.00,,N,A,-,N,,,,,,,,,,N,2,0,1,2,B,-,22,,,N,G,B,E,A,C,-,A,D,0,Y,,,Y,Y,,F,87,1,0,0,0,1,0,0,0,0,"- ","- ",,,"LOS ANGELES","LOS ANGELES",-118.27587127685547,34.057941436767578
8559400,2018,2018-02-26,1942,2018-02-10,1330,32419,0517,6,5,7,1942,0,0,0,E,0,5A17,"OPP ST","AVALON BL",0.00,,Y,B,-,N,,,,,,,,,,N,4,0,1,2,A,-,10,21950,A,F,G,B,B,A,H,-,A,A,0,Y,,,,Y,,-,99,0,0,1,0,1,0,0,0,0,"- ","- ",,,"LOS ANGELES","LOS ANGELES",-118.26268005371094,33.782928466796875
8559432,2018,2018-02-26,1942,2018-02-03,0955,42650,1345,6,5,7,1942,0,0,0,M,0,13A43,"CENTRAL AV","42ND ST",0.00,,Y,A,-,N,,,,,,,,,,N,3,0,2,3,A,-,12,21453,A,F,G,B,B,A,H,-,A,A,0,Y,,,,Y,,-,99,0,2,0,0,2,0,0,0,0,"- ","- ",,,"LOS ANGELES","LOS ANGELES",-118.25649261474609,34.007518768310547
8559447,2018,2018-04-26,1942,2018-01-28,2240,42846,1162,7,5,7,1942,0,0,0,K,0,11A62,"N VERMONT AV",LEXINGTON,50.00,N,N,A,-,N,,,,,,,,,,Y,3,0,1,3,A,-,11,21106,B,N,E,I,B,A,H,-,C,A,0,Y,,,,Y,,A,07,0,1,0,0,0,0,0,0,0,"- ","- ",,,"LOS ANGELES","LOS ANGELES",-118.29176330566406,34.093585968017578
8559499,2018,2018-02-23,1942,2018-01-28,1930,42364,1822,7,5,7,1942,0,0,0,R,0,25TL21,"MAIN ST","97TH ST",87.00,N,N,A,-,N,,,,,,,,,,N,2,0,1,2,A,-,11,21956,A,F,G,B,D,A,H,-,C,D,0,Y,,,,Y,,N,60,1,0,0,0,1,0,0,0,0,"- ","- ",,,"LOS ANGELES","LOS ANGELES",-118.27388763427734,33.948528289794922
8559718,2018,2018-02-26,1942,2018-01-24,1445,42451,2024,3,5,7,1942,0,0,0,,0,20TL58,"5TH ST","ARDMORE AV",0.00,,Y,A,-,N,,,,,,,,,,N,2,0,2,3,A,-,10,21950,A,N,G,B,B,A,H,-,A,A,0,Y,,,,Y,,A,01,1,1,0,0,2,0,0,0,0,"- ","- ",,,"LOS ANGELES","LOS ANGELES",-118.30158233642578,34.065349578857422
8559750,2018,2018-02-26,1942,2018-01-11,0650,42161,2054,4,5,7,1942,0,0,0,,0,20A53,"S NORMANDIE AV","W OLYMPIC BL",10.00,S,N,A,-,N,,,,,,,,,,N,3,0,1,2,A,-,10,21950,A,N,G,B,B,A,H,-,A,A,0,Y,,,,Y,,A,01,0,1,0,0,1,0,0,0,0,"- ","- ",,,"LOS ANGELES","LOS ANGELES",-118.30003356933594,34.0526123046875
8560809,2018,2018-02-28,1942,2018-02-02,1210,42451,0719,5,5,7,1942,0,0,0,G,0,,"LARCHMONT BL","BEVERLY BL",118.00,N,N,A,-,N,,,,,,,,,,N,4,0,1,2,A,-,11,21954,A,N,G,C,D,A,H,-,A,D,0,Y,,,,Y,,N,60,0,0,1,0,1,0,0,0,0,"- ","- ",,,"LOS ANGELES","LOS ANGELES",-118.32363128662109,34.076541900634766
8560830,2018,2018-02-27,1942,2018-02-05,1745,39844,0774,1,5,7,1942,0,0,0,G,0,7A85,"WEST WASHINGTON BL","S ORANGE DR",45.00,W,N,A,-,N,,,,,,,,,,N,4,0,1,2,A,-,11,21954,A,N,G,B,D,A,H,-,C,D,0,Y,,,,Y,,N,60,0,0,1,0,1,0,0,0,0,"- ","- ",,,"LOS ANGELES","LOS ANGELES",-118.34983825683594,34.040828704833984
8561282,2018,2018-02-23,1942,2018-02-12,1640,40634,1988,1,5,7,1942,0,0,0,,0,19A79,"TONOPAH ST","GULLO AV",23.00,,N,A,-,N,,,,,,,,,,Y,3,0,1,3,A,-,03,22350,,N,A,B,F,A,H,-,A,D,0,Y,,,,Y,,A,01,0,1,0,0,1,0,0,0,0,"- ","- ",,,"LOS ANGELES","LOS ANGELES",-118.42186737060547,34.224349975585938
8561752,2018,2018-03-20,1942,2018-02-08,1900,42332,1844,4,5,7,1942,0,0,0,R,0,18X36,AVALON,"113TH ST",0.00,,Y,A,-,N,,,,,,,,,,N,4,0,1,2,A,-,11,21954,A,N,A,B,D,A,H,-,C,D,0,Y,,,,Y,Y,N,60,0,0,1,0,1,0,0,0,0,"- ","- ",,,"LOS ANGELES","LOS ANGELES",-118.26519012451172,33.931968688964844
8561948,2018,2018-02-26,1942,2018-01-25,1920,38638,0677,4,5,7,1942,0,0,0,F,0,6A22,"MANHATTAN PL","MELROSE AV",3.00,N,N,A,-,N,,,,,,,,,,N,4,0,1,2,A,-,10,21950,A,F,G,B,B,A,H,-,C,A,0,Y,,,,Y,,-,99,0,0,1,0,1,0,0,0,0,"- ","- ",,,"LOS ANGELES","LOS ANGELES",-118.310302734375,34.083526611328125
8562034,2018,2018-02-27,1942,2018-02-04,2000,42925,1863,7,5,7,1942,0,0,0,R,0,18A63,"AVALON BL","116TH PL",10.00,S,N,A,-,N,,,,,,,,,,N,4,0,1,2,A,-,03,22350,,N,D,B,D,A,H,-,C,D,0,Y,,,,Y,,A,01,0,0,1,0,1,0,0,0,0,"- ","- ",,,"LOS ANGELES","LOS ANGELES",-118.26519012451172,33.928234100341797
8563201,2018,2018-02-28,1942,2018-01-21,1800,40730,1331,7,5,7,1942,0,0,0,M,0,13A41,BROADWAY,"32ND ST",0.00,,Y,A,-,N,,,,,,,,,,N,2,0,1,2,A,-,11,21954,A,F,G,B,D,A,H,-,E,D,0,Y,,,,Y,,N,60,1,0,0,0,1,0,0,0,0,"- ","- ",,,"LOS ANGELES","LOS ANGELES",-118.27287,34.020560000000003
8563376,2018,2018-02-28,1942,2018-02-11,2047,40033,0881,7,5,7,1942,0,0,0,H,0,8A53,"OLYMPIC BL","BARRY AV",20.00,W,N,A,-,N,,,,,,,,,,N,3,0,1,2,A,-,11,21954,A,N,G,B,D,A,H,-,C,C,0,Y,,,,Y,Y,N,60,0,1,0,0,1,0,0,0,0,"- ","- ",,,"LOS ANGELES","LOS ANGELES",-118.44692230224609,34.034778594970703
8563641,2018,2018-09-25,1942,2018-01-17,1630,39395,1347,3,5,7,1942,0,0,0,M,0,13A27,"COMPTON AV","E 41ST ST",0.00,,Y,A,-,N,,,,,,,,,,N,4,0,2,3,A,-,10,21950,A,F,G,B,B,A,H,-,A,A,0,Y,,,,Y,,A,01,0,0,2,0,2,0,0,0,0,"- ","- ",,,"LOS ANGELES","LOS ANGELES",-118.25064849853516,34.009059906005859
8563680,2018,2018-03-02,1942,2018-02-08,0120,40010,0727,4,5,7,1942,0,0,0,G,0,6T7,"S LA BREA AV","W 2ND ST",0.00,,Y,A,-,N,,,,,,,,,,Y,3,0,2,2,A,-,11,21954,A,N,G,B,D,A,H,-,C,A,0,Y,,Y,,Y,,N,60,0,2,0,0,1,0,0,0,1,"- ","- ",,,"LOS ANGELES","LOS ANGELES",-118.34403991699219,34.071018218994141
8565483,2018,2018-03-12,1942,2018-02-01,0725,34332,1385,4,5,7,1942,0,0,0,M,0,13A85,"SAN PEDRO ST","GAGE AV",0.00,,Y,A,-,N,,,,,,,,,,N,4,0,1,2,A,-,10,21950,A,N,G,B,B,-,H,-,A,A,0,Y,,,,Y,,D,22,0,0,1,0,1,0,0,0,0,"- ","- ",,,"LOS ANGELES","LOS ANGELES",-118.26957702636719,33.982440948486328
8565659,2018,2018-03-09,1942,2018-01-26,1810,39506,1373,5,5,7,1942,0,0,0,M,0,13X28,SLAUSON,"CENTRAL AV",600.00,E,N,A,-,N,,,,,,,,,,N,3,0,1,2,A,-,11,21956,,N,G,B,D,A,H,-,C,D,0,Y,,,,Y,,N,60,0,1,0,0,1,0,0,0,0,"- ","- ",,,"LOS ANGELES","LOS ANGELES",-118.25448608398438,33.989334106445312
8565679,2018,2018-03-08,1942,2018-01-27,0750,40289,1124,6,5,7,1942,0,0,0,K,0,11A89,"FLETCHER DR","ESTARA AV",10.00,N,N,A,-,N,,,,,,,,,,N,4,0,1,2,A,-,10,21950,A,N,G,B,B,A,H,-,A,A,0,Y,,,,Y,,A,01,0,0,1,0,1,0,0,0,0,"- ","- ",,,"LOS ANGELES","LOS ANGELES",-118.24121856689453,34.118076324462891
8565999,2018,2018-03-12,1942,2018-01-24,0710,38218,0477,3,5,7,1942,0,0,0,D,0,4A9Y-W,"WHITTIER BL","EULITA AV",0.00,,Y,A,-,N,,,,,,,,,,N,4,0,1,2,A,-,12,21453,A,N,G,B,B,A,H,-,A,A,0,Y,,,,Y,,A,01,0,0,1,0,1,0,0,0,0,"- ","- ",,,"LOS ANGELES","LOS ANGELES",,
8566876,2018,2018-03-12,1942,2018-02-19,0740,27792,1012,1,5,7,1942,0,0,0,J,0,10A3,"WYANDOTTE ST","BAIRD AV",5.00,W,N,A,-,N,,,,,,,,,,N,4,0,2,3,A,-,10,21950,A,N,G,B,B,A,H,-,A,A,0,Y,,,,Y,,A,01,0,0,2,0,2,0,0,0,0,"- ","- ",,,"LOS ANGELES","LOS ANGELES",-118.53739929199219,34.203128814697266
8567426,2018,2018-04-02,1942,2018-02-05,0620,42109,NORTH,1,5,7,1942,0,0,0,,0,1177,"MACEO ST","SAN FERNANDO DR",230.00,E,N,A,-,N,,,,,,,,,,N,3,0,1,2,-,-,"- ",,,F,G,B,F,A,H,-,B,D,0,Y,,,,Y,,-,"- ",0,1,0,0,1,0,0,0,0,"- ","- ",,,"LOS ANGELES","LOS ANGELES",-118.22750854492188,34.091876983642578
8567769,2018,2018-03-14,1942,2018-02-17,1540,42257,1494,6,5,7,1942,0,0,0,N,0,14A67,"WESTCHESTER PKWY","AIRPORT BL",12.00,W,N,A,-,N,,,,,,,,,,N,3,0,1,2,A,-,09,21801,A,F,B,B,B,A,H,-,A,A,0,Y,,,,Y,,-,99,0,1,0,0,1,0,0,0,0,"- ","- ",,,"LOS ANGELES","LOS ANGELES",-118.38591003417969,33.952659606933594
8568519,2018,2018-03-19,1942,2018-02-01,2100,37922,2002,4,5,7,1942,0,0,0,,0,20A1,"MELROSE AV","WESTERN AV",0.00,,Y,A,-,N,,,,,,,,,,N,3,0,1,2,A,-,11,21456,,N,G,B,-,A,H,-,C,A,0,Y,,,,Y,Y,N,60,0,1,0,0,1,0,0,0,0,"- ","- ",,,"LOS ANGELES","LOS ANGELES",-118.30912780761719,34.083511352539062
8568520,2018,2018-03-19,1942,2018-02-20,1250,40452,1474,2,5,7,1942,0,0,0,N,0,14TL52,"LINCOLN BL","MANCHESTER AV",24.00,W,N,A,-,N,,,,,,,,,,N,4,0,1,2,A,-,11,21456,B,N,G,B,-,A,H,-,A,A,0,Y,,,,Y,,N,60,0,0,1,0,1,0,0,0,0,"- ","- ",,,"LOS ANGELES","LOS ANGELES",-118.41936492919922,33.959915161132812
8568862,2018,2018-03-15,1942,2018-02-22,1820,43176,WLA,4,5,7,1942,0,0,0,,0,8A59,"W PICO BL","ROBERTSON BL",0.00,,Y,A,-,N,,,,,,,,,,N,4,0,1,2,A,-,10,21950,A,N,G,B,B,A,H,-,C,A,0,Y,,,,Y,,-,,0,0,1,0,0,0,0,0,0,"- ","- ",,,"LOS ANGELES","LOS ANGELES",-118.38372039794922,34.054779052734375
8568869,2018,2018-03-16,1942,2018-02-22,1725,42580,0162,4,5,7,1942,0,0,0,A,0,1X38,"WEST 7TH ST","SOUTH FIGUEROA ST",115.00,E,N,A,-,N,,,,,,,,,,N,4,0,1,2,A,-,11,21955,,N,G,B,D,A,H,-,C,D,0,Y,Y,,,Y,,L,04,0,0,1,0,0,0,1,0,0,"- ","- ",,,"LOS ANGELES","LOS ANGELES",-118.25960540771484,34.049232482910156
8568877,2018,2018-03-16,1942,2018-02-21,1230,41325,0185,3,5,7,1942,0,0,0,A,0,1A85,"HILL ST","14TH ST",3.00,S,N,A,-,N,,,,,,,,,,N,3,0,1,2,A,-,10,21950,A,N,G,B,B,A,H,-,A,D,0,Y,,,,Y,,A,01,0,1,0,0,1,0,0,0,0,"- ","- ",,,"LOS ANGELES","LOS ANGELES",-118.26344299316406,34.036094665527344
8569431,2018,2018-03-22,1942,2018-02-28,1410,32366,1993,3,5,7,1942,0,0,0,,0,35MQ13,"SEPULVEDA PL","ROSCOE BL",185.00,S,N,A,-,N,,,,,,,,,,Y,4,0,1,3,A,-,03,22350,,N,C,C,E,A,H,-,A,D,0,Y,,,,Y,,D,22,0,0,1,0,1,0,0,0,0,"- ","- ",,,"LOS ANGELES","LOS ANGELES",-118.46620941162109,34.220924377441406
8569472,2018,2018-08-08,1942,2018-03-03,0730,43199,0448,6,5,7,1942,0,0,0,D,0,4A59,"RT 10","SOTO ST",3.00,W,N,B,-,Y,LA,7,10,-,-,18.988,R,4,W,N,4,0,1,2,A,-,08,22100,B,N,G,B,B,B,H,-,A,A,0,Y,,,,Y,,A,01,0,0,1,0,1,0,0,0,0,WO,"- ",,,"LOS ANGELES","LOS ANGELES",-118.20411682128906,34.054141998291016
8569842,2018,2018-03-26,1942,2018-03-11,1940,42251,1549,7,5,7,1942,0,0,0,O,0,15A39,"VINELAND AV","BURBANK BL",0.00,,Y,A,-,N,,,,,,,,,,N,4,0,1,2,A,-,10,21950,A,F,G,B,B,A,H,-,C,A,0,Y,,,,Y,,-,99,0,0,1,0,1,0,0,0,0,"- ","- ",,,"LOS ANGELES","LOS ANGELES",-118.37030029296875,34.172161102294922
8570549,2018,2018-03-28,1942,2018-02-15,1720,34426,1161,4,5,7,1942,0,0,0,K,0,11A51,"MARIPOSA AV","SANTA MONICA BL",0.00,,Y,A,-,N,,,,,,,,,,N,4,0,1,2,A,-,08,22107,,N,G,B,-,A,H,-,A,A,0,Y,,,,Y,Y,A,07,0,0,1,0,1,0,0,0,0,"- ","- ",,,"LOS ANGELES","LOS ANGELES",-118.29940795898438,34.090831756591797
8570647,2018,2018-04-30,1942,2018-03-14,0100,43124,0138,3,5,7,1942,0,0,0,A,0,1A29,"CENTRAL AV","3RD ST",64.00,S,N,C,-,N,,,,,,,,,,N,2,0,1,2,A,-,03,22350,,F,G,G,D,B,H,-,C,A,0,Y,,,,Y,,-,99,1,0,0,0,1,0,0,0,0,"- ","- ",,,"LOS ANGELES","LOS ANGELES",-118.23957061767578,34.045913696289062
8571399,2018,2018-03-12,1942,2018-02-08,0550,43159,112,4,5,7,1942,0,0,0,K,0,1A35,"ARCADIA ST","E BROADWAY",0.00,,Y,A,-,N,,,,,,,,,,N,4,0,1,2,A,-,11,21956,A,F,G,B,D,A,H,-,A,A,0,Y,,,,Y,,N,60,0,0,1,0,1,0,0,0,0,"- ","- ",,,"LOS ANGELES","LOS ANGELES",-118.24226379394531,34.05712890625
8571491,2018,2018-03-14,1942,2018-02-17,1315,38996,1599,6,5,7,1942,0,0,0,O,0,15A67,"W.C FIELDS DR","UNIVERSAL STUDIO BL",0.00,,Y,A,-,N,,,,,,,,,,N,3,0,1,2,A,-,10,21950,A,N,G,B,B,A,H,-,A,A,0,Y,,,,Y,,A,01,0,1,0,0,1,0,0,0,0,"- ","- ",,,"LOS ANGELES","LOS ANGELES",-118.35195159912109,34.134029388427734
8572440,2018,2018-03-15,1942,2018-03-01,0840,42118,1243,4,5,7,1942,0,0,0,L,0,,"70TH ST","VAN NESS AV",0.00,,Y,A,-,N,,,,,,,,,,N,3,0,1,2,A,-,10,21950,A,N,G,B,B,A,H,-,A,A,0,Y,,,,Y,,A,01,0,1,0,0,1,0,0,0,0,"- ","- ",,,"LOS ANGELES","LOS ANGELES",-118.3177490234375,33.97637939453125
8575473,2018,2018-03-20,1942,2018-03-03,0030,37304,1008,6,5,7,1942,0,0,0,J,0,17T171,"ROSCOE BL","BALBOA BL",17.00,E,N,C,-,N,,,,,,,,,,N,3,0,1,2,A,-,10,21950,A,N,G,B,B,B,H,-,C,A,0,Y,,,,Y,,A,01,0,1,0,0,1,0,0,0,0,"- ","- ",,,"LOS ANGELES","LOS ANGELES",-118.50258636474609,34.221199035644531
8575687,2018,2018-03-22,1942,2018-02-21,0025,36885,1549,3,5,7,1942,0,0,0,O,0,15A3,"MAGNOLIA BL","VINELAND AV",170.00,E,N,B,-,N,,,,,,,,,,N,4,0,1,2,A,-,11,21955,,N,G,B,D,A,H,-,C,D,0,Y,,,,Y,,N,60,0,0,1,0,1,0,0,0,0,"- ","- ",,,"LOS ANGELES","LOS ANGELES",-118.36989593505859,34.164878845214844
8575748,2018,2018-03-22,1942,2018-02-26,2020,41752,1512,1,5,7,1942,0,0,0,O,0,15A28,BELLAIRE,"SHERMAN WY",150.00,N,N,B,-,N,,,,,,,,,,N,3,0,1,2,A,-,08,22107,,N,G,B,D,A,H,-,C,D,0,Y,,,,Y,,A,01,0,1,0,0,1,0,0,0,0,"- ","- ",,,"LOS ANGELES","LOS ANGELES",-118.40943145751953,34.201610565185547
8576297,2018,2018-03-16,1942,2018-02-22,0730,41911,0314,4,5,7,1942,0,0,0,C,0,25T41,"ARLINGTON AV","W ADAMS BL",0.00,,Y,A,-,N,,,,,,,,,,N,3,0,1,2,A,-,10,21950,A,F,G,B,B,A,H,-,A,-,0,Y,,,,Y,,-,99,0,1,0,0,1,0,0,0,0,"- ","- ",,,"LOS ANGELES","LOS ANGELES",-118.31768035888672,34.032638549804688
8578292,2018,2018-03-16,1942,2018-01-29,1520,43020,0666,1,5,7,1942,0,0,0,F,0,6A77W2,"SUNSET BL","ARGYLE AV",0.00,W,N,A,-,N,,,,,,,,,,N,2,0,1,2,A,-,11,21954,A,N,G,B,D,A,H,-,A,A,0,Y,,,,Y,,N,60,1,0,0,0,1,0,0,0,0,"- ","- ",,,"LOS ANGELES","LOS ANGELES",-118.32511901855469,34.097999572753906