CASE_ID,ACCIDENT_YEAR,PROC_DATE,JURIS,COLLISION_DATE,COLLISION_TIME,OFFICER_ID,REPORTING_DISTRICT,DAY_OF_WEEK,CHP_SHIFT,POPULATION,CNTY_CITY_LOC,SPECIAL_COND,BEAT_TYPE,CHP_BEAT_TYPE,CITY_DIVISION_LAPD,CHP_BEAT_CLASS,BEAT_NUMBER,PRIMARY_RD,SECONDARY_RD,DISTANCE,DIRECTION,INTERSECTION,WEATHER_1,WEATHER_2,STATE_HWY_IND,CALTRANS_COUNTY,CALTRANS_DISTRICT,STATE_ROUTE,ROUTE_SUFFIX,POSTMILE_PREFIX,POSTMILE,LOCATION_TYPE,RAMP_INTERSECTION,SIDE_OF_HWY,TOW_AWAY,COLLISION_SEVERITY,NUMBER_KILLED,NUMBER_INJURED,PARTY_COUNT,PRIMARY_COLL_FACTOR,PCF_CODE_OF_VIOL,PCF_VIOL_CATEGORY,PCF_VIOLATION,PCF_VIOL_SUBSECTION,HIT_AND_RUN,TYPE_OF_COLLISION,MVIW,PED_ACTION,ROAD_SURFACE,ROAD_COND_1,ROAD_COND_2,LIGHTING,CONTROL_DEVICE,CHP_ROAD_TYPE,PEDESTRIAN_ACCIDENT,BICYCLE_ACCIDENT,MOTORCYCLE_ACCIDENT,TRUCK_ACCIDENT,NOT_PRIVATE_PROPERTY,ALCOHOL_INVOLVED,STWD_VEHTYPE_AT_FAULT,CHP_VEHTYPE_AT_FAULT,COUNT_SEVERE_INJ,COUNT_VISIBLE_INJ,COUNT_COMPLAINT_PAIN,COUNT_PED_KILLED,COUNT_PED_INJURED,COUNT_BICYCLIST_KILLED,COUNT_BICYCLIST_INJURED,COUNT_MC_KILLED,COUNT_MC_INJURED,PRIMARY_RAMP,SECONDARY_RAMP,LATITUDE,LONGITUDE,COUNTY,CITY,POINT_X,POINT_Y
8580363,2018,2018-03-21,1942,2018-03-05,0300,1942,1023,1,5,7,1942,0,0,0,J,0,9A23,"TAMPA AV","KITTRIDGE ST",4.00,N,N,A,-,N,,,,,,,,,,,3,0,1,2,A,-,00,21590,A,N,G,B,B,A,H,-,C,A,0,Y,,,,Y,Y,A,01,0,1,0,0,1,0,0,0,0,"- ","- ",,,"LOS ANGELES","LOS ANGELES",-118.55345153808594,34.190582275390625
8580434,2018,2018-03-29,1942,2018-02-24,1630,43146,0281,6,5,7,1942,0,0,0,B,0,2A76,"S LAKE ST","12TH ST",0.00,,Y,A,-,N,,,,,,,,,,N,4,0,1,3,A,-,10,21950,A,M,B,B,E,A,H,-,A,D,0,Y,,,,Y,,-,99,0,0,1,0,1,0,0,0,0,"- ","- ",,,"LOS ANGELES","LOS ANGELES",-118.28285980224609,34.049301147460938
8581539,2018,2018-03-29,1942,2018-03-12,1250,39972,0142,1,5,7,1942,0,0,0,A,0,1A35,"5TH ST","GRAND AV",16.00,E,N,A,-,N,,,,,,,,,,N,4,0,2,2,A,-,10,21950,A,N,G,B,B,A,H,-,A,A,0,Y,Y,,,Y,,L,04,0,0,2,0,1,0,1,0,0,"- ","- ",,,"LOS ANGELES","LOS ANGELES",-118.29010772705078,33.739688873291016
8581544,2018,2018-03-30,1942,2018-03-13,1930,43069,0668,2,5,7,1942,0,0,0,F,0,20A39,"LEXINGTON AV","SAINT ANDREWS PL",9.00,W,N,A,-,N,,,,,,,,,,N,4,0,1,2,A,-,09,21802,A,N,A,B,B,A,H,-,C,A,0,Y,,,,Y,,A,01,0,0,1,0,1,0,0,0,0,"- ","- ",,,"LOS ANGELES","LOS ANGELES",-118.31093597412109,34.092769622802734
8581568,2018,2018-03-30,1942,2018-03-20,1220,39058,0645,2,5,7,1942,0,0,0,F,0,6A45,"HOLLYWOOD BL","ORANGE AV",315.00,E,N,A,-,N,,,,,,,,,,N,3,0,1,2,A,-,10,21950,A,N,G,B,C,A,H,-,A,A,0,Y,,,,Y,,A,01,0,1,0,0,1,0,0,0,0,"- ","- ",,,"LOS ANGELES","LOS ANGELES",-118.34068298339844,34.101551055908203
8584488,2018,2018-03-29,1942,2018-02-19,1905,39062,0233,1,5,7,1942,0,0,0,B,0,2A17,"3RD ST","LAFAYETTE PARK PL",240.00,W,N,A,-,N,,,,,,,,,,N,4,0,1,2,A,-,11,21954,A,N,G,B,-,A,H,-,A,D,0,Y,,,,Y,Y,-,"- ",0,0,1,0,1,0,0,0,0,"- ","- ",,,"LOS ANGELES","LOS ANGELES",-118.28134155273438,34.067363739013672
8584849,2018,2018-04-09,1942,2018-03-19,0755,42776,0407,1,5,7,1942,0,0,0,D,0,4A9,"PYRITES ST","TOPAZ ST",0.00,,Y,A,-,N,,,,,,,,,,N,4,0,2,3,A,-,09,21801,A,N,G,B,D,A,H,-,A,A,0,Y,,,,Y,,A,01,0,0,2,0,2,0,0,0,0,"- ","- ",,,"LOS ANGELES","LOS ANGELES",-118.19148254394531,34.083759307861328
8584884,2018,2018-04-10,1942,2018-03-26,1415,31814,0394,1,5,7,1942,0,0,0,C,0,3A73,"41ST PL","N ARLINGTON AV",0.00,,N,A,-,N,,,,,,,,,,N,2,0,1,2,A,-,03,22350,,N,G,B,D,A,H,-,A,A,0,Y,,,,Y,,A,01,1,0,0,0,1,0,0,0,0,"- ","- ",,,"LOS ANGELES","LOS ANGELES",-118.3182373046875,34.008991241455078
8585460,2018,2018-04-10,1942,2018-03-23,2030,42722,18,5,5,7,1942,0,0,0,R,0,18L90,"CENTURY BL","SUCCESS AV",2.00,W,N,A,-,N,,,,,,,,,,N,3,0,1,2,A,-,00,20015,A,F,G,B,B,A,H,-,C,D,0,Y,,,,Y,,-,"- ",0,1,0,0,1,0,0,0,0,"- ","- ",,,"LOS ANGELES","LOS ANGELES",-118.24915313720703,33.945610046386719
8585765,2018,2018-06-04,1942,2018-03-28,1020,42161,1483,3,5,7,1942,0,0,0,N,0,14A73,"REDLANDS ST","SARAN DR",176.00,E,N,A,-,N,,,,,,,,,,N,4,0,1,2,A,-,08,22107,,N,G,B,E,A,H,-,A,D,0,Y,,,Y,Y,,F,27,0,0,1,0,1,0,0,0,0,"- ","- ",,,"LOS ANGELES","LOS ANGELES",-118.43286895751953,33.958698272705078
8585785,2018,2018-05-02,1942,2018-01-08,2125,34458,0246,1,5,7,1942,0,0,0,B,0,24T31,"W 6TH ST","BONNIE BRAE AV",6.00,W,N,C,-,N,,,,,,,,,,N,3,0,1,2,A,-,11,21456,A,N,G,B,B,B,H,-,C,A,0,Y,,,,Y,,N,60,0,1,0,0,1,0,0,0,0,"- ","- ",,,"LOS ANGELES","LOS ANGELES",-118.27256774902344,34.058536529541016
8585947,2018,2018-04-11,1942,2018-03-29,0925,37966,0639,4,5,7,1942,0,0,0,F,0,6A49,"N KINGSLEY DR","FRANKLIN AV",520.00,S,N,A,-,N,,,,,,,,,,N,4,0,1,2,A,-,11,21956,A,N,G,B,E,A,H,-,A,D,0,Y,,,,Y,,N,60,0,0,1,0,1,0,0,0,0,"- ","- ",,,"LOS ANGELES","LOS ANGELES",-118.30349731445312,34.103973388671875
8585979,2018,2018-04-11,1942,2018-03-29,2105,42834,1431,4,5,7,1942,0,0,0,N,0,14A28,"PACIFIC AV","WINDWARD AV",0.00,,Y,A,-,N,,,,,,,,,,N,3,0,1,2,A,-,12,21453,A,N,G,B,B,A,H,-,C,A,0,Y,,,,Y,,A,01,0,1,0,0,1,0,0,0,0,"- ","- ",,,"LOS ANGELES","LOS ANGELES",-118.47228240966797,33.987720489501953
8586884,2018,2018-04-11,1942,2018-03-10,2100,41165,2039,6,5,7,1942,0,0,0,,0,20A39,"E 3RD ST","VIRGIL AV",0.00,,Y,C,-,N,,,,,,,,,,N,4,0,2,3,A,-,10,21950,A,F,G,B,B,B,G,-,C,A,0,Y,,,,Y,,-,99,0,0,2,0,2,0,0,0,0,"- ","- ",,,"LOS ANGELES","LOS ANGELES",-118.28681945800781,34.068981170654297
8586889,2018,2018-04-16,1942,2018-03-28,0930,43191,1669,3,5,7,1942,0,0,0,P,0,16A59,"TUJUNGA CANYON BL","ELMHURST DR",300.00,N,N,A,-,N,,,,,,,,,,N,3,0,1,2,A,-,11,21954,A,N,G,B,E,A,H,-,A,D,0,Y,,,,Y,,N,60,0,1,0,0,1,0,0,0,0,"- ","- ",,,"LOS ANGELES","LOS ANGELES",-118.27351379394531,34.241054534912109
8588340,2018,2018-03-30,1942,2018-03-14,0715,31814,0338,3,5,7,1942,0,0,0,C,0,3A57,"JEFFERSON BL","N BUDLONG",0.00,,N,A,-,N,,,,,,,,,,N,2,0,2,3,A,-,09,21453,B,N,-,B,B,-,H,-,A,A,0,Y,,,,Y,,A,07,2,0,0,0,2,0,0,0,0,"- ","- ",,,"LOS ANGELES","LOS ANGELES",-118.29588317871094,34.025520324707031
8588645,2018,2018-04-02,1942,2018-01-29,2240,39586,1309,1,5,7,1942,0,0,0,M,0,13A9,"ALAMEDA ST","7TH ST",30.00,W,N,A,-,N,,,,,,,,,,N,3,0,1,2,A,-,11,21954,A,F,G,B,E,A,H,-,C,A,0,Y,,,,Y,,N,60,0,1,0,0,1,0,0,0,0,"- ","- ",,,"LOS ANGELES","LOS ANGELES",,
8588670,2018,2018-04-02,1942,2018-03-15,1326,41809,0192,4,5,7,1942,0,0,0,A,0,,"BENIK PL","DHOPE ST",10.00,W,N,A,-,N,,,,,,,,,,N,4,0,1,2,A,-,10,21950,A,N,G,B,B,A,H,-,A,A,0,Y,,,,Y,,A,01,0,0,1,0,1,0,0,0,0,"- ","- ",,,"LOS ANGELES","LOS ANGELES",,
8588674,2018,2018-04-02,1942,2018-03-13,1950,35024,0122,2,5,7,1942,0,0,0,A,0,1A1,"TEMPLE ST","HILL ST",8.00,W,N,A,-,N,,,,,,,,,,N,3,0,1,2,A,-,10,21950,A,N,G,B,B,B,H,-,C,A,0,Y,,,,Y,,A,01,0,1,0,0,1,0,0,0,0,"- ","- ",,,"LOS ANGELES","LOS ANGELES",-118.2445068359375,34.056507110595703
8589073,2018,2018-04-10,1942,2018-03-17,0840,41179,1437,6,5,7,1942,0,0,0,N,0,14A27,"VENICE BL","MIDVALE AV",26.00,E,N,A,-,N,,,,,,,,,,N,3,0,1,2,A,-,10,21950,A,F,D,B,B,A,H,-,A,A,0,Y,,,,Y,,-,99,0,1,0,0,1,0,0,0,0,"- ","- ",,,"LOS ANGELES","LOS ANGELES",-118.41085815429688,34.016620635986328
8590495,2018,2018-04-10,1942,2018-03-02,2125,39022,0831,5,5,7,1942,0,0,0,H,0,,"SAN VICENTE BL","SALTAIR AV",2.00,E,N,B,-,N,,,,,,,,,,N,3,0,1,2,A,-,10,21950,A,N,G,B,B,B,H,-,C,A,0,Y,,,,Y,,A,01,0,1,0,0,1,0,0,0,0,"- ","- ",,,"LOS ANGELES","LOS ANGELES",-118.47297668457031,34.052249908447266
8590503,2018,2018-04-10,1942,2018-03-13,2105,43182,0857,2,5,7,1942,0,0,0,H,0,8A59,"W PICO BL","S DOHENY DR",0.00,,Y,B,-,N,,,,,,,,,,N,3,0,1,2,A,-,10,21950,A,N,G,B,B,A,H,-,C,A,0,Y,,,,Y,,A,01,0,1,0,0,1,0,0,0,0,"- ","- ",,,"LOS ANGELES","LOS ANGELES",-118.38996124267578,34.055259704589844
8592583,2018,2018-04-09,1942,2018-03-06,0745,37398,1144,2,5,7,1942,0,0,0,K,0,11A71,GLENDALE,BRIER,49.00,N,N,A,-,N,,,,,,,,,,N,4,0,1,2,B,-,22,,,N,C,B,F,A,H,-,A,D,0,Y,,,,Y,,A,01,0,0,1,0,1,0,0,0,0,"- ","- ",,,"LOS ANGELES","LOS ANGELES",-118.25923156738281,34.100284576416016
8592607,2018,2018-04-09,1942,2018-03-16,2020,42860,0449,5,5,7,1942,0,0,0,D,0,1A35,"MARENGO ST","TREMONT ST",359.00,W,N,C,-,N,,,,,,,,,,N,4,0,1,3,A,-,03,22350,,F,B,C,E,B,H,-,C,D,0,Y,,,,Y,,-,99,0,0,1,0,1,0,0,0,0,"- ","- ",,,"LOS ANGELES","LOS ANGELES",-118.19899749755859,34.054500579833984
8593024,2018,2018-04-11,1942,2018-02-18,1450,42451,1468,7,5,7,1942,0,0,0,N,0,20T56,"ALLIN ST","INGLEWOOD BL",135.00,E,N,A,-,N,,,,,,,,,,N,3,0,1,2,A,-,11,21954,A,F,G,B,E,A,H,-,A,D,0,Y,,,,Y,,N,60,0,1,0,0,1,0,0,0,0,"- ","- ",,,"LOS ANGELES","LOS ANGELES",-118.41290283203125,33.991668701171875
8594943,2018,2018-04-23,1942,2018-04-06,2305,41198,0957,5,5,7,1942,0,0,0,I,0,9A63,"WOODMAN AV","CHANDLER BL",0.00,,Y,A,-,N,,,,,,,,,,N,3,0,1,2,A,-,10,21950,A,N,G,B,B,A,H,-,C,A,0,Y,,,,Y,,A,07,0,1,0,0,1,0,0,0,0,"- ","- ",,,"LOS ANGELES","LOS ANGELES",-118.43125152587891,34.168560028076172
8595092,2018,2018-04-25,1942,2018-02-11,0950,30380,0111,7,5,7,1942,0,0,0,A,0,1A1,"NORTH GRAND AV","WEST ALPINE ST",0.00,,Y,A,-,N,,,,,,,,,,N,3,0,1,2,A,-,10,21950,A,N,G,B,B,A,H,-,A,A,0,Y,,,,Y,Y,A,01,0,1,0,0,1,0,0,0,0,"- ","- ",,,"LOS ANGELES","LOS ANGELES",-118.24342346191406,34.063510894775391
8596873,2018,2018-04-17,1942,2018-03-29,2040,40606,0269,4,5,7,1942,0,0,0,B,0,2A75,"8TH ST","GREEN AV",0.00,,Y,A,-,N,,,,,,,,,,N,4,0,1,2,A,-,10,21950,,N,G,B,B,A,H,-,C,D,0,Y,,,,Y,,A,01,0,0,1,0,1,0,0,0,0,"- ","- ",,,"LOS ANGELES","LOS ANGELES",-118.27104187011719,34.051738739013672
8596912,2018,2018-04-17,1942,2018-02-07,0925,37611,0195,3,5,7,1942,0,0,0,A,0,1A85,"18TH ST","GEORGIA ST",175.00,E,N,A,-,N,,,,,,,,,,N,3,0,1,2,A,-,11,21955,,N,G,B,D,A,H,-,A,D,0,Y,,,,Y,,N,60,0,1,0,0,1,0,0,0,0,"- ","- ",,,"LOS ANGELES","LOS ANGELES",-118.27278137207031,34.036067962646484
8598986,2018,2018-05-01,1942,2018-03-15,1730,42516,1394,4,5,7,1942,0,0,0,M,0,013,"MAIN ST","69TH ST",0.00,S,N,A,-,N,,,,,,,,,,N,3,0,1,2,A,-,"- ",,,N,G,B,D,A,H,-,B,D,0,Y,,,,Y,,-,99,0,1,0,0,1,0,0,0,0,"- ","- ",,,"LOS ANGELES","LOS ANGELES",-118.27394104003906,33.977359771728516
8599212,2018,2019-02-14,1942,2018-04-09,1015,40398,1025,1,5,7,1942,0,0,0,J,0,10A21,"SHERMAN WY","ETIWANDA AV",0.00,,Y,A,-,N,,,,,,,,,,N,1,1,0,2,A,-,10,21950,A,N,G,B,B,A,H,-,A,A,0,Y,,,,Y,,D,22,0,0,0,1,0,0,0,0,0,"- ","- ",,,"LOS ANGELES","LOS ANGELES",-118.53167724609375,34.201179504394531
8599326,2018,2018-04-25,1942,2018-03-26,1530,40099,0489,1,5,7,1942,0,0,0,D,0,4A97,"S FRESNO ST","8TH ST",5.00,W,N,A,-,N,,,,,,,,,,N,4,0,1,3,A,-,03,22350,,F,B,E,F,A,H,-,A,D,0,Y,,,,Y,,-,99,0,0,1,0,1,0,0,0,0,"- ","- ",,,"LOS ANGELES","LOS ANGELES",-118.20944976806641,34.023681640625
8599338,2018,2018-04-25,1942,2018-03-21,1855,41629,0471,3,5,7,1942,0,0,0,D,0,4A71,"MYERS ST","JESSE ST",48.00,S,N,A,-,N,,,,,,,,,,Y,3,0,1,3,A,-,03,22350,,F,B,C,F,A,H,-,C,D,0,Y,,,,Y,,-,99,0,1,0,0,1,0,0,0,0,"- ","- ",,,"LOS ANGELES","LOS ANGELES",-118.22525787353516,34.036422729492188
8602206,2018,2018-05-16,1942,2018-04-29,2115,37876,1268,7,5,7,1942,0,0,0,L,0,12A53,"81ST ST","MAIN ST",540.00,W,N,A,-,N,,,,,,,,,,N,2,0,1,2,A,-,11,21954,A,N,G,B,D,A,H,-,C,D,0,Y,,,,Y,,N,60,1,0,0,0,1,0,0,0,0,"- ","- ",,,"LOS ANGELES","LOS ANGELES",-118.27390289306641,33.966201782226562
8602226,2018,2018-05-16,1942,2018-04-27,1815,39073,1273,5,5,7,1942,0,0,0,L,0,12X18,MANCHESTER,CIMARRON,20.00,W,N,A,-,N,,,,,,,,,,N,4,0,1,2,A,-,11,21954,A,M,G,B,C,A,H,-,B,D,0,Y,,,,Y,,N,60,0,0,1,0,1,0,0,0,0,"- ","- ",,,"LOS ANGELES","LOS ANGELES",-118.31620788574219,33.9599609375
8603313,2018,2018-05-03,1942,2018-03-14,2355,42416,0835,3,5,7,1942,0,0,0,H,0,8A35,"SANTA MONICA BL","WESTWOOD BL",0.00,,Y,C,-,N,,,,,,,,,,N,4,0,1,2,A,-,10,21950,A,N,G,B,B,B,H,-,C,A,0,Y,,,,Y,,A,01,0,0,1,0,1,0,0,0,0,"- ","- ",,,"LOS ANGELES","LOS ANGELES",-118.43698120117188,34.049819946289062
8605086,2018,2018-05-14,1942,2018-03-22,0945,32198,0778,4,5,7,1942,0,0,0,G,0,7A21,"WASHINGTON BL","E 10TH AV",16.00,W,N,C,-,N,,,,,,,,,,N,4,0,1,2,A,-,10,21950,A,N,A,B,B,B,H,-,A,A,0,Y,,,,Y,,A,01,0,0,1,0,1,0,0,0,0,"- ","- ",,,"LOS ANGELES","LOS ANGELES",-118.32674407958984,34.039878845214844
8605208,2018,2018-05-15,1942,2018-04-16,1630,34426,0111,1,5,7,1942,0,0,0,A,0,1A1,"ORD ST","HILL ST",0.00,,Y,A,-,N,,,,,,,,,,N,3,0,1,2,A,-,10,21950,A,N,G,B,B,A,H,-,A,A,0,Y,,,,Y,,A,01,0,1,0,0,1,0,0,0,0,"- ","- ",,,"LOS ANGELES","LOS ANGELES",-118.24049377441406,34.060741424560547
8605603,2018,2018-05-08,1942,2018-04-18,0915,42470,0839,3,5,7,1942,0,0,0,H,0,8A95,"CENTURY PARK WEST","CONSTELLATION BL",10.00,N,N,A,-,N,,,,,,,,,,N,3,0,1,2,A,-,10,21950,A,N,G,B,B,A,H,-,A,A,0,Y,,,,Y,,A,01,0,1,0,0,1,0,0,0,0,"- ","- ",,,"LOS ANGELES","LOS ANGELES",-118.41905975341797,34.056541442871094
8606024,2018,2018-05-15,1942,2018-04-23,2005,40730,0159,1,5,7,1942,0,0,0,A,0,1A29,"7TH ST","DECATUR ST",37.00,W,N,A,-,N,,,,,,,,,,N,3,0,1,2,A,-,11,21954,A,F,G,B,D,A,H,-,C,A,0,Y,,,,Y,,N,60,0,1,0,0,1,0,0,0,0,"- ","- ",,,"LOS ANGELES","LOS ANGELES",-118.23516845703125,34.034759521484375
8606032,2018,2018-05-15,1942,2018-04-25,1745,39730,0376,3,5,7,1942,0,0,0,C,0,3A18,"WESTERN AV","KING BL",100.00,S,N,A,-,N,,,,,,,,,,N,3,0,1,2,A,-,21,22106,,N,C,B,F,A,H,-,A,D,0,Y,,,,Y,,A,01,0,1,0,0,1,0,0,0,0,"- ","- ",,,"LOS ANGELES","LOS ANGELES",,
8606094,2018,2018-05-14,1942,2018-02-16,0730,38050,0241,5,5,7,1942,0,0,0,B,0,2A45,"S LA FAYETTE PARK PL","6TH ST",560.00,N,N,A,-,N,,,,,,,,,,N,3,0,1,2,A,-,11,21955,,N,G,B,D,A,H,-,A,D,0,Y,,,,Y,,N,60,0,1,0,0,1,0,0,0,0,"- ","- ",,,"LOS ANGELES","LOS ANGELES",-118.28223419189453,34.064556121826172
8607638,2018,2018-05-17,1942,2018-04-28,2200,40634,2118,6,5,7,1942,0,0,0,,0,21A29,"ROSCOE BL","WINNETKA AV",60.00,W,N,A,-,N,,,,,,,,,,N,3,0,1,2,A,-,11,21954,A,N,G,B,D,A,H,-,C,A,0,Y,,,,Y,Y,N,60,0,1,0,0,1,0,0,0,0,"- ","- ",,,"LOS ANGELES","LOS ANGELES",-118.57125091552734,34.220245361328125
8607806,2018,2018-05-17,1942,2018-04-16,0550,35116,1944,1,5,7,1942,0,0,0,,0,19A43,"LAUREL CANYON BL","CHAMBERLAIN ST",0.00,,Y,A,-,N,,,,,,,,,,N,3,0,1,2,A,-,03,22350,,N,G,B,B,A,H,-,A,A,0,Y,,,,Y,,A,07,0,1,0,0,1,0,0,0,0,"- ","- ",,,"LOS ANGELES","LOS ANGELES",-118.44345092773438,34.2694091796875
8608938,2018,2018-05-11,1942,2018-04-07,1445,34374,1494,6,5,7,1942,0,0,0,N,0,14FBL8,"WORLD WY","CENTER WY",0.00,,-,A,-,N,,,,,,,,,,N,3,0,1,3,A,-,17,22517,,N,G,B,E,A,H,-,A,D,0,Y,,,,Y,,N,60,0,1,0,0,1,0,0,0,0,"- ","- ",,,"LOS ANGELES","LOS ANGELES",-118.39868927001953,33.944370269775391
8610305,2018,2018-05-03,1942,2018-04-14,2115,42051,0923,6,5,7,1942,0,0,0,I,0,9A23,"VAN NUYS BL","HAMLIN ST",10.00,S,N,A,-,N,,,,,,,,,,N,3,0,1,2,A,-,11,21453,D,N,G,B,B,A,H,-,C,A,0,Y,,,,Y,,N,60,0,1,0,0,1,0,0,0,0,"- ","- ",,,"LOS ANGELES","LOS ANGELES",-118.44873809814453,34.188632965087891
8612196,2018,2018-04-26,1942,2018-04-14,1015,42118,1822,6,5,7,1942,0,0,0,R,0,18A17,"MAIN ST","COLDEN AV",100.00,N,N,A,-,N,,,,,,,,,,Y,3,0,2,4,A,-,03,22350,,N,B,E,E,A,H,-,A,D,0,Y,,,,Y,,A,07,0,2,0,0,2,0,0,0,0,"- ","- ",,,"LOS ANGELES","LOS ANGELES",-118.27388763427734,33.949462890625
8613186,2018,2018-05-03,1942,2018-03-06,1040,39436,2029,2,5,7,1942,0,0,0,,0,20A39,"VIRGIL AV","6TH ST",0.00,,Y,A,-,N,,,,,,,,,,Y,3,0,3,4,A,-,09,21801,A,N,D,C,F,A,H,-,A,A,0,Y,,,,Y,,A,01,0,2,1,0,1,0,0,0,0,"- ","- ",,,"LOS ANGELES","LOS ANGELES",-118.28704833984375,34.063728332519531
8614286,2018,2018-04-27,1942,2018-04-13,0625,42450,1263,5,5,7,1942,0,0,0,L,0,12A69,"MANCHESTER AV","SAINT ANDREWS PL",0.00,,Y,B,-,N,,,,,,,,,,N,2,0,1,2,A,-,03,22350,,F,G,B,D,A,H,-,A,D,0,Y,,,,Y,,-,99,1,0,0,0,1,0,0,0,0,"- ","- ",,,"LOS ANGELES","LOS ANGELES",-118.31120300292969,33.9599609375
8616153,2018,2018-05-17,1942,2018-03-07,2145,39062,0217,3,5,7,1942,0,0,0,B,0,2A17,"GLENDALE BL","MONTROSE ST",0.00,,Y,A,-,N,,,,,,,,,,N,3,0,1,2,A,-,11,21954,A,N,G,B,D,A,H,-,C,D,0,Y,,,,Y,,N,60,0,1,0,0,1,0,0,0,0,"- ","- ",,,"LOS ANGELES","LOS ANGELES",-118.26162719726562,34.075328826904297
8616770,2018,2018-05-15,1942,2018-03-22,1935,41203,0834,4,5,7,1942,0,0,0,H,0,8X99,"FAIRBURN AV","KINNARD AV",0.00,,Y,C,-,N,,,,,,,,,,N,4,0,1,2,A,-,12,22450,,N,G,B,B,B,H,-,C,D,0,Y,,,,Y,,A,01,0,0,1,0,1,0,0,0,0,"- ","- ",,,"LOS ANGELES","LOS ANGELES",-118.42946624755859,34.057441711425781
8616794,2018,2018-05-15,1942,2018-03-29,2000,37511,0764,4,5,7,1942,0,0,0,G,0,7T23,"PICO BL","REDONDO BL",135.00,E,N,A,-,N,,,,,,,,,,N,3,0,1,2,A,-,11,21954,A,F,G,B,D,A,H,-,C,D,0,Y,,,,Y,,N,60,0,1,0,0,1,0,0,0,0,"- ","- ",,,"LOS ANGELES","LOS ANGELES",-118.34883880615234,34.047962188720703
8617282,2018,2018-05-23,1942,2018-04-26,2020,37511,0713,4,5,7,1942,0,0,0,G,0,7T23,"OAKWOOD AV","CURSON AV",5.00,E,N,A,-,N,,,,,,,,,,N,4,0,1,2,A,-,10,21950,A,N,G,B,B,A,H,-,C,A,0,Y,,,,Y,,A,01,0,0,1,0,1,0,0,0,0,"- ","- ",,,"LOS ANGELES","LOS ANGELES",-118.35529327392578,34.078220367431641
8617342,2018,2018-06-05,1942,2018-04-08,2005,42981,0719,7,5,7,1942,0,0,0,G,0,7A33W3,"ROSSMORE AV","BEVERLY BL",20.00,N,N,A,-,N,,,,,,,,,,N,4,0,1,2,A,-,04,21703,,F,G,C,E,A,H,-,B,A,0,Y,,,,Y,,N,60,0,0,1,0,0,0,0,0,0,"- ","- ",,,"LOS ANGELES","LOS ANGELES",-118.32719421386719,34.076133728027344
8619035,2018,2018-05-21,1942,2018-04-27,2040,42874,1749,5,5,7,1942,0,0,0,Q,0,0W3,"DEVONSHIRE BL","WOODLEY AV",350.00,W,N,A,-,N,,,,,,,,,,N,4,0,1,5,A,-,11,21954,A,N,C,C,E,A,H,-,C,D,0,Y,,,,Y,,N,60,0,0,1,0,0,0,0,0,0,"- ","- ",,,"LOS ANGELES","LOS ANGELES",-118.48599243164062,34.257419586181641
8619468,2018,2018-05-23,1942,2018-05-08,0730,39410,1621,2,5,7,1942,0,0,0,P,0,9T53W3,"HADDON AV","VAN NUYS BL",300.00,N,N,A,-,N,,,,,,,,,,N,3,0,1,2,A,-,10,21954,B,F,G,B,D,A,H,-,C,D,0,Y,,,,Y,,-,99,0,1,0,0,1,0,0,0,0,"- ","- ",,,"LOS ANGELES","LOS ANGELES",-118.42949676513672,34.261810302734375
8619690,2018,2018-05-23,1942,2018-04-22,1735,41785,1469,7,5,7,1942,0,0,0,N,0,14A56,"KNOWLTON ST","KNOWLTON PL",17.00,W,N,A,-,N,,,,,,,,,,N,3,0,1,2,A,-,11,21955,,N,G,B,D,A,H,-,A,D,0,Y,,,,Y,,A,01,0,1,0,0,1,0,0,0,0,"- ","- ",,,"LOS ANGELES","LOS ANGELES",-118.37135314941406,33.975051879882812
8619710,2018,2018-05-25,1942,2018-04-30,1900,35285,1487,1,5,7,1942,0,0,0,N,0,14A58,"HOWARD B DROLLINGER WY","SEPULVEDA BL",70.00,W,N,A,-,N,,,,,,,,,,N,4,0,1,2,A,-,11,21955,,N,G,B,D,A,H,-,A,D,0,Y,,,,Y,,N,60,0,0,1,0,1,0,0,0,0,"- ","- ",,,"LOS ANGELES","LOS ANGELES",,
8619750,2018,2018-05-23,1942,2018-04-13,1915,36504,1431,5,5,7,1942,0,0,0,N,0,14A11,"HORIZON AV",SPEEDWAY,90.00,W,N,B,-,N,,,,,,,,,,N,3,0,2,2,A,-,11,21954,A,N,B,B,D,A,H,-,C,D,0,Y,,Y,,Y,Y,N,60,0,1,1,0,1,0,0,0,1,"- ","- ",,,"LOS ANGELES","LOS ANGELES",-118.47445678710938,33.988044738769531
8621100,2018,2018-05-23,1942,2018-04-16,1620,33648,1431,1,5,7,1942,0,0,0,N,0,14A25,"MARKET ST","PACIFIC AV",56.00,W,N,A,-,N,,,,,,,,,,N,4,0,1,2,C,-,18,,,N,G,B,E,A,H,-,A,D,0,Y,,,,Y,,-,"- ",0,0,1,0,1,0,0,0,0,"- ","- ",,,"LOS ANGELES","LOS ANGELES",-118.47289276123047,33.988208770751953