CASE_ID,ACCIDENT_YEAR,PROC_DATE,JURIS,COLLISION_DATE,COLLISION_TIME,OFFICER_ID,REPORTING_DISTRICT,DAY_OF_WEEK,CHP_SHIFT,POPULATION,CNTY_CITY_LOC,SPECIAL_COND,BEAT_TYPE,CHP_BEAT_TYPE,CITY_DIVISION_LAPD,CHP_BEAT_CLASS,BEAT_NUMBER,PRIMARY_RD,SECONDARY_RD,DISTANCE,DIRECTION,INTERSECTION,WEATHER_1,WEATHER_2,STATE_HWY_IND,CALTRANS_COUNTY,CALTRANS_DISTRICT,STATE_ROUTE,ROUTE_SUFFIX,POSTMILE_PREFIX,POSTMILE,LOCATION_TYPE,RAMP_INTERSECTION,SIDE_OF_HWY,TOW_AWAY,COLLISION_SEVERITY,NUMBER_KILLED,NUMBER_INJURED,PARTY_COUNT,PRIMARY_COLL_FACTOR,PCF_CODE_OF_VIOL,PCF_VIOL_CATEGORY,PCF_VIOLATION,PCF_VIOL_SUBSECTION,HIT_AND_RUN,TYPE_OF_COLLISION,MVIW,PED_ACTION,ROAD_SURFACE,ROAD_COND_1,ROAD_COND_2,LIGHTING,CONTROL_DEVICE,CHP_ROAD_TYPE,PEDESTRIAN_ACCIDENT,BICYCLE_ACCIDENT,MOTORCYCLE_ACCIDENT,TRUCK_ACCIDENT,NOT_PRIVATE_PROPERTY,ALCOHOL_INVOLVED,STWD_VEHTYPE_AT_FAULT,CHP_VEHTYPE_AT_FAULT,COUNT_SEVERE_INJ,COUNT_VISIBLE_INJ,COUNT_COMPLAINT_PAIN,COUNT_PED_KILLED,COUNT_PED_INJURED,COUNT_BICYCLIST_KILLED,COUNT_BICYCLIST_INJURED,COUNT_MC_KILLED,COUNT_MC_INJURED,PRIMARY_RAMP,SECONDARY_RAMP,LATITUDE,LONGITUDE,COUNTY,CITY,POINT_X,POINT_Y
8621115,2018,2018-05-22,1942,2018-04-28,1210,43252,376,6,5,7,1942,0,0,0,,0,3A99,"EXPOSITION BL","S WESTERN AV",0.00,,Y,A,-,N,,,,,,,,,,N,3,0,1,2,A,-,10,21950,A,N,G,B,C,A,A,-,A,A,0,Y,,,,Y,,-,,0,1,0,0,1,0,0,0,0,"- ","- ",,,"LOS ANGELES","LOS ANGELES",-118.30892181396484,34.018459320068359
8621505,2018,2019-01-16,1942,2018-05-09,1820,38386,1637,3,5,7,1942,0,0,0,P,0,16X78,"FOOTHILL BL","RHODESIA AV",8.00,E,N,A,-,N,,,,,,,,,,N,4,0,1,2,A,-,10,21950,,F,-,-,-,A,H,-,A,-,0,Y,,,,Y,,-,99,0,0,1,0,1,0,0,0,0,"- ","- ",,,"LOS ANGELES","LOS ANGELES",-118.30788421630859,34.259658813476562
8623731,2018,2018-05-30,1942,2018-05-12,1045,36238,1303,6,5,7,1942,0,0,0,M,0,13A13,"MAPLE ST","12TH ST",25.00,N,N,B,-,N,,,,,,,,,,N,4,0,1,2,A,-,11,21954,A,F,G,B,E,B,H,-,A,D,0,Y,,,,Y,,N,60,0,0,1,0,1,0,0,0,0,"- ","- ",,,"LOS ANGELES","LOS ANGELES",-118.25628662109375,34.035728454589844
8623739,2018,2018-05-30,1942,2018-05-08,1253,38050,1181,2,5,7,1942,0,0,0,K,0,11A71,"N ALVARADO ST","SUNSET BL",15.00,N,N,A,-,N,,,,,,,,,,N,2,0,1,2,A,-,11,21456,B,N,G,B,B,A,H,-,A,A,0,Y,,,,Y,,N,60,1,0,0,0,1,0,0,0,0,"- ","- ",,,"LOS ANGELES","LOS ANGELES",-118.26345825195312,34.077655792236328
8624022,2018,2018-05-22,1942,2018-04-29,2240,43203,1127,7,5,7,1942,0,0,0,K,0,11A25,"MERIDIAN ST","FIGUEROA ST",0.00,,Y,A,-,N,,,,,,,,,,N,3,0,1,2,A,-,11,21456,B,N,G,B,B,A,H,-,C,A,0,Y,,,,Y,,N,60,0,1,0,0,1,0,0,0,0,"- ","- ",,,"LOS ANGELES","LOS ANGELES",-118.18372344970703,34.120151519775391
8624328,2018,2018-05-31,1942,2018-05-08,1500,39292,0521,2,5,7,1942,0,0,0,E,0,5A55,"GAFFEY ST","N GATUN ST",50.00,N,N,A,-,N,,,,,,,,,,N,4,0,1,2,A,-,11,21954,A,N,G,B,D,A,H,-,A,D,0,Y,,,,Y,,N,60,0,0,1,0,1,0,0,0,0,"- ","- ",,,"LOS ANGELES","LOS ANGELES",-118.29237365722656,33.757904052734375
8624485,2018,2018-06-06,1942,2018-05-16,0930,41629,1307,3,5,7,1942,0,0,0,M,0,13A9,"CROCKER ST","8TH ST",147.00,S,N,A,-,N,,,,,,,,,,N,2,0,1,2,A,-,11,21956,A,N,G,B,E,A,H,-,A,D,0,Y,,,,Y,Y,N,60,1,0,0,0,1,0,0,0,0,"- ","- ",,,"LOS ANGELES","LOS ANGELES",-118.24835205078125,34.037799835205078
8624964,2018,2018-06-29,1942,2018-05-26,2255,41669,1162,6,5,7,1942,0,0,0,K,0,11A51,"SUNSET BL","FOUNTAIN AV",20.00,N,N,A,-,N,,,,,,,,,,N,3,0,1,2,A,-,10,21950,A,N,A,B,B,A,H,-,C,A,0,Y,,,,Y,,A,01,0,1,0,0,1,0,0,0,0,"- ","- ",,,"LOS ANGELES","LOS ANGELES",-118.28416442871094,34.095859527587891
8625037,2018,2018-07-03,1942,2018-06-04,1145,42004,1258,1,5,7,1942,0,0,0,L,0,12A83,"SAN PEDRO ST","76TH ST",5.00,S,N,A,-,N,,,,,,,,,,N,4,0,1,2,A,-,11,21954,A,N,A,B,-,A,H,-,A,A,0,Y,,,,Y,,A,01,0,0,1,0,1,0,0,0,0,"- ","- ",,,"LOS ANGELES","LOS ANGELES",-118.26956176757812,33.971294403076172
8625707,2018,2018-06-08,1942,2018-05-09,2020,41921,0564,3,5,7,1942,0,0,0,E,0,5A25,"1ST ST","PACIFIC AV",0.00,E,N,A,-,N,,,,,,,,,,N,4,0,1,2,A,-,11,21954,A,N,G,B,D,A,H,-,C,D,0,Y,,,,Y,,N,60,0,0,1,0,1,0,0,0,0,"- ","- ",,,"LOS ANGELES","LOS ANGELES",-118.28788757324219,33.743320465087891
8625869,2018,2018-05-30,1942,2018-04-17,2300,43208,2033,2,5,7,1942,0,0,0,,0,20A71,WILSHIRE,"OXFORD AV",15.00,W,N,A,-,N,,,,,,,,,,,3,0,1,2,A,-,11,21456,B,N,G,B,B,A,H,-,C,A,0,Y,,,,Y,,N,60,0,1,0,0,1,0,0,0,0,"- ","- ",,,"LOS ANGELES","LOS ANGELES",-118.30787658691406,34.061698913574219
8626031,2018,2018-06-04,1942,2018-05-16,0715,26319,1641,3,5,7,1942,0,0,0,P,0,16A23,"VAN NUYS BL","LAUREL CANYON BL",0.00,,Y,A,-,N,,,,,,,,,,N,4,0,1,2,A,-,10,21950,A,F,G,B,B,A,H,-,A,A,0,Y,,,,Y,,-,99,0,0,1,0,1,0,0,0,0,"- ","- ",,,"LOS ANGELES","LOS ANGELES",-118.43209838867188,34.2587890625
8626500,2018,2018-06-06,1942,2018-05-16,0005,37900,0668,3,5,7,1942,0,0,0,F,0,6A79,"N WESTERN AV","FOUNTAIN AV",0.00,,Y,A,-,N,,,,,,,,,,N,3,0,1,3,A,-,11,21456,B,F,G,B,B,A,H,-,C,A,0,Y,,,,Y,,N,60,0,1,0,0,1,0,0,0,0,"- ","- ",,,"LOS ANGELES","LOS ANGELES",-118.30919647216797,34.094879150390625
8626505,2018,2018-06-04,1942,2018-04-28,1650,42236,0802,6,5,7,1942,0,0,0,H,0,8A1,"MONUMENT ST","BASHFORD ST",18.00,N,N,A,-,N,,,,,,,,,,N,4,0,1,3,A,-,21,22106,,N,H,E,E,A,H,-,A,D,0,Y,,,,Y,,A,07,0,0,1,0,1,0,0,0,0,"- ","- ",,,"LOS ANGELES","LOS ANGELES",-118.52422332763672,34.046958923339844
8626509,2018,2018-06-04,1942,2018-04-26,1805,39142,0841,4,5,7,1942,0,0,0,H,0,8A98,"SANTA MONICA BL","BROCKTON AV",45.00,N,N,A,-,N,,,,,,,,,,N,3,0,1,2,A,-,09,21801,A,N,G,B,B,A,H,-,A,D,0,Y,,,,Y,,A,01,0,1,0,0,1,0,0,0,0,"- ","- ",,,"LOS ANGELES","LOS ANGELES",-118.46117401123047,34.041481018066406
8627352,2018,2018-06-05,1942,2018-05-15,1105,40237,0138,2,5,7,1942,0,0,0,A,0,1X32,"LOS ANGELES ST","BOYD ST",0.00,,Y,A,-,N,,,,,,,,,,N,4,0,1,2,A,-,10,21950,A,N,G,B,B,A,H,-,A,A,0,Y,,,,Y,,A,01,0,0,1,0,1,0,0,0,0,"- ","- ",,,"LOS ANGELES","LOS ANGELES",-118.245361328125,34.047870635986328
8628034,2018,2018-06-07,1942,2018-05-01,1815,36240,1124,2,5,7,1942,0,0,0,K,0,11A42,"FLETCHER DR","AVE 32",0.00,,Y,A,-,N,,,,,,,,,,N,3,0,1,2,A,-,11,21954,A,N,G,B,D,A,H,-,A,D,0,Y,,,,Y,,N,60,0,1,0,0,1,0,0,0,0,"- ","- ",,,"LOS ANGELES","LOS ANGELES",-118.24349212646484,34.116508483886719
8628190,2018,2018-06-13,1942,2018-05-23,1515,36460,0152,3,5,7,1942,0,0,0,A,0,1A41,"W 6TH ST","GRAND AV",25.00,E,N,A,-,N,,,,,,,,,,N,3,0,1,2,A,-,10,21950,,N,G,-,D,A,H,-,A,A,0,Y,,,,Y,,N,60,0,1,0,0,1,0,0,0,0,"- ","- ",,,"LOS ANGELES","LOS ANGELES",-118.29007720947266,33.738780975341797
8628681,2018,2018-06-13,1942,2018-05-26,1830,43174,0722,6,5,7,1942,0,0,0,G,0,7A22,"SOUTH KINGS RD","3RD ST",0.00,,Y,A,-,N,,,,,,,,,,N,2,0,1,2,A,-,10,21950,A,N,G,B,D,A,H,-,A,A,0,Y,,,,Y,,A,01,1,0,0,0,1,0,0,0,0,"- ","- ",,,"LOS ANGELES","LOS ANGELES",-118.37216186523438,34.072910308837891
8629187,2018,2018-06-19,1942,2018-05-25,2200,42532,1007,5,5,7,1942,0,0,0,J,0,10A17,"SATICOY ST","BALBOA BL",0.00,,Y,A,-,N,,,,,,,,,,N,4,0,1,2,A,-,10,21950,A,N,G,B,B,A,H,-,C,A,0,Y,,,,Y,,A,01,0,0,1,0,1,0,0,0,0,"- ","- ",,,"LOS ANGELES","LOS ANGELES",-118.50115966796875,34.208419799804688
8629866,2018,2018-06-07,1942,2018-05-16,2135,41859,0773,3,5,7,1942,0,0,0,G,0,7A47,"WASHINGTON BL","RIDGELEY DR",13.00,W,N,A,-,N,,,,,,,,,,N,4,0,1,2,A,-,11,21954,A,N,G,B,D,A,H,-,-,A,0,Y,,,,Y,,N,60,0,0,1,0,1,0,0,0,0,"- ","- ",,,"LOS ANGELES","LOS ANGELES",-118.35899353027344,34.039802551269531
8629968,2018,2018-06-05,1942,2018-04-03,1800,41865,HWY,2,5,7,1942,0,0,0,,0,6A76,"CAHUENGA BL","CAHUENGA TER",0.00,,Y,A,-,N,,,,,,,,,,N,3,0,1,2,A,-,11,21954,A,N,G,B,E,A,-,-,A,D,0,Y,,,,Y,Y,N,60,0,1,0,0,1,0,0,0,0,"- ","- ",,,"LOS ANGELES","LOS ANGELES",-118.33528137207031,34.112159729003906
8630220,2018,2018-05-31,1942,2018-05-12,1255,33523,0256,6,5,7,1942,0,0,0,B,0,19A47,"UNION AV","6TH ST",0.00,,Y,A,-,N,,,,,,,,,,N,4,0,1,2,A,-,10,21950,,N,G,B,B,A,H,-,A,A,0,Y,,,,Y,,-,,0,0,1,0,1,0,0,0,0,"- ","- ",,,"LOS ANGELES","LOS ANGELES",-118.26986694335938,34.057308197021484
8630330,2018,2018-06-05,1942,2018-05-04,1305,39111,1176,5,5,7,1942,0,0,0,K,0,11A37,"RIVERSIDE DR",ALTMAN,50.00,N,N,A,-,N,,,,,,,,,,N,4,0,1,2,A,-,03,22350,,F,H,B,E,-,H,-,A,-,0,Y,,,,Y,,-,99,0,0,1,0,1,0,0,0,0,"- ","- ",,,"LOS ANGELES","LOS ANGELES",-118.23918914794922,34.091320037841797
8630860,2018,2018-06-06,1942,2018-05-14,1200,32973,1124,1,5,7,1942,0,0,0,K,0,11A89,"FLETCHER DR","AVENUE 34",147.00,N,N,A,-,N,,,,,,,,,,N,3,0,1,2,A,-,11,21954,A,N,G,B,D,A,H,-,A,A,0,Y,,,,Y,,N,60,0,1,0,0,1,0,0,0,0,"- ","- ",,,"LOS ANGELES","LOS ANGELES",-118.24006652832031,34.118877410888672
8631787,2018,2018-06-06,1942,2018-05-19,2005,41856,0789,6,5,7,1942,0,0,0,G,0,,"6TH AV","WASHINGTON BL",14.00,S,N,A,-,N,,,,,,,,,,Y,3,0,2,2,A,-,01,23152,A,N,G,B,F,A,H,-,C,A,0,Y,,,,Y,Y,A,01,0,2,0,0,1,0,0,0,0,"- ","- ",,,"LOS ANGELES","LOS ANGELES",-118.32366943359375,34.039852142333984
8632693,2018,2018-06-13,1942,2018-05-26,0745,39145,2115,6,5,7,1942,0,0,0,,0,21A1,"OWENSMOUTH AV","STRATHERN ST",150.00,N,N,A,-,N,,,,,,,,,,N,2,0,1,2,A,-,03,22350,,F,G,B,E,A,H,-,A,D,0,Y,,,,Y,,-,,1,0,0,0,1,0,0,0,0,"- ","- ",,,"LOS ANGELES","LOS ANGELES",-118.60163879394531,34.215950012207031
8633971,2018,2018-06-08,1942,2018-05-27,1000,42309,2156,7,5,7,1942,0,0,0,,0,21A57,"TOPANGA CANYON BL","VICTORY BL",230.00,S,N,B,-,N,,,,,,,,,,N,3,0,1,2,C,-,18,,,N,B,B,D,A,H,-,A,D,0,Y,,,,Y,,-,"- ",0,1,0,0,1,0,0,0,0,"- ","- ",,,"LOS ANGELES","LOS ANGELES",-118.60588836669922,34.186290740966797
8634374,2018,2018-06-21,1942,2018-04-14,2358,43117,1383,6,5,7,1942,0,0,0,M,0,4A9W3,"WEST 59TH PL","SOUTH BROADWAY",0.00,,Y,A,-,N,,,,,,,,,,N,4,0,1,3,A,-,03,22350,,F,G,B,B,A,-,-,C,A,0,Y,,,,Y,,-,"- ",0,0,1,0,1,0,0,0,0,"- ","- ",,,"LOS ANGELES","LOS ANGELES",-118.27828979492188,33.986000061035156
8634420,2018,2018-06-12,1942,2018-05-29,1730,39123,0566,2,5,7,1942,0,0,0,E,0,5X66,"PACIFIC AV","9TH ST",0.00,,Y,A,-,N,,,,,,,,,,N,4,0,1,2,A,-,10,21950,A,N,A,B,B,A,H,-,A,A,0,Y,,,,Y,,A,01,0,0,1,0,1,0,0,0,0,"- ","- ",,,"LOS ANGELES","LOS ANGELES",-118.28793334960938,33.736038208007812
8634433,2018,2018-06-13,1942,2018-05-18,0940,37398,1385,5,5,7,1942,0,0,0,M,0,13A85,"AVALON BL","GAGE AV",4.00,S,N,A,-,N,,,,,,,,,,N,4,0,1,2,A,-,10,21950,A,F,G,B,B,A,H,-,A,B,0,Y,,,,Y,,-,99,0,0,1,0,1,0,0,0,0,"- ","- ",,,"LOS ANGELES","LOS ANGELES",-118.26519012451172,33.982467651367188
8635003,2018,2018-06-20,1942,2018-05-16,1900,41857,1657,3,5,7,1942,0,0,0,P,0,16A59,"FOOTHILL BL","PINEWOOD AV",350.00,W,N,A,-,N,,,,,,,,,,N,4,0,1,2,A,-,11,21954,A,N,G,B,D,A,H,-,A,D,0,Y,,,,Y,,N,60,0,0,1,0,1,0,0,0,0,"- ","- ",,,"LOS ANGELES","LOS ANGELES",-118.28708648681641,34.248077392578125
8635379,2018,2018-06-21,1942,2018-06-02,0250,42364,1255,6,5,7,1942,0,0,0,L,0,12A53,"NORMANDIE AV","77TH ST",91.00,N,N,A,-,N,,,,,,,,,,N,4,0,1,2,A,-,11,21954,A,F,G,B,D,A,H,-,C,A,0,Y,,,,Y,,N,60,0,0,1,0,1,0,0,0,0,"- ","- ",,,"LOS ANGELES","LOS ANGELES",-118.30030822753906,33.970451354980469
8635476,2018,2018-06-25,1942,2018-05-16,0940,31092,1267,3,5,7,1942,0,0,0,L,0,12A67,"FIGUEROA ST","84TH ST",0.00,,Y,A,-,N,,,,,,,,,,N,4,0,1,2,A,-,10,21950,A,F,G,B,D,A,H,-,A,D,0,Y,,,,Y,Y,-,99,0,0,1,0,1,0,0,0,0,"- ","- ",,,"LOS ANGELES","LOS ANGELES",-118.28272247314453,33.963199615478516
8637296,2018,2018-06-21,1942,2018-05-29,1400,39395,0164,2,5,7,1942,0,0,0,A,0,1A35,"S SPRING ST","W 7TH ST",0.00,,Y,A,B,N,,,,,,,,,,N,4,0,1,2,A,-,10,21950,A,N,G,B,B,A,H,-,A,A,0,Y,,,,Y,,D,22,0,0,1,0,1,0,0,0,0,"- ","- ",,,"LOS ANGELES","LOS ANGELES",-118.25232696533203,34.044540405273438
8637614,2018,2018-06-19,1942,2018-05-04,0750,42451,0833,5,5,7,1942,0,0,0,H,0,8A29,"ASHTON AV","MIDVALE AV",0.00,,Y,A,-,N,,,,,,,,,,N,4,0,1,2,A,-,10,21950,A,N,G,B,B,A,H,-,A,A,0,Y,,,,Y,,A,01,0,0,1,0,1,0,0,0,0,"- ","- ",,,"LOS ANGELES","LOS ANGELES",-118.44499969482422,34.057411193847656
8637623,2018,2018-06-18,1942,2018-05-22,1600,,1162,2,5,7,1942,0,0,0,K,0,11X74,"DE LONGPRE AV","VERMONT AV",4.00,E,N,A,-,N,,,,,,,,,,N,4,0,1,2,A,-,09,21802,A,N,G,B,B,A,H,-,A,A,0,Y,,,,Y,,A,01,0,0,1,0,1,0,0,0,0,"- ","- ",,,"LOS ANGELES","LOS ANGELES",-118.29175567626953,34.097019195556641
8637637,2018,2018-06-18,1942,2018-05-29,0015,37900,2035,2,5,7,1942,0,0,0,,0,20A45,"S NORMANDIE AV","WILSHIRE BL",0.00,,Y,A,-,N,,,,,,,,,,N,4,0,1,2,A,-,09,21453,B,F,G,B,B,A,H,-,C,A,0,Y,,,,Y,,-,99,0,0,1,0,1,0,0,0,0,"- ","- ",,,"LOS ANGELES","LOS ANGELES",-118.30039215087891,34.061740875244141
8637679,2018,2018-06-18,1942,2018-05-25,1740,40275,1177,5,5,7,1942,0,0,0,K,0,11A89,"WEST AVENUE 28","FIGUEROA ST",5.00,W,N,A,-,N,,,,,,,,,,N,3,0,1,2,A,-,10,21950,A,N,G,B,B,A,H,-,A,A,0,Y,,,,Y,,A,07,0,1,0,0,1,0,0,0,0,"- ","- ",,,"LOS ANGELES","LOS ANGELES",-118.22119903564453,34.084800720214844
8637991,2018,2018-06-27,1942,2018-05-18,2040,34244,1749,5,5,7,1942,0,0,0,Q,0,17A49,"CHATSWORTH ST","WOODLEY AV",4.00,W,N,A,-,N,,,,,,,,,,N,3,0,1,2,A,-,10,21950,A,N,A,B,B,A,H,-,C,A,0,Y,,,,Y,,D,22,0,1,0,0,1,0,0,0,0,"- ","- ",,,"LOS ANGELES","LOS ANGELES",-118.48479461669922,34.264671325683594
8639232,2018,2018-07-17,1942,2018-04-28,1724,42133,1917,6,5,7,1942,0,0,0,,0,19A6,"BROMONT AV","BROMONT AV 13190",0.00,,N,A,-,N,,,,,,,,,,N,3,0,1,2,A,-,11,21954,A,N,G,B,D,A,H,-,A,D,0,Y,,,,Y,,A,07,0,1,0,0,1,0,0,0,0,"- ","- ",,,"LOS ANGELES","LOS ANGELES",-118.43690599999999,34.310039000000003
8640885,2018,2018-06-29,1942,2018-06-09,1250,36492,1012,6,5,7,1942,0,0,0,J,0,10A83,"RESEDA BL","WYANDOTTE ST",50.00,S,N,A,-,N,,,,,,,,,,N,4,0,1,2,A,-,10,21952,,N,D,B,F,A,H,-,A,A,0,Y,Y,,,Y,,L,04,0,0,1,0,1,0,0,0,0,"- ","- ",,,"LOS ANGELES","LOS ANGELES",-118.53604125976562,34.202812194824219
8642163,2018,2018-06-28,1942,2018-06-07,1155,35769,0156,4,5,7,1942,0,0,0,A,0,1141,"SAN JULIAN ST","5TH ST",12.00,S,N,A,-,N,,,,,,,,,,N,3,0,1,2,A,-,10,21950,,N,G,B,B,A,H,-,A,D,0,Y,,,,Y,,A,01,0,1,0,0,1,0,0,0,0,"- ","- ",,,"LOS ANGELES","LOS ANGELES",-118.24497985839844,34.044570922851562
8642175,2018,2018-06-28,1942,2018-06-06,1830,39782,0257,3,5,7,1942,0,0,0,B,0,2A5,"UNION AV","SHATTO ST",0.00,,Y,A,-,N,,,,,,,,,,N,4,0,1,2,A,-,01,23152,A,N,G,B,F,A,H,-,A,D,0,Y,,,,Y,Y,A,01,0,0,1,0,1,0,0,0,0,"- ","- ",,,"LOS ANGELES","LOS ANGELES",-118.26968383789062,34.056171417236328
8642211,2018,2018-06-28,1942,2018-06-08,0700,39022,0784,5,5,7,1942,0,0,0,G,0,7A73,"WASHINGTON BL","REDONDO BL",50.00,E,N,A,-,N,,,,,,,,,,N,4,0,1,2,A,-,11,21955,,N,G,B,D,A,H,-,A,D,0,Y,,,,Y,,N,60,0,0,1,0,1,0,0,0,0,"- ","- ",,,"LOS ANGELES","LOS ANGELES",-118.35264587402344,34.041191101074219
8644795,2018,2018-06-27,1942,2018-05-24,1345,40452,2054,4,5,7,1942,0,0,0,,0,20A53,"SAN MARINO ST","IROLO ST",10.00,W,N,A,-,N,,,,,,,,,,N,4,0,1,2,A,-,10,21950,A,N,G,B,B,A,H,-,A,A,0,Y,,,,Y,,A,01,0,0,1,0,1,0,0,0,0,"- ","- ",,,"LOS ANGELES","LOS ANGELES",-118.30093383789062,34.054489135742188
8645140,2018,2018-07-03,1942,2018-05-21,1430,41849,1249,1,5,7,1942,0,0,0,L,0,12A51W,"GAGE AV","HOOVER ST",100.00,E,N,A,-,N,,,,,,,,,,N,2,0,1,2,D,-,00,,,F,-,B,E,A,H,-,A,D,0,Y,,,,Y,,-,"- ",1,0,0,0,1,0,0,0,0,"- ","- ",,,"LOS ANGELES","LOS ANGELES",-118.28678131103516,33.982418060302734
8645692,2018,2018-07-10,1942,2018-05-11,0240,42364,,5,5,7,1942,0,0,0,,0,,"CRENSHAW BL","ADAMS BL",796.00,N,N,A,-,N,,,,,,,,,,N,2,0,1,2,A,-,11,21456,B,N,G,B,E,A,H,-,C,A,0,Y,,,Y,Y,Y,N,60,1,0,0,0,1,0,0,0,0,"- ","- ",,,"LOS ANGELES","LOS ANGELES",-118.333984375,34.034580230712891
8645962,2018,2018-07-17,1942,2018-06-23,1505,41158,0939,6,5,7,1942,0,0,0,I,0,9A37,"VICTORY BL","ETHEL AV",350.00,E,N,A,-,N,,,,,,,,,,Y,4,0,3,7,A,-,09,21804,A,F,B,C,F,A,H,-,A,D,0,Y,,,Y,Y,Y,-,99,0,0,3,0,2,0,0,0,0,"- ","- ",,,"LOS ANGELES","LOS ANGELES",-118.41698455810547,34.186679840087891
8646150,2018,2018-07-13,1942,2018-06-25,2330,38354,0971,1,5,7,1942,0,0,0,I,0,9A63,"VENTURA BL","KESTER AV",27.00,E,N,A,-,N,,,,,,,,,,N,2,0,2,3,A,-,11,21955,,N,G,B,D,A,H,-,C,A,0,Y,,,,Y,Y,N,60,1,1,0,0,2,0,0,0,0,"- ","- ",,,"LOS ANGELES","LOS ANGELES",-118.45734405517578,34.152336120605469
8648037,2018,2018-07-17,1942,2018-07-03,2105,41977,1267,2,5,7,1942,0,0,0,L,0,12A67,"S HOOVER ST","W 84TH ST",0.00,,Y,A,-,N,,,,,,,,,,N,1,1,0,2,A,-,10,21950,A,F,G,B,B,A,H,-,C,A,0,Y,,,,Y,,-,99,0,0,0,1,0,0,0,0,0,"- ","- ",,,"LOS ANGELES","LOS ANGELES",-118.28710174560547,33.962440490722656
8648119,2018,2020-05-22,1942,2018-07-29,0202,42364,1846,7,5,7,1942,0,0,0,R,0,18A35,"E IMPERIAL HWY","SUCCESS AV",95.00,W,N,A,-,N,,,,,,,,,,N,1,1,0,2,A,-,11,21954,A,F,G,B,E,A,H,-,C,A,0,Y,,,,Y,Y,N,60,0,0,0,1,0,0,0,0,0,"- ","- ",,,"LOS ANGELES","LOS ANGELES",-118.2496337890625,33.929470062255859
8648143,2018,2020-05-22,1942,2018-08-02,0038,37146,1269,4,5,7,1942,0,0,0,L,0,25T21,"S CENTRAL AV","81ST ST",70.00,N,N,A,-,N,,,,,,,,,,N,1,1,0,2,A,-,11,21954,A,F,G,B,D,A,H,-,C,D,0,Y,,,,Y,,N,60,0,0,0,1,0,0,0,0,0,"- ","- ",,,"LOS ANGELES","LOS ANGELES",-118.25643157958984,33.965782165527344
8648210,2018,2018-10-02,1942,2018-09-17,1130,40165,0941,1,5,7,1942,0,0,0,I,0,9A41,"VAN NUYS BL","OXNARD ST",0.00,,Y,A,-,N,,,,,,,,,,N,1,1,0,2,A,-,10,21950,A,N,G,B,B,A,H,-,A,A,0,Y,,,,Y,,A,01,0,0,0,1,0,0,0,0,0,"- ","- ",,,"LOS ANGELES","LOS ANGELES",-118.44873809814453,34.179401397705078
8648393,2018,2018-12-05,1942,2018-10-26,1859,41072,0301,5,5,7,1942,0,0,0,C,0,25T21,"ADAMS BL","BURNSIDE AV",73.00,W,N,A,-,N,,,,,,,,,,N,1,1,0,2,A,-,11,21954,A,F,G,-,D,-,H,-,C,A,0,Y,,,,Y,,N,60,0,0,0,1,0,0,0,0,0,"- ","- ",,,"LOS ANGELES","LOS ANGELES",-118.36074066162109,34.032478332519531
8651969,2018,2018-10-11,1942,2018-08-13,1810,40445,2058,1,5,7,1942,0,0,0,,0,20A44,"ELDEN AV","OLYMPIC BL",100.00,N,N,A,-,N,,,,,,,,,,N,2,0,1,2,B,-,22,,,N,G,B,F,A,H,-,A,D,0,Y,,,,Y,,A,01,1,0,0,0,1,0,0,0,0,"- ","- ",,,"LOS ANGELES","LOS ANGELES",-118.28773498535156,34.052703857421875
8653592,2018,2018-07-06,1942,2018-06-22,2140,0983,1915,5,5,7,1942,0,0,0,,0,19A1,"HUBBARD ST","GLENOAKS BL",485.00,S,N,A,-,N,,,,,,,,,,N,4,0,1,2,A,-,09,21804,A,F,G,B,F,A,H,-,C,D,0,Y,,,,Y,,-,99,0,0,1,0,1,0,0,0,0,"- ","- ",,,"LOS ANGELES","LOS ANGELES",-118.44031524658203,34.298511505126953
8653793,2018,2018-07-09,1942,2018-06-23,2140,42364,1211,6,5,7,1942,0,0,0,L,0,12A31,"SLAUSON AV","BRYNHURST AV",34.00,W,N,A,-,N,,,,,,,,,,N,3,0,1,2,A,-,11,21954,A,N,G,B,E,A,H,-,C,-,0,Y,,Y,,Y,,N,60,0,1,0,0,1,0,0,0,0,"- ","- ",,,"LOS ANGELES","LOS ANGELES",-118.33341979980469,33.988998413085938
8653833,2018,2018-07-09,1942,2018-06-11,1620,42641,1267,1,5,7,1942,0,0,0,L,0,12A67,"83RD ST",VERMONT,0.00,,Y,A,-,N,,,,,,,,,,N,3,0,1,2,A,-,10,21950,A,N,G,B,B,A,H,-,A,D,0,Y,,,,Y,,A,01,0,1,0,0,1,0,0,0,0,"- ","- ",,,"LOS ANGELES","LOS ANGELES",-118.29183197021484,33.963649749755859
8654656,2018,2018-07-17,1942,2018-07-03,1110,26101,0355,2,5,7,1942,0,0,0,C,0,3A55,"ARLINGTON AV","EXPOSITION BL",8.00,N,N,A,-,N,,,,,,,,,,N,4,0,1,2,A,-,10,21950,A,F,G,B,B,A,H,-,A,A,0,Y,,,,Y,,-,99,0,0,1,0,1,0,0,0,0,"- ","- ",,,"LOS ANGELES","LOS ANGELES",-118.31774139404297,34.018890380859375