CASE_ID,ACCIDENT_YEAR,PROC_DATE,JURIS,COLLISION_DATE,COLLISION_TIME,OFFICER_ID,REPORTING_DISTRICT,DAY_OF_WEEK,CHP_SHIFT,POPULATION,CNTY_CITY_LOC,SPECIAL_COND,BEAT_TYPE,CHP_BEAT_TYPE,CITY_DIVISION_LAPD,CHP_BEAT_CLASS,BEAT_NUMBER,PRIMARY_RD,SECONDARY_RD,DISTANCE,DIRECTION,INTERSECTION,WEATHER_1,WEATHER_2,STATE_HWY_IND,CALTRANS_COUNTY,CALTRANS_DISTRICT,STATE_ROUTE,ROUTE_SUFFIX,POSTMILE_PREFIX,POSTMILE,LOCATION_TYPE,RAMP_INTERSECTION,SIDE_OF_HWY,TOW_AWAY,COLLISION_SEVERITY,NUMBER_KILLED,NUMBER_INJURED,PARTY_COUNT,PRIMARY_COLL_FACTOR,PCF_CODE_OF_VIOL,PCF_VIOL_CATEGORY,PCF_VIOLATION,PCF_VIOL_SUBSECTION,HIT_AND_RUN,TYPE_OF_COLLISION,MVIW,PED_ACTION,ROAD_SURFACE,ROAD_COND_1,ROAD_COND_2,LIGHTING,CONTROL_DEVICE,CHP_ROAD_TYPE,PEDESTRIAN_ACCIDENT,BICYCLE_ACCIDENT,MOTORCYCLE_ACCIDENT,TRUCK_ACCIDENT,NOT_PRIVATE_PROPERTY,ALCOHOL_INVOLVED,STWD_VEHTYPE_AT_FAULT,CHP_VEHTYPE_AT_FAULT,COUNT_SEVERE_INJ,COUNT_VISIBLE_INJ,COUNT_COMPLAINT_PAIN,COUNT_PED_KILLED,COUNT_PED_INJURED,COUNT_BICYCLIST_KILLED,COUNT_BICYCLIST_INJURED,COUNT_MC_KILLED,COUNT_MC_INJURED,PRIMARY_RAMP,SECONDARY_RAMP,LATITUDE,LONGITUDE,COUNTY,CITY,POINT_X,POINT_Y
8655959,2018,2018-07-17,1942,2018-06-19,1145,40275,0138,2,5,7,1942,0,0,0,A,0,1A29,"S LOS ANGELES ST","E 3RD ST",0.00,,Y,A,-,N,,,,,,,,,,Y,2,0,2,3,A,-,12,21453,A,N,D,C,B,A,H,-,A,A,0,Y,,,,Y,,A,01,1,0,1,0,1,0,0,0,0,"- ","- ",,,"LOS ANGELES","LOS ANGELES",-118.24474334716797,34.048511505126953
8656742,2018,2018-08-09,1942,2018-05-15,1615,42485,1842,2,5,7,1942,0,0,0,R,0,18A44,"CENTRAL AV","108TH ST",0.00,,Y,A,-,N,,,,,,,,,,N,4,0,1,2,A,-,10,21950,A,N,G,B,B,A,H,-,A,A,0,Y,,,,Y,,A,01,0,0,1,0,1,0,0,0,0,"- ","- ",,,"LOS ANGELES","LOS ANGELES",-118.25418853759766,33.938259124755859
8656772,2018,2018-08-08,1942,2018-06-20,1215,36504,1412,3,5,7,1942,0,0,0,N,0,14A11,"OCEAN FRONT WALK","ROSE AV",3.00,S,N,A,-,N,,,,,,,,,,N,4,0,1,2,A,-,03,22350,,N,C,B,F,A,H,-,C,D,0,Y,,Y,,Y,,C,03,0,0,1,0,1,0,0,0,0,"- ","- ",,,"LOS ANGELES","LOS ANGELES",-118.48052215576172,33.994613647460938
8657092,2018,2018-09-24,1942,2018-07-07,2220,35024,1177,6,5,7,1942,0,0,0,K,0,11A89,"ROSEVIEW AV","SAN FERNANDO RD",440.00,E,N,A,-,N,,,,,,,,,,N,4,0,1,2,A,-,01,23152,A,N,G,B,E,A,H,-,C,D,0,Y,,,,Y,Y,A,07,0,0,1,0,1,0,0,0,0,"- ","- ",,,"LOS ANGELES","LOS ANGELES",-118.22798156738281,34.093421936035156
8657170,2018,2018-09-06,1942,2018-06-12,1900,36607,1361,2,5,7,1942,0,0,0,M,0,24T60,"GRAND AV","50TH ST",4.00,N,N,A,-,N,,,,,,,,,,N,3,0,1,2,A,-,10,21950,A,F,G,B,B,A,H,-,A,D,0,Y,,,,Y,,-,99,0,1,0,0,1,0,0,0,0,"- ","- ",,,"LOS ANGELES","LOS ANGELES",-118.28006744384766,33.997402191162109
8657194,2018,2018-09-06,1942,2018-06-09,0510,39840,1373,6,5,7,1942,0,0,0,M,0,13A85,"SLAUSON AV","PALOMA AV",43.00,W,N,A,-,N,,,,,,,,,,N,2,0,1,2,A,-,11,21956,A,N,G,B,E,A,H,-,C,D,0,Y,,,,Y,Y,N,60,1,0,0,0,1,0,0,0,0,"- ","- ",,,"LOS ANGELES","LOS ANGELES",-118.26226043701172,33.989269256591797
8658585,2018,2018-07-11,1942,2018-06-09,0635,34217,1259,6,5,7,1942,0,0,0,L,0,12A53,"FLORENCE AV","AVALON BL",20.00,E,N,A,-,N,,,,,,,,,,N,3,0,1,2,A,-,11,21456,B,N,G,B,B,A,H,-,A,A,0,Y,,,,Y,,N,60,0,1,0,0,1,0,0,0,0,"- ","- ",,,"LOS ANGELES","LOS ANGELES",-118.26511383056641,33.974708557128906
8658649,2018,2018-07-11,1942,2018-06-11,1330,37613,2021,1,5,7,1942,0,0,0,,0,20A1,"WESTMINSTER AV","4TH ST",45.00,N,N,A,-,N,,,,,,,,,,N,2,0,1,2,A,-,21,22106,,N,G,B,E,A,H,-,A,D,0,Y,,,,Y,,A,08,1,0,0,0,1,0,0,0,0,"- ","- ",,,"LOS ANGELES","LOS ANGELES",-118.31620788574219,34.067253112792969
8659144,2018,2018-07-25,1942,2018-06-22,1930,40841,1025,5,5,7,1942,0,0,0,J,0,10X18,"ETIWANDA AV","HART ST",80.00,S,N,A,-,N,,,,,,,,,,N,4,0,1,2,A,-,11,21956,A,N,B,B,C,A,H,-,A,D,0,Y,,,,Y,,N,60,0,0,1,0,1,0,0,0,0,"- ","- ",,,"LOS ANGELES","LOS ANGELES",-118.53169250488281,34.197261810302734
8659174,2018,2018-07-23,1942,2018-06-29,1840,36733,1718,5,5,7,1942,0,0,0,Q,0,17A49,"LAHEY ST","GAYNOR AV",10.00,W,N,A,-,N,,,,,,,,,,N,2,0,1,2,A,-,10,21950,C,N,G,B,B,A,H,-,A,A,0,Y,,,,Y,,A,01,1,0,0,0,1,0,0,0,0,"- ","- ",,,"LOS ANGELES","LOS ANGELES",-118.48073577880859,34.272789001464844
8659557,2018,2018-07-24,1942,2018-06-20,0815,41198,1075,3,5,7,1942,0,0,0,J,0,10A99,"LINDLEY AV","KILLION ST",0.00,,Y,A,-,N,,,,,,,,,,N,2,0,1,2,A,-,10,21950,A,N,G,B,B,A,H,-,A,A,0,Y,,,,Y,,D,22,1,0,0,0,1,0,0,0,0,"- ","- ",,,"LOS ANGELES","LOS ANGELES",-118.52725219726562,34.170799255371094
8659974,2018,2018-07-17,1942,2018-06-24,1230,34458,0202,7,5,7,1942,0,0,0,B,0,A21,"VIRGIL AV","LOCKWOOD AV",26.00,S,N,A,-,N,,,,,,,,,,N,2,0,1,2,A,-,11,21955,,N,G,B,D,A,H,-,A,A,0,Y,,,,Y,Y,N,60,1,0,0,0,1,0,0,0,0,"- ","- ",,,"LOS ANGELES","LOS ANGELES",-118.28690338134766,34.088668823242188
8660871,2018,2018-08-17,1942,2018-06-11,1015,34959,0635,1,5,7,1942,0,0,0,F,0,6A15,"CAHUENGA BL","CERRITOS PL",75.00,S,N,A,-,Y,LA,7,101,-,-,7.277,R,4,S,N,3,0,1,2,A,-,11,21954,A,N,G,B,D,A,H,-,A,D,0,Y,,,,Y,,N,60,0,1,0,0,1,0,0,0,0,"- ","- ",,,"LOS ANGELES","LOS ANGELES",-118.32814788818359,34.106266021728516
8661768,2018,2018-07-27,1942,2018-07-08,1021,42785,0358,7,5,7,1942,0,0,0,C,0,3A57,"VERMONT AV","JEFFERSON BL",0.00,,Y,A,-,N,,,,,,,,,,N,4,0,1,2,A,-,10,21950,A,N,G,B,B,A,H,-,A,A,0,Y,,,,Y,,A,01,0,0,1,0,1,0,0,0,0,"- ","- ",,,"LOS ANGELES","LOS ANGELES",-118.29151916503906,34.025508880615234
8661771,2018,2018-07-30,1942,2018-06-20,1615,43341,0265,3,5,7,1942,0,0,0,B,0,265,BURLINGTON,"6TH ST",6.00,S,N,A,-,N,,,,,,,,,,N,3,0,1,3,A,-,09,21804,A,N,C,E,F,A,H,-,A,D,0,Y,,,,Y,,A,01,0,1,0,0,1,0,0,0,0,"- ","- ",,,"LOS ANGELES","LOS ANGELES",-118.27149963378906,34.058013916015625
8661795,2018,2018-07-24,1942,2018-06-05,1840,39062,0275,2,5,7,1942,0,0,0,B,0,2A75,"W ALVARADO ST","S OLYMPIC BL",0.00,,Y,A,-,N,,,,,,,,,,N,3,0,1,2,A,-,11,21954,A,N,G,B,D,A,H,-,A,A,0,Y,,,,Y,,N,60,0,1,0,0,1,0,0,0,0,"- ","- ",,,"LOS ANGELES","LOS ANGELES",-118.27983093261719,34.051738739013672
8661969,2018,2018-08-21,1942,2018-07-05,1755,35230,0159,4,5,7,1942,0,0,0,A,0,1A29,"ALAMEDA ST","FACTORY PL",10.00,,N,A,-,N,,,,,,,,,,N,4,0,1,2,A,-,09,21802,A,N,G,B,B,A,H,-,A,A,0,Y,,,,Y,,A,01,0,0,1,0,1,0,0,0,0,"- ","- ",,,"LOS ANGELES","LOS ANGELES",-118.23837280273438,34.039108276367188
8662585,2018,2018-07-31,1942,2018-01-25,1750,42319,0314,4,5,7,1942,0,0,0,C,0,3A34,"ADAMS BL","7TH AV",120.00,W,N,A,-,N,,,,,,,,,,N,2,0,1,2,A,-,11,21955,,N,G,B,E,A,H,-,D,D,0,Y,,,,Y,,N,60,1,0,0,0,1,0,0,0,0,"- ","- ",,,"LOS ANGELES","LOS ANGELES",-118.32520294189453,34.032611846923828
8665477,2018,2018-08-01,1942,2018-07-06,1930,37511,2029,5,5,7,1942,0,0,0,,0,7T23,"6TH ST","VIRGINIA ST",60.00,E,N,A,-,N,,,,,,,,,,N,3,0,1,2,A,-,10,21954,B,F,G,B,E,A,H,-,A,D,0,Y,,,,Y,,-,99,0,1,0,0,1,0,0,0,0,"- ","- ",,,"LOS ANGELES","LOS ANGELES",-118.23822784423828,34.038158416748047
8666363,2018,2018-07-30,1942,2018-06-25,0820,39395,0122,1,5,7,1942,0,0,0,A,0,1A1,"GRAND AV","W 1ST",0.00,,Y,A,-,N,,,,,,,,,,N,4,0,1,2,A,-,10,21950,A,F,G,B,B,A,H,-,A,A,0,Y,,,,Y,,-,99,0,0,1,0,1,0,0,0,0,"- ","- ",,,"LOS ANGELES","LOS ANGELES",-118.29013824462891,33.743320465087891
8666364,2018,2018-07-30,1942,2018-07-02,0505,43346,0443,1,5,7,1942,0,0,0,D,0,4A15,"ZONAL AV","BIGGY ST",0.00,,Y,A,-,N,,,,,,,,,,N,3,0,1,2,A,-,10,21950,A,N,G,B,B,A,H,-,B,A,0,Y,,,,Y,,A,01,0,1,0,0,1,0,0,0,0,"- ","- ",,,"LOS ANGELES","LOS ANGELES",-118.2073974609375,34.060649871826172
8667919,2018,2018-08-07,1942,2018-07-17,1315,37353,2145,2,5,7,1942,0,0,0,,0,21A43,"TOPANGA CANYON BL","VANOWEN ST",285.00,N,N,A,-,N,,,,,,,,,,N,4,0,1,3,A,-,07,21658,A,F,G,B,E,A,H,-,A,A,0,Y,,,,Y,,-,99,0,0,1,0,1,0,0,0,0,"- ","- ",,,"LOS ANGELES","LOS ANGELES",-118.60592651367188,34.194530487060547
8668146,2018,2018-08-06,1942,2018-06-25,2250,41027,1823,1,5,7,1942,0,0,0,R,0,18A17,"CENTURY BL","WALL ST",14.00,E,N,A,-,N,,,,,,,,,,N,3,0,1,2,A,-,10,21950,A,F,G,B,B,A,H,-,C,A,0,Y,,,,Y,,-,99,0,1,0,0,1,0,0,0,0,"- ","- ",,,"LOS ANGELES","LOS ANGELES",-118.27167510986328,33.945579528808594
8668206,2018,2018-08-01,1942,2018-07-12,0920,31931,1902,4,5,7,1942,0,0,0,,0,19A7,"BORDEN AV","POLK ST",0.00,,Y,A,-,N,,,,,,,,,,N,4,0,1,2,A,-,10,21950,A,N,G,B,B,A,H,-,A,A,0,Y,,,,Y,,A,01,0,0,1,0,1,0,0,0,0,"- ","- ",,,"LOS ANGELES","LOS ANGELES",-118.44673919677734,34.310260772705078
8668844,2018,2018-08-21,1942,2018-07-11,1310,42220,0926,3,5,7,1942,0,0,0,I,0,9X52,"VANOWEN ST","WOODMAN AV",0.00,,Y,A,-,N,,,,,,,,,,N,3,0,1,2,A,-,10,21950,,N,G,B,B,A,H,-,A,A,0,Y,,,,Y,,D,22,0,1,0,0,1,0,0,0,0,"- ","- ",,,"LOS ANGELES","LOS ANGELES",-118.43126678466797,34.193939208984375
8669359,2018,2018-08-16,1942,2018-05-10,2040,42329,0363,4,5,7,1942,0,0,0,C,0,3A63,"SANTA ROSALIA DR","STOCKER ST",20.00,W,N,A,-,N,,,,,,,,,,N,2,0,1,2,D,-,00,,,F,G,B,D,A,H,-,C,D,0,Y,,,,Y,,-,"- ",1,0,0,0,1,0,0,0,0,"- ","- ",,,"LOS ANGELES","LOS ANGELES",-118.33740997314453,34.007137298583984
8670548,2018,2018-10-04,1942,2018-07-22,2300,38135,0909,7,5,7,1942,0,0,0,I,0,9X16,"SHERMAN WY","RANCHITO AV",300.00,W,N,A,-,N,,,,,,,,,,N,4,0,1,2,A,-,10,21952,,F,B,B,E,A,H,-,C,D,0,Y,,,,Y,Y,-,,0,0,1,0,1,0,0,0,0,"- ","- ",,,"LOS ANGELES","LOS ANGELES",-118.43659973144531,34.201198577880859
8671208,2018,2018-08-17,1942,2018-05-30,0650,31573,1465,3,5,7,1942,0,0,0,N,0,14A49,"CCENTINELA AV","RT 90",7.00,N,N,B,-,Y,LA,7,90,-,R,1.893,R,4,E,N,2,0,1,2,A,-,10,21950,A,N,G,B,B,A,H,-,A,A,0,Y,,,,Y,,D,22,1,0,0,0,1,0,0,0,0,"- ",WF,,,"LOS ANGELES","LOS ANGELES",-118.41175842285156,33.986801147460938
8671342,2018,2018-09-11,1942,2018-07-09,0735,37770,1485,1,5,7,1942,0,0,0,N,0,14A73,"SEPULVEDA BL","DROLLINGER WY",203.00,S,N,A,-,N,,,,,,,,,,N,2,0,1,2,A,-,11,21955,,N,G,B,D,A,H,-,A,A,0,Y,,,,Y,,N,60,1,0,0,0,1,0,0,0,0,"- ","- ",,,"LOS ANGELES","LOS ANGELES",,
8673179,2018,2018-08-10,1942,2018-07-15,0225,43210,0261,7,5,7,1942,0,0,0,B,0,2A17,"8TH ST","CARONDELET ST",1.00,E,N,A,-,N,,,,,,,,,,N,2,0,1,2,A,-,10,21950,A,N,G,B,B,A,H,-,C,D,0,Y,,,,Y,,A,01,1,0,0,0,1,0,0,0,0,"- ","- ",,,"LOS ANGELES","LOS ANGELES",-118.28207397460938,34.056758880615234
8673288,2018,2018-07-31,1942,2018-06-13,1545,37643,0842,3,5,7,1942,0,0,0,H,0,8X48,"SAN VICENTE BL",GOSHEN,60.00,S,N,A,-,N,,,,,,,,,,N,3,0,1,2,A,-,11,21956,A,N,G,B,D,A,H,-,A,D,0,Y,,,,Y,,N,60,0,1,0,0,1,0,0,0,0,"- ","- ",,,"LOS ANGELES","LOS ANGELES",-118.45986175537109,34.051536560058594
8677031,2018,2018-11-13,1942,2018-07-23,0845,34959,0212,1,5,7,1942,0,0,0,B,0,2A5,"OAKWOOD AV","VERMONT AV",0.00,,Y,A,-,Y,LA,7,101,-,-,4.135,R,4,S,N,3,0,1,2,A,-,10,21950,A,N,G,B,B,A,H,-,A,A,0,Y,,,,Y,,A,01,0,1,0,0,1,0,0,0,0,"- ","- ",,,"LOS ANGELES","LOS ANGELES",-118.28775024414062,34.078201293945312
8677148,2018,2018-08-31,1942,2018-07-28,2130,40157,0882,6,5,7,1942,0,0,0,H,0,7T23,"OLYMPIC BL","SAWTELLE BL",16.00,E,N,A,-,N,,,,,,,,,,N,3,0,2,3,A,-,01,23152,A,N,G,-,B,A,H,-,C,A,0,Y,,,,Y,Y,A,01,0,2,0,0,2,0,0,0,0,"- ","- ",,,"LOS ANGELES","LOS ANGELES",-118.44116973876953,34.0382080078125
8678243,2018,2018-10-08,1942,2018-08-10,1645,42595,0393,5,5,7,1942,0,0,0,C,0,3A82,STOCKER,MCCLUNG,25.00,E,N,A,-,N,,,,,,,,,,N,4,0,1,2,A,-,11,21954,A,F,B,B,E,A,H,-,A,D,0,Y,,,,Y,,N,60,0,0,1,0,1,0,0,0,0,"- ","- ",,,"LOS ANGELES","LOS ANGELES",-118.33401489257812,34.008438110351562
8678314,2018,2018-10-05,1942,2018-08-04,1610,37700,0668,6,5,7,1942,0,0,0,F,0,6A79,"WESTERN AV","FOUNTAIN AV",0.00,,Y,A,-,N,,,,,,,,,,N,3,0,1,2,A,-,10,21950,,N,G,B,B,A,H,-,A,A,0,Y,,,,Y,,A,01,0,1,0,0,1,0,0,0,0,"- ","- ",,,"LOS ANGELES","LOS ANGELES",-118.30919647216797,34.094879150390625
8680518,2018,2018-09-28,1942,2018-07-18,1952,42813,0337,3,5,7,1942,0,0,0,C,0,3A19-W,"JEFFERSON BL","WESTERN AV",0.00,,N,A,-,N,,,,,,,,,,N,3,0,1,2,A,-,11,21954,A,N,G,B,D,A,H,-,B,A,0,Y,,,,Y,Y,A,07,0,1,0,0,1,0,0,0,0,"- ","- ",,,"LOS ANGELES","LOS ANGELES",-118.30889129638672,34.025550842285156
8680613,2018,2018-10-08,1942,2018-08-03,1845,40315,1457,5,5,7,1942,0,0,0,N,0,14A49,"BRADDOCK DR","CENTINELA AV",12.00,E,N,A,-,N,,,,,,,,,,N,2,0,2,3,A,-,10,21950,A,F,G,B,B,A,H,-,A,A,0,Y,,,,Y,,-,99,1,1,0,0,2,0,0,0,0,"- ","- ",,,"LOS ANGELES","LOS ANGELES",-118.41909790039062,33.989620208740234
8680704,2018,2018-10-26,1942,2018-07-09,0315,43257,0497,1,5,7,1942,0,0,0,D,0,4A97,"OLYMPIC BL","MIRASOL ST",20.00,W,N,A,-,N,,,,,,,,,,N,4,0,1,2,A,-,21,22106,,F,G,B,E,A,H,-,C,D,0,Y,,,,Y,,-,99,0,0,1,0,1,0,0,0,0,"- ","- ",,,"LOS ANGELES","LOS ANGELES",-118.19957733154297,34.018810272216797
8681005,2018,2018-10-04,1942,2018-08-04,1325,40275,0292,6,5,7,1942,0,0,0,B,0,2A92,"S UNION AV","WASHINGTON BL",200.00,S,N,A,-,N,,,,,,,,,,Y,3,0,1,3,A,-,03,22350,,N,C,E,E,A,H,-,A,D,0,Y,,,,Y,,A,01,0,1,0,0,1,0,0,0,0,"- ","- ",,,"LOS ANGELES","LOS ANGELES",-118.28147125244141,34.03802490234375
8681064,2018,2018-09-06,1942,2018-07-21,1200,43246,0215,6,5,7,1942,0,0,0,B,0,2A47,"SILVER LAKE",BELLEVUE,0.00,,Y,A,-,N,,,,,,,,,,N,3,0,2,3,A,-,10,21950,A,N,G,B,B,A,H,-,A,A,0,Y,,,,Y,,A,07,0,1,1,0,2,0,0,0,0,"- ","- ",,,"LOS ANGELES","LOS ANGELES",-118.27911376953125,34.078361511230469
8681102,2018,2018-09-04,1942,2018-07-28,2205,40325,0233,6,5,7,1942,0,0,0,B,0,2A17,"BEVERLY BL","LA FAYETTE PARK PL",73.00,W,N,A,-,N,,,,,,,,,,N,3,0,1,2,A,-,11,21954,A,N,G,B,D,A,H,-,C,A,0,Y,,,,Y,,N,60,0,1,0,0,1,0,0,0,0,"- ","- ",,,"LOS ANGELES","LOS ANGELES",-118.27877044677734,34.070343017578125
8681642,2018,2018-10-09,1942,2018-08-09,1800,41622,1678,4,5,7,1942,0,0,0,P,0,16X36,SUNLAND,PENROSE,40.00,W,N,A,-,N,,,,,,,,,,Y,3,0,1,2,A,-,10,21954,B,F,G,B,D,A,H,-,A,D,0,Y,,,,Y,,A,01,0,1,0,0,1,0,0,0,0,"- ","- ",,,"LOS ANGELES","LOS ANGELES",-118.36685943603516,34.232479095458984
8681656,2018,2018-10-10,1942,2018-08-12,1455,40290,1099,7,5,7,1942,0,0,0,J,0,10A99,"ROYAL WOODS DR","WOODFIELD AV",550.00,N,N,A,-,N,,,,,,,,,,N,4,0,2,3,A,-,13,22515,B,N,G,B,E,A,H,-,A,D,0,Y,,,,Y,,N,60,0,0,2,0,2,0,0,0,0,"- ","- ",,,"LOS ANGELES","LOS ANGELES",-118.4754638671875,34.141330718994141
8681724,2018,2018-10-08,1942,2018-08-14,1907,42251,0971,2,5,7,1942,0,0,0,I,0,9A63,"VENTURA BL","N SEPULVEDA BL",0.00,,Y,A,-,N,,,,,,,,,,N,2,0,1,2,A,-,10,21950,A,N,G,B,B,A,H,-,B,A,0,Y,,,,Y,,A,01,1,0,0,0,1,0,0,0,0,"- ","- ",,,"LOS ANGELES","LOS ANGELES",-118.46620178222656,34.153831481933594
8681878,2018,2018-10-05,1942,2018-08-15,0925,38567,,3,5,7,1942,0,0,0,,0,,"JAMES M WOOD BL","GRATTAN ST",11.00,W,N,A,-,N,,,,,,,,,,N,4,0,1,2,A,-,10,21950,A,N,G,B,B,A,H,-,A,A,0,Y,,,,Y,,A,01,0,0,1,0,1,0,0,0,0,"- ","- ",,,"LOS ANGELES","LOS ANGELES",-118.27225300000001,34.050409999999999
8682017,2018,2018-09-20,1942,2018-08-28,0050,37304,0946,2,5,7,1942,0,0,0,I,0,9A37,"MURIETTA AV","BURBANK BL",100.00,S,N,A,-,N,,,,,,,,,,N,2,0,1,2,A,-,11,21954,A,F,G,B,D,A,H,-,D,D,0,Y,,,,Y,Y,N,60,1,0,0,0,1,0,0,0,0,"- ","- ",,,"LOS ANGELES","LOS ANGELES",-118.43888854980469,34.171844482421875
8682950,2018,2019-03-13,1942,2018-08-31,1230,31713,1102,5,5,7,1942,0,0,0,K,0,24T23,"PERLITA AV","LOS FELIZ BL",542.00,W,N,A,-,N,,,,,,,,,,N,4,0,1,2,A,-,09,21804,A,F,G,B,D,A,H,-,A,D,0,Y,,,,Y,,N,60,0,0,1,0,1,0,0,0,0,"- ","- ",,,"LOS ANGELES","LOS ANGELES",-118.26579284667969,34.126674652099609
8683657,2018,2018-10-29,1942,2018-08-08,1530,42544,,3,5,7,1942,0,0,0,,0,299,"TOBERMAN ST","18TH ST",0.00,,Y,A,-,N,,,,,,,,,,N,4,0,1,2,A,-,17,21451,A,F,A,B,B,A,H,-,A,D,0,Y,,,,Y,,-,"- ",0,0,1,0,1,0,0,0,0,"- ","- ",,,"LOS ANGELES","LOS ANGELES",-118.27864837646484,34.038730621337891
8683726,2018,2018-09-04,1942,2018-07-03,1635,41602,0185,2,5,7,1942,0,0,0,A,0,1FB92,"SANTEE ST","9TH ST",0.00,,Y,A,-,N,,,,,,,,,,N,3,0,1,2,A,-,10,21950,A,N,-,B,B,A,H,-,A,D,0,Y,,,,Y,,A,07,0,1,0,0,1,0,0,0,0,"- ","- ",,,"LOS ANGELES","LOS ANGELES",-118.25332641601562,34.040069580078125
8685128,2018,2018-09-07,1942,2018-07-10,1605,42482,1383,2,5,7,1942,0,0,0,M,0,13X17,61ST,"MAIN ST",500.00,W,N,A,-,N,,,,,,,,,,N,2,0,1,2,D,-,00,,,F,H,B,E,A,H,-,A,D,0,Y,,,,Y,,-,"- ",1,0,0,0,1,0,0,0,0,"- ","- ",,,"LOS ANGELES","LOS ANGELES",-118.27394104003906,33.984230041503906
8688413,2018,2018-09-11,1942,2018-07-24,0735,39022,0638,2,5,7,1942,0,0,0,F,0,6A49,"FRANKLIN AV","CANYON DR",57.00,E,N,A,-,N,,,,,,,,,,N,2,0,1,2,A,-,11,21954,A,N,G,B,D,A,H,-,A,D,0,Y,,,,Y,,N,60,1,0,0,0,1,0,0,0,0,"- ","- ",,,"LOS ANGELES","LOS ANGELES",-118.31674194335938,34.105258941650391
8689882,2018,2018-09-11,1942,2018-07-19,2145,25530,1207,4,5,7,1942,0,0,0,L,0,12A15,"VERNON AV","VERMONT AV",3.00,E,N,A,-,N,,,,,,,,,,N,4,0,1,2,A,-,10,21950,A,F,G,B,B,A,H,-,C,A,0,Y,,,,Y,,-,99,0,0,1,0,1,0,0,0,0,"- ","- ",,,"LOS ANGELES","LOS ANGELES",-118.29155731201172,34.003681182861328
8690356,2018,2018-08-30,1942,2018-08-12,1825,34426,1147,7,5,7,1942,0,0,0,K,0,11A89,"ISABEL ST","MACON ST",15.00,W,N,A,-,N,,,,,,,,,,N,4,0,1,2,A,-,08,22107,,N,G,B,E,A,H,-,A,D,0,Y,,,,Y,,A,07,0,0,1,0,1,0,0,0,0,"- ","- ",,,"LOS ANGELES","LOS ANGELES",-118.23374938964844,34.101528167724609
8690614,2018,2018-09-18,1942,2018-07-27,1530,43209,1863,5,5,7,1942,0,0,0,R,0,18A63,"AVALON BL","116TH ST",10.00,S,N,A,-,N,,,,,,,,,,N,3,0,1,2,A,-,11,21955,,F,G,B,D,A,H,-,A,D,0,Y,,,,Y,,-,99,0,1,0,0,1,0,0,0,0,"- ","- ",,,"LOS ANGELES","LOS ANGELES",-118.26519775390625,33.929153442382812
8691721,2018,2018-10-05,1942,2018-08-28,1745,42338,0313,2,5,7,1942,0,0,0,C,0,3A15,"CRENSHAW BL","W ADAMS BL",0.00,,Y,A,-,N,,,,,,,,,,N,4,0,1,2,A,-,10,21950,A,N,G,B,B,A,H,-,A,A,0,Y,,,,Y,,A,07,0,0,1,0,1,0,0,0,0,"- ","- ",,,"LOS ANGELES","LOS ANGELES",-118.33500671386719,34.032581329345703
8692175,2018,2018-09-25,1942,2018-08-26,2255,40730,1162,7,5,7,1942,0,0,0,K,0,11A51,"FOUNTAIN AV","SUNSET BL",60.00,E,N,A,-,N,,,,,,,,,,N,3,0,1,2,A,-,11,21954,A,N,G,B,D,A,H,-,C,A,0,Y,,,,Y,,N,60,0,1,0,0,1,0,0,0,0,"- ","- ",,,"LOS ANGELES","LOS ANGELES",-118.28392028808594,34.095821380615234
8692188,2018,2018-09-26,1942,2018-08-28,1150,38050,1181,2,5,7,1942,0,0,0,K,0,11A71,"N ALVARADO ST","SUNSET BL",5.00,N,N,A,-,N,,,,,,,,,,N,4,0,1,2,A,-,10,21950,A,F,G,B,B,A,H,-,A,A,0,Y,,,,Y,,-,99,0,0,1,0,1,0,0,0,0,"- ","- ",,,"LOS ANGELES","LOS ANGELES",-118.26347351074219,34.077632904052734
8694333,2018,2018-09-27,1942,2018-08-09,1610,42312,1371,4,5,7,1942,0,0,0,M,0,13X94,"MAIN ST","58TH ST",0.00,,Y,A,-,N,,,,,,,,,,N,3,0,1,2,A,-,09,21804,A,N,A,C,E,A,H,-,A,D,0,Y,,,,Y,,A,08,0,1,0,0,1,0,0,0,0,"- ","- ",,,"LOS ANGELES","LOS ANGELES",-118.27394104003906,33.989818572998047
8694452,2018,2018-10-04,1942,2018-07-20,2215,41997,1363,5,5,7,1942,0,0,0,M,0,13A43,"AVALON BL","51ST ST",0.00,,Y,A,-,N,,,,,,,,,,N,3,0,1,2,A,-,00,2950,A,N,G,B,B,A,H,-,C,A,0,Y,,,,Y,,A,01,0,1,0,0,1,0,0,0,0,"- ","- ",,,"LOS ANGELES","LOS ANGELES",-118.26522827148438,33.996559143066406
8694571,2018,2018-10-03,1942,2018-08-09,1145,38567,1343,4,5,7,1942,0,0,0,M,0,13A43,"MARTIN LUTHER KING BL","GRIFFITH AV",0.00,,Y,A,-,N,,,,,,,,,,N,2,0,1,2,A,-,10,21954,B,N,G,B,D,A,H,-,A,D,0,Y,,,,Y,,A,01,1,0,0,0,1,0,0,0,0,"- ","- ",,,"LOS ANGELES","LOS ANGELES",-118.26278686523438,34.011070251464844