CASE_ID,ACCIDENT_YEAR,PROC_DATE,JURIS,COLLISION_DATE,COLLISION_TIME,OFFICER_ID,REPORTING_DISTRICT,DAY_OF_WEEK,CHP_SHIFT,POPULATION,CNTY_CITY_LOC,SPECIAL_COND,BEAT_TYPE,CHP_BEAT_TYPE,CITY_DIVISION_LAPD,CHP_BEAT_CLASS,BEAT_NUMBER,PRIMARY_RD,SECONDARY_RD,DISTANCE,DIRECTION,INTERSECTION,WEATHER_1,WEATHER_2,STATE_HWY_IND,CALTRANS_COUNTY,CALTRANS_DISTRICT,STATE_ROUTE,ROUTE_SUFFIX,POSTMILE_PREFIX,POSTMILE,LOCATION_TYPE,RAMP_INTERSECTION,SIDE_OF_HWY,TOW_AWAY,COLLISION_SEVERITY,NUMBER_KILLED,NUMBER_INJURED,PARTY_COUNT,PRIMARY_COLL_FACTOR,PCF_CODE_OF_VIOL,PCF_VIOL_CATEGORY,PCF_VIOLATION,PCF_VIOL_SUBSECTION,HIT_AND_RUN,TYPE_OF_COLLISION,MVIW,PED_ACTION,ROAD_SURFACE,ROAD_COND_1,ROAD_COND_2,LIGHTING,CONTROL_DEVICE,CHP_ROAD_TYPE,PEDESTRIAN_ACCIDENT,BICYCLE_ACCIDENT,MOTORCYCLE_ACCIDENT,TRUCK_ACCIDENT,NOT_PRIVATE_PROPERTY,ALCOHOL_INVOLVED,STWD_VEHTYPE_AT_FAULT,CHP_VEHTYPE_AT_FAULT,COUNT_SEVERE_INJ,COUNT_VISIBLE_INJ,COUNT_COMPLAINT_PAIN,COUNT_PED_KILLED,COUNT_PED_INJURED,COUNT_BICYCLIST_KILLED,COUNT_BICYCLIST_INJURED,COUNT_MC_KILLED,COUNT_MC_INJURED,PRIMARY_RAMP,SECONDARY_RAMP,LATITUDE,LONGITUDE,COUNTY,CITY,POINT_X,POINT_Y
8695280,2018,2018-09-28,1942,2018-08-30,1625,38977,0524,4,5,7,1942,0,0,0,E,0,5A84,"WILMINGTON AV","ANAHEIM ST",0.00,,Y,A,-,N,,,,,,,,,,N,4,0,3,4,A,-,10,21950,,N,G,B,B,A,H,-,A,A,0,Y,,,,Y,,A,01,0,0,3,0,3,0,0,0,0,"- ","- ",,,"LOS ANGELES","LOS ANGELES",-118.274169921875,33.779331207275391
8695533,2018,2018-09-24,1942,2018-08-30,0740,41214,12145,4,5,7,1942,0,0,0,L,0,12A45,"64TH ST","KANSAS AV",0.00,,Y,A,-,N,,,,,,,,,,N,4,0,1,2,A,-,10,21950,A,N,G,B,D,A,H,-,A,A,0,Y,,,,Y,,A,07,0,0,1,0,1,0,0,0,0,"- ","- ",,,"LOS ANGELES","LOS ANGELES",-118.29369354248047,33.981418609619141
8696406,2018,2018-09-25,1942,2018-06-29,1210,35487,1313,5,5,7,1942,0,0,0,M,0,13A75,"PALOMA ST","WASHINGTON BL",15.00,N,N,A,-,N,,,,,,,,,,N,4,0,1,2,D,-,00,,,M,G,B,E,A,H,-,A,D,0,Y,,,,Y,,-,"- ",0,0,1,0,1,0,0,0,0,"- ","- ",,,"LOS ANGELES","LOS ANGELES",-118.25241088867188,34.025493621826172
8697019,2018,2018-09-26,1942,2018-06-19,1720,41579,0361,2,5,7,1942,0,0,0,C,0,3A1,"LA BREA","RODEO RD",0.00,,Y,A,-,N,,,,,,,,,,N,2,0,1,2,A,-,11,21955,,F,G,B,D,A,H,-,A,A,0,Y,,,,Y,,-,99,1,0,0,0,1,0,0,0,0,"- ","- ",,,"LOS ANGELES","LOS ANGELES",-118.35561370849609,34.021530151367188
8698158,2018,2018-10-03,1942,2018-08-31,1500,40222,941,5,5,7,1942,0,0,0,,0,9Z1,"BURBANK BL","VAN NUYS BL",0.00,,Y,A,-,N,,,,,,,,,,N,3,0,1,2,B,-,22,,,N,G,B,B,A,H,-,A,A,0,Y,,,,Y,,-,,0,1,0,0,1,0,0,0,0,"- ","- ",,,"LOS ANGELES","LOS ANGELES",-118.44873809814453,34.172111511230469
8698896,2018,2018-09-27,1942,2018-08-30,1620,42045,1654,4,5,7,1942,0,0,0,P,0,16T58,"DEBELL ST",TELFAIR,660.00,E,N,A,-,N,,,,,,,,,,N,3,0,1,2,B,-,22,,,N,G,J,E,A,H,-,A,D,0,Y,,,,Y,,N,60,0,1,0,0,1,0,0,0,0,"- ","- ",,,"LOS ANGELES","LOS ANGELES",-118.40723419189453,34.248794555664062
8698955,2018,2018-09-27,1942,2018-08-17,1830,41852,1657,5,5,7,1942,0,0,0,P,0,16X36,"VALMONT ST","COMMERCE AV",50.00,W,N,A,-,N,,,,,,,,,,N,3,0,1,2,A,-,11,21954,A,N,G,B,D,A,H,-,A,D,0,Y,,,,Y,,N,60,0,1,0,0,1,0,0,0,0,"- ","- ",,,"LOS ANGELES","LOS ANGELES",-118.28880310058594,34.252300262451172
8700834,2018,2018-10-22,1942,2018-08-20,0240,41072,1841,1,5,7,1942,0,0,0,R,0,18A41,"IMPERIAL HWY","DENVER AV",80.00,E,N,A,-,N,,,,,,,,,,N,2,0,1,2,A,-,11,21954,A,F,G,B,D,A,H,-,C,A,0,Y,,,,Y,,N,60,1,0,0,0,1,0,0,0,0,"- ","- ",,,"LOS ANGELES","LOS ANGELES",-118.28458404541016,33.930988311767578
8701340,2018,2018-09-21,1942,2018-08-15,1130,42561,1077,3,5,7,1942,0,0,0,J,0,10A99,"VENTURA BL","LOUISE AV",0.00,,Y,A,-,N,,,,,,,,,,N,4,0,1,2,A,-,10,21950,,N,G,B,B,A,H,-,A,A,0,Y,,,,Y,,A,01,0,0,1,0,1,0,0,0,0,"- ","- ",,,"LOS ANGELES","LOS ANGELES",-118.50980377197266,34.160839080810547
8701365,2018,2018-09-24,1942,2018-08-30,1045,39745,1863,4,5,7,1942,0,0,0,R,0,18A63,"EAST 118TH ST","AVALON BL",335.00,E,N,A,-,N,,,,,,,,,,N,3,0,1,3,A,-,08,22107,,N,D,B,E,A,H,-,A,D,0,Y,,,,Y,,A,01,0,1,0,0,1,0,0,0,0,"- ","- ",,,"LOS ANGELES","LOS ANGELES",-118.26409912109375,33.926467895507812
8701795,2018,2018-10-05,1942,2018-09-12,1800,43331,9525,3,5,7,1942,0,0,0,,0,5A15,"NEPTUNE AV","E ST",102.00,E,N,A,-,N,,,,,,,,,,N,2,0,1,2,A,-,11,21956,A,N,G,B,E,A,H,-,A,D,0,Y,,,,Y,,N,60,1,0,0,0,1,0,0,0,0,"- ","- ",,,"LOS ANGELES","LOS ANGELES",-118.26861572265625,33.774990081787109
8701989,2018,2018-10-08,1942,2018-09-12,0921,43392,0853,3,5,7,1942,0,0,0,H,0,8A53,"NEBRASKA ST","BUNDY DR",0.00,,-,A,-,N,,,,,,,,,,N,4,0,1,2,A,-,10,21950,A,N,-,-,B,A,-,-,A,-,0,Y,,,,Y,Y,D,22,0,0,1,0,1,0,0,0,0,"- ","- ",,,"LOS ANGELES","LOS ANGELES",-118.45861053466797,34.036540985107422
8702048,2018,2018-10-12,1942,2018-09-07,1650,41253,363,5,5,7,1942,0,0,0,,0,3A1-W2,"CRENSHAW BL",CRENSHAW,67.00,W,N,A,-,N,,,,,,,,,,N,4,0,1,2,A,-,10,21950,A,N,G,B,-,A,H,-,A,D,0,Y,,,,Y,,N,60,0,0,1,0,1,0,0,0,0,"- ","- ",,,"LOS ANGELES","LOS ANGELES",-118.33511352539062,34.032070159912109
8702328,2018,2018-10-02,1942,2018-08-07,1030,41179,0726,2,5,7,1942,0,0,0,G,0,7A17,"DETROIT ST","BEVERLY BL",28.00,S,N,A,-,N,,,,,,,,,,N,4,0,1,2,A,-,11,21954,A,F,B,B,E,A,H,-,A,D,0,Y,,,,Y,,N,60,0,0,1,0,1,0,0,0,0,"- ","- ",,,"LOS ANGELES","LOS ANGELES",-118.34516906738281,34.076091766357422
8702340,2018,2018-10-02,1942,2018-08-31,2140,38090,0749,5,5,7,1942,0,0,0,G,0,8TL35,"ROSSMORE AV","WILSHIRE BL",8.00,N,N,A,-,N,,,,,,,,,,N,3,0,1,2,A,-,11,21950,B,N,G,B,B,A,H,-,C,A,0,Y,,,,Y,,N,60,0,1,0,0,1,0,0,0,0,"- ","- ",,,"LOS ANGELES","LOS ANGELES",-118.32765197753906,34.061931610107422
8702376,2018,2018-10-02,1942,2018-08-21,2030,42498,0642,2,5,7,1942,0,0,0,F,0,6A31,"SUNSET BL","CURSON AV",0.00,,Y,A,-,N,,,,,,,,,,N,3,0,1,2,C,-,18,,,N,G,B,D,A,H,-,B,A,0,Y,,,,Y,Y,-,"- ",0,1,0,0,1,0,0,0,0,"- ","- ",,,"LOS ANGELES","LOS ANGELES",-118.35502624511719,34.098041534423828
8702408,2018,2018-10-02,1942,2018-07-21,1220,31465,2076,6,5,7,1942,0,0,0,,0,20A97,"VERMONT AV","PICO BL",265.00,S,N,A,-,N,,,,,,,,,,N,3,0,1,2,A,-,21,22106,,N,G,B,F,A,H,-,A,D,0,Y,,,,Y,,A,01,0,1,0,0,1,0,0,0,0,"- ","- ",,,"LOS ANGELES","LOS ANGELES",-118.29161071777344,34.046531677246094
8702424,2018,2018-10-02,1942,2018-07-29,2230,37677,2093,7,5,7,1942,0,0,0,,0,20A13,"WASHINGTON BL","NORMANDIE AV",0.00,,Y,A,-,N,,,,,,,,,,N,4,0,1,2,A,-,10,21950,A,F,E,J,B,A,H,-,C,A,0,Y,,,,Y,,-,99,0,0,1,0,1,0,0,0,0,"- ","- ",,,"LOS ANGELES","LOS ANGELES",-118.30084228515625,34.039989471435547
8703157,2018,2018-10-30,1942,2018-09-03,1350,41629,1146,1,5,7,1942,0,0,0,K,0,11A95,"NEWELL ST","BLAKE AV",216.00,S,N,A,-,N,,,,,,,,,,N,3,0,1,2,A,-,11,21954,A,N,G,B,D,A,H,-,A,D,0,Y,,,,Y,,A,01,0,1,0,0,1,0,0,0,0,"- ","- ",,,"LOS ANGELES","LOS ANGELES",-118.24460601806641,34.101070404052734
8705013,2018,2018-10-11,1942,2018-09-05,2135,43407,0201,3,5,7,1942,0,0,0,B,0,2A17,"MONROE ST","E EDGEWARE ST",3.00,W,N,B,-,N,,,,,,,,,,N,4,0,1,2,A,-,11,21950,B,N,G,B,B,A,H,-,C,A,0,Y,,,,Y,,N,60,0,0,1,0,1,0,0,0,0,"- ","- ",,,"LOS ANGELES","LOS ANGELES",,
8705383,2018,2018-10-04,1942,2018-08-03,2110,41056,1233,5,5,7,1942,0,0,0,L,0,12A45,"W 59TH PL","S DENKER AV",225.00,W,N,A,-,N,,,,,,,,,,Y,4,0,1,2,A,-,11,21954,A,F,G,B,E,A,H,-,C,D,0,Y,,,,Y,,N,60,0,0,1,0,1,0,0,0,0,"- ","- ",,,"LOS ANGELES","LOS ANGELES",-118.30532073974609,33.986701965332031
8707741,2018,2018-10-10,1942,2018-08-22,1030,30380,1307,3,5,7,1942,0,0,0,M,0,13A9,"S CENTRAL AV","EAST 7TH ST",0.00,,Y,A,-,N,,,,,,,,,,N,3,0,1,2,A,-,10,21950,A,N,G,-,B,A,H,-,A,A,0,Y,,,,Y,,A,07,0,1,0,0,1,0,0,0,0,"- ","- ",,,"LOS ANGELES","LOS ANGELES",-118.24117279052734,34.036769866943359
8710159,2018,2018-10-17,1942,2018-09-06,1320,42562,0926,4,5,7,1942,0,0,0,I,0,9X14,KITTRIDGE,"HAZELTINE AV",0.00,,Y,A,-,N,,,,,,,,,,N,4,0,2,3,A,-,03,22350,,N,C,E,F,A,H,-,A,D,0,Y,,,,Y,,D,22,0,0,2,0,1,0,0,0,0,"- ","- ",,,"LOS ANGELES","LOS ANGELES",-118.43997192382812,34.190670013427734
8710334,2018,2018-10-29,1942,2018-09-22,1435,352703,0725,6,5,7,1942,0,0,0,G,0,34M143,"GARNER ST","3RD ST",28.00,S,N,A,-,N,,,,,,,,,,N,3,0,1,2,A,-,10,21950,A,N,G,B,B,A,H,-,A,A,0,Y,,,,Y,,A,01,0,1,0,0,1,0,0,0,0,"- ","- ",,,"LOS ANGELES","LOS ANGELES",-118.35323333740234,34.070350646972656
8711288,2018,2018-10-29,1942,2018-09-21,1445,34426,1161,5,5,7,1942,0,0,0,K,0,11A51,"SANTA MONICA BL","ALEXANDRIA AV",0.00,,Y,A,-,N,,,,,,,,,,N,3,0,1,2,A,-,10,21950,A,F,G,B,B,A,H,-,A,D,0,Y,,,,Y,Y,-,99,0,1,0,0,1,0,0,0,0,"- ","- ",,,"LOS ANGELES","LOS ANGELES",-118.29839324951172,34.090831756591797
8711347,2018,2018-11-01,1942,2018-10-14,1420,39192,0984,7,5,7,1942,0,0,0,I,0,9A89,"KESTER AV","VENTURA BL",6.00,N,N,A,-,N,,,,,,,,,,N,4,0,2,3,A,-,10,21950,A,N,G,B,B,A,H,-,A,A,0,Y,,,,Y,,A,01,0,0,2,0,2,0,0,0,0,"- ","- ",,,"LOS ANGELES","LOS ANGELES",-118.45742797851562,34.152366638183594
8712033,2018,2018-10-15,1942,2018-09-01,0800,39013,0166,6,5,7,1942,0,0,0,A,0,1A41,"7TH ST","WALL ST",0.00,,Y,A,-,N,,,,,,,,,,N,4,0,1,2,A,-,11,21456,B,N,G,B,B,A,H,-,A,A,0,Y,,,,Y,,N,60,0,0,1,0,1,0,0,0,0,"- ","- ",,,"LOS ANGELES","LOS ANGELES",-118.24852752685547,34.041961669921875
8712045,2018,2018-10-15,1942,2018-09-08,1020,37540,0171,6,5,7,1942,0,0,0,A,0,1A61,"W OLYMPIC BL","S FIGUEROA ST",0.00,,Y,A,-,N,,,,,,,,,,N,4,0,1,2,A,-,10,21950,A,N,G,B,B,A,H,-,A,A,0,Y,,,,Y,,A,07,0,0,1,0,1,0,0,0,0,"- ","- ",,,"LOS ANGELES","LOS ANGELES",-118.26397705078125,34.044971466064453
8712509,2018,2018-10-18,1942,2018-09-11,1350,43335,0142,2,5,7,1942,0,0,0,A,0,0142,"S HOPE ST","4TH ST",600.00,N,N,A,-,N,,,,,,,,,,N,4,0,1,2,A,-,11,21954,A,N,H,B,F,A,H,-,A,D,0,Y,,,,Y,,N,60,0,0,1,0,1,0,0,0,0,"- ","- ",,,"LOS ANGELES","LOS ANGELES",-118.25366973876953,34.052299499511719
8712564,2018,2018-10-22,1942,2018-09-29,2305,42771,1826,6,5,7,1942,0,0,0,R,0,1844,"103RD ST","GRANDEE AV",0.00,,Y,A,-,N,,,,,,,,,,N,3,0,1,2,A,-,10,21950,A,F,G,B,B,A,H,-,C,A,0,Y,,,,Y,,-,99,0,1,0,0,1,0,0,0,0,"- ","- ",,,"LOS ANGELES","LOS ANGELES",-118.24346160888672,33.943210601806641
8712639,2018,2018-10-22,1942,2018-09-30,2000,38050,0144,7,5,7,1942,0,0,0,A,0,1A35,"S MAIN ST","WINSTON ST",75.00,N,N,A,-,N,,,,,,,,,,N,3,0,1,2,A,-,11,21955,,N,G,B,D,A,H,-,C,D,0,Y,,,,Y,,N,60,0,1,0,0,1,0,0,0,0,"- ","- ",,,"LOS ANGELES","LOS ANGELES",-118.24757385253906,34.047752380371094
8713577,2018,2018-10-22,1942,2018-08-28,2310,43031,14A67,2,5,7,1942,0,0,0,N,0,1488,"CENTURY BL",BELLANCA,0.00,,Y,A,-,N,,,,,,,,,,N,4,0,1,2,A,-,10,21950,,N,G,B,B,A,H,-,C,A,0,Y,,,,Y,,A,01,0,0,1,0,1,0,0,0,0,"- ","- ",,,"LOS ANGELES","LOS ANGELES",-118.37995910644531,33.945579528808594
8714353,2018,2018-10-23,1942,2018-07-15,0310,40245,,7,5,7,1942,0,0,0,,0,6A77,"VINE ST","FRANKLIN AV",5.00,S,N,A,-,N,,,,,,,,,,N,4,0,1,2,A,-,11,21950,B,N,G,B,B,A,H,-,C,A,0,Y,,,,Y,,N,60,0,0,1,0,1,0,0,0,0,"- ","- ",,,"LOS ANGELES","LOS ANGELES",-118.32672119140625,34.105216979980469
8714495,2018,2018-11-13,1942,2018-10-01,1240,39103,0161,1,5,7,1942,0,0,0,A,0,1X32,"8TH ST","FRANCISCO ST",100.00,W,N,A,-,N,,,,,,,,,,N,3,0,1,2,A,-,09,21804,A,N,G,B,D,A,H,-,A,A,0,Y,,,,Y,,A,01,0,1,0,0,1,0,0,0,0,"- ","- ",,,"LOS ANGELES","LOS ANGELES",-118.26298522949219,34.048862457275391
8715549,2018,2018-11-15,1942,2018-10-08,1525,40690,2063,1,5,7,1942,0,0,0,,0,20A53,"W 11TH ST","S WESTERN AV",0.00,,Y,A,-,N,,,,,,,,,,N,3,0,1,2,A,-,10,21950,A,N,G,B,B,A,H,-,A,A,0,Y,,,,Y,,A,01,0,1,0,0,1,0,0,0,0,"- ","- ",,,"LOS ANGELES","LOS ANGELES",-118.30905914306641,34.050811767578125
8716116,2018,2018-10-16,1942,2018-08-06,2230,43082,2093,1,5,7,1942,0,0,0,,0,20A33,"S NORMANDIE AV","WEST WASHINGTON BL",0.00,,Y,A,-,N,,,,,,,,,,N,3,0,1,2,A,-,10,21950,A,N,G,B,B,A,H,-,C,A,0,Y,,,,Y,,A,01,0,1,0,0,1,0,0,0,0,"- ","- ",,,"LOS ANGELES","LOS ANGELES",-118.30084228515625,34.039989471435547
8716169,2018,2018-11-01,1942,2018-05-29,0730,31669,0516,2,5,7,1942,0,0,0,E,0,5A11,"ISLAND AV","RT 1",0.00,,Y,B,-,Y,LA,7,1,-,-,10.744,I,5,S,N,4,0,1,2,A,-,10,21950,A,N,G,B,B,A,H,-,A,A,0,Y,,,,Y,,A,01,0,0,1,0,1,0,0,0,0,"- ","- ",,,"LOS ANGELES","LOS ANGELES",-118.26700592041016,33.790912628173828
8717021,2018,2018-10-18,1942,2018-09-29,1830,35393,1245,6,5,7,1942,0,0,0,L,0,12A45,"W 69TH ST","BUDLONG AV",400.00,W,N,A,-,N,,,,,,,,,,N,4,0,1,3,A,-,17,22517,,F,B,E,E,A,H,-,A,D,0,Y,,,,Y,,D,22,0,0,1,0,1,0,0,0,0,"- ","- ",,,"LOS ANGELES","LOS ANGELES",-118.29720306396484,33.977008819580078
8717356,2018,2018-10-29,1942,2018-04-27,1730,42338,0529,5,5,7,1942,0,0,0,E,0,5A17,"E ANAHEIM ST","CRISTOBAL AV",112.00,W,N,A,-,N,,,,,,,,,,N,2,0,1,3,A,-,05,21651,B,N,G,B,D,A,H,-,B,D,0,Y,,,,Y,,A,01,1,0,0,0,1,0,0,0,0,"- ","- ",,,"LOS ANGELES","LOS ANGELES",-118.24314880371094,33.781047821044922
8717852,2018,2018-10-22,1942,2018-09-10,2016,42731,1321,1,5,7,1942,0,0,0,M,0,13A43,"25TH ST","HILL ST",0.00,,Y,A,-,N,,,,,,,,,,N,3,0,1,2,A,-,10,21950,A,F,G,B,B,A,H,-,C,D,0,Y,,,,Y,Y,-,99,0,1,0,0,1,0,0,0,0,"- ","- ",,,"LOS ANGELES","LOS ANGELES",-118.27020263671875,34.026779174804688
8719338,2018,2018-10-22,1942,2018-08-27,1430,41675,LOSAN,1,5,7,1942,0,0,0,,0,7A64,"S LA CIENEGA BL","AIRDROME ST",400.00,S,N,A,-,N,,,,,,,,,,Y,3,0,2,3,A,-,07,21658,A,N,B,C,F,A,H,-,A,D,0,Y,,Y,,Y,,A,01,0,1,1,0,1,0,0,0,1,"- ","- ",,,"LOS ANGELES","LOS ANGELES",-118.37646484375,34.0460205078125
8719354,2018,2018-10-22,1942,2018-08-22,2201,38721,0701,3,5,7,1942,0,0,0,G,0,07A,"MELROSE AV","KILKEA DR",60.00,W,N,A,-,N,,,,,,,,,,N,4,0,1,2,A,-,11,21954,A,N,G,B,E,A,H,-,C,D,0,Y,,,,Y,,A,01,0,0,1,0,1,0,0,0,0,"- ","- ",,,"LOS ANGELES","LOS ANGELES",-118.36714935302734,34.083728790283203
8719519,2018,2018-11-15,1942,2018-10-15,0900,40440,0358,1,5,7,1942,0,0,0,C,0,25TL43,"DOWNEY WY","VERMONT AV",300.00,E,N,A,-,N,,,,,,,,,,N,4,0,1,2,A,-,00,21952,A,N,G,B,F,A,H,-,A,D,0,Y,,,,Y,,A,01,0,0,1,0,1,0,0,0,0,"- ","- ",,,"LOS ANGELES","LOS ANGELES",,
8721287,2018,2018-10-23,1942,2018-09-24,1600,39759,0439,1,5,7,1942,0,0,0,D,0,4A9,"VALLEY BL","MARIONDALE AV",0.00,,Y,A,-,N,,,,,,,,,,N,3,0,1,2,A,-,10,21950,A,N,G,B,B,A,H,-,A,A,0,Y,,,,Y,,A,01,0,1,0,0,1,0,0,0,0,"- ","- ",,,"LOS ANGELES","LOS ANGELES",-118.16507720947266,34.074119567871094
8721754,2018,2018-10-25,1942,2018-09-27,0655,42834,2058,4,5,7,1942,0,0,0,,0,20A69,"ELDEN AV","W OLYMPIC BL",0.00,,Y,A,-,N,,,,,,,,,,N,3,0,2,3,A,-,10,21950,A,N,G,B,B,A,H,-,A,A,0,Y,,,,Y,,A,01,0,1,1,0,2,0,0,0,0,"- ","- ",,,"LOS ANGELES","LOS ANGELES",-118.28772735595703,34.05242919921875
8723856,2018,2018-11-26,1942,2018-10-19,2355,38838,0281,5,5,7,1942,0,0,0,B,0,12A91,ALVARADO,"11TH ST",0.00,,Y,A,-,N,,,,,,,,,,N,3,0,1,2,A,-,08,22107,,N,G,B,B,A,-,-,C,A,0,Y,,,,Y,,A,01,0,1,0,0,1,0,0,0,0,"- ","- ",,,"LOS ANGELES","LOS ANGELES",-118.28079223632812,34.050281524658203
8725420,2018,2018-10-29,1942,2018-10-17,0115,40388,1596,3,5,7,1942,0,0,0,O,0,15A85,"VENTURA BL","RIVERTON AV",160.00,E,N,A,-,N,,,,,,,,,,Y,2,0,2,2,A,-,01,23152,A,N,G,B,F,A,H,-,C,A,0,Y,,,,Y,Y,A,01,1,0,1,0,1,0,0,0,0,"- ","- ",,,"LOS ANGELES","LOS ANGELES",-118.36705780029297,34.139213562011719
8725438,2018,2018-10-26,1942,2018-10-08,1645,39632,1018,1,5,7,1942,0,0,0,J,0,10X8,HASKELL,VALERIO,4.00,E,N,A,-,N,,,,,,,,,,N,4,0,1,2,A,-,10,21950,A,N,G,B,B,A,H,-,A,-,0,Y,,,,Y,,A,01,0,0,1,0,1,0,0,0,0,"- ","- ",,,"LOS ANGELES","LOS ANGELES",-118.47492218017578,34.204818725585938
8725676,2018,2018-11-05,1942,2018-09-14,1615,,,5,5,7,1942,0,0,0,,0,1642,"TERRA BELLA ST","TELFAIR AV",5.00,W,N,A,-,N,,,,,,,,,,N,4,0,1,2,A,-,10,21950,A,N,G,B,B,A,H,-,A,A,0,Y,,,,Y,,D,22,0,0,1,0,1,0,0,0,0,"- ","- ",,,"LOS ANGELES","LOS ANGELES",-118.41928100585938,34.257591247558594
8726776,2018,2018-11-07,1942,2018-09-29,1900,41858,0506,6,5,7,1942,0,0,0,E,0,5A1,"CARSON ST","WESTERN AV",0.00,,Y,A,-,N,,,,,,,,,,N,4,0,1,2,A,-,10,21950,,N,G,B,B,A,H,-,B,A,0,Y,,,,Y,,A,01,0,0,1,0,1,0,0,0,0,"- ","- ",,,"LOS ANGELES","LOS ANGELES",-118.30902862548828,33.831501007080078
8727861,2018,2018-11-02,1942,2018-10-16,1125,33599,1861,2,5,7,1942,0,0,0,R,0,18A97,"S VERMONT AV","W 120TH ST",0.00,,Y,A,-,N,,,,,,,,,,Y,3,0,2,4,A,-,12,21453,A,N,D,C,B,A,G,-,A,A,0,Y,,,,Y,,A,07,0,2,0,0,2,0,0,0,0,"- ","- ",,,"LOS ANGELES","LOS ANGELES",-118.29154968261719,33.923690795898438
8728232,2018,2018-11-02,1942,2018-10-04,0840,38471,1538,4,5,7,1942,0,0,0,O,0,9A19W2,"VINELAND AV","HATTERAS ST",8.00,N,N,A,-,N,,,,,,,,,,N,4,0,1,2,A,-,10,21950,A,N,A,B,B,A,H,-,A,A,0,Y,,,,Y,,A,07,0,0,1,0,1,0,0,0,0,"- ","- ",,,"LOS ANGELES","LOS ANGELES",-118.37030792236328,34.175800323486328
8728727,2018,2018-11-08,1942,2018-10-22,0515,32372,0948,1,5,7,1942,0,0,0,I,0,9A37,"OXNARD ST","WOODMAN AV",10.00,E,N,A,-,N,,,,,,,,,,N,3,0,1,2,A,-,10,21950,A,F,G,B,B,A,H,-,C,A,0,Y,,,,Y,,-,99,0,1,0,0,1,0,0,0,0,"- ","- ",,,"LOS ANGELES","LOS ANGELES",-118.43120574951172,34.179401397705078
8728955,2018,2018-11-08,1942,2018-10-18,0802,31152,0216,4,5,7,1942,0,0,0,B,0,2A17,"MOHAWK ST","SUNSET BL",130.00,S,N,A,-,N,,,,,,,,,,N,3,0,1,2,A,-,11,21954,A,N,G,B,D,A,H,-,A,A,0,Y,,,,Y,,N,60,0,1,0,0,1,0,0,0,0,"- ","- ",,,"LOS ANGELES","LOS ANGELES",-118.26535797119141,34.077461242675781
8729718,2018,2018-11-20,1942,2018-08-30,1230,43264,0525,4,5,7,1942,0,0,0,E,0,5A15,"F ST","GULF AV",0.00,,Y,A,-,N,,,,,,,,,,Y,3,0,1,3,A,-,05,21650,,F,G,B,E,A,H,-,A,D,0,Y,,,,Y,,A,01,0,1,0,0,1,0,0,0,0,"- ","- ",,,"LOS ANGELES","LOS ANGELES",-118.27265930175781,33.776508331298828
8729843,2018,2018-11-20,1942,2018-10-03,1930,42441,1361,3,5,7,1942,0,0,0,M,0,13X62,"MAIN ST","51ST ST",50.00,S,N,A,-,N,,,,,,,,,,N,4,0,1,2,A,-,11,21955,,N,G,B,C,A,-,-,D,D,0,Y,,,,Y,,N,60,0,0,1,0,1,0,0,0,0,"- ","- ",,,"LOS ANGELES","LOS ANGELES",-118.27397155761719,33.996353149414062
8729844,2018,2018-11-20,1942,2018-10-10,1730,39759,0233,3,5,7,1942,0,0,0,B,0,2A17,"W 3RD ST","S RAMPART BL",0.00,,Y,A,-,N,,,,,,,,,,N,4,0,1,2,A,-,08,22107,,F,G,B,B,A,H,-,A,D,0,Y,,,,Y,Y,-,99,0,0,1,0,1,0,0,0,0,"- ","- ",,,"LOS ANGELES","LOS ANGELES",-118.27887725830078,34.066249847412109
8729869,2018,2018-11-19,1942,2018-10-02,1910,40730,0257,2,5,7,1942,0,0,0,B,0,2A69,"LUCAS AV","INGRAHAM ST",0.00,,Y,A,-,N,,,,,,,,,,N,2,0,1,2,A,-,10,21950,A,N,G,B,B,A,H,-,C,D,0,Y,,,,Y,,A,07,1,0,0,0,1,0,0,0,0,"- ","- ",,,"LOS ANGELES","LOS ANGELES",-118.26534271240234,34.052261352539062
8729897,2018,2018-11-19,1942,2018-10-24,2020,38729,0423,3,5,7,1942,0,0,0,D,0,4A15,"N MISSION RD","N GRIFFIN AV",908.00,,N,A,-,N,,,,,,,,,,N,2,0,1,2,A,-,11,21954,A,N,G,B,D,A,H,-,C,D,0,Y,,,,Y,,N,60,1,0,0,0,1,0,0,0,0,"- ","- ",,,"LOS ANGELES","LOS ANGELES",-118.211181640625,34.062801361083984
8729899,2018,2018-11-20,1942,2018-10-19,0615,41629,1345,5,5,7,1942,0,0,0,M,0,13A27,"COMPTON AV","E MARTIN LUTHER KING BL",0.00,,Y,A,-,N,,,,,,,,,,N,3,0,1,2,A,-,10,21950,A,N,G,B,B,A,H,-,C,A,0,Y,,,,Y,,A,01,0,1,0,0,1,0,0,0,0,"- ","- ",,,"LOS ANGELES","LOS ANGELES",-118.24935150146484,34.011280059814453