CASE_ID,ACCIDENT_YEAR,PROC_DATE,JURIS,COLLISION_DATE,COLLISION_TIME,OFFICER_ID,REPORTING_DISTRICT,DAY_OF_WEEK,CHP_SHIFT,POPULATION,CNTY_CITY_LOC,SPECIAL_COND,BEAT_TYPE,CHP_BEAT_TYPE,CITY_DIVISION_LAPD,CHP_BEAT_CLASS,BEAT_NUMBER,PRIMARY_RD,SECONDARY_RD,DISTANCE,DIRECTION,INTERSECTION,WEATHER_1,WEATHER_2,STATE_HWY_IND,CALTRANS_COUNTY,CALTRANS_DISTRICT,STATE_ROUTE,ROUTE_SUFFIX,POSTMILE_PREFIX,POSTMILE,LOCATION_TYPE,RAMP_INTERSECTION,SIDE_OF_HWY,TOW_AWAY,COLLISION_SEVERITY,NUMBER_KILLED,NUMBER_INJURED,PARTY_COUNT,PRIMARY_COLL_FACTOR,PCF_CODE_OF_VIOL,PCF_VIOL_CATEGORY,PCF_VIOLATION,PCF_VIOL_SUBSECTION,HIT_AND_RUN,TYPE_OF_COLLISION,MVIW,PED_ACTION,ROAD_SURFACE,ROAD_COND_1,ROAD_COND_2,LIGHTING,CONTROL_DEVICE,CHP_ROAD_TYPE,PEDESTRIAN_ACCIDENT,BICYCLE_ACCIDENT,MOTORCYCLE_ACCIDENT,TRUCK_ACCIDENT,NOT_PRIVATE_PROPERTY,ALCOHOL_INVOLVED,STWD_VEHTYPE_AT_FAULT,CHP_VEHTYPE_AT_FAULT,COUNT_SEVERE_INJ,COUNT_VISIBLE_INJ,COUNT_COMPLAINT_PAIN,COUNT_PED_KILLED,COUNT_PED_INJURED,COUNT_BICYCLIST_KILLED,COUNT_BICYCLIST_INJURED,COUNT_MC_KILLED,COUNT_MC_INJURED,PRIMARY_RAMP,SECONDARY_RAMP,LATITUDE,LONGITUDE,COUNTY,CITY,POINT_X,POINT_Y
8730206,2018,2018-11-27,1942,2018-11-08,1155,35267,0657,4,5,7,1942,0,0,0,F,0,6A77,"N SAINT ANDREWS PL","SANTA MONICA BL",5.00,S,N,A,-,N,,,,,,,,,,N,4,0,1,2,A,-,10,21950,A,M,G,B,B,A,H,-,A,A,0,Y,,,,Y,,-,99,0,0,1,0,1,0,0,0,0,"- ","- ",,,"LOS ANGELES","LOS ANGELES",-118.31139373779297,34.090747833251953
8732498,2018,2018-11-15,1942,2018-10-12,2315,38143,1141,5,5,7,1942,0,0,0,K,0,11A89,"N VERMONT AV","RUSSELL AV",35.00,W,N,C,-,N,,,,,,,,,,N,2,0,2,3,A,-,03,22350,,N,G,B,B,B,-,-,C,D,0,Y,,,,Y,,A,01,1,0,1,0,2,0,0,0,0,"- ","- ",,,"LOS ANGELES","LOS ANGELES",-118.29178619384766,34.104488372802734
8733406,2018,2018-11-06,1942,2018-10-09,2150,37928,1268,2,5,7,1942,0,0,0,L,0,12A15,"MAIN ST","85TH ST",5.00,N,N,A,-,N,,,,,,,,,,N,3,0,1,2,A,-,10,21950,A,F,G,B,D,A,H,-,A,D,0,Y,,,,Y,Y,-,99,0,1,0,0,1,0,0,0,0,"- ","- ",,,"LOS ANGELES","LOS ANGELES",-118.27388763427734,33.961544036865234
8733637,2018,2018-11-08,1942,2018-10-15,1910,43222,2004,1,5,7,1942,0,0,0,,0,20A53,"MAPLEWOOD AV","WESTERN AV",230.00,W,N,A,-,N,,,,,,,,,,N,4,0,1,2,A,-,11,21954,A,N,G,B,D,A,H,-,C,D,0,Y,,,,Y,,N,60,0,0,1,0,1,0,0,0,0,"- ","- ",,,"LOS ANGELES","LOS ANGELES",-118.30990600585938,34.080287933349609
8733654,2018,2018-11-20,1942,2018-10-20,0824,34959,2022,6,5,7,1942,0,0,0,,0,20A1,"S WESTERN AV","W 6TH ST",0.00,,Y,A,-,N,,,,,,,,,,Y,2,0,2,2,A,-,10,21950,A,F,G,B,B,A,H,-,A,A,0,Y,,,,Y,,A,01,1,0,1,0,1,0,0,0,0,"- ","- ",,,"LOS ANGELES","LOS ANGELES",-118.30911254882812,34.063518524169922
8735119,2018,2018-11-13,1942,2018-08-31,2005,42076,0378,5,5,7,1942,0,0,0,C,0,3XL95,VERMONT,EXPOSITION,0.00,,Y,A,-,N,,,,,,,,,,N,4,0,1,2,A,-,10,21950,,N,G,B,B,A,H,-,C,A,0,Y,,,,Y,Y,A,01,0,0,1,0,1,0,0,0,0,"- ","- ",,,"LOS ANGELES","LOS ANGELES",-118.29152679443359,34.018348693847656
8735165,2018,2018-11-07,1942,2018-09-12,1525,37900,1415,3,5,7,1942,0,0,0,N,0,14A25,"LINCOLN BL","VERNON AV",0.00,,Y,A,-,N,,,,,,,,,,N,3,0,1,2,A,-,10,21950,A,N,G,B,B,-,H,-,A,A,0,Y,,,,Y,,A,01,0,1,0,0,1,0,0,0,0,"- ","- ",,,"LOS ANGELES","LOS ANGELES",-118.46453094482422,33.999748229980469
8736237,2018,2018-11-26,1942,2018-10-16,1920,43364,1213,2,5,7,1942,0,0,0,L,0,12A45,"54TH ST",GRAMERCY,30.00,W,N,A,-,N,,,,,,,,,,N,3,0,1,2,A,-,11,21956,A,N,G,B,E,A,H,-,C,D,0,Y,,,,Y,,N,60,0,1,0,0,1,0,0,0,0,"- ","- ",,,"LOS ANGELES","LOS ANGELES",-118.31395721435547,33.993221282958984
8736708,2018,2019-01-07,1942,2018-10-21,1900,34599,1919,7,5,7,1942,0,0,0,,0,19A7,"FOOTHILL BL","ARROYO ST",70.00,S,N,A,-,N,,,,,,,,,,N,2,0,1,2,A,-,11,21954,A,N,G,B,D,A,H,-,C,A,0,Y,,,,Y,,N,60,1,0,0,0,1,0,0,0,0,"- ","- ",,,"LOS ANGELES","LOS ANGELES",-118.41426849365234,34.292636871337891
8737956,2018,2019-01-10,1942,2018-11-07,2250,42451,0706,3,5,7,1942,0,0,0,G,0,7A17,"MELROSE AV","MANSFIELD AV",0.00,,Y,A,-,N,,,,,,,,,,N,3,0,1,2,A,-,12,21453,A,F,G,B,B,A,H,-,C,A,0,Y,,,,Y,,-,99,0,1,0,0,1,0,0,0,0,"- ","- ",,,"LOS ANGELES","LOS ANGELES",-118.34065246582031,34.083469390869141
8738045,2018,2018-11-27,1942,2018-10-04,1710,38244,0752,4,5,7,1942,0,0,0,G,0,7A84,"FAIRFAX AV","WHITWORTH DR",200.00,N,N,A,-,N,,,,,,,,,,N,3,0,1,2,A,-,17,21235,G,F,G,B,F,A,H,-,A,D,0,Y,,,,Y,,-,99,0,1,0,0,1,0,0,0,0,"- ","- ",,,"LOS ANGELES","LOS ANGELES",-118.36473846435547,34.056266784667969
8738086,2018,2018-11-27,1942,2018-11-03,2020,40209,0858,6,5,7,1942,0,0,0,H,0,8A95,"PICO BL","CLARK DR",15.00,E,N,A,-,N,,,,,,,,,,N,4,0,1,2,A,-,11,21956,A,F,G,B,E,A,H,-,C,A,0,Y,,,,Y,,N,60,0,0,1,0,1,0,0,0,0,"- ","- ",,,"LOS ANGELES","LOS ANGELES",-118.38474273681641,34.054962158203125
8738156,2018,2018-11-27,1942,2018-08-31,1630,40690,0719,5,5,7,1942,0,0,0,G,0,7A17,"N JUNE ST","MELROSE AV",115.00,N,N,A,-,N,,,,,,,,,,N,3,0,1,3,A,-,21,22106,,N,H,E,E,A,H,-,A,D,0,Y,,,,Y,,A,01,0,1,0,0,1,0,0,0,0,"- ","- ",,,"LOS ANGELES","LOS ANGELES",-118.33419799804688,34.083793640136719
8738630,2018,2019-01-17,1942,2018-10-12,1930,39062,1113,5,5,7,1942,0,0,0,K,0,11A17,"E COLORADO BL","EAGLEDALE AV",0.00,,Y,B,-,Y,LA,7,2,-,-,18.237,R,3,W,N,3,0,1,2,A,-,10,21950,A,F,G,B,B,A,H,-,C,A,0,Y,,,,Y,,-,99,0,1,0,0,1,0,0,0,0,"- ","- ",,,"LOS ANGELES","LOS ANGELES",-118.22953796386719,34.135848999023438
8738829,2018,2019-01-31,1942,2018-10-31,1905,41957,0811,3,5,7,1942,0,0,0,H,0,8A1,"PACIFIC COAST HWY","PORTO MARINA WY",17.00,S,N,A,-,Y,LA,7,1,-,-,39.630,H,-,S,N,2,0,1,2,A,-,11,21954,A,N,G,B,E,A,H,-,C,A,0,Y,,,,Y,Y,N,60,1,0,0,0,1,0,0,0,0,"- ","- ",,,"LOS ANGELES","LOS ANGELES",-118.56055450439453,34.040042877197266
8739374,2018,2019-04-03,1942,2018-11-15,2330,42876,0265,4,5,7,1942,0,0,0,B,0,2A75,"W 8TH ST","ALVARADO ST",115.00,E,N,A,-,N,,,,,,,,,,N,2,0,1,2,A,-,11,21954,A,N,G,B,D,A,H,-,C,A,0,Y,,,,Y,,N,60,1,0,0,0,1,0,0,0,0,"- ","- ",,,"LOS ANGELES","LOS ANGELES",-118.27750396728516,34.054737091064453
8740564,2018,2018-11-20,1942,2018-11-01,1430,43132,1427,4,5,7,1942,0,0,0,N,0,14A27,PALMS,SEPULVEDA,15.00,W,N,A,-,N,,,,,,,,,,N,4,0,1,2,A,-,10,21950,A,N,G,B,B,A,H,-,A,A,0,Y,,,,Y,,A,01,0,0,1,0,1,0,0,0,0,"- ","- ",,,"LOS ANGELES","LOS ANGELES",-118.42224884033203,34.01922607421875
8740704,2018,2018-12-03,1942,2018-10-26,0755,41710,RD080,5,5,7,1942,0,0,0,,0,8A29W2,"ASHDALE PL","GLENROY AV",645.00,W,N,A,-,N,,,,,,,,,,N,4,0,1,3,A,-,03,22350,A,N,C,E,E,A,C,-,A,D,0,Y,,,,Y,,A,08,0,0,1,0,1,0,0,0,0,"- ","- ",,,"LOS ANGELES","LOS ANGELES",-118.46282196044922,34.076446533203125
8740758,2018,2018-11-20,1942,2018-10-10,2010,41942,0859,3,5,7,1942,0,0,0,H,0,8Z1,"ROBERTSON BL","PICO BL",150.00,N,N,A,-,N,,,,,,,,,,N,3,0,1,2,A,-,11,21954,A,N,G,B,E,A,H,-,C,D,0,Y,,,,Y,,N,60,0,1,0,0,1,0,0,0,0,"- ","- ",,,"LOS ANGELES","LOS ANGELES",-118.38371276855469,34.055191040039062
8740769,2018,2018-11-19,1942,2018-10-07,2020,42845,OLYUM,7,5,7,1942,0,0,0,,0,2026,"3RD ST","NEW HAMPSHIRE AV",0.00,,Y,A,-,N,,,,,,,,,,N,3,0,1,2,A,-,10,21950,A,F,G,B,B,A,H,-,C,A,0,Y,,,,Y,,-,99,0,1,0,0,1,0,0,0,0,"- ","- ",,,"LOS ANGELES","LOS ANGELES",-118.29292297363281,34.069049835205078
8740790,2018,2018-11-20,1942,2018-10-25,2140,41957,1473,4,5,7,1942,0,0,0,N,0,14A73,"FALMOUTH AV","W MANCHESTER AV",0.00,,Y,A,-,N,,,,,,,,,,N,3,0,1,2,A,-,10,21950,A,N,G,B,B,A,H,-,C,A,0,Y,,,,Y,,A,01,0,1,0,0,1,0,0,0,0,"- ","- ",,,"LOS ANGELES","LOS ANGELES",-118.43744659423828,33.958869934082031
8740832,2018,2018-11-19,1942,2018-10-18,0958,37416,0715,4,5,7,1942,0,0,0,G,0,7A1,"N LA BREA AV","BEVERLY BL",31.00,S,N,A,-,N,,,,,,,,,,Y,4,0,1,3,A,-,08,22107,,N,B,C,F,A,H,-,A,D,0,Y,,,,Y,,A,07,0,0,1,0,1,0,0,0,0,"- ","- ",,,"LOS ANGELES","LOS ANGELES",-118.34403991699219,34.076084136962891
8741178,2018,2018-11-28,1942,2018-11-07,1830,30830,2156,3,5,7,1942,0,0,0,,0,21A57,"VICTORY BL","TOPANGA CANYON BL",445.00,E,N,A,-,N,,,,,,,,,,N,4,0,1,2,D,-,00,,,F,G,B,B,A,H,-,C,A,0,Y,,,,Y,,-,"- ",0,0,1,0,1,0,0,0,0,"- ","- ",,,"LOS ANGELES","LOS ANGELES",-118.60445404052734,34.187191009521484
8741749,2018,2018-12-05,1942,2018-10-30,1834,43423,526,2,5,7,1942,0,0,0,,0,5A26,"OPP ST","LAGOON AV",0.00,,Y,A,-,N,,,,,,,,,,N,2,0,1,2,A,-,03,22350,,N,G,B,B,A,H,-,C,A,0,Y,,,,Y,,A,01,1,0,0,0,1,0,0,0,0,"- ","- ",,,"LOS ANGELES","LOS ANGELES",-118.26779174804688,33.782638549804688
8742819,2018,2018-11-29,1942,2018-11-08,1847,43101,0557,4,5,7,1942,0,0,0,E,0,,"6TH ST",CABILLO,0.00,,Y,A,-,N,,,,,,,,,,N,4,0,1,2,A,-,11,21956,A,N,G,B,E,A,H,-,C,D,0,Y,,,,Y,,N,60,0,0,1,0,1,0,0,0,0,"- ","- ",,,"LOS ANGELES","LOS ANGELES",-118.29457855224609,33.738780975341797
8742947,2018,2018-11-28,1942,2018-10-27,1655,37952,0237,6,5,7,1942,0,0,0,B,0,2A39,"BEVERLY BL","UNION PL",0.00,,Y,A,-,N,,,,,,,,,,N,3,0,2,3,A,-,10,21950,A,N,G,B,B,A,H,-,A,D,0,Y,,,,Y,,A,01,0,1,1,0,2,0,0,0,0,"- ","- ",,,"LOS ANGELES","LOS ANGELES",-118.26380920410156,34.063739776611328
8744188,2018,2018-11-28,1942,2018-10-17,1950,37323,RD067,3,5,7,1942,0,0,0,,0,6A76,"SANTA MONICA BL","OXFORD AV",0.00,,Y,A,-,N,,,,,,,,,,N,4,0,1,2,A,-,10,21950,A,N,G,B,B,A,H,-,B,D,0,Y,,,,Y,,A,01,0,0,1,0,1,0,0,0,0,"- ","- ",,,"LOS ANGELES","LOS ANGELES",-118.30780029296875,34.090770721435547
8745351,2018,2018-12-18,1942,2018-09-27,0530,43329,1987,4,5,7,1942,0,0,0,,0,19A75,"WOODMAN AV","OSBORNE ST",200.00,S,N,A,-,N,,,,,,,,,,N,2,0,1,2,A,-,11,21954,A,N,G,B,E,A,H,-,C,D,0,Y,,,,Y,,N,60,1,0,0,0,1,0,0,0,0,"- ","- ",,,"LOS ANGELES","LOS ANGELES",-118.43830108642578,34.232467651367188
8745785,2018,2018-11-28,1942,2018-09-21,1940,41957,0817,5,5,7,1942,0,0,0,H,0,8A29,"LE CONTE AV","WESTWOOD BL",0.00,,Y,A,-,N,,,,,,,,,,N,4,0,1,2,A,-,08,22102,,F,G,B,E,A,H,-,C,A,0,Y,,,,Y,,-,99,0,0,1,0,1,0,0,0,0,"- ","- ",,,"LOS ANGELES","LOS ANGELES",-118.44541931152344,34.063690185546875
8745804,2018,2018-12-11,1942,2018-10-22,1904,42880,0644,1,5,7,1942,0,0,0,F,0,6A76,"SUNSET BL","POINSETTIA PL",10.00,N,N,A,-,N,,,,,,,,,,N,4,0,1,2,A,-,10,21950,,N,G,B,B,A,H,-,B,A,0,Y,,,,Y,,A,07,0,0,1,0,1,0,0,0,0,"- ","- ",,,"LOS ANGELES","LOS ANGELES",-118.34834289550781,34.097999572753906
8745823,2018,2018-11-29,1942,2018-11-04,1340,41740,724,7,5,7,1942,0,0,0,,0,7A85,"GILMORE LN","3RD ST",0.00,N,N,A,-,N,,,,,,,,,,N,4,0,1,2,A,-,11,21954,A,N,G,B,D,A,H,-,A,D,0,Y,,,,Y,,N,60,0,0,1,0,1,0,0,0,0,"- ","- ",,,"LOS ANGELES","LOS ANGELES",-118.35948181152344,34.071269989013672
8745997,2018,2018-12-11,1942,2018-11-13,1830,41982,0732,2,5,7,1942,0,0,0,G,0,7A64,"CRESCENT HEIGHTS BL","MARYLAND DR",0.00,,Y,A,-,N,,,,,,,,,,N,4,0,1,2,A,-,10,21950,A,N,G,B,C,A,H,-,C,D,0,Y,,,,Y,,D,22,0,0,1,0,1,0,0,0,0,"- ","- ",,,"LOS ANGELES","LOS ANGELES",-118.36467742919922,34.066940307617188
8746653,2018,2019-01-26,1942,2018-11-07,2320,41978,2024,3,5,7,1942,0,0,0,,0,20A33,"W 6TH ST","S OXFORD AV",0.00,,Y,A,-,N,,,,,,,,,,N,4,0,1,2,A,-,10,21950,A,N,G,B,B,A,H,-,C,D,0,Y,,,,Y,,A,08,0,0,1,0,1,0,0,0,0,"- ","- ",,,"LOS ANGELES","LOS ANGELES",-118.30785369873047,34.063518524169922
8746686,2018,2019-02-20,1942,2018-11-14,1840,43567,0780,3,5,7,1942,0,0,0,G,0,20A34,"CRENSHAW BL","SANTA MONICA FWY",0.00,,Y,A,-,Y,LA,7,10,-,R,11.220,R,4,W,N,4,0,1,2,A,-,10,21950,A,N,G,B,B,A,H,-,C,D,0,Y,,,,Y,,A,01,0,0,1,0,1,0,0,0,0,"- ","- ",,,"LOS ANGELES","LOS ANGELES",-118.33666229248047,34.035018920898438
8746706,2018,2019-01-26,1942,2018-11-01,0400,42215,0775,4,5,7,1942,0,0,0,G,0,7A85,"18TH ST","VINEYARD AV",150.00,W,N,A,-,N,,,,,,,,,,N,4,0,1,2,A,-,21,22106,,F,G,B,E,A,H,-,C,D,0,Y,,,,Y,Y,-,99,0,0,1,0,1,0,0,0,0,"- ","- ",,,"LOS ANGELES","LOS ANGELES",-118.33970642089844,34.041511535644531
8746723,2018,2019-01-26,1942,2018-11-13,0835,40157,2081,2,5,7,1942,0,0,0,,0,20A71,"GRAMERCY PL","VENICE BL",150.00,S,N,A,-,N,,,,,,,,,,N,4,0,1,2,A,-,10,21952,,N,G,B,F,A,H,-,A,D,0,Y,,,,Y,Y,A,01,0,0,1,0,1,0,0,0,0,"- ","- ",,,"LOS ANGELES","LOS ANGELES",-118.31303405761719,34.043148040771484
8746839,2018,2018-12-04,1942,2018-09-10,1410,34385,0676,1,5,7,1942,0,0,0,F,0,6A77,"N GOWER ST","WARING AV",120.00,N,N,A,-,N,,,,,,,,,,N,3,0,1,2,A,-,11,21955,,N,A,B,D,A,H,-,A,D,0,Y,,,,Y,,N,60,0,1,0,0,1,0,0,0,0,"- ","- ",,,"LOS ANGELES","LOS ANGELES",-118.32224273681641,34.085609436035156
8746864,2018,2018-12-05,1942,2018-10-14,0028,42385,0632,7,5,7,1942,0,0,0,F,0,6A31,"SUNSET BL","CRESCENT HEIGHTS BL",100.00,W,N,A,-,N,,,,,,,,,,N,3,0,1,2,A,-,11,21954,A,F,G,B,D,A,H,-,C,A,0,Y,,,,Y,Y,N,60,0,1,0,0,1,0,0,0,0,"- ","- ",,,"LOS ANGELES","LOS ANGELES",-118.36602020263672,34.097980499267578
8748780,2018,2019-01-19,1942,2018-11-27,0950,39407,359,2,5,7,1942,0,0,0,,0,3X95,"FIGUEROA ST","34TH ST",0.00,,Y,A,-,N,,,,,,,,,,N,3,0,1,2,A,-,10,21950,A,N,G,B,B,A,H,-,A,A,0,Y,,,,Y,,A,01,0,1,0,0,1,0,0,0,0,"- ","- ",,,"LOS ANGELES","LOS ANGELES",-118.28054809570312,34.021190643310547
8748796,2018,2019-01-19,1942,2018-11-18,2140,40209,1433,7,5,7,1942,0,0,0,N,0,14A25,"VENICE BL","LINCOLN BL",0.00,,Y,A,-,N,,,,,,,,,,N,3,0,1,2,A,-,11,21456,B,N,G,B,B,A,H,-,C,A,0,Y,,,,Y,,N,60,0,1,0,0,1,0,0,0,0,"- ","- ",,,"LOS ANGELES","LOS ANGELES",-118.45285034179688,33.994098663330078
8748806,2018,2019-01-19,1942,2018-11-30,1000,40010,0644,5,5,7,1942,0,0,0,F,0,6A45,"FOUNTAIN AV","N LA BREA AV",0.00,,Y,A,-,N,,,,,,,,,,N,3,0,1,2,A,-,10,21950,A,F,G,B,B,A,H,-,A,A,0,Y,,,,Y,,-,99,0,1,0,0,1,0,0,0,0,"- ","- ",,,"LOS ANGELES","LOS ANGELES",-118.34410095214844,34.094371795654297
8748819,2018,2019-01-25,1942,2018-11-13,1130,37740,1483,2,5,7,1942,0,0,0,N,0,14A73,"MANCHESTER AV","LOYOLA BL",0.00,,Y,A,-,N,,,,,,,,,,N,4,0,1,2,A,-,10,21950,A,F,G,B,B,A,H,-,A,A,0,Y,,,,Y,,-,99,0,0,1,0,1,0,0,0,0,"- ","- ",,,"LOS ANGELES","LOS ANGELES",-118.41668701171875,33.959861755371094
8748874,2018,2019-01-19,1942,2018-11-24,2030,41442,2056,6,5,7,1942,0,0,0,,0,20A56,"OLYMPIC BL","DEWEY ST",0.00,,Y,A,-,N,,,,,,,,,,N,3,0,1,2,A,-,21,22106,,F,G,B,E,A,H,-,C,D,0,Y,,,,Y,,-,99,0,1,0,0,1,0,0,0,0,"- ","- ",,,"LOS ANGELES","LOS ANGELES",-118.2957763671875,34.052661895751953
8749857,2018,2019-01-11,1942,2018-11-01,1820,38469,1043,4,5,7,1942,0,0,0,J,0,10X8,"RESEDA BL","COLLINS ST",200.00,N,N,A,-,N,,,,,,,,,,N,3,0,1,2,A,-,11,21953,,N,A,B,-,A,H,-,C,D,0,Y,,,,Y,,N,60,0,1,0,0,1,0,0,0,0,"- ","- ",,,"LOS ANGELES","LOS ANGELES",-118.5360107421875,34.175457000732422
8750115,2018,2018-12-04,1942,2018-10-25,1900,43344,0459,4,5,7,1942,0,0,0,D,0,4A72,"CEASAR E CHAVEZ AV","FRESNO ST",7.00,W,N,A,-,N,,,,,,,,,,N,3,0,1,2,A,-,11,21955,,N,G,B,D,A,H,-,A,A,0,Y,,,,Y,Y,N,60,0,1,0,0,1,0,0,0,0,"- ","- ",,,"LOS ANGELES","LOS ANGELES",-118.19644927978516,34.041797637939453
8750726,2018,2018-12-26,1942,2018-11-23,0520,40440,1263,5,5,7,1942,0,0,0,L,0,12A53,"MANCHESTER BL","WILTON PL",40.00,E,N,A,-,N,,,,,,,,,,N,2,0,1,2,A,-,11,21954,A,F,G,B,-,A,H,-,C,D,0,Y,,,,Y,,N,60,1,0,0,0,1,0,0,0,0,"- ","- ",,,"LOS ANGELES","LOS ANGELES",-118.31492614746094,33.959949493408203
8750772,2018,2018-12-27,1942,2018-11-23,1725,34599,0963,5,5,7,1942,0,0,0,I,0,9A63,"MAGNOLIA BL","CEDROS AV",0.00,,Y,A,-,N,,,,,,,,,,N,2,0,2,3,A,-,10,21950,A,F,G,B,B,-,H,-,B,A,0,Y,,,,Y,,-,99,2,0,0,0,2,0,0,0,0,"- ","- ",,,"LOS ANGELES","LOS ANGELES",-118.45307159423828,34.164859771728516
8750923,2018,2019-01-26,1942,2018-11-03,0830,30452,1524,6,5,7,1942,0,0,0,O,0,15A33,"BELLINGHAM AV","VICTORY BL",0.00,,Y,A,-,N,,,,,,,,,,N,4,0,1,2,A,-,10,21950,A,N,G,B,B,A,H,-,A,A,0,Y,,,,Y,,A,01,0,0,1,0,1,0,0,0,0,"- ","- ",,,"LOS ANGELES","LOS ANGELES",-118.39875030517578,34.186668395996094
8750980,2018,2018-12-11,1942,2018-10-30,1825,39578,1788,2,5,7,1942,0,0,0,Q,0,17XL96,"NORDHOFF ST","AMESTOY AV",0.00,,Y,A,-,N,,,,,,,,,,N,3,0,2,3,A,-,12,21453,A,N,G,B,B,A,H,-,B,A,0,Y,,,,Y,,A,01,0,2,0,0,2,0,0,0,0,"- ","- ",,,"LOS ANGELES","LOS ANGELES",-118.50692749023438,34.235759735107422
8751052,2018,2018-12-11,1942,2018-10-31,1740,31092,1248,3,5,7,1942,0,0,0,L,0,12A31,"VERMONT AV","GAGE AV",0.00,,Y,A,-,N,,,,,,,,,,N,4,0,1,2,A,-,11,21456,B,F,G,B,B,A,H,-,A,A,0,Y,,,,Y,,N,60,0,0,1,0,1,0,0,0,0,"- ","- ",,,"LOS ANGELES","LOS ANGELES",-118.29154205322266,33.981910705566406
8751065,2018,2019-01-18,1942,2018-11-01,0645,39472,1621,4,5,7,1942,0,0,0,P,0,16A11,"LAUREL CANYON BL","VAN NUYS BL",0.00,,Y,A,-,N,,,,,,,,,,N,4,0,1,2,A,-,10,21950,A,N,G,B,B,A,H,-,A,A,0,Y,,,,Y,,A,01,0,0,1,0,1,0,0,0,0,"- ","- ",,,"LOS ANGELES","LOS ANGELES",-118.43209838867188,34.2587890625
8751067,2018,2018-12-12,1942,2018-10-30,0948,05640,1494,2,5,7,1942,0,0,0,N,0,14A95,"WEST WY","S WORLD WY",0.00,,Y,A,-,N,,,,,,,,,,N,4,0,1,2,A,-,10,21950,A,N,G,B,B,A,H,-,A,D,0,Y,,,,Y,,A,01,0,0,1,0,1,0,0,0,0,"- ","- ",,,"LOS ANGELES","LOS ANGELES",-118.40605926513672,33.944839477539062
8751736,2018,2018-12-11,1942,2018-07-10,2100,42793,"LOS A",2,5,7,1942,0,0,0,,0,3A73-W,"83RD ST","NORMANDIE AV",0.00,,Y,A,-,N,,,,,,,,,,N,3,0,1,2,A,-,10,21950,,F,G,B,B,A,-,-,C,-,0,Y,,,,Y,,-,99,0,1,0,0,1,0,0,0,0,"- ","- ",,,"LOS ANGELES","LOS ANGELES",-118.30027008056641,33.963649749755859
8752634,2018,2019-01-22,1942,2018-11-25,1505,34393,0701,7,5,7,1942,0,0,0,G,0,7A33W2,"WILLOUGHBY AV","FAIRFAX AV",0.00,,Y,A,-,N,,,,,,,,,,N,4,0,1,2,A,-,10,21950,A,N,G,B,B,A,H,-,A,A,0,Y,,,,Y,,A,01,0,0,1,0,1,0,0,0,0,"- ","- ",,,"LOS ANGELES","LOS ANGELES",-118.36154174804688,34.087188720703125
8753224,2018,2018-12-27,1942,2018-11-28,1830,42069,0363,3,5,7,1942,0,0,0,C,0,3A63,"MARLTON AV","W MARTIN LUTHER KING JR BL",0.00,,Y,A,-,N,,,,,,,,,,N,4,0,1,2,A,-,10,21950,A,F,G,B,B,A,H,-,C,A,0,Y,,,,Y,,-,99,0,0,1,0,1,0,0,0,0,"- ","- ",,,"LOS ANGELES","LOS ANGELES",-118.33773040771484,34.012378692626953
8754901,2018,2019-01-25,1942,2018-11-15,1430,36911,0528,4,5,7,1942,0,0,0,E,0,5A17,"MAHAR AV","DENNI ST",170.00,N,N,A,-,N,,,,,,,,,,N,4,0,1,2,A,-,11,21954,A,N,G,B,C,A,H,-,A,D,0,Y,,,,Y,,N,60,0,0,1,0,1,0,0,0,0,"- ","- ",,,"LOS ANGELES","LOS ANGELES",-118.24645233154297,33.7857666015625
8756146,2018,2019-01-18,1942,2018-11-27,1108,27260,1035,2,5,7,1942,0,0,0,J,0,10A21,"ETIWANDA AV","VANOWEN ST",0.00,,Y,A,-,N,,,,,,,,,,N,3,0,1,2,A,-,10,21950,A,F,G,B,B,A,H,-,A,A,0,Y,,,,Y,,-,99,0,1,0,0,1,0,0,0,0,"- ","- ",,,"LOS ANGELES","LOS ANGELES",-118.53167724609375,34.193870544433594
8756879,2018,2018-12-24,1942,2018-11-06,1320,37190,1204,2,5,7,1942,0,0,0,L,0,12A3,"NORMANDIE AV","VERNON AV",0.00,,Y,A,-,N,,,,,,,,,,N,4,0,1,2,A,-,10,21950,A,N,G,B,B,A,H,-,A,A,0,Y,,,,Y,,D,22,0,0,1,0,1,0,0,0,0,"- ","- ",,,"LOS ANGELES","LOS ANGELES",-118.30019378662109,34.003700256347656
8757209,2018,2019-01-15,1942,2018-11-05,1940,42224,1323,1,5,7,1942,0,0,0,M,0,13X94,"22ND ST","CENTRAL AV",0.00,,Y,A,-,N,,,,,,,,,,N,3,0,1,2,A,-,10,21950,A,N,A,B,B,A,H,-,C,D,0,Y,,,,Y,,A,01,0,1,0,0,1,0,0,0,0,"- ","- ",,,"LOS ANGELES","LOS ANGELES",-118.25314331054688,34.021621704101562
8757740,2018,2019-01-30,1942,2018-12-03,1915,35393,1205,1,5,7,1942,0,0,0,L,0,12A3,"NORMANDIE AV","51ST PL",10.00,S,N,A,-,N,,,,,,,,,,N,3,0,1,2,A,-,11,21950,B,N,G,B,B,A,H,-,C,A,0,Y,,,,Y,Y,N,60,0,1,0,0,1,0,0,0,0,"- ","- ",,,"LOS ANGELES","LOS ANGELES",-118.3001708984375,33.995922088623047