CASE_ID,ACCIDENT_YEAR,PROC_DATE,JURIS,COLLISION_DATE,COLLISION_TIME,OFFICER_ID,REPORTING_DISTRICT,DAY_OF_WEEK,CHP_SHIFT,POPULATION,CNTY_CITY_LOC,SPECIAL_COND,BEAT_TYPE,CHP_BEAT_TYPE,CITY_DIVISION_LAPD,CHP_BEAT_CLASS,BEAT_NUMBER,PRIMARY_RD,SECONDARY_RD,DISTANCE,DIRECTION,INTERSECTION,WEATHER_1,WEATHER_2,STATE_HWY_IND,CALTRANS_COUNTY,CALTRANS_DISTRICT,STATE_ROUTE,ROUTE_SUFFIX,POSTMILE_PREFIX,POSTMILE,LOCATION_TYPE,RAMP_INTERSECTION,SIDE_OF_HWY,TOW_AWAY,COLLISION_SEVERITY,NUMBER_KILLED,NUMBER_INJURED,PARTY_COUNT,PRIMARY_COLL_FACTOR,PCF_CODE_OF_VIOL,PCF_VIOL_CATEGORY,PCF_VIOLATION,PCF_VIOL_SUBSECTION,HIT_AND_RUN,TYPE_OF_COLLISION,MVIW,PED_ACTION,ROAD_SURFACE,ROAD_COND_1,ROAD_COND_2,LIGHTING,CONTROL_DEVICE,CHP_ROAD_TYPE,PEDESTRIAN_ACCIDENT,BICYCLE_ACCIDENT,MOTORCYCLE_ACCIDENT,TRUCK_ACCIDENT,NOT_PRIVATE_PROPERTY,ALCOHOL_INVOLVED,STWD_VEHTYPE_AT_FAULT,CHP_VEHTYPE_AT_FAULT,COUNT_SEVERE_INJ,COUNT_VISIBLE_INJ,COUNT_COMPLAINT_PAIN,COUNT_PED_KILLED,COUNT_PED_INJURED,COUNT_BICYCLIST_KILLED,COUNT_BICYCLIST_INJURED,COUNT_MC_KILLED,COUNT_MC_INJURED,PRIMARY_RAMP,SECONDARY_RAMP,LATITUDE,LONGITUDE,COUNTY,CITY,POINT_X,POINT_Y
8758092,2018,2019-01-28,1942,2018-12-06,1900,42029,1623,4,5,7,1942,0,0,0,P,0,16A23,"PIERCE ST","DE GARMO AV",61.00,W,N,B,C,N,,,,,,,,,,N,2,0,1,2,A,-,03,22350,,F,A,-,E,B,H,-,C,D,0,Y,,,,Y,,-,99,1,0,0,0,1,0,0,0,0,"- ","- ",,,"LOS ANGELES","LOS ANGELES",-118.41033935546875,34.269367218017578
8758851,2018,2018-12-19,1942,2018-10-13,2211,42548,1413,6,5,7,1942,0,0,0,N,0,14A13,"ELECTRIC AV","CALIFORNIA AV",10.00,S,N,A,-,N,,,,,,,,,,N,4,0,1,2,A,-,10,21950,,F,-,B,B,A,H,-,C,D,0,Y,,,,Y,,-,99,0,0,1,0,1,0,0,0,0,"- ","- ",,,"LOS ANGELES","LOS ANGELES",-118.46573638916016,33.991081237792969
8758880,2018,2018-12-18,1942,2018-02-15,0630,43185,0525,4,5,7,1942,0,0,0,E,0,5A15,"PACIFIC COAST HWY","BLINN AV",0.00,,Y,A,-,N,,,,,,,,,,N,2,0,1,2,A,-,09,21801,A,F,G,B,B,A,H,-,A,A,0,Y,,,,Y,,-,99,1,0,0,0,1,0,0,0,0,"- ","- ",,,"LOS ANGELES","LOS ANGELES",-118.24542236328125,33.791069030761719
8758896,2018,2018-12-21,1942,2018-11-19,1830,35330,1435,1,5,7,1942,0,0,0,N,0,14A26,"CHARNOCK RD","FEDERAL AV",20.00,E,N,A,-,N,,,,,,,,,,N,2,0,1,2,A,-,03,22350,,F,G,B,B,A,H,-,C,A,0,Y,,,,Y,,-,99,1,0,0,0,1,0,0,0,0,"- ","- ",,,"LOS ANGELES","LOS ANGELES",-118.42833709716797,34.012058258056641
8760709,2018,2018-12-28,1942,2018-11-15,1035,41461,0164,4,5,7,1942,0,0,0,A,0,1A61,"SPRING ST","7TH ST",30.00,S,N,A,-,N,,,,,,,,,,N,4,0,1,2,A,-,11,21954,A,N,G,B,D,A,H,-,A,A,0,Y,,,,Y,,A,01,0,0,1,0,1,0,0,0,0,"- ","- ",,,"LOS ANGELES","LOS ANGELES",-118.25238800048828,34.044475555419922
8761848,2018,2019-01-17,1942,2018-12-31,1720,39192,1621,1,5,7,1942,0,0,0,P,0,16A11,"REMICK AV","VAN NUYS BL",15.00,N,N,A,-,N,,,,,,,,,,N,3,0,1,2,A,-,10,21950,A,F,G,B,B,A,H,-,A,D,0,Y,,,,Y,Y,-,99,0,1,0,0,1,0,0,0,0,"- ","- ",,,"LOS ANGELES","LOS ANGELES",-118.43384552001953,34.25762939453125
8762808,2018,2019-01-28,1942,2018-12-05,1755,41110,0657,3,5,7,1942,0,0,0,F,0,20A88,"SANTA MONICA BL","SAINT ANDREWS PL",0.00,,Y,C,-,N,,,,,,,,,,N,4,0,1,3,A,-,10,21950,A,N,D,B,B,B,H,-,C,A,0,Y,,,,Y,,A,01,0,0,1,0,1,0,0,0,0,"- ","- ",,,"LOS ANGELES","LOS ANGELES",-118.31139373779297,34.09075927734375
8762889,2018,2019-01-29,1942,2018-12-01,0255,43183,0735,6,5,7,1942,0,0,0,G,0,7A53,"WILSHIRE BL","RIDGELEY DR",10.00,W,N,A,-,N,,,,,,,,,,Y,4,0,1,3,A,-,01,23152,A,F,B,E,E,A,H,-,C,D,0,Y,,,,Y,Y,A,01,0,0,1,0,1,0,0,0,0,"- ","- ",,,"LOS ANGELES","LOS ANGELES",-118.35049438476562,34.062351226806641
8762900,2018,2018-12-27,1942,2018-11-11,1800,43391,678,7,5,7,1942,0,0,0,,0,6A48,MELROSE,WESTERN,0.00,,Y,A,-,N,,,,,,,,,,N,3,0,1,2,-,-,"- ",,,N,G,B,B,A,H,-,C,A,0,Y,,,,Y,,-,"- ",0,1,0,0,1,0,0,0,0,"- ","- ",,,"LOS ANGELES","LOS ANGELES",-118.30912780761719,34.083511352539062
8762908,2018,2019-04-29,1942,2018-11-23,2050,36504,0745,5,5,7,1942,0,0,0,G,0,7A33,"S MANSFIELD AV","9TH ST",18.00,N,N,A,-,N,,,,,,,,,,N,1,1,0,2,A,-,11,21954,A,N,A,B,D,A,H,-,C,A,0,Y,,,,Y,,N,60,0,0,0,1,0,0,0,0,0,"- ","- ",,,"LOS ANGELES","LOS ANGELES",-118.3419189453125,34.058845520019531
8762931,2018,2018-12-27,1942,2018-11-28,1900,40690,0881,3,5,7,1942,0,0,0,H,0,8A53,"S BUNDY DR","W OLYMPIC BL",0.00,,Y,B,-,N,,,,,,,,,,N,3,0,1,2,A,-,10,21950,A,N,G,B,B,A,H,-,C,A,0,Y,,,,Y,,A,01,0,1,0,0,1,0,0,0,0,"- ","- ",,,"LOS ANGELES","LOS ANGELES",-118.45375823974609,34.032379150390625
8763532,2018,2019-01-08,1942,2018-12-11,1510,40452,1472,2,5,7,1942,0,0,0,N,0,14A73,"W MANCHESTER AV","PERSHING AV",20.00,E,N,A,-,N,,,,,,,,,,N,4,0,1,2,A,-,10,21950,A,N,G,B,B,A,H,-,A,A,0,Y,,,,Y,,A,07,0,0,1,0,1,0,0,0,0,"- ","- ",,,"LOS ANGELES","LOS ANGELES",-118.44237518310547,33.956405639648438
8763540,2018,2019-01-10,1942,2018-12-07,1530,43325,1469,5,5,7,1942,0,0,0,N,0,14A1,"ALVERN ST","ALVERN CIR",6.00,W,N,A,-,N,,,,,,,,,,N,4,0,1,2,A,-,11,21954,A,N,G,B,E,A,H,-,A,D,0,Y,,,,Y,,N,60,0,0,1,0,1,0,0,0,0,"- ","- ",,,"LOS ANGELES","LOS ANGELES",-118.37668609619141,33.976165771484375
8763600,2018,2019-01-08,1942,2018-12-11,1425,40235,1464,2,5,7,1942,0,0,0,N,0,14A45,"VILLAGE DR","VILLAGE LN",0.00,,Y,A,-,N,,,,,,,,,,N,3,0,1,2,A,-,10,21950,A,F,G,B,B,A,H,-,A,A,0,Y,,,,Y,,-,99,0,1,0,0,1,0,0,0,0,"- ","- ",,,"LOS ANGELES","LOS ANGELES",-118.41574859619141,33.977241516113281
8763617,2018,2019-01-07,1942,2018-12-18,2045,41957,0849,2,5,7,1942,0,0,0,H,0,8A59,"ROBERTSON BL","GREGORY WY",0.00,,Y,A,-,N,,,,,,,,,,N,2,0,1,2,A,-,10,21950,A,F,G,B,B,A,H,-,C,A,0,Y,,,,Y,,-,99,1,0,0,0,1,0,0,0,0,"- ","- ",,,"LOS ANGELES","LOS ANGELES",-118.38356018066406,34.062969207763672
8763736,2018,2019-01-03,1942,2018-11-22,0800,41376,2016,4,5,7,1942,0,0,0,,0,20A25,"S ALEXANDRIA AV","W 3RD ST",0.00,,Y,A,-,N,,,,,,,,,,N,3,0,1,2,A,-,10,21950,A,N,G,B,B,A,H,-,A,A,0,Y,,,,Y,,A,08,0,1,0,0,1,0,0,0,0,"- ","- ",,,"LOS ANGELES","LOS ANGELES",-118.29789733886719,34.06903076171875
8764010,2018,2019-01-31,1942,2018-12-03,0950,35945,1433,1,5,7,1942,0,0,0,N,0,14A25,"VENICE BL","LINCOLN BL",0.00,,Y,A,-,Y,LA,7,1,-,-,32.166,I,5,N,N,3,0,1,2,A,-,10,21950,A,N,G,B,B,A,H,-,A,A,0,Y,,,,Y,,A,07,0,1,0,0,1,0,0,0,0,"- ","- ",,,"LOS ANGELES","LOS ANGELES",-118.45273590087891,33.994110107421875
8765377,2018,2018-12-31,1942,2018-10-16,0630,36911,1832,2,5,7,1942,0,0,0,R,0,18A41,"S BROADWAY","W 106TH ST",0.00,,Y,A,-,N,,,,,,,,,,N,3,0,1,2,A,-,10,21950,A,F,B,B,B,A,H,-,A,D,0,Y,,,,Y,,-,99,0,1,0,0,1,0,0,0,0,"- ","- ",,,"LOS ANGELES","LOS ANGELES",-118.27838134765625,33.940109252929688
8766117,2018,2019-01-03,1942,2018-10-15,1830,42445,1307,1,5,7,1942,0,0,0,M,0,13X94,"OLYMPIC BL","S CENTRAL AV",0.00,,Y,A,-,N,,,,,,,,,,N,4,0,1,2,A,-,11,21106,B,N,G,B,B,A,H,-,C,A,0,Y,,,,Y,,N,60,0,0,1,0,1,0,0,0,0,"- ","- ",,,"LOS ANGELES","LOS ANGELES",-118.24416351318359,34.032039642333984
8766125,2018,2019-01-03,1942,2018-10-06,2130,37782,1163,6,5,7,1942,0,0,0,K,0,4A59,"MADISON AV","NORMAL AV",20.00,S,N,A,-,N,,,,,,,,,,N,4,0,1,2,A,-,08,22107,,F,G,B,D,A,H,-,C,D,0,Y,,,,Y,,-,99,0,0,1,0,1,0,0,0,0,"- ","- ",,,"LOS ANGELES","LOS ANGELES",-118.28923034667969,34.086585998535156
8766401,2018,2019-01-03,1942,2018-12-12,1850,41844,1255,3,5,7,1942,0,0,0,L,0,12A53,"S VERMONT AV","FLORENCE AV",150.00,N,N,A,-,N,,,,,,,,,,N,4,0,1,2,C,-,18,,,N,G,B,F,A,H,-,C,D,0,Y,,,,Y,,-,"- ",0,0,1,0,1,0,0,0,0,"- ","- ",,,"LOS ANGELES","LOS ANGELES",-118.29174041748047,33.975040435791016
8766459,2018,2019-01-03,1942,2018-12-10,2225,42876,1323,1,5,7,1942,0,0,0,M,0,13A13,"SAN PEDRO ST","27TH ST",108.00,,N,A,-,N,,,,,,,,,,N,2,0,1,2,A,-,11,21954,A,N,G,B,D,A,H,-,C,D,0,Y,,,,Y,Y,N,60,1,0,0,0,1,0,0,0,0,"- ","- ",,,"LOS ANGELES","LOS ANGELES",-118.26190185546875,34.020618438720703
8766618,2018,2019-01-29,1942,2018-12-03,1115,30264,1469,1,5,7,1942,0,0,0,N,0,14A73,"LA TIJERA BL","CENTINELA AV",150.00,S,N,A,-,N,,,,,,,,,,N,2,0,1,2,A,-,11,21954,A,F,H,B,D,A,H,-,A,D,0,Y,,,,Y,,N,60,1,0,0,0,1,0,0,0,0,"- ","- ",,,"LOS ANGELES","LOS ANGELES",-118.37216949462891,33.977012634277344
8766639,2018,2019-01-29,1942,2018-12-07,0810,34959,0742,5,5,7,1942,0,0,0,G,0,7A21,"STEARNS DR","OLYMPIC BL",0.00,,Y,A,-,N,,,,,,,,,,N,4,0,1,2,A,-,10,21950,A,N,G,B,B,A,H,-,A,D,0,Y,,,,Y,,A,01,0,0,1,0,1,0,0,0,0,"- ","- ",,,"LOS ANGELES","LOS ANGELES",-118.36811828613281,34.058681488037109
8767205,2018,2019-01-02,1942,2018-11-13,1500,43051,1654,2,5,7,1942,0,0,0,P,0,16A59,"SAN FERNANDO RD","MONTAGUE ST",1500.00,S,N,-,-,N,,,,,,,,,,N,2,0,1,2,B,-,22,,,N,G,B,F,A,H,-,A,D,0,Y,,,,Y,,-,,1,0,0,0,1,0,0,0,0,"- ","- ",,,"LOS ANGELES","LOS ANGELES",-118.40305328369141,34.248111724853516
8767739,2018,2019-01-08,1942,2018-11-29,1750,42383,1916,4,5,7,1942,0,0,0,,0,19X12,"HUBBARD ST","DRONFIELD AV",0.00,,Y,C,-,N,,,,,,,,,,N,3,0,1,2,A,-,10,21950,,N,G,B,B,B,H,-,C,A,0,Y,,,,Y,,A,08,0,1,0,0,1,0,0,0,0,"- ","- ",,,"LOS ANGELES","LOS ANGELES",-118.43327331542969,34.304779052734375
8768468,2018,2019-01-26,1942,2018-12-15,2210,38947,0914,6,5,7,1942,0,0,0,I,0,9A23,"NOBLE AV","BASSETT ST",0.00,,Y,A,-,N,,,,,,,,,,N,3,0,2,3,A,-,10,21950,A,F,G,B,B,A,H,-,D,D,0,Y,,,,Y,,A,01,0,1,1,0,2,0,0,0,0,"- ","- ",,,"LOS ANGELES","LOS ANGELES",-118.46186828613281,34.196170806884766
8772243,2018,2019-01-14,1942,2018-11-19,2045,36814,1135,1,5,7,1942,0,0,0,K,0,11A89,"VERDUGO RD","AVENUE 33",150.00,N,N,A,-,N,,,,,,,,,,N,4,0,1,2,A,-,11,21954,A,N,G,B,E,A,H,-,C,D,0,Y,,,,Y,,N,60,0,0,1,0,1,0,0,0,0,"- ","- ",,,"LOS ANGELES","LOS ANGELES",-118.23590087890625,34.112041473388672
8772250,2018,2019-01-14,1942,2018-11-28,0908,31152,0421,3,5,7,1942,0,0,0,D,0,4A15,BROADWAY,"AVE 24",8.00,E,N,A,-,N,,,,,,,,,,N,3,0,1,2,A,-,10,21950,A,N,G,B,B,A,H,-,A,A,0,Y,,,,Y,,A,01,0,1,0,0,1,0,0,0,0,"- ","- ",,,"LOS ANGELES","LOS ANGELES",-118.21693420410156,34.073619842529297
8772262,2018,2019-01-14,1942,2018-11-29,1625,40099,0429,4,5,7,1942,0,0,0,D,0,4A9,"HUNTINGTON DR N","VAN HORNE AV",2.00,E,N,A,-,N,,,,,,,,,,N,4,0,1,2,A,-,10,21950,A,N,G,B,B,B,H,-,A,A,0,Y,,,,Y,,A,01,0,0,1,0,1,0,0,0,0,"- ","- ",,,"LOS ANGELES","LOS ANGELES",-118.17080688476562,34.089511871337891
8772314,2018,2019-01-14,1942,2018-11-18,1900,38050,1126,7,5,7,1942,0,0,0,K,0,11A25,"YORK BL","AVENUE 53",17.00,W,N,A,-,N,,,,,,,,,,N,3,0,1,2,A,-,10,21950,A,N,G,B,B,A,H,-,C,D,0,Y,,,,Y,,A,01,0,1,0,0,1,0,0,0,0,"- ","- ",,,"LOS ANGELES","LOS ANGELES",-118.20053100585938,34.120262145996094
8772406,2018,2019-02-02,1942,2018-12-14,0951,27260,0933,5,5,7,1942,0,0,0,I,0,9A41,"CALVERT ST","VAN NUYS BL",0.00,,Y,A,-,N,,,,,,,,,,N,4,0,1,2,A,-,10,21950,A,N,-,B,B,-,H,-,A,A,0,Y,,,,Y,,A,01,0,0,1,0,1,0,0,0,0,"- ","- ",,,"LOS ANGELES","LOS ANGELES",-118.44873046875,34.181640625
8772413,2018,2019-01-26,1942,2018-12-02,0745,40065,2157,7,5,7,1942,0,0,0,,0,21A57,"KITTRIDGE ST","VARIEL AV",9.00,E,N,A,-,N,,,,,,,,,,N,4,0,1,2,A,-,10,21950,A,N,G,B,B,A,H,-,A,A,0,Y,,,,Y,,A,01,0,0,1,0,1,0,0,0,0,"- ","- ",,,"LOS ANGELES","LOS ANGELES",-118.59275054931641,34.191188812255859
8772586,2018,2019-01-18,1942,2018-12-30,1655,40602,0526,7,5,7,1942,0,0,0,E,0,5XL6,"FRIES AV","G ST",5.00,S,N,A,-,N,,,,,,,,,,N,4,0,1,2,A,-,10,21950,,F,G,B,D,A,H,-,B,D,0,Y,,,,Y,,-,99,0,0,1,0,1,0,0,0,0,"- ","- ",,,"LOS ANGELES","LOS ANGELES",-118.26496887207031,33.778377532958984
8773836,2018,2019-01-30,1942,2018-12-22,0930,40615,2069,6,5,7,1942,0,0,0,,0,20A53,"WESTMORELAND AV","PICO BL",500.00,S,N,A,-,N,,,,,,,,,,N,4,0,1,2,A,-,11,21954,A,F,A,B,D,A,H,-,A,D,0,Y,,,,Y,,N,60,0,0,1,0,1,0,0,0,0,"- ","- ",,,"LOS ANGELES","LOS ANGELES",-118.28923797607422,34.045913696289062
8774398,2018,2019-01-18,1942,2018-12-28,1042,39624,0765,5,5,7,1942,0,0,0,G,0,20TL59,"W PICO BL","MULLEN AV",50.00,E,N,A,-,N,,,,,,,,,,N,4,0,1,2,A,-,03,22350,,F,G,B,E,A,H,-,A,A,0,Y,,,,Y,,-,99,0,0,1,0,1,0,0,0,0,"- ","- ",,,"LOS ANGELES","LOS ANGELES",-118.33555603027344,34.048721313476562
8775383,2018,2019-01-23,1942,2018-11-28,1725,33523,0299,3,5,7,1942,0,0,0,B,0,2A92,"VENICE BL","TOBERMAN AV",25.00,W,N,A,-,N,,,,,,,,,,N,2,0,1,2,A,-,11,21954,A,N,A,B,B,A,H,-,C,D,0,Y,,,,Y,,-,"- ",1,0,0,0,1,0,0,0,0,"- ","- ",,,"LOS ANGELES","LOS ANGELES",-118.27798461914062,34.041015625
8775428,2018,2019-01-11,1942,2018-11-19,1430,43492,0292,1,5,7,1942,0,0,0,B,0,1A29,"HOOVER ST","20TH ST",0.00,,Y,B,-,N,,,,,,,,,,N,3,0,1,2,A,-,10,21950,,N,G,B,B,A,H,-,A,A,0,Y,,,,Y,,A,01,0,1,0,0,1,0,0,0,0,"- ","- ",,,"LOS ANGELES","LOS ANGELES",-118.28404235839844,34.038120269775391
8775510,2018,2019-01-26,1942,2018-12-06,1525,40099,0212,4,5,7,1942,0,0,0,B,0,2A12,"BELLEVUE AV","HOOVER ST",6.00,E,N,A,-,N,,,,,,,,,,N,4,0,2,3,A,-,10,21950,A,N,G,B,B,A,H,-,A,A,0,Y,,,,Y,,A,07,0,0,2,0,2,0,0,0,0,"- ","- ",,,"LOS ANGELES","LOS ANGELES",-118.284423828125,34.080684661865234
8775576,2018,2019-01-28,1942,2018-12-20,1935,38090,0701,4,5,7,1942,0,0,0,G,0,6T7,"ORLANDO AV","MELROSE AV",9.00,S,N,A,-,N,,,,,,,,,,N,3,0,1,2,A,-,10,21950,A,N,G,B,B,A,H,-,C,A,0,Y,,,,Y,,A,01,0,1,0,0,1,0,0,0,0,"- ","- ",,,"LOS ANGELES","LOS ANGELES",-118.37315368652344,34.083534240722656
8776053,2018,2019-01-17,1942,2018-07-20,1410,43367,2027,5,5,7,1942,0,0,0,,0,20A13,"5TH ST","VERMONT AV",0.00,,Y,A,-,N,,,,,,,,,,N,2,0,1,2,A,-,11,21106,B,N,G,B,B,A,H,-,A,A,0,Y,,,,Y,,N,60,1,0,0,0,1,0,0,0,0,"- ","- ",,,"LOS ANGELES","LOS ANGELES",-118.29165649414062,34.065410614013672
8777762,2018,2019-01-24,1942,2018-12-23,0010,33452,1317,7,5,7,1942,0,0,0,M,0,13A9,"EAST 15TH ST","HOOPER AV",85.00,W,N,A,-,N,,,,,,,,,,N,3,0,1,2,A,-,05,21650,,F,G,B,F,A,H,-,C,D,0,Y,,,,Y,,-,99,0,1,0,0,1,0,0,0,0,"- ","- ",,,"LOS ANGELES","LOS ANGELES",-118.24442291259766,34.024944305419922
8778987,2018,2019-02-01,1942,2018-12-18,0640,31931,1745,2,5,7,1942,0,0,0,Q,0,17A49,"DEVONSHIRE ST","ZELZAH AV",0.00,,Y,A,-,N,,,,,,,,,,N,4,0,1,2,A,-,10,21950,A,N,G,B,B,A,H,-,A,A,0,Y,,,,Y,,A,01,0,0,1,0,1,0,0,0,0,"- ","- ",,,"LOS ANGELES","LOS ANGELES",-118.52333068847656,34.257610321044922
8779472,2018,2019-02-11,1942,2018-11-30,0800,38403,1521,5,5,7,1942,0,0,0,O,0,15A21,"VANOWEN ST","ETHEL AV",0.00,,Y,A,-,N,,,,,,,,,,N,3,0,1,2,A,-,10,21950,A,N,G,B,B,A,H,-,B,A,0,Y,,,,Y,,-,99,0,1,0,0,1,0,0,0,0,"- ","- ",,,"LOS ANGELES","LOS ANGELES",-118.41812896728516,34.193950653076172
8780563,2018,2019-01-31,1942,2018-10-24,1610,42389,RD064,3,5,7,1942,0,0,0,,0,6A45,"SUNSET BL","ALTA VISTA BL",0.00,,Y,A,-,N,,,,,,,,,,N,3,0,1,3,A,-,09,21801,A,N,D,B,B,A,H,-,A,D,0,Y,,,,Y,,A,01,0,1,0,0,1,0,0,0,0,"- ","- ",,,"LOS ANGELES","LOS ANGELES",-118.34706115722656,34.097991943359375
8782314,2018,2019-01-23,1942,2018-11-13,1600,38037,1822,2,5,7,1942,0,0,0,R,0,25MQ12,"MAIN ST","S COLDEN AV",6.00,N,N,A,-,N,,,,,,,,,,N,4,0,1,2,A,-,11,21955,,N,G,B,D,A,H,-,A,D,0,Y,,,,Y,,N,60,0,0,1,0,1,0,0,0,0,"- ","- ",,,"LOS ANGELES","LOS ANGELES",-118.27388763427734,33.949207305908203
8782910,2018,2019-01-28,1942,2018-12-07,1520,41274,1794,5,5,7,1942,0,0,0,Q,0,17A67,"CHASE ST","DARBY AV",100.00,E,N,A,-,N,,,,,,,,,,N,3,0,1,2,A,-,11,21954,A,F,G,B,D,A,H,-,A,D,0,Y,,,,Y,,N,60,0,1,0,0,1,0,0,0,0,"- ","- ",,,"LOS ANGELES","LOS ANGELES",-118.53356170654297,34.224605560302734
8783440,2018,2019-01-26,1942,2018-12-25,1250,42427,1253,2,5,7,1942,0,0,0,L,0,12XL5,"W FLORENCE AV","S WESTERN AV",3.00,E,N,A,-,N,,,,,,,,,,N,4,0,1,2,A,-,10,21950,A,N,G,B,B,A,H,-,A,A,0,Y,,,,Y,,A,01,0,0,1,0,1,0,0,0,0,"- ","- ",,,"LOS ANGELES","LOS ANGELES",-118.30896759033203,33.974571228027344
8783947,2018,2019-01-30,1942,2018-12-28,1850,37511,0643,5,5,7,1942,0,0,0,F,0,6A45,"HOLLYWOOD BL","FULLER AV",12.00,E,N,A,-,N,,,,,,,,,,N,2,0,1,2,A,-,11,21954,A,N,G,B,D,A,H,-,C,A,0,Y,,,,Y,,N,60,1,0,0,0,1,0,0,0,0,"- ","- ",,,"LOS ANGELES","LOS ANGELES",-118.34890747070312,34.101619720458984
8783956,2018,2019-01-23,1942,2018-11-09,2150,42816,0155,5,5,7,1942,0,0,0,A,0,1FB21,"6TH ST","WALL ST",0.00,,Y,A,-,N,,,,,,,,,,N,4,0,1,2,A,-,03,22350,,F,G,B,E,A,H,-,C,D,0,Y,,,,Y,Y,-,99,0,0,1,0,1,0,0,0,0,"- ","- ",,,"LOS ANGELES","LOS ANGELES",-118.24713897705078,34.043460845947266
8783970,2018,2019-01-29,1942,2018-12-15,1430,40099,0155,6,5,7,1942,0,0,0,A,0,1A35,"E 5TH ST","LOS ANGELES",3.00,E,N,A,-,N,,,,,,,,,,N,4,0,1,2,A,-,00,20015,A,F,H,B,B,A,H,-,A,A,0,Y,Y,,,Y,,L,04,0,0,1,0,1,0,0,0,0,"- ","- ",,,"LOS ANGELES","LOS ANGELES",-118.24754333496094,34.046043395996094
8786818,2018,2019-02-14,1942,2018-12-27,1815,37824,,4,5,7,1942,0,0,0,,0,1A35,"SAN PEDRO ST","5TH ST",0.00,,Y,A,-,N,,,,,,,,,,N,3,0,1,2,A,-,11,21950,B,N,B,B,E,A,H,-,C,A,0,Y,,,,Y,,N,60,0,1,0,0,1,0,0,0,0,"- ","- ",,,"LOS ANGELES","LOS ANGELES",-118.24391174316406,34.044208526611328
8787008,2018,2019-02-11,1942,2018-12-23,0200,30083,0201,7,5,7,1942,0,0,0,B,0,2A1,"N VERMONT AV","MARATHON AV",150.00,N,N,A,-,N,,,,,,,,,,N,2,0,1,2,A,-,05,21650,,F,H,G,F,A,H,-,C,D,0,Y,,,,Y,,-,,1,0,0,0,1,0,0,0,0,"- ","- ",,,"LOS ANGELES","LOS ANGELES",-118.29171752929688,34.085052490234375
8787023,2018,2019-02-11,1942,2018-11-28,1805,43579,1127,3,5,7,1942,0,0,0,K,0,11A26,"YORK BL","AVE 64",60.00,E,N,A,-,N,,,,,,,,,,N,4,0,1,2,A,-,11,21954,A,N,G,B,D,A,H,-,C,A,0,Y,,,,Y,,N,60,0,0,1,0,1,0,0,0,0,"- ","- ",,,"LOS ANGELES","LOS ANGELES",-118.1812744140625,34.114356994628906
8788642,2018,2019-01-28,1942,2018-12-29,1440,40971,0566,6,5,7,1942,0,0,0,E,0,25MQ54,"7TH ST","PACIFIC AV",8.00,E,N,A,-,N,,,,,,,,,,N,3,0,1,2,A,-,10,21950,A,N,G,B,B,A,H,-,A,A,0,Y,,,,Y,,A,01,0,1,0,0,1,0,0,0,0,"- ","- ",,,"LOS ANGELES","LOS ANGELES",-118.28789520263672,33.737880706787109
8791441,2018,2019-02-07,1942,2018-12-13,1600,35890,1846,4,5,7,1942,0,0,0,R,0,5A85,"114TH ST","ALVARO ST",0.00,,Y,A,-,N,,,,,,,,,,N,4,0,1,2,A,-,12,22450,A,F,G,B,B,A,H,-,B,D,0,Y,,,,Y,,-,"- ",0,0,1,0,1,0,0,0,0,"- ","- ",,,"LOS ANGELES","LOS ANGELES",-118.25324249267578,33.930980682373047
8791455,2018,2019-02-08,1942,2018-12-07,0725,37540,0292,5,5,7,1942,0,0,0,B,0,2A92,"S BURLINGTON AV","WASHINGTON BL",114.00,W,N,A,-,N,,,,,,,,,,N,2,0,1,2,A,-,11,21954,A,N,G,B,D,A,H,-,A,D,0,Y,,,,Y,,N,60,1,0,0,0,1,0,0,0,0,"- ","- ",,,"LOS ANGELES","LOS ANGELES",-118.28282165527344,34.039260864257812
8791501,2018,2019-02-07,1942,2018-12-08,1610,35046,1269,6,5,7,1942,0,0,0,L,0,12Z1,"CENTRAL AV","83RD ST",0.00,,Y,A,-,N,,,,,,,,,,N,4,0,2,3,A,-,10,21950,A,F,A,B,B,A,H,-,A,A,0,Y,,,,Y,,-,99,0,0,2,0,2,0,0,0,0,"- ","- ",,,"LOS ANGELES","LOS ANGELES",-118.25643157958984,33.963798522949219
8795487,2018,2019-02-11,1942,2018-12-20,0738,43603,0557,4,5,7,1942,0,0,0,E,0,5A59,"GRAND AV","6TH ST",31.00,S,N,A,-,N,,,,,,,,,,N,4,0,1,2,A,-,11,21954,A,N,G,B,D,A,H,-,A,D,0,Y,,,,Y,,N,60,0,0,1,0,1,0,0,0,0,"- ","- ",,,"LOS ANGELES","LOS ANGELES",-118.2901611328125,33.738693237304688