CASE_ID,ACCIDENT_YEAR,PROC_DATE,JURIS,COLLISION_DATE,COLLISION_TIME,OFFICER_ID,REPORTING_DISTRICT,DAY_OF_WEEK,CHP_SHIFT,POPULATION,CNTY_CITY_LOC,SPECIAL_COND,BEAT_TYPE,CHP_BEAT_TYPE,CITY_DIVISION_LAPD,CHP_BEAT_CLASS,BEAT_NUMBER,PRIMARY_RD,SECONDARY_RD,DISTANCE,DIRECTION,INTERSECTION,WEATHER_1,WEATHER_2,STATE_HWY_IND,CALTRANS_COUNTY,CALTRANS_DISTRICT,STATE_ROUTE,ROUTE_SUFFIX,POSTMILE_PREFIX,POSTMILE,LOCATION_TYPE,RAMP_INTERSECTION,SIDE_OF_HWY,TOW_AWAY,COLLISION_SEVERITY,NUMBER_KILLED,NUMBER_INJURED,PARTY_COUNT,PRIMARY_COLL_FACTOR,PCF_CODE_OF_VIOL,PCF_VIOL_CATEGORY,PCF_VIOLATION,PCF_VIOL_SUBSECTION,HIT_AND_RUN,TYPE_OF_COLLISION,MVIW,PED_ACTION,ROAD_SURFACE,ROAD_COND_1,ROAD_COND_2,LIGHTING,CONTROL_DEVICE,CHP_ROAD_TYPE,PEDESTRIAN_ACCIDENT,BICYCLE_ACCIDENT,MOTORCYCLE_ACCIDENT,TRUCK_ACCIDENT,NOT_PRIVATE_PROPERTY,ALCOHOL_INVOLVED,STWD_VEHTYPE_AT_FAULT,CHP_VEHTYPE_AT_FAULT,COUNT_SEVERE_INJ,COUNT_VISIBLE_INJ,COUNT_COMPLAINT_PAIN,COUNT_PED_KILLED,COUNT_PED_INJURED,COUNT_BICYCLIST_KILLED,COUNT_BICYCLIST_INJURED,COUNT_MC_KILLED,COUNT_MC_INJURED,PRIMARY_RAMP,SECONDARY_RAMP,LATITUDE,LONGITUDE,COUNTY,CITY,POINT_X,POINT_Y
8795499,2018,2019-02-11,1942,2018-12-30,0325,39395,0261,7,5,7,1942,0,0,0,B,0,24TL33,"7TH ST","CORONADO ST",0.00,,Y,A,-,N,,,,,,,,,,N,3,0,1,2,A,-,11,21954,A,N,G,B,D,A,H,-,C,D,0,Y,,,,Y,Y,N,60,0,1,0,0,1,0,0,0,0,"- ","- ",,,"LOS ANGELES","LOS ANGELES",-118.28241729736328,34.058990478515625
8797223,2018,2019-02-15,1942,2018-12-31,1945,38296,1253,1,5,7,1942,0,0,0,L,0,12A73,"FLORENCE AV","CIMARRON ST",0.00,,Y,A,-,N,,,,,,,,,,N,4,0,1,2,A,-,10,21950,A,N,G,B,B,A,H,-,C,A,0,Y,,,,Y,,A,01,0,0,1,0,1,0,0,0,0,"- ","- ",,,"LOS ANGELES","LOS ANGELES",-118.31590270996094,33.974601745605469
8797508,2018,2019-02-11,1942,2018-12-06,1755,42989,1841,4,5,7,1942,0,0,0,R,0,18X4,"111TH ST","FIGUEROA ST",0.00,,N,A,-,N,,,,,,,,,,N,3,0,1,2,A,-,10,21950,A,N,G,B,B,A,H,-,C,A,0,Y,,,,Y,,A,01,0,1,0,0,1,0,0,0,0,"- ","- ",,,"LOS ANGELES","LOS ANGELES",-118.28260803222656,33.934749603271484
8797702,2018,2019-02-11,1942,2018-12-22,1730,43222,2081,6,5,7,1942,0,0,0,,0,20A44,"VENICE BL","GRAMERCY PL",22.00,W,N,A,-,N,,,,,,,,,,N,4,0,1,2,A,-,11,21954,A,N,G,B,D,A,H,-,C,D,0,Y,,,,Y,,N,60,0,0,1,0,1,0,0,0,0,"- ","- ",,,"LOS ANGELES","LOS ANGELES",-118.3131103515625,34.043560028076172
8797743,2018,2019-02-11,1942,2018-12-29,1451,41179,2011,6,5,7,1942,0,0,0,,0,20A1,"W 1ST ST","WESTERN AV",0.00,,Y,A,-,N,,,,,,,,,,N,3,0,1,2,A,-,10,21950,A,N,G,B,B,A,H,-,A,A,0,Y,,,,Y,,A,01,0,1,0,0,1,0,0,0,0,"- ","- ",,,"LOS ANGELES","LOS ANGELES",-118.30912780761719,34.073661804199219
8799155,2018,2019-02-28,1942,2018-09-17,1500,42007,1252,1,5,7,1942,0,0,0,L,0,12X32,"W FLORENCE AV","MADDEN AV",7.00,E,N,A,-,N,,,,,,,,,,N,4,0,1,3,A,-,10,21950,,N,B,B,C,A,H,-,A,D,0,Y,,Y,,Y,,C,06,0,0,1,0,1,0,0,0,0,"- ","- ",,,"LOS ANGELES","LOS ANGELES",-118.32553863525391,33.974559783935547
8799692,2018,2019-02-25,1942,2018-12-12,2235,40353,1984,3,5,7,1942,0,0,0,,0,19A85,"PARTHENIA ST","WILLIS AV",13.00,E,N,A,-,N,,,,,,,,,,N,2,0,1,2,A,-,10,21950,A,N,G,B,C,A,H,-,E,D,0,Y,,,,Y,,A,01,1,0,0,0,1,0,0,0,0,"- ","- ",,,"LOS ANGELES","LOS ANGELES",-118.45525360107422,34.228279113769531
8799738,2018,2019-02-25,1942,2018-12-19,1645,41139,0835,3,5,7,1942,0,0,0,H,0,8A35,"W OLYMPIC BL","WESTWOOD BL",176.00,E,N,A,-,N,,,,,,,,,,N,3,0,1,2,A,-,11,21954,A,N,G,B,D,A,H,-,A,D,0,Y,,,,Y,,N,60,0,1,0,0,1,0,0,0,0,"- ","- ",,,"LOS ANGELES","LOS ANGELES",-118.43126678466797,34.044181823730469
8799758,2018,2019-02-25,1942,2018-12-20,1525,40449,1981,4,5,7,1942,0,0,0,,0,19A85,"SEPULVEDA BL","CHASE ST",0.00,,Y,A,-,N,,,,,,,,,,N,3,0,1,2,A,-,10,21950,A,N,D,C,B,A,H,-,A,D,0,Y,,,,Y,,-,,0,1,0,0,1,0,0,0,0,"- ","- ",,,"LOS ANGELES","LOS ANGELES",-118.46771240234375,34.224620819091797
8808126,2018,2019-05-08,1942,2018-06-06,0010,39397,1801,3,5,7,1942,0,0,0,R,0,18A1,"S VERMONT AV","W 88TH ST",143.00,S,N,A,-,N,,,,,,,,,,Y,1,1,0,2,A,-,11,21954,A,N,G,B,D,A,H,-,C,D,0,Y,,,,Y,,N,60,0,0,0,1,0,0,0,0,0,"- ","- ",,,"LOS ANGELES","LOS ANGELES",-118.2916259765625,33.957546234130859
8821991,2018,2019-03-27,1942,2018-12-22,2000,43244,0275,6,5,7,1942,0,0,0,B,0,2A75,"OLYMPIC BL","ALVARADO ST",0.00,,Y,A,-,N,,,,,,,,,,N,4,0,1,2,A,-,11,21453,D,N,G,B,B,A,H,-,C,A,0,Y,,,,Y,,N,60,0,0,1,0,1,0,0,0,0,"- ","- ",,,"LOS ANGELES","LOS ANGELES",-118.27983093261719,34.051738739013672
8843649,2018,2019-05-13,1942,2018-12-30,1930,43014,0426,7,5,7,1942,0,0,0,D,0,4A9,"NAVARRO ST","PORTOLA AV",0.00,,N,A,-,N,,,,,,,,,,N,4,0,1,2,A,-,10,21950,A,N,B,B,B,A,H,-,D,-,0,Y,,,,Y,,A,01,0,0,1,0,1,0,0,0,0,"- ","- ",,,"LOS ANGELES","LOS ANGELES",-118.17166137695312,34.0872802734375
90696133,2018,2018-04-02,9530,2018-02-22,1815,021709,,4,2,7,1942,0,1,1,,2,120,"I-110 S/B TO PACIFIC COAST HIGHWAY","PACIFIC COAST HWY.",5.00,N,N,A,-,Y,,,110,,,,R,,S,N,4,0,1,2,A,-,10,21950,A,N,G,B,B,A,H,-,C,A,0,Y,,,,Y,,A,07,0,0,1,0,1,0,0,0,0,"- ","- ",33.790699005126953,-118.28285980224609,"LOS ANGELES","LOS ANGELES",-118.28285980224609,33.790699005126953
90707582,2018,2018-04-17,9590,2018-03-31,0715,021673,,6,1,7,1942,0,1,1,,2,041,"CALZONA ST. TO I-5 S/B (SAF)","ESPERANZA ST.",900.00,S,N,A,-,Y,,,,,,,,,,N,2,0,1,2,A,-,11,21954,A,N,G,B,E,A,H,-,A,D,0,Y,,,,Y,,N,60,1,0,0,0,1,0,0,0,0,"- ","- ",34.020988464355469,-118.19551086425781,"LOS ANGELES","LOS ANGELES",,
90720385,2018,2018-05-04,9590,2018-04-23,2045,021671,,1,2,7,1942,0,1,1,,2,052,"I-110 N/B FROM 5TH STREET","5TH STREET",42.00,N,N,A,-,Y,,,110,,,,R,,N,N,3,0,1,2,A,-,11,21954,A,N,G,B,D,A,H,-,C,D,0,Y,,,,Y,,A,01,0,1,0,0,1,0,0,0,0,"- ","- ",34.052829742431641,-118.25785064697266,"LOS ANGELES","LOS ANGELES",-118.25785064697266,34.052829742431641
90783143,2018,2018-08-02,9590,2018-07-21,2332,021654,,6,3,7,1942,0,1,1,,2,052,"I-110 N/B (HARBOR FREEWAY) COLLECTOR","JAMES M WOOD BOULEVARD",400.00,S,N,A,-,Y,,,110,,,,,,N,N,4,0,1,2,A,-,11,21954,A,N,G,B,D,A,H,-,C,D,0,Y,,,,Y,,N,60,0,0,1,0,1,0,0,0,0,"- ","- ",34.047088623046875,-118.26753234863281,"LOS ANGELES","LOS ANGELES",-118.26760864257812,34.047218322753906
90843272,2018,2018-10-24,9580,2018-10-01,0542,020153,,1,3,7,1942,0,1,3,,2,171,"SR-170 S/B (HOLLYWOOD FWY.)","VICTORY  BLVD",2511.00,N,N,A,-,Y,,,170,,,,,,S,N,2,0,1,2,A,-,11,21956,A,F,G,B,E,A,H,-,D,D,0,Y,,,,Y,,N,60,1,0,0,0,1,0,0,0,0,"- ","- ",34.196060180664062,-118.40280151367188,"LOS ANGELES","LOS ANGELES",-118.40285491943359,34.196052551269531
90867117,2018,2018-11-26,9565,2018-11-13,1833,018804,,2,2,7,1942,0,1,1,,2,060,"I-405 N/B TO LA TIJERA BLVD.","LA TIJERA BLVD.",290.00,S,N,A,-,Y,,,405,,,,R,,N,N,2,0,1,3,A,-,03,22350,,N,C,C,E,A,H,-,D,D,0,Y,,,,Y,,A,01,1,0,0,0,1,0,0,0,0,"- ","- ",33.971588134765625,-118.37677001953125,"LOS ANGELES","LOS ANGELES",-118.37677001953125,33.971588134765625
90882158,2018,2018-12-13,9590,2018-12-03,0011,021906,,1,3,7,1942,0,1,1,,2,051,"I-110 S/B (HARBOR FREEWAY)","83RD STREET",400.00,N,N,A,-,Y,,,110,,,,,,S,N,4,0,1,3,A,-,03,22350,,N,C,C,E,A,H,-,C,D,0,Y,,,,Y,,A,07,0,0,1,0,1,0,0,0,0,"- ","- ",33.965358734130859,-118.28108978271484,"LOS ANGELES","LOS ANGELES",-118.28093719482422,33.965358734130859
8167052,2018,2018-03-08,1942,2018-01-15,2145,36755,1967,1,5,7,1942,0,0,0,,0,19A79,"TERRA BELLA ST","BEACHY AV",445.00,W,N,A,-,N,,,,,,,,,,N,1,1,0,2,A,-,11,21954,A,N,-,B,E,A,H,-,C,B,0,Y,,,,Y,,N,60,0,0,0,1,0,0,0,0,0,"- ","- ",,,"LOS ANGELES","LOS ANGELES",-118.43682098388672,34.244819641113281
8167054,2018,2018-03-08,1942,2018-01-23,0215,33757,0787,2,5,7,1942,0,0,0,G,0,067,"CRENSHAW BL","WASHINGTON BL",10.00,S,N,A,-,N,,,,,,,,,,N,1,1,0,2,A,-,11,21950,B,F,G,B,E,A,H,-,C,A,0,Y,,,,Y,,N,60,0,0,0,1,0,0,0,0,0,"- ","- ",,,"LOS ANGELES","LOS ANGELES",-118.33108520507812,34.039836883544922
8167055,2018,2018-03-08,1942,2018-01-23,0550,38980,1999,2,5,7,1942,0,0,0,,0,19A93,"ROSCOE BL","WOODMAN AV",504.00,E,N,A,-,N,,,,,,,,,,Y,1,1,0,2,A,-,11,21954,A,F,G,B,D,A,H,-,C,D,0,Y,,,,Y,,N,60,0,0,0,1,0,0,0,0,0,"- ","- ",,,"LOS ANGELES","LOS ANGELES",-118.43108367919922,34.221675872802734
8167059,2018,2020-05-26,1942,2018-01-28,0140,42460,0914,7,5,7,1942,0,0,0,I,0,9A23,"VANOWEN ST","KESTER AV",139.00,W,N,A,-,N,,,,,,,,,,N,1,1,0,2,A,-,11,21954,A,N,G,B,D,A,H,-,C,A,0,Y,,,,Y,Y,N,60,0,0,0,1,0,0,0,0,0,"- ","- ",,,"LOS ANGELES","LOS ANGELES",-118.45790100097656,34.193920135498047
8167060,2018,2020-05-26,1942,2018-01-29,2005,41198,1031,1,5,7,1942,0,0,0,J,0,10A21,"TAMPA AV","VICTORY BL",656.00,N,N,A,-,N,,,,,,,,,,N,1,1,0,2,A,-,11,21954,A,N,G,B,D,A,H,-,C,A,0,Y,,,,Y,Y,N,60,0,0,0,1,0,0,0,0,0,"- ","- ",,,"LOS ANGELES","LOS ANGELES",-118.553466796875,34.188369750976562
8167262,2018,2020-05-26,1942,2018-03-19,0610,335393,1256,1,5,7,1942,0,0,0,L,0,12A57,"VERMONT AV","74TH ST",105.00,S,N,A,-,N,,,,,,,,,,N,1,1,0,2,A,-,11,21954,A,N,G,B,D,A,H,-,C,D,0,Y,,,,Y,Y,N,60,0,0,0,1,0,0,0,0,0,"- ","- ",,,"LOS ANGELES","LOS ANGELES",,
8404759,2018,2020-05-26,1942,2018-04-19,0125,41672,1412,4,5,7,1942,0,0,0,N,0,34T90,"WAVECREST AV","SPEED WY",9.00,W,N,A,-,N,,,,,,,,,,N,1,1,0,2,A,-,08,22107,,F,G,B,F,A,H,-,C,A,0,Y,,,,Y,Y,-,99,0,0,0,1,0,0,0,0,0,"- ","- ",,,"LOS ANGELES","LOS ANGELES",-118.47563171386719,33.989723205566406
8404782,2018,2018-06-09,1942,2018-02-07,0450,40164,0408,3,5,7,1942,0,0,0,D,0,,"HUNTINGTON DR","EASTERN AV",543.00,W,N,A,-,N,,,,,,,,,,N,1,1,0,2,A,-,11,21954,A,F,G,B,D,A,H,-,C,D,0,Y,,,,Y,,N,60,0,0,0,1,0,0,0,0,0,"- ","- ",,,"LOS ANGELES","LOS ANGELES",-118.18004608154297,34.085762023925781
8415106,2018,2018-03-06,1942,2018-02-10,1115,35267,1241,6,5,7,1942,0,0,0,L,0,25MQ17,"HYDE PARK BL","CRENSHAW BL",8.00,W,N,B,-,N,,,,,,,,,,N,4,0,1,2,A,-,10,21950,A,N,G,B,B,A,H,-,A,D,0,Y,,,,Y,,D,22,0,0,1,0,1,0,0,0,0,"- ","- ",,,"LOS ANGELES","LOS ANGELES",-118.33090972900391,33.980621337890625
8415150,2018,2018-03-20,1942,2018-02-15,1120,42967,HOBK0,4,5,7,1942,0,0,0,,0,4A56,"OLYMPIC BL","ORME ST",375.00,E,N,A,-,N,,,,,,,,,,Y,4,0,1,3,A,-,17,22517,,N,B,B,E,A,H,-,A,A,0,Y,,,Y,Y,,A,01,0,0,1,0,1,0,0,0,0,"- ","- ",,,"LOS ANGELES","LOS ANGELES",-118.21665191650391,34.022903442382812
8465365,2018,2020-05-26,1942,2018-03-24,0250,33452,1385,6,5,7,1942,0,0,0,M,0,13A85,"S CENTRAL AV","GAGE AV",13.00,S,N,A,-,N,,,,,,,,,,Y,1,1,0,2,D,-,00,,,N,G,B,B,A,H,-,C,A,0,Y,,,,Y,Y,-,"- ",0,0,0,1,0,0,0,0,0,"- ","- ",,,"LOS ANGELES","LOS ANGELES",-118.25646209716797,33.981983184814453
8465561,2018,2019-01-29,1942,2018-03-24,1245,30380,0438,6,5,7,1942,0,0,0,D,0,4A9,"ALHAMBRA AV","WARWICK AV",0.00,,Y,A,-,N,,,,,,,,,,N,1,1,0,2,A,-,10,21950,A,N,G,B,B,A,H,-,A,A,0,Y,,,,Y,,D,22,0,0,0,1,0,0,0,0,0,"- ","- ",,,"LOS ANGELES","LOS ANGELES",-118.16612243652344,34.078460693359375
8465664,2018,2019-03-01,1942,2018-12-27,2055,41210,1445,4,5,7,1942,0,0,0,N,0,14T47,"CENTINELA AV","BARBARA AV",3.00,S,N,A,-,N,,,,,,,,,,Y,1,1,0,3,A,-,10,21950,A,N,G,B,B,A,H,-,D,D,0,Y,,,,Y,,A,07,0,0,0,1,0,0,0,0,0,"- ","- ",,,"LOS ANGELES","LOS ANGELES",-118.43193817138672,34.001544952392578
8465668,2018,2019-03-01,1942,2018-11-19,1715,40099,0118,1,5,7,1942,0,0,0,A,0,1A1,"NORTH MAIN ST","COLLEGE ST",86.00,N,N,A,-,N,,,,,,,,,,Y,1,1,0,2,A,-,11,21954,A,N,G,B,D,A,H,-,C,D,0,Y,,,,Y,,N,60,0,0,0,1,0,0,0,0,0,"- ","- ",,,"LOS ANGELES","LOS ANGELES",-118.23392486572266,34.062904357910156
8465724,2018,2020-05-21,1942,2018-02-25,1520,40643,0236,7,5,7,1942,0,0,0,B,0,2A47,"N ALVARADO ST","BEVERLY BL",143.00,S,N,A,-,N,,,,,,,,,,Y,1,1,2,3,A,-,01,23152,A,N,G,B,F,A,H,-,A,A,0,Y,,,,Y,Y,A,08,1,0,1,1,1,0,0,0,0,"- ","- ",,,"LOS ANGELES","LOS ANGELES",-118.27031707763672,34.066669464111328
8465898,2018,2019-07-03,1942,2018-08-11,2315,36733,1684,6,5,7,1942,0,0,0,P,0,16A81,"LANKERSHIM BL","TUXFORD ST",175.00,S,N,A,-,N,,,,,,,,,,N,1,1,0,2,A,-,11,21954,A,N,G,B,D,A,H,-,D,D,0,Y,,,,Y,,N,60,0,0,0,1,0,0,0,0,0,"- ","- ",,,"LOS ANGELES","LOS ANGELES",-118.38780212402344,34.222000122070312
8504789,2018,2018-01-25,1942,2018-01-05,1635,40289,0411,5,5,7,1942,0,0,0,D,0,4A3,"SAN FERNANDO RD","PASADENA AV",4.00,N,N,A,-,N,,,,,,,,,,N,4,0,1,2,A,-,11,21950,B,N,G,B,B,A,H,-,A,A,0,Y,,,Y,Y,,-,"- ",0,0,1,0,1,0,0,0,0,"- ","- ",,,"LOS ANGELES","LOS ANGELES",-118.22114562988281,34.07421875
8513595,2018,2018-02-07,1942,2018-01-05,0630,42776,0467,5,5,7,1942,0,0,0,D,0,1942,"S SOTO ST","EAST 4TH ST",0.00,,Y,A,-,N,,,,,,,,,,N,2,0,1,2,D,-,00,,,N,G,B,B,A,H,-,A,D,0,Y,,,,Y,,-,"- ",1,0,0,0,1,0,0,0,0,"- ","- ",,,"LOS ANGELES","LOS ANGELES",-118.21176910400391,34.040618896484375
8531704,2018,2018-01-19,1942,2018-01-03,2259,42460,1754,3,5,7,1942,0,0,0,Q,0,17A35,"RESEDA BL","MAYALL ST",280.00,S,N,A,-,N,,,,,,,,,,N,2,0,1,2,B,-,22,,,F,G,B,F,A,H,-,C,D,0,Y,,,,Y,,-,99,1,0,0,0,1,0,0,0,0,"- ","- ",,,"LOS ANGELES","LOS ANGELES",-118.53608703613281,34.25250244140625
8534041,2018,2018-01-23,1942,2018-01-03,1750,42686,0279,3,5,7,1942,0,0,0,B,0,2XL11,"UNION AV","JAMES M WOOD BL",0.00,,Y,A,-,N,,,,,,,,,,Y,4,0,1,2,D,-,00,,,N,G,B,B,A,H,-,C,A,0,Y,,,,Y,,-,"- ",0,0,1,0,1,0,0,0,0,"- ","- ",,,"LOS ANGELES","LOS ANGELES",-118.27316,34.050829999999998
8534694,2018,2018-01-29,1942,2018-01-13,1920,42029,1747,6,5,7,1942,0,0,0,Q,0,17A49,"CHATSWORTH ST","PETIT AV",40.00,W,N,A,-,N,,,,,,,,,,N,4,0,1,2,A,-,10,21954,B,F,G,B,E,A,H,-,D,D,0,Y,,,,Y,,-,99,0,0,1,0,1,0,0,0,0,"- ","- ",,,"LOS ANGELES","LOS ANGELES",-118.49805450439453,34.264739990234375
8536541,2018,2018-01-20,1942,2018-01-03,2030,42556,1942,3,5,7,1942,0,0,0,,0,1563,"TUJUNGA AV","MOORPARK ST",0.00,,Y,A,-,N,,,,,,,,,,N,4,0,1,2,A,-,10,21950,A,N,G,B,B,A,H,-,C,A,0,Y,,,,Y,,A,01,0,0,1,0,1,0,0,0,0,"- ","- ",,,"LOS ANGELES","LOS ANGELES",-118.37899780273438,34.150348663330078
8538168,2018,2018-01-22,1942,2018-01-04,1045,30083,0251,4,5,7,1942,0,0,0,B,0,2A45,"S RAMPART BL","WILSHIRE BL",0.00,,Y,A,-,N,,,,,,,,,,N,4,0,1,2,A,-,10,21950,A,F,G,B,B,A,H,-,A,D,0,Y,,,,Y,,-,99,0,0,1,0,1,0,0,0,0,"- ","- ",,,"LOS ANGELES","LOS ANGELES",,
8538657,2018,2018-02-01,1942,2018-01-01,0210,42509,0333,1,5,7,1942,0,0,0,C,0,0341,"CRENSHAW BL","JEFFERSON BL",393.00,N,N,A,-,N,,,,,,,,,,N,4,0,1,2,A,-,10,21950,A,N,G,B,C,A,H,-,C,A,0,Y,,,,Y,,A,01,0,0,1,0,1,0,0,0,0,"- ","- ",,,"LOS ANGELES","LOS ANGELES",-118.33509826660156,34.026657104492188
8538686,2018,2018-01-31,1942,2018-01-09,0620,42251,0969,2,5,7,1942,0,0,0,I,0,9A37,"COLDWATER CANYON AV","RIVERSIDE DR",0.00,,Y,B,C,N,,,,,,,,,,N,3,0,1,2,A,-,11,21954,A,N,G,B,D,B,H,-,B,A,0,Y,,,,Y,,N,60,0,1,0,0,1,0,0,0,0,"- ","- ",,,"LOS ANGELES","LOS ANGELES",-118.41378784179688,34.157630920410156
8539070,2018,2018-02-02,1942,2018-01-11,0640,38326,1025,4,5,7,1942,0,0,0,J,0,10A21,"VANOWEN ST","ETIWANDA AV",8.00,W,N,A,-,N,,,,,,,,,,N,4,0,1,2,A,-,10,21950,A,N,G,B,B,A,H,-,A,A,0,Y,,,,Y,,D,22,0,0,1,0,1,0,0,0,0,"- ","- ",,,"LOS ANGELES","LOS ANGELES",-118.53170776367188,34.193870544433594
8539427,2018,2018-02-01,1942,2018-01-18,0700,42469,1547,4,5,7,1942,0,0,0,O,0,15A39,"TUJUNGA AV","MAGNOLIA BL",65.00,S,N,A,-,N,,,,,,,,,,N,2,0,1,2,B,-,22,,,N,G,B,F,A,H,-,A,D,0,Y,,,,Y,,A,08,1,0,0,0,1,0,0,0,0,"- ","- ",,,"LOS ANGELES","LOS ANGELES",-118.37899017333984,34.164772033691406
8539600,2018,2018-01-31,1942,2018-01-09,1640,39177,1203,2,5,7,1942,0,0,0,L,0,25TL22,"W 48TH ST","S WESTERN AV",0.00,,Y,B,-,N,,,,,,,,,,N,4,0,1,2,A,-,10,21950,A,N,A,B,B,B,H,-,A,A,0,Y,,,,Y,,A,01,0,0,1,0,1,0,0,0,0,"- ","- ",,,"LOS ANGELES","LOS ANGELES",-118.30892944335938,34.00006103515625
8539677,2018,2018-01-31,1942,2018-01-01,0130,43048,1839,1,5,7,1942,0,0,0,R,0,18A15,"108TH ST","KALMIA ST",0.00,,N,A,-,N,,,,,,,,,,N,4,0,1,2,A,-,10,21950,C,F,G,B,B,A,H,-,C,D,0,Y,,,,Y,Y,-,99,0,0,1,0,1,0,0,0,0,"- ","- ",,,"LOS ANGELES","LOS ANGELES",-118.23217010498047,33.937419891357422
8540009,2018,2018-01-30,1942,2018-01-06,1830,39205,1141,6,5,7,1942,0,0,0,K,0,11A1,"FRANKLIN AV","ALEXANDRIA AV",0.00,,Y,A,-,N,,,,,,,,,,N,4,0,1,2,A,-,10,21950,A,N,G,B,B,A,H,-,C,D,0,Y,,,,Y,,-,,0,0,1,0,1,0,0,0,0,"- ","- ",,,"LOS ANGELES","LOS ANGELES",-118.29834747314453,34.105400085449219
8542171,2018,2018-02-01,1942,2018-01-09,1740,40099,1317,2,5,7,1942,0,0,0,M,0,13A9,"EAST OLYMPIC BL","LONG BEACH AV",3.00,W,N,C,-,N,,,,,,,,,,N,2,0,1,2,A,-,11,21954,A,N,G,B,E,B,H,-,C,A,0,Y,,,,Y,,N,60,1,0,0,0,1,0,0,0,0,"- ","- ",,,"LOS ANGELES","LOS ANGELES",-118.24092864990234,34.029285430908203
8542218,2018,2018-02-01,1942,2018-01-16,1815,43156,2088,2,5,7,1942,0,0,0,,0,6A22,"VENICE BL","MENLO AV",5.00,E,N,A,-,N,,,,,,,,,,N,3,0,1,2,A,-,10,21950,C,N,G,B,D,A,H,-,C,D,0,Y,,,,Y,,A,01,0,1,0,0,1,0,0,0,0,"- ","- ",34.044300079345703,-118.29090118408203,"LOS ANGELES","LOS ANGELES",-118.29041290283203,34.044258117675781
8542705,2018,2018-02-05,1942,2018-01-17,1515,39177,1844,3,5,7,1942,0,0,0,R,0,25TL22,"112TH ST","SAN PEDRO ST",0.00,,Y,A,-,N,,,,,,,,,,N,4,0,1,2,A,-,11,21453,D,N,G,B,B,A,H,-,A,A,0,Y,,,,Y,,N,60,0,0,1,0,1,0,0,0,0,"- ","- ",,,"LOS ANGELES","LOS ANGELES",-118.26956176757812,33.932979583740234
8544070,2018,2018-02-02,1942,2018-01-10,0745,26020,1849,3,5,7,1942,0,0,0,R,0,25MQ11,"WILMINGTON AV","109TH ST",150.00,N,N,A,-,N,,,,,,,,,,N,4,0,1,2,D,-,00,,,N,G,B,F,A,H,-,A,D,0,Y,,,,Y,,-,"- ",0,0,1,0,1,0,0,0,0,"- ","- ",,,"LOS ANGELES","LOS ANGELES",-118.23902893066406,33.937511444091797
8544106,2018,2018-01-31,1942,2018-01-17,2115,42364,1844,3,5,7,1942,0,0,0,R,0,18A34,"E IMPERIAL HWY","N STANFORD AV",20.00,E,N,A,-,N,,,,,,,,,,N,2,0,1,2,A,-,11,21950,B,N,G,B,D,A,H,-,C,A,0,Y,,,,Y,,N,60,1,0,0,0,1,0,0,0,0,"- ","- ",,,"LOS ANGELES","LOS ANGELES",-118.26209259033203,33.9310302734375
8544148,2018,2018-02-02,1942,2018-01-12,1810,42887,1998,5,5,7,1942,0,0,0,,0,19A43,"ROSCOE BL","LENNOX AV",10.00,E,N,A,-,N,,,,,,,,,,N,3,0,1,2,A,-,10,21950,A,N,G,B,B,A,H,-,C,A,0,Y,,,,Y,,A,01,0,1,0,0,1,0,0,0,0,"- ","- ",,,"LOS ANGELES","LOS ANGELES",-118.44593048095703,34.221580505371094
8544187,2018,2018-02-02,1942,2018-01-20,0920,40165,1506,6,5,7,1942,0,0,0,O,0,15A3,"VINELAND AV","SATICOY ST",400.00,S,N,A,-,N,,,,,,,,,,N,4,0,1,2,A,-,11,21954,A,N,G,B,E,A,H,-,A,D,0,Y,,,,Y,,N,60,0,0,1,0,1,0,0,0,0,"- ","- ",,,"LOS ANGELES","LOS ANGELES",-118.37032318115234,34.207344055175781
8544207,2018,2018-02-02,1942,2018-01-20,1020,30452,0964,6,5,7,1942,0,0,0,I,0,9A63,"RIVERSIDE DR","HAZELTINE AV",20.00,E,N,A,G,N,,,,,,,,,,N,3,0,1,2,A,-,08,22107,,N,G,B,E,A,H,-,A,D,0,Y,,,,Y,,A,01,0,1,0,0,1,0,0,0,0,"- ","- ",,,"LOS ANGELES","LOS ANGELES",-118.43993377685547,34.157611846923828
8545151,2018,2018-02-07,1942,2018-01-07,0009,42335,0303,7,5,7,1942,0,0,0,C,0,3A1,"ADAMS BL","REDONDO BL",1.00,E,N,A,-,N,,,,,,,,,,N,2,0,1,2,A,-,10,21950,A,F,G,B,B,A,H,-,C,A,0,Y,,,,Y,,-,99,1,0,0,0,1,0,0,0,0,"- ","- ",,,"LOS ANGELES","LOS ANGELES",-118.35624694824219,34.032501220703125
8545183,2018,2018-02-07,1942,2018-01-20,1400,38587,0378,6,5,7,1942,0,0,0,C,0,3A73,"37TH PL","FIGUEROA ST",0.00,,Y,A,-,N,,,,,,,,,,N,4,0,1,2,A,-,10,21950,A,N,G,B,B,A,H,-,A,A,0,Y,,,,Y,,A,01,0,0,1,0,1,0,0,0,0,"- ","- ",,,"LOS ANGELES","LOS ANGELES",-118.28270721435547,34.01763916015625