CASE_ID,ACCIDENT_YEAR,PROC_DATE,JURIS,COLLISION_DATE,COLLISION_TIME,OFFICER_ID,REPORTING_DISTRICT,DAY_OF_WEEK,CHP_SHIFT,POPULATION,CNTY_CITY_LOC,SPECIAL_COND,BEAT_TYPE,CHP_BEAT_TYPE,CITY_DIVISION_LAPD,CHP_BEAT_CLASS,BEAT_NUMBER,PRIMARY_RD,SECONDARY_RD,DISTANCE,DIRECTION,INTERSECTION,WEATHER_1,WEATHER_2,STATE_HWY_IND,CALTRANS_COUNTY,CALTRANS_DISTRICT,STATE_ROUTE,ROUTE_SUFFIX,POSTMILE_PREFIX,POSTMILE,LOCATION_TYPE,RAMP_INTERSECTION,SIDE_OF_HWY,TOW_AWAY,COLLISION_SEVERITY,NUMBER_KILLED,NUMBER_INJURED,PARTY_COUNT,PRIMARY_COLL_FACTOR,PCF_CODE_OF_VIOL,PCF_VIOL_CATEGORY,PCF_VIOLATION,PCF_VIOL_SUBSECTION,HIT_AND_RUN,TYPE_OF_COLLISION,MVIW,PED_ACTION,ROAD_SURFACE,ROAD_COND_1,ROAD_COND_2,LIGHTING,CONTROL_DEVICE,CHP_ROAD_TYPE,PEDESTRIAN_ACCIDENT,BICYCLE_ACCIDENT,MOTORCYCLE_ACCIDENT,TRUCK_ACCIDENT,NOT_PRIVATE_PROPERTY,ALCOHOL_INVOLVED,STWD_VEHTYPE_AT_FAULT,CHP_VEHTYPE_AT_FAULT,COUNT_SEVERE_INJ,COUNT_VISIBLE_INJ,COUNT_COMPLAINT_PAIN,COUNT_PED_KILLED,COUNT_PED_INJURED,COUNT_BICYCLIST_KILLED,COUNT_BICYCLIST_INJURED,COUNT_MC_KILLED,COUNT_MC_INJURED,PRIMARY_RAMP,SECONDARY_RAMP,LATITUDE,LONGITUDE,COUNTY,CITY,POINT_X,POINT_Y
8545333,2018,2018-02-09,1942,2018-01-02,1600,37715,0774,2,5,7,1942,0,0,0,G,0,20TL56,"LA BREA AV","WASHINGTON BL",10.00,S,N,A,-,N,,,,,,,,,,N,4,0,1,2,A,-,10,21950,A,N,G,B,B,A,H,-,A,A,0,Y,,,,Y,,A,01,0,0,1,0,1,0,0,0,0,"- ","- ",,,"LOS ANGELES","LOS ANGELES",-118.3475341796875,34.040374755859375
8545616,2018,2018-02-16,1942,2018-01-13,0935,42450,1255,6,5,7,1942,0,0,0,L,0,12A67,"54TH ST","BUDLONG AV",0.00,,Y,A,-,N,,,,,,,,,,N,2,0,1,2,A,-,10,21950,A,N,G,B,B,A,H,-,A,A,0,Y,,,,Y,,D,22,1,0,0,0,1,0,0,0,0,"- ","- ",,,"LOS ANGELES","LOS ANGELES",-118.29586791992188,33.993221282958984
8545836,2018,2018-02-07,1942,2018-01-11,0800,38057,1232,4,5,7,1942,0,0,0,L,0,12A53,"SLAUSON AV","11TH AV",20.00,E,N,A,-,N,,,,,,,,,,N,4,0,1,2,A,-,10,21950,A,N,G,B,D,A,H,-,A,A,0,Y,,,,Y,,A,01,0,0,1,0,1,0,0,0,0,"- ","- ",,,"LOS ANGELES","LOS ANGELES",-118.32935333251953,33.989009857177734
8545877,2018,2018-02-08,1942,2018-01-02,1800,38600,0518,2,5,7,1942,0,0,0,E,0,5A24,"LOMITA BL","WILMINGTON BL",0.00,,Y,A,-,N,,,,,,,,,,N,4,0,1,2,A,-,10,21950,A,N,G,B,B,A,H,-,C,A,0,Y,,,,Y,,A,07,0,0,1,0,1,0,0,0,0,"- ","- ",,,"LOS ANGELES","LOS ANGELES",-118.27536773681641,33.798580169677734
8546651,2018,2018-02-07,1942,2018-01-22,1240,40353,1902,1,5,7,1942,0,0,0,,0,19A7,"POLK ST","DRONFIELD AV",618.00,W,N,A,-,N,,,,,,,,,,N,3,0,1,2,A,-,11,21954,A,F,G,B,E,A,H,-,A,D,0,Y,,,,Y,,N,60,0,1,0,0,1,0,0,0,0,"- ","- ",,,"LOS ANGELES","LOS ANGELES",-118.44515991210938,34.311649322509766
8546683,2018,2018-02-07,1942,2018-01-22,1405,32085,1747,1,5,7,1942,0,0,0,Q,0,17A24,"CHATSWORTH ST","BALBOA BL",0.00,,Y,A,-,N,,,,,,,,,,N,4,0,1,2,B,-,22,,,N,G,B,F,A,H,-,A,D,0,Y,,,,Y,,A,01,0,0,1,0,1,0,0,0,0,"- ","- ",,,"LOS ANGELES","LOS ANGELES",-118.50225830078125,34.264789581298828
8546703,2018,2018-02-07,1942,2018-01-17,0015,36257,1682,3,5,7,1942,0,0,0,P,0,16A81,"AMBOY AV","RIALTO ST",5.00,N,N,A,-,N,,,,,,,,,,N,4,0,1,2,A,-,10,21950,A,F,G,B,B,A,H,-,D,A,0,Y,,,,Y,,-,99,0,0,1,0,1,0,0,0,0,"- ","- ",,,"LOS ANGELES","LOS ANGELES",-118.3934326171875,34.224990844726562
8548778,2018,2018-02-20,1942,2018-01-31,2130,38692,1983,3,5,7,1942,0,0,0,,0,1961,"BURNET AV","CHASE ST",200.00,N,N,A,-,N,,,,,,,,,,N,3,0,1,2,A,-,09,21801,A,N,G,B,E,A,H,-,C,D,0,Y,,,,Y,,A,01,0,1,0,0,1,0,0,0,0,"- ","- ",,,"LOS ANGELES","LOS ANGELES",-118.46332550048828,34.225147247314453
8548965,2018,2018-02-20,1942,2018-02-02,1135,39132,567,5,5,7,1942,0,0,0,,0,5A85,"19TH ST",PACIFIC,100.00,W,N,A,-,N,,,,,,,,,,Y,4,0,1,2,A,-,11,21954,A,F,G,B,D,A,H,-,A,A,0,Y,,Y,,Y,,N,60,0,0,1,0,0,0,0,0,1,"- ","- ",,,"LOS ANGELES","LOS ANGELES",-118.47122192382812,33.985973358154297
8549831,2018,2018-02-08,1942,2018-01-28,0925,38261,1974,7,5,7,1942,0,0,0,,0,35EL12,"CEDROS AV","NORDHOFF ST",117.00,S,N,A,-,N,,,,,,,,,,N,3,0,1,2,A,-,11,21950,B,N,A,B,D,A,H,-,A,D,0,Y,,,,Y,,N,60,0,1,0,0,1,0,0,0,0,"- ","- ",,,"LOS ANGELES","LOS ANGELES",-118.45354461669922,34.235118865966797
8550052,2018,2018-02-14,1942,2018-01-30,1040,30452,1799,2,5,7,1942,0,0,0,Q,0,17A95,"SAN DIEGO FRWY","ROSCOE BL",6.00,N,N,A,-,N,,,,,,,,,,N,4,0,1,2,A,-,10,21950,A,N,G,B,B,A,H,-,A,A,0,Y,,,,Y,,D,22,0,0,1,0,1,0,0,0,0,"- ","- ",,,"LOS ANGELES","LOS ANGELES",,
8550641,2018,2018-02-09,1942,2018-01-28,1735,42618,1902,7,5,7,1942,0,0,0,,0,19A4,"FOOTHILL BL","POLK ST",100.00,S,N,A,-,N,,,,,,,,,,N,3,0,1,2,A,-,11,21955,,N,G,B,D,A,H,-,C,D,0,Y,,,,Y,,N,60,0,1,0,0,1,0,0,0,0,"- ","- ",,,"LOS ANGELES","LOS ANGELES",-118.44054412841797,34.315364837646484
8550643,2018,2018-02-09,1942,2018-01-19,0620,42969,1283,5,5,7,1942,0,0,0,L,0,12A73,"VAN NESS AV","CIMARRON ST",0.00,,Y,A,-,N,,,,,,,,,,N,4,0,1,2,A,-,10,21950,A,N,G,B,B,A,H,-,B,D,0,Y,,,,Y,,A,01,0,0,1,0,1,0,0,0,0,"- ","- ",,,"LOS ANGELES","LOS ANGELES",-118.31773376464844,33.946121215820312
8550754,2018,2018-02-10,1942,2018-01-31,1950,32774,0935,3,5,7,1942,0,0,0,I,0,15TL46,"HAZELTINE AV","BESSEMER ST",0.00,,Y,A,-,N,,,,,,,,,,N,2,0,1,2,A,-,11,21954,A,N,G,B,D,A,H,-,C,D,0,Y,,,,Y,,N,60,1,0,0,0,1,0,0,0,0,"- ","- ",,,"LOS ANGELES","LOS ANGELES",-118.43997192382812,34.181228637695312
8551634,2018,2018-02-15,1942,2018-01-23,1835,42251,2147,2,5,7,1942,0,0,0,,0,21A57,"SHERMAN WY","LURLINE AV",17.00,E,N,A,-,N,,,,,,,,,,N,4,0,1,2,A,-,11,21954,A,N,G,B,B,A,H,-,C,A,0,Y,,,,Y,,N,60,0,0,1,0,1,0,0,0,0,"- ","- ",,,"LOS ANGELES","LOS ANGELES",-118.58408355712891,34.20111083984375
8551660,2018,2018-03-13,1942,2018-01-24,2030,43158,1251,3,5,7,1942,0,0,0,L,0,12A51,"SAN PEDRO","85TH PL",0.00,,Y,A,-,N,,,,,,,,,,N,4,0,1,2,A,-,09,21801,A,N,H,B,B,A,H,-,C,A,0,Y,,,,Y,,-,"- ",0,0,1,0,1,0,0,0,0,"- ","- ",,,"LOS ANGELES","LOS ANGELES",-118.26953125,33.961009979248047
8551699,2018,2018-02-14,1942,2018-01-10,2100,35024,1171,3,5,7,1942,0,0,0,K,0,11A71,"W SUNSET BL","FOUNTAIN ST",15.00,N,N,A,-,N,,,,,,,,,,N,3,0,1,2,A,-,10,21950,A,N,G,B,B,A,H,-,C,-,0,Y,,,,Y,,A,01,0,1,0,0,1,0,0,0,0,"- ","- ",,,"LOS ANGELES","LOS ANGELES",-118.28415679931641,34.095848083496094
8551718,2018,2018-02-14,1942,2018-01-08,0530,36537,2088,1,5,7,1942,0,0,0,,0,20A71,"WASHINGTON BL","VERMONT AV",0.00,,Y,C,-,N,,,,,,,,,,N,3,0,1,2,A,-,10,21950,A,N,G,B,B,B,H,-,C,A,0,Y,,,,Y,,A,01,0,1,0,0,1,0,0,0,0,"- ","- ",,,"LOS ANGELES","LOS ANGELES",-118.29157257080078,34.040008544921875
8551753,2018,2018-02-13,1942,2018-01-12,1540,42777,2049,5,5,7,1942,0,0,0,,0,20A45,"WESTMORELAND AV","JAMES M WOOD BL",80.00,N,N,A,-,N,,,,,,,,,,N,3,0,1,2,A,-,11,21955,,F,G,B,D,A,H,-,A,D,0,Y,,,,Y,,N,60,0,1,0,0,1,0,0,0,0,"- ","- ",,,"LOS ANGELES","LOS ANGELES",,
8552201,2018,2018-02-20,1942,2018-01-22,0730,36567,1203,1,5,7,1942,0,0,0,L,0,12A15,"VAN NESS AV","52ND ST",0.00,,Y,A,-,N,,,,,,,,,,N,4,0,1,2,A,-,11,21954,A,N,G,B,E,A,H,-,A,D,0,Y,,,,Y,,N,60,0,0,1,0,1,0,0,0,0,"- ","- ",,,"LOS ANGELES","LOS ANGELES",-118.31716156005859,33.995029449462891
8553214,2018,2018-02-15,1942,2018-02-04,0505,31288,1802,7,5,7,1942,0,0,0,R,0,18A1,FIGUEROA,"91ST ST",10.00,N,N,A,-,N,,,,,,,,,,N,3,0,1,2,A,-,10,21950,A,N,G,B,-,-,H,-,B,A,0,Y,,,,Y,,A,07,0,1,0,0,1,0,0,0,0,"- ","- ",,,"LOS ANGELES","LOS ANGELES",-118.28272247314453,33.954227447509766
8553524,2018,2018-02-21,1942,2018-01-18,2040,41957,1483,4,5,7,1942,0,0,0,N,0,,"LINCOLN BL","LA TIJERA BL",0.00,,Y,A,-,N,,,,,,,,,,N,4,0,1,2,A,-,11,21950,B,N,G,B,B,A,H,-,C,A,0,Y,,,,Y,,N,60,0,0,1,0,1,0,0,0,0,"- ","- ",,,"LOS ANGELES","LOS ANGELES",-118.41606140136719,33.956531524658203
8553532,2018,2018-02-21,1942,2018-01-22,1305,33169,1401,1,5,7,1942,0,0,0,N,0,14A25,"W NATIONAL BL","STONER AV",73.00,W,N,A,-,N,,,,,,,,,,N,4,0,1,3,A,-,21,22106,,N,H,E,F,-,H,-,A,D,0,Y,,,,Y,,A,01,0,0,1,0,1,0,0,0,0,"- ","- ",,,"LOS ANGELES","LOS ANGELES",-118.43973541259766,34.022148132324219
8553591,2018,2018-02-22,1942,2018-01-07,1103,34959,1441,7,5,7,1942,0,0,0,N,0,20T59,"ABBOTT KINNEY BL","VENICE BL",93.00,N,N,A,-,N,,,,,,,,,,Y,3,0,1,2,A,-,11,21954,A,N,G,B,D,A,H,-,A,D,0,Y,,,,Y,,N,60,0,1,0,0,1,0,0,0,0,"- ","- ",,,"LOS ANGELES","LOS ANGELES",-118.46279907226562,33.989276885986328
8553615,2018,2018-02-21,1942,2018-02-01,1725,33947,1563,4,5,7,1942,0,0,0,O,0,35M49,"MOORPARK ST","IRVINE AV",6.00,W,N,A,-,N,,,,,,,,,,N,3,0,1,2,A,-,10,21950,A,N,G,B,B,A,H,-,A,D,0,Y,,,,Y,,A,01,0,1,0,0,1,0,0,0,0,"- ","- ",,,"LOS ANGELES","LOS ANGELES",-118.38555145263672,34.150371551513672
8553628,2018,2018-02-22,1942,2018-02-02,1730,42309,1638,5,5,7,1942,0,0,0,P,0,16A59,"COMMERCE AV","SUMMITROSE ST",0.00,,Y,B,-,N,,,,,,,,,,N,3,0,1,2,A,-,12,22450,A,F,A,B,B,A,H,-,B,A,0,Y,,,,Y,,-,99,0,1,0,0,1,0,0,0,0,"- ","- ",,,"LOS ANGELES","LOS ANGELES",-118.28856658935547,34.259510040283203
8555418,2018,2018-02-16,1942,2018-01-31,2100,42594,1211,3,5,7,1942,0,0,0,L,0,3L90,"ARLINGTON AV","54TH ST",0.00,,Y,A,-,N,,,,,,,,,,N,4,0,1,2,A,-,00,20015,,F,G,B,B,A,H,-,C,D,0,Y,,,,Y,,-,99,0,0,1,0,1,0,0,0,0,"- ","- ",,,"LOS ANGELES","LOS ANGELES",-118.31822,33.993200000000002
8556219,2018,2018-02-23,1942,2018-01-09,0550,40487,2027,2,5,7,1942,0,0,0,,0,20A45,"6TH ST","NORMANDIE AV",5.00,W,N,C,-,N,,,,,,,,,,N,4,0,1,2,A,-,10,21950,A,F,G,B,B,B,H,-,C,A,0,Y,,,,Y,,-,99,0,0,1,0,1,0,0,0,0,"- ","- ",,,"LOS ANGELES","LOS ANGELES",-118.30038452148438,34.0635986328125
8556234,2018,2018-02-23,1942,2018-02-02,1830,27356,2073,5,5,7,1942,0,0,0,,0,20A71,"WESTERN AV","VENICE BL",0.00,,Y,A,-,N,,,,,,,,,,N,4,0,1,2,A,-,10,21950,A,N,G,B,B,A,H,-,C,A,0,Y,,,,Y,,A,01,0,0,1,0,1,0,0,0,0,"- ","- ",,,"LOS ANGELES","LOS ANGELES",-118.30902862548828,34.043571472167969
8556252,2018,2018-02-22,1942,2018-01-26,0910,40084,2042,5,5,7,1942,0,0,0,,0,20A53,"9TH ST","S ST ANDREWS PL",0.00,,Y,A,-,N,,,,,,,,,,N,4,0,1,2,A,-,10,21950,A,N,G,B,D,A,H,-,A,D,0,Y,,,,Y,,A,01,0,0,1,0,1,0,0,0,0,"- ","- ",,,"LOS ANGELES","LOS ANGELES",-118.31118774414062,34.055858612060547
8556280,2018,2018-02-22,1942,2018-01-23,2030,42492,0847,2,5,7,1942,0,0,0,H,0,8A1,"OLYMPIC BL","OVERLAND AV",0.00,,Y,A,-,N,,,,,,,,,,N,3,0,1,2,A,-,10,21950,A,N,G,B,B,A,H,-,C,A,0,Y,,,,Y,,A,01,0,1,0,0,1,0,0,0,0,"- ","- ",,,"LOS ANGELES","LOS ANGELES",-118.42816925048828,34.046001434326172
8556316,2018,2018-02-23,1942,2018-02-04,1925,37575,0745,7,5,7,1942,0,0,0,G,0,7T23,"9TH ST","LA BREA BL",0.00,,Y,A,-,N,,,,,,,,,,N,3,0,1,2,A,-,10,21950,A,N,G,B,B,A,H,-,C,A,0,Y,,,,Y,,A,01,0,1,0,0,1,0,0,0,0,"- ","- ",,,"LOS ANGELES","LOS ANGELES",-118.3453369140625,34.058868408203125
8556455,2018,2018-02-22,1942,2018-01-19,0920,37952,1303,5,5,7,1942,0,0,0,M,0,13A13,"CROCKER ST","E 12TH ST",0.00,,Y,A,-,N,,,,,,,,,,N,4,0,1,2,A,-,10,21950,A,N,G,B,B,A,H,-,A,D,0,Y,,,,Y,,A,01,0,0,1,0,1,0,0,0,0,"- ","- ",,,"LOS ANGELES","LOS ANGELES",-118.25177001953125,34.032939910888672
8556478,2018,2018-02-26,1942,2018-01-04,1800,42055,1343,4,5,7,1942,0,0,0,M,0,13X17,"AVALON BL","40TH PL",0.00,,Y,A,-,N,,,,,,,,,,N,3,0,1,2,A,-,11,21954,A,N,D,B,-,A,H,-,C,A,0,Y,,,,Y,,N,60,0,1,0,0,1,0,0,0,0,"- ","- ",,,"LOS ANGELES","LOS ANGELES",-118.26526641845703,34.010231018066406
8557678,2018,2018-08-21,1942,2018-04-07,2135,36336,2146,6,5,7,1942,0,0,0,,0,21A57,"TOPANGA CANYON BL","GAULT ST",10.00,N,N,A,-,Y,LA,7,27,-,-,14.420,H,-,S,Y,3,0,2,2,A,-,10,21950,A,N,G,B,B,A,H,-,C,A,0,Y,,Y,,Y,,C,02,0,2,0,0,1,0,0,0,1,"- ","- ",,,"LOS ANGELES","LOS ANGELES",-118.60602569580078,34.199180603027344
8558189,2018,2018-06-26,1942,2018-05-24,0925,42029,1549,4,5,7,1942,0,0,0,O,0,15A39,"LANKERSHIM BL","CHANDLER BL",350.00,N,N,B,-,N,,,,,,,,,,N,2,0,1,2,A,-,11,21456,B,N,G,B,C,B,H,-,A,D,0,Y,,,,Y,Y,N,60,1,0,0,0,1,0,0,0,0,"- ","- ",,,"LOS ANGELES","LOS ANGELES",-118.37757110595703,34.169765472412109
8558884,2018,2018-02-22,1942,2018-01-02,1910,34197,0649,2,5,7,1942,0,0,0,F,0,6A46,"WINONA BL","HOLLYWOOD BL",0.00,,Y,A,-,N,,,,,,,,,,N,4,0,1,2,A,-,10,21950,,N,G,B,B,A,H,-,C,D,0,Y,,,,Y,,A,01,0,0,1,0,1,0,0,0,0,"- ","- ",,,"LOS ANGELES","LOS ANGELES",-118.30219268798828,34.101749420166016
8558887,2018,2018-02-22,1942,2018-01-30,0920,42908,0713,2,5,7,1942,0,0,0,G,0,20A1,"BEVERLY BL","GARDNER ST",0.00,,Y,A,-,N,,,,,,,,,,N,3,0,1,2,A,-,10,21950,A,N,B,B,B,A,H,-,A,A,0,Y,,,,Y,,A,01,0,1,0,0,1,0,0,0,0,"- ","- ",,,"LOS ANGELES","LOS ANGELES",-118.35321807861328,34.076141357421875
8558913,2018,2018-02-21,1942,2018-02-02,0020,40010,0667,5,5,7,1942,0,0,0,F,0,6A67,"LEXINGTON AV","GORDON ST",68.00,E,N,A,-,N,,,,,,,,,,N,4,0,1,2,A,-,03,22350,,F,G,B,E,A,H,-,C,D,0,Y,,,,Y,,-,99,0,0,1,0,1,0,0,0,0,"- ","- ",,,"LOS ANGELES","LOS ANGELES",-118.31987762451172,34.09259033203125
8558935,2018,2018-02-22,1942,2018-01-12,0810,35945,0811,5,5,7,1942,0,0,0,H,0,6TL7,"BIENVENEDA AV","SUNSET BL",0.00,,Y,A,-,N,,,,,,,,,,N,4,0,1,2,A,-,10,21950,A,N,G,B,B,A,H,-,A,A,0,Y,,,,Y,,A,01,0,0,1,0,1,0,0,0,0,"- ","- ",,,"LOS ANGELES","LOS ANGELES",-118.5396728515625,34.048851013183594
8558940,2018,2018-02-22,1942,2018-01-25,1555,41376,0729,4,5,7,1942,0,0,0,G,0,8TL26,"1ST ST","LARCHMONT BL",0.00,,Y,A,-,N,,,,,,,,,,N,3,0,1,2,A,-,10,21950,A,N,G,B,B,A,H,-,B,A,0,Y,,,,Y,,A,07,0,1,0,0,1,0,0,0,0,"- ","- ",,,"LOS ANGELES","LOS ANGELES",-118.32363891601562,34.073020935058594
8558948,2018,2018-02-22,1942,2018-01-12,1805,41908,0835,5,5,7,1942,0,0,0,H,0,8A98,"VETERAN AV","MISSISSIPPI AV",0.00,,Y,A,-,N,,,,,,,,,,N,3,0,1,2,A,-,10,21950,A,N,G,B,B,A,H,-,C,D,0,Y,,,,Y,,A,01,0,1,0,0,1,0,0,0,0,"- ","- ",,,"LOS ANGELES","LOS ANGELES",-118.43563079833984,34.043628692626953
8558952,2018,2018-02-22,1942,2018-01-29,0720,38942,0835,1,5,7,1942,0,0,0,H,0,7TL23,"SANTA MONICA BL","VETERAN AV",0.00,,Y,A,-,N,,,,,,,,,,N,3,0,1,2,A,-,10,21950,A,N,G,B,B,A,H,-,A,D,0,Y,,,,Y,,A,01,0,1,0,0,1,0,0,0,0,"- ","- ",,,"LOS ANGELES","LOS ANGELES",-118.44013214111328,34.048919677734375
8558956,2018,2018-02-22,1942,2018-01-26,1731,39318,0827,5,5,7,1942,0,0,0,H,0,8X48,BARRINGTON,CHENAULT,0.00,,Y,A,-,N,,,,,,,,,,N,3,0,1,2,A,-,10,21950,A,N,G,B,B,A,H,-,C,A,0,Y,,,,Y,,A,07,0,1,0,0,1,0,0,0,0,"- ","- ",,,"LOS ANGELES","LOS ANGELES",-118.46766662597656,34.056339263916016
8558960,2018,2018-02-22,1942,2018-01-08,1730,41942,0857,1,5,7,1942,0,0,0,H,0,8A95,"PICO BL","BEVERWIL DR",0.00,,Y,C,-,N,,,,,,,,,,N,3,0,1,2,A,-,11,21954,A,N,G,B,E,B,-,-,C,D,0,Y,,,,Y,,N,60,0,1,0,0,1,0,0,0,0,"- ","- ",,,"LOS ANGELES","LOS ANGELES",-118.39907836914062,34.054969787597656
8559427,2018,2018-03-02,1942,2018-02-12,0005,43010,1802,1,5,7,1942,0,0,0,R,0,18A1,BROADWAY,"MANCHESTER AV",0.00,,Y,A,-,N,,,,,,,,,,N,3,0,1,2,A,-,10,21950,A,N,G,B,B,A,H,-,C,A,0,Y,,,,Y,Y,A,01,0,1,0,0,1,0,0,0,0,"- ","- ",,,"LOS ANGELES","LOS ANGELES",-118.27828216552734,33.960079193115234
8559451,2018,2018-02-23,1942,2018-01-12,0750,37952,0409,5,5,7,1942,0,0,0,D,0,4A9,"HUNTINGTON DR N","ALPHA ST",0.00,,Y,A,-,N,,,,,,,,,,N,4,0,1,2,A,-,10,21950,A,F,G,B,B,A,H,-,A,A,0,Y,,,,Y,,-,99,0,0,1,0,1,0,0,0,0,"- ","- ",,,"LOS ANGELES","LOS ANGELES",-118.15934753417969,34.094478607177734
8559504,2018,2018-02-23,1942,2018-01-19,1920,34458,0201,5,5,7,1942,0,0,0,B,0,2A1,"VERMONT AV","LOCKWOOD AV",15.00,N,N,A,-,N,,,,,,,,,,N,3,0,1,2,A,-,11,21956,A,F,G,B,E,A,H,-,C,D,0,Y,,,,Y,,N,60,0,1,0,0,1,0,0,0,0,"- ","- ",,,"LOS ANGELES","LOS ANGELES",-118.29174041748047,34.088760375976562
8559745,2018,2018-02-26,1942,2018-01-11,0950,42161,2025,4,5,7,1942,0,0,0,,0,20A25,"W 4TH ST","NORMANDIE AV",12.00,E,N,A,-,N,,,,,,,,,,N,4,0,1,2,A,-,10,21950,A,N,G,B,B,A,H,-,A,A,0,Y,,,,Y,,A,01,0,0,1,0,1,0,0,0,0,"- ","- ",,,"LOS ANGELES","LOS ANGELES",-118.30030822753906,34.067192077636719
8560364,2018,2018-02-28,1942,2018-02-13,0625,41514,1656,2,5,7,1942,0,0,0,P,0,16A35,"FOOTHILL BL","WOODWARD AV",0.00,,Y,A,-,N,,,,,,,,,,N,4,0,1,2,A,-,10,21950,A,N,G,B,B,A,H,-,B,A,0,Y,,,,Y,,A,07,0,0,1,0,1,0,0,0,0,"- ","- ",,,"LOS ANGELES","LOS ANGELES",-118.30706024169922,34.259651184082031
8560501,2018,2018-02-28,1942,2018-02-13,1230,39048,1737,2,5,7,1942,0,0,0,Q,0,17A35,"BALBOA BL","SAN FERNANDO MISSION RD",5.00,S,N,A,-,N,,,,,,,,,,N,3,0,1,2,A,-,10,21950,A,N,G,B,B,A,H,-,A,A,0,Y,,,,Y,,A,01,0,1,0,0,1,0,0,0,0,"- ","- ",,,"LOS ANGELES","LOS ANGELES",-118.502197265625,34.272037506103516
8561244,2018,2018-02-26,1942,2018-02-06,2150,42727,1269,2,5,7,1942,0,0,0,L,0,12A69,"80TH ST","SAN PEDRO",0.00,,Y,A,-,N,,,,,,,,,,N,4,0,1,2,A,-,11,21956,A,F,G,B,D,A,H,-,C,D,0,Y,,,,Y,,N,60,0,0,1,0,1,0,0,0,0,"- ","- ",,,"LOS ANGELES","LOS ANGELES",-118.26954650878906,33.967021942138672
8561248,2018,2018-02-26,1942,2018-02-07,0850,33599,1269,3,5,7,1942,0,0,0,L,0,12A69,"SAN PEDRO ST","79TH ST",0.00,,Y,A,-,N,,,,,,,,,,N,4,0,1,2,A,-,10,21950,A,N,G,B,B,A,H,-,A,A,0,Y,,,,Y,,A,07,0,0,1,0,1,0,0,0,0,"- ","- ",,,"LOS ANGELES","LOS ANGELES",-118.26954650878906,33.967868804931641
8561264,2018,2018-02-26,1942,2018-02-06,1905,43073,0566,2,5,7,1942,0,0,0,E,0,5A59,"W 11TH ST","PACIFIC AV",0.00,,Y,A,-,N,,,,,,,,,,N,4,0,1,2,A,-,10,21950,A,N,G,B,B,A,H,-,C,A,0,Y,,,,Y,,A,01,0,0,1,0,1,0,0,0,0,"- ","- ",,,"LOS ANGELES","LOS ANGELES",-118.28794097900391,33.734218597412109
8561309,2018,2018-02-27,1942,2018-02-01,1800,36615,0301,4,5,7,1942,0,0,0,C,0,3A28,"W ADAMS BL","FAIRFAX AV",5.00,E,N,A,-,N,,,,,,,,,,N,3,0,1,2,A,-,10,21950,A,N,G,B,B,A,H,-,C,A,0,Y,,,,Y,,A,01,0,1,0,0,1,0,0,0,0,"- ","- ",,,"LOS ANGELES","LOS ANGELES",-118.37076568603516,34.032440185546875
8561390,2018,2018-02-27,1942,2018-02-07,2010,42469,1004,3,5,7,1942,0,0,0,J,0,16T25,"ROSCOE BL","RESEDA BL",153.00,E,N,A,-,N,,,,,,,,,,N,3,0,1,2,A,-,11,21955,,N,G,B,D,A,H,-,C,A,0,Y,,,,Y,,N,60,0,1,0,0,1,0,0,0,0,"- ","- ",,,"LOS ANGELES","LOS ANGELES",-118.53557586669922,34.220733642578125
8561406,2018,2018-02-27,1942,2018-02-12,1915,33504,0964,1,5,7,1942,0,0,0,I,0,9A63,"HAZELTINE AV","HUSTON ST",65.00,N,N,B,-,N,,,,,,,,,,N,2,0,1,2,A,-,11,21954,A,N,G,B,D,A,H,-,C,D,0,Y,,,,Y,,N,60,1,0,0,0,1,0,0,0,0,"- ","- ",,,"LOS ANGELES","LOS ANGELES",-118.43999481201172,34.159587860107422
8562029,2018,2018-02-27,1942,2018-02-16,0725,40415,0392,5,5,7,1942,0,0,0,C,0,3A73,"6TH AV","W VERNON AV",0.00,,Y,A,-,N,,,,,,,,,,N,3,0,1,2,A,-,10,21950,A,N,G,B,B,A,H,-,A,A,0,Y,,,,Y,,A,01,0,1,0,0,1,0,0,0,0,"- ","- ",,,"LOS ANGELES","LOS ANGELES",-118.32359313964844,34.003681182861328
8562558,2018,2018-03-06,1942,2018-02-16,0750,37686,1013,5,5,7,1942,0,0,0,J,0,10A83,"RESEDA BL","VENTURA FWY",10.00,N,N,A,-,N,,,,,,,,,,N,4,0,1,2,A,-,11,21950,B,N,G,B,-,A,H,-,A,A,0,Y,,,,Y,,N,60,0,0,1,0,1,0,0,0,0,"- ","- ",,,"LOS ANGELES","LOS ANGELES",-118.53607177734375,34.168785095214844
8562777,2018,2018-03-02,1942,2018-02-13,1403,36678,1089,2,5,7,1942,0,0,0,J,0,35M81,"VENTURA BL","DENSMORE AV",0.00,,Y,B,-,N,,,,,,,,,,N,3,0,1,2,A,-,10,21950,A,N,G,B,B,A,H,-,A,A,0,Y,,,,Y,,A,01,0,1,0,0,1,0,0,0,0,"- ","- ",,,"LOS ANGELES","LOS ANGELES",-118.47752380371094,34.155498504638672