CASE_ID,ACCIDENT_YEAR,PROC_DATE,JURIS,COLLISION_DATE,COLLISION_TIME,OFFICER_ID,REPORTING_DISTRICT,DAY_OF_WEEK,CHP_SHIFT,POPULATION,CNTY_CITY_LOC,SPECIAL_COND,BEAT_TYPE,CHP_BEAT_TYPE,CITY_DIVISION_LAPD,CHP_BEAT_CLASS,BEAT_NUMBER,PRIMARY_RD,SECONDARY_RD,DISTANCE,DIRECTION,INTERSECTION,WEATHER_1,WEATHER_2,STATE_HWY_IND,CALTRANS_COUNTY,CALTRANS_DISTRICT,STATE_ROUTE,ROUTE_SUFFIX,POSTMILE_PREFIX,POSTMILE,LOCATION_TYPE,RAMP_INTERSECTION,SIDE_OF_HWY,TOW_AWAY,COLLISION_SEVERITY,NUMBER_KILLED,NUMBER_INJURED,PARTY_COUNT,PRIMARY_COLL_FACTOR,PCF_CODE_OF_VIOL,PCF_VIOL_CATEGORY,PCF_VIOLATION,PCF_VIOL_SUBSECTION,HIT_AND_RUN,TYPE_OF_COLLISION,MVIW,PED_ACTION,ROAD_SURFACE,ROAD_COND_1,ROAD_COND_2,LIGHTING,CONTROL_DEVICE,CHP_ROAD_TYPE,PEDESTRIAN_ACCIDENT,BICYCLE_ACCIDENT,MOTORCYCLE_ACCIDENT,TRUCK_ACCIDENT,NOT_PRIVATE_PROPERTY,ALCOHOL_INVOLVED,STWD_VEHTYPE_AT_FAULT,CHP_VEHTYPE_AT_FAULT,COUNT_SEVERE_INJ,COUNT_VISIBLE_INJ,COUNT_COMPLAINT_PAIN,COUNT_PED_KILLED,COUNT_PED_INJURED,COUNT_BICYCLIST_KILLED,COUNT_BICYCLIST_INJURED,COUNT_MC_KILLED,COUNT_MC_INJURED,PRIMARY_RAMP,SECONDARY_RAMP,LATITUDE,LONGITUDE,COUNTY,CITY,POINT_X,POINT_Y
8563372,2018,2018-02-28,1942,2018-02-09,0825,42861,0852,5,5,7,1942,0,0,0,H,0,8X53,"SANTA MONICA BL","ARMACOST AV",160.00,E,N,A,-,N,,,,,,,,,,N,4,0,1,2,A,-,10,21950,A,N,G,B,-,A,H,-,A,D,0,Y,,,,Y,,A,01,0,0,1,0,1,0,0,0,0,"- ","- ",,,"LOS ANGELES","LOS ANGELES",-118.45980072021484,34.042102813720703
8563375,2018,2018-02-28,1942,2018-02-06,1625,42101,0643,2,5,7,1942,0,0,0,F,0,6A53,"HOLLYWOOD BL","LA BREA",5.00,E,N,A,-,N,,,,,,,,,,,4,0,1,2,A,-,10,21950,A,F,G,B,B,A,H,-,A,D,0,Y,,,,Y,,-,99,0,0,1,0,1,0,0,0,0,"- ","- ",,,"LOS ANGELES","LOS ANGELES",-118.34520721435547,34.101596832275391
8563407,2018,2018-02-28,1942,2018-02-12,1810,42420,0841,1,5,7,1942,0,0,0,H,0,8A53,"WILSHIRE BL","BUNDY DR",0.00,,Y,A,-,N,,,,,,,,,,N,4,0,1,2,A,-,11,21954,A,F,G,B,E,A,H,-,C,A,0,Y,,,,Y,,N,60,0,0,1,0,1,0,0,0,0,"- ","- ",,,"LOS ANGELES","LOS ANGELES",-118.46749877929688,34.044071197509766
8563411,2018,2018-02-28,1942,2018-02-11,1900,37575,0853,7,5,7,1942,0,0,0,H,0,6T7,"FEDERAL AV","OHIO AV",0.00,,Y,A,-,N,,,,,,,,,,N,4,0,1,2,A,-,10,21950,A,F,G,B,B,A,H,-,C,-,0,Y,,,,Y,,-,99,0,0,1,0,1,0,0,0,0,"- ","- ",,,"LOS ANGELES","LOS ANGELES",-118.45472717285156,34.045551300048828
8563424,2018,2018-03-01,1942,2018-02-16,1300,40690,0679,5,5,7,1942,0,0,0,F,0,6A79,"HOBART BL","SANTA MONICA BL",0.00,,Y,A,-,N,,,,,,,,,,N,4,0,1,2,A,-,10,21950,A,N,G,B,B,A,H,-,A,A,0,Y,,,,Y,,A,01,0,0,1,0,1,0,0,0,0,"- ","- ",,,"LOS ANGELES","LOS ANGELES",-118.30519104003906,34.090789794921875
8563433,2018,2018-03-01,1942,2018-02-18,0920,34959,2033,7,5,7,1942,0,0,0,,0,20TL59,"JAMES M WOOD BL","WESTERN AV",0.00,,Y,A,-,N,,,,,,,,,,N,3,0,1,2,A,-,10,21950,A,F,G,B,B,A,H,-,A,A,0,Y,,,,Y,,-,99,0,1,0,0,1,0,0,0,0,"- ","- ",,,"LOS ANGELES","LOS ANGELES",-118.30907999999999,34.05585
8563676,2018,2018-03-02,1942,2018-02-12,2030,42420,0882,1,5,7,1942,0,0,0,H,0,8A53,"SAWTELLE BL","OLYMPIC BL",0.00,,Y,C,-,N,,,,,,,,,,N,4,0,1,2,A,-,10,21950,A,N,G,B,B,B,H,-,C,A,0,Y,,,,Y,,A,01,0,0,1,0,1,0,0,0,0,"- ","- ",,,"LOS ANGELES","LOS ANGELES",-118.44120788574219,34.038181304931641
8563726,2018,2018-03-02,1942,2018-02-09,0900,36356,752,5,5,7,1942,0,0,0,,0,7EL1,"WHITWORTH DR","ALFRED ST",0.00,,Y,A,-,N,,,,,,,,,,N,4,0,1,2,A,-,10,21950,A,N,D,B,B,A,H,-,A,A,0,Y,,,,Y,,A,01,0,0,1,0,1,0,0,0,0,"- ","- ",,,"LOS ANGELES","LOS ANGELES",-118.37497711181641,34.057018280029297
8565528,2018,2018-03-08,1942,2018-02-11,0050,35869,1203,7,5,7,1942,0,0,0,L,0,12A73,"50TH ST","WESTERN AV",190.00,E,N,A,-,N,,,,,,,,,,Y,3,0,1,2,A,-,11,21954,A,F,G,B,D,A,H,-,C,D,0,Y,,,,Y,Y,N,60,0,1,0,0,1,0,0,0,0,"- ","- ",,,"LOS ANGELES","LOS ANGELES",-118.30831146240234,33.998241424560547
8565556,2018,2018-03-16,1942,2018-02-17,1610,42798,1801,6,5,7,1942,0,0,0,R,0,18X96,"92ND ST","HOOVER ST",406.00,E,N,A,-,N,,,,,,,,,,N,4,0,1,2,A,-,"- ",,,N,G,B,F,A,H,-,A,D,0,Y,,,,Y,,A,08,0,0,1,0,1,0,0,0,0,"- ","- ",,,"LOS ANGELES","LOS ANGELES",-118.28564453125,33.952808380126953
8565597,2018,2018-03-08,1942,2018-02-14,1042,39065,0397,3,5,7,1942,0,0,0,C,0,3A41,"RAYMOND AV","MARTIN LUTHER KING",200.00,S,N,A,-,N,,,,,,,,,,N,3,0,2,3,A,-,03,22350,,N,D,E,E,A,H,-,A,D,0,Y,,,,Y,,A,07,0,2,0,0,1,0,0,0,0,"- ","- ",,,"LOS ANGELES","LOS ANGELES",-118.29803466796875,34.010311126708984
8565646,2018,2018-04-04,1942,2018-01-31,2025,40069,0231,3,5,7,1942,0,0,0,B,0,2A47,"BEVERLY BL","DILLON ST",0.00,,Y,A,-,N,,,,,,,,,,N,4,0,1,2,A,-,11,21954,A,N,G,B,D,A,H,-,D,D,0,Y,,,,Y,,N,60,0,0,1,0,1,0,0,0,0,"- ","- ",,,"LOS ANGELES","LOS ANGELES",-118.28311920166016,34.072208404541016
8565662,2018,2018-04-04,1942,2018-01-30,0600,43150,0261,2,5,7,1942,0,0,0,B,0,2A17,"7TH ST","LAKE ST",0.00,,N,A,-,N,,,,,,,,,,N,2,0,1,2,A,-,11,21953,,N,G,B,D,A,H,-,C,A,0,Y,,,,Y,Y,-,"- ",1,0,0,0,1,0,0,0,0,"- ","- ",,,"LOS ANGELES","LOS ANGELES",-118.27792358398438,34.056991577148438
8566061,2018,2018-03-14,1942,2018-01-01,0020,41626,0251,1,5,7,1942,0,0,0,B,0,2A17-W,"CORONADO ST","WILSHIRE BL",0.00,,Y,A,-,N,,,,,,,,,,N,4,0,1,2,A,-,03,22350,,F,G,B,B,A,-,-,C,A,0,Y,,,,Y,Y,A,01,0,0,1,0,1,0,0,0,0,"- ","- ",,,"LOS ANGELES","LOS ANGELES",-118.28141784667969,34.060501098632812
8567330,2018,2018-03-09,1942,2018-02-21,0830,41683,0328,3,5,7,1942,0,0,0,C,0,3A19,"28TH ST","UNIVERSITY AV",0.00,,Y,A,-,N,,,,,,,,,,N,3,0,1,2,A,-,10,21950,A,N,G,B,-,A,H,-,A,D,0,Y,,,,Y,,A,08,0,1,0,0,1,0,0,0,0,"- ","- ",,,"LOS ANGELES","LOS ANGELES",-118.28108215332031,34.027759552001953
8567424,2018,2018-03-14,1942,2018-02-15,0925,41274,0935,4,5,7,1942,0,0,0,I,0,9A41,"SYLMAR AV","VICTORY BL",0.00,,Y,A,-,N,,,,,,,,,,N,4,0,1,2,A,-,10,21950,A,N,G,B,B,A,H,-,A,A,0,Y,,,,Y,,A,01,0,0,1,0,1,0,0,0,0,"- ","- ",,,"LOS ANGELES","LOS ANGELES",-118.446533203125,34.186668395996094
8567440,2018,2018-03-14,1942,2018-02-21,1130,37080,1015,3,5,7,1942,0,0,0,J,0,10A3,"SHERMAN WY","DARBY AV",0.00,,Y,A,-,N,,,,,,,,,,N,3,0,1,2,A,-,10,21950,A,F,G,B,B,A,H,-,A,A,0,Y,,,,Y,,-,99,0,1,0,0,1,0,0,0,0,"- ","- ",,,"LOS ANGELES","LOS ANGELES",-118.53347778320312,34.201179504394531
8567658,2018,2018-03-12,1942,2018-01-16,1345,39395,1373,2,5,7,1942,0,0,0,M,0,13A85,"E 50TH ST","PALOMA AV",0.00,,Y,A,-,N,,,,,,,,,,N,3,0,2,3,A,-,10,21950,A,N,G,B,B,A,H,-,A,A,0,Y,,,,Y,,A,01,0,1,1,0,2,0,0,0,0,"- ","- ",,,"LOS ANGELES","LOS ANGELES",,
8568349,2018,2018-03-24,1942,2018-02-19,1240,31573,1414,1,5,7,1942,0,0,0,N,0,14A13,"ROSE AV","BERNARD AV",25.00,W,N,A,-,N,,,,,,,,,,N,3,0,1,2,A,-,11,21950,B,N,G,B,E,A,H,-,A,A,0,Y,,,Y,Y,,N,60,0,1,0,0,1,0,0,0,0,"- ","- ",,,"LOS ANGELES","LOS ANGELES",-118.47064971923828,33.999893188476562
8568448,2018,2018-03-14,1942,2018-02-21,1500,39035,2029,3,5,7,1942,0,0,0,,0,20X38,"WILSHIRE BL","VERMONT AV",0.00,,Y,A,-,N,,,,,,,,,,N,4,0,1,2,A,-,10,21950,A,N,G,B,B,A,H,-,A,A,0,Y,,,,Y,,D,22,0,0,1,0,1,0,0,0,0,"- ","- ",,,"LOS ANGELES","LOS ANGELES",-118.29167938232422,34.061801910400391
8568507,2018,2018-03-19,1942,2018-02-19,0850,39779,2044,1,5,7,1942,0,0,0,,0,20A1,"KINGSLEY DR","JAMES M WOOD",0.00,,Y,A,-,N,,,,,,,,,,N,3,0,1,2,A,-,10,21950,A,N,G,B,-,A,H,-,A,A,0,Y,,,,Y,,A,08,0,1,0,0,1,0,0,0,0,"- ","- ",,,"LOS ANGELES","LOS ANGELES",-118.30307999999999,34.055880000000002
8568850,2018,2018-03-15,1942,2018-02-13,2115,41133,0636,2,5,7,1942,0,0,0,F,0,6FB28,"WHITLEY AV","HOLLYWOOD BL",0.00,,Y,A,-,N,,,,,,,,,,N,4,0,1,2,A,-,10,21950,A,N,-,B,-,A,-,-,A,A,0,Y,,,,Y,Y,A,01,0,0,1,0,1,0,0,0,0,"- ","- ",,,"LOS ANGELES","LOS ANGELES",-118.33335113525391,34.101581573486328
8568861,2018,2018-03-16,1942,2018-02-13,2030,42893,0656,2,5,7,1942,0,0,0,F,0,6A77,"WILLOUGHBY AV","COLE AV",5.00,E,N,A,-,N,,,,,,,,,,N,3,0,2,3,A,-,10,21950,A,N,G,B,B,A,H,-,C,A,0,Y,,,,Y,,A,01,0,2,0,0,2,0,0,0,0,"- ","- ",,,"LOS ANGELES","LOS ANGELES",-118.32986450195312,34.087120056152344
8569370,2018,2018-04-26,1942,2018-02-25,1605,43140,1161,7,5,7,1942,0,0,0,K,0,11A58,"NORMANDIE AV","FOUNTAIN AV",0.00,,Y,A,-,N,,,,,,,,,,N,3,0,1,2,A,-,08,22107,,N,G,B,B,A,H,-,A,A,0,Y,,,,Y,,D,22,0,1,0,0,1,0,0,0,0,"- ","- ",,,"LOS ANGELES","LOS ANGELES",-118.30049896240234,34.095199584960938
8569393,2018,2018-03-21,1942,2018-02-26,1300,42686,0275,1,5,7,1942,0,0,0,B,0,2A39,"WESTLAKE AV","OLYMPIC BL",0.00,,Y,A,-,N,,,,,,,,,,N,4,0,1,2,B,-,22,,,F,G,B,E,A,H,-,A,D,0,Y,,,,Y,,-,"- ",0,0,1,0,1,0,0,0,0,"- ","- ",,,"LOS ANGELES","LOS ANGELES",-118.27873229980469,34.05120849609375
8569597,2018,2018-03-23,1942,2018-03-05,0500,41649,0529,1,5,7,1942,0,0,0,E,0,5A15,ANAHEIM,"HENRY FORD AV",214.00,E,N,A,-,N,,,,,,,,,,N,2,0,1,2,A,-,11,21954,A,N,H,B,E,A,B,-,C,D,0,Y,,,,Y,,N,60,1,0,0,0,1,0,0,0,0,"- ","- ",,,"LOS ANGELES","LOS ANGELES",-118.24104309082031,33.78118896484375
8569889,2018,2018-03-23,1942,2018-03-09,0740,30107,1028,5,5,7,1942,0,0,0,J,0,10A17,"HART ST","BALBOA BL",4.00,E,N,A,-,N,,,,,,,,,,N,4,0,1,2,A,-,10,21950,A,N,G,B,B,A,H,-,A,A,0,Y,,,,Y,,A,01,0,0,1,0,1,0,0,0,0,"- ","- ",,,"LOS ANGELES","LOS ANGELES",-118.50137329101562,34.197841644287109
8570553,2018,2018-03-28,1942,2018-02-18,0755,40008,1175,7,5,7,1942,0,0,0,K,0,11A95,"STADIUM WY","ELISYAN PARK",0.00,,Y,A,-,N,,,,,,,,,,N,3,0,1,2,A,-,10,21950,A,N,G,B,-,A,H,-,A,D,0,Y,,,,Y,,A,01,0,1,0,0,1,0,0,0,0,"- ","- ",,,"LOS ANGELES","LOS ANGELES",-118.24308776855469,34.08612060546875
8570557,2018,2018-03-28,1942,2018-02-09,0803,31152,1159,5,5,7,1942,0,0,0,K,0,11A37,"AVENUE 43","RT 110",40.00,W,N,A,-,N,,,,,,,,,,N,3,0,1,2,A,-,10,21950,A,N,G,B,-,A,H,-,A,A,0,Y,,,,Y,,A,01,0,1,0,0,1,0,0,0,0,"- ","- ",,,"LOS ANGELES","LOS ANGELES",-118.20646667480469,34.093372344970703
8570697,2018,2018-10-05,1942,2018-02-08,1800,40643,1364,4,5,7,1942,0,0,0,M,0,13A75,"47TH PL","CENTRAL AV",0.00,,Y,A,-,N,,,,,,,,,,N,4,0,1,2,A,-,10,21950,A,F,G,B,-,A,H,-,A,A,0,Y,,,,Y,,-,99,0,0,1,0,1,0,0,0,0,"- ","- ",,,"LOS ANGELES","LOS ANGELES",-118.25647735595703,34.000560760498047
8570706,2018,2018-03-28,1942,2018-03-07,2010,41957,2031,3,5,7,1942,0,0,0,,0,20T59,"7TH ST","MANHATTAN PL",70.00,W,N,A,-,N,,,,,,,,,,N,4,0,1,2,A,-,11,21956,A,F,G,B,-,A,H,-,D,D,0,Y,,,,Y,,N,60,0,0,1,0,1,0,0,0,0,"- ","- ",,,"LOS ANGELES","LOS ANGELES",-118.31040954589844,34.059661865234375
8570708,2018,2018-03-29,1942,2018-03-09,0530,38502,1394,5,5,7,1942,0,0,0,M,0,13A93,"S SAN PEDRO ST","EAST FLORENCE AV",0.00,,Y,A,-,N,,,,,,,,,,N,3,0,1,2,A,-,10,21950,A,N,G,B,B,A,H,-,C,-,0,Y,,,,Y,Y,A,01,0,1,0,0,1,0,0,0,0,"- ","- ",,,"LOS ANGELES","LOS ANGELES",-118.26956939697266,33.974689483642578
8570715,2018,2018-10-04,1942,2018-03-06,1605,40289,0152,2,5,7,1942,0,0,0,A,0,1A41,"WILSHIRE BL","S FLOWER ST",0.00,,Y,A,-,N,,,,,,,,,,N,4,0,1,2,A,-,10,21950,A,M,G,B,B,A,H,-,A,A,0,Y,,,,Y,,-,99,0,0,1,0,1,0,0,0,0,"- ","- ",,,"LOS ANGELES","LOS ANGELES",-118.25817108154297,34.049339294433594
8571382,2018,2018-03-13,1942,2018-02-12,1935,38233,0295,1,5,7,1942,0,0,0,B,0,2A92,"VENICE BL","BONNIE BRAE ST",0.00,,Y,C,-,N,,,,,,,,,,N,4,0,1,2,A,-,10,21950,A,N,G,B,B,B,H,-,C,A,0,Y,,,,Y,,A,01,0,0,1,0,1,0,0,0,0,"- ","- ",,,"LOS ANGELES","LOS ANGELES",-118.28199768066406,34.042839050292969
8571476,2018,2018-03-15,1942,2018-02-25,2000,30830,1025,7,5,7,1942,0,0,0,J,0,10A21,"LINDLEY AV","GAULT ST",155.00,N,N,A,-,N,,,,,,,,,,N,2,0,1,2,A,-,11,21954,A,N,G,B,D,A,H,-,C,D,0,Y,,,,Y,,N,60,1,0,0,0,1,0,0,0,0,"- ","- ",,,"LOS ANGELES","LOS ANGELES",-118.52730560302734,34.199733734130859
8571545,2018,2018-03-08,1942,2018-02-25,0755,34561,1172,7,5,7,1942,0,0,0,K,0,11A71,"BERKELEY AV","CORONADO ST",40.00,S,N,A,-,N,,,,,,,,,,N,3,0,1,2,A,-,21,22106,,F,G,B,E,A,H,-,A,D,0,Y,,,,Y,,A,07,0,1,0,0,1,0,0,0,0,"- ","- ",,,"LOS ANGELES","LOS ANGELES",-118.26434326171875,34.085418701171875
8571585,2018,2018-03-08,1942,2018-02-24,1500,38326,2144,6,5,7,1942,0,0,0,,0,21A43,"SHOUP AV","VICTORY BL",13.00,S,N,A,-,N,,,,,,,,,,N,2,0,1,2,A,-,10,21950,A,N,G,C,B,A,H,-,A,A,0,Y,,,,Y,,A,01,1,0,0,0,1,0,0,0,0,"- ","- ",,,"LOS ANGELES","LOS ANGELES",-118.61457061767578,34.186412811279297
8572297,2018,2018-03-14,1942,2018-02-27,0725,41514,0923,2,5,7,1942,0,0,0,I,0,9A23,"KITTRIDGE ST","VESPER AV",0.00,,Y,A,-,N,,,,,,,,,,N,3,0,1,2,A,-,10,21950,A,N,G,B,B,A,H,-,A,A,0,Y,,,,Y,,A,08,0,1,0,0,1,0,0,0,0,"- ","- ",,,"LOS ANGELES","LOS ANGELES",-118.450927734375,34.190650939941406
8572417,2018,2018-03-14,1942,2018-01-10,0800,42599,1942,3,5,7,1942,0,0,0,,0,0422,BROADWAY,GRIFFIN,0.00,,Y,B,-,N,,,,,,,,,,N,2,0,1,2,A,-,09,21801,A,F,A,B,B,A,H,-,A,A,0,Y,,,,Y,,-,99,1,0,0,0,1,0,0,0,0,"- ","- ",,,"LOS ANGELES","LOS ANGELES",-118.21173095703125,34.073688507080078
8572561,2018,2018-03-13,1942,2018-01-27,0015,41761,1245,6,5,7,1942,0,0,0,L,0,12A15,"VERMONT AV","FLORENCE AV",0.00,,Y,A,-,N,,,,,,,,,,N,2,0,1,2,A,-,10,21950,,F,G,B,B,A,H,-,C,A,0,Y,,,,Y,,-,99,1,0,0,0,1,0,0,0,0,"- ","- ",,,"LOS ANGELES","LOS ANGELES",-118.29174041748047,33.974628448486328
8572582,2018,2018-03-15,1942,2018-02-26,2225,42770,1245,1,5,7,1942,0,0,0,L,0,12A45,"NORMANDIE AV","GAGE AV",16.00,S,N,B,C,N,,,,,,,,,,N,4,0,1,2,A,-,10,21950,A,F,G,B,B,B,H,-,C,A,0,Y,,,,Y,,-,99,0,0,1,0,1,0,0,0,0,"- ","- ",,,"LOS ANGELES","LOS ANGELES",-118.30026245117188,33.982307434082031
8573321,2018,2018-03-19,1942,2018-02-15,1245,40235,0313,4,5,7,1942,0,0,0,C,0,3A32,"AARON ST","CRENSHAW BL",75.00,E,N,A,-,N,,,,,,,,,,N,4,0,1,2,A,-,11,21954,A,N,G,B,D,A,H,-,A,A,0,Y,,,,Y,,N,60,0,0,1,0,1,0,0,0,0,"- ","- ",,,"LOS ANGELES","LOS ANGELES",,
8573963,2018,2018-03-16,1942,2018-02-23,1935,42076,0356,5,5,7,1942,0,0,0,C,0,3A1,"35TH PL","WESTERN AV",5.00,E,N,A,-,N,,,,,,,,,,N,3,0,1,2,A,-,10,21950,A,F,G,B,B,A,H,-,C,D,0,Y,,,,Y,,-,99,0,1,0,0,1,0,0,0,0,"- ","- ",,,"LOS ANGELES","LOS ANGELES",-118.30888366699219,34.023731231689453
8573967,2018,2018-03-16,1942,2018-02-23,2345,42241,SOW03,5,5,7,1942,0,0,0,,0,3A73,"STOCKER ST","DEGNAN BL",7.00,W,N,A,-,N,,,,,,,,,,N,4,0,1,2,A,-,10,21950,A,N,A,B,B,A,H,-,C,A,0,Y,,,,Y,,A,01,0,0,1,0,1,0,0,0,0,"- ","- ",,,"LOS ANGELES","LOS ANGELES",-118.3314208984375,34.008438110351562
8574313,2018,2018-03-15,1942,2018-02-26,0500,38620,1675,1,5,7,1942,0,0,0,P,0,10A83,"GLENOAKS BL","PENROSE ST",0.00,,Y,A,-,N,,,,,,,,,,N,4,0,1,2,A,-,10,21950,C,F,B,B,B,A,H,-,B,A,0,Y,,,,Y,,-,99,0,0,1,0,1,0,0,0,0,"- ","- ",,,"LOS ANGELES","LOS ANGELES",-118.36821746826172,34.231548309326172
8575565,2018,2018-03-16,1942,2018-02-25,1455,31465,0645,7,5,7,1942,0,0,0,F,0,34M108,"HAWTHORN AV","N LA BREA AV",7.00,W,N,A,-,N,,,,,,,,,,N,3,0,1,2,A,-,10,21950,A,N,G,B,B,A,H,-,A,A,0,Y,,,,Y,,A,01,0,1,0,0,1,0,0,0,0,"- ","- ",,,"LOS ANGELES","LOS ANGELES",-118.34481811523438,34.100288391113281
8575573,2018,2018-03-16,1942,2018-02-17,2040,32297,2013,6,5,7,1942,0,0,0,,0,20A39,"3RD ST","HOBART BL",94.00,W,N,A,-,N,,,,,,,,,,N,4,0,1,2,A,-,10,21952,,F,G,B,F,A,G,-,C,D,0,Y,,,,Y,,-,,0,0,1,0,1,0,0,0,0,"- ","- ",,,"LOS ANGELES","LOS ANGELES",-118.30574035644531,34.068988800048828
8575620,2018,2018-03-20,1942,2018-03-03,1920,42999,1548,6,5,7,1942,0,0,0,O,0,15A21,"HARMONY AV",MAGNOLIA,5.00,N,N,B,-,N,,,,,,,,,,,4,0,1,2,A,-,10,21950,A,N,G,B,B,B,H,-,C,D,0,Y,,,,Y,,A,01,0,0,1,0,1,0,0,0,0,"- ","- ",,,"LOS ANGELES","LOS ANGELES",-118.36649322509766,34.164905548095703
8577387,2018,2018-03-22,1942,2018-03-02,2025,42008,1149,5,5,7,1942,0,0,0,K,0,11A37,"FIGUEROA ST","AVENUE 54",25.00,N,N,B,-,N,,,,,,,,,,N,2,0,2,3,A,-,10,21950,A,N,G,B,D,B,H,-,C,A,0,Y,,,,Y,Y,-,,1,1,0,0,2,0,0,0,0,"- ","- ",,,"LOS ANGELES","LOS ANGELES",-118.19718170166016,34.107425689697266
8577826,2018,2018-03-27,1942,2018-02-27,1755,4182,1343,2,5,7,1942,0,0,0,M,0,13X62,"E 40TH PL",AVALON,500.00,E,N,A,-,N,,,,,,,,,,N,3,0,1,2,A,-,03,22350,,N,G,B,D,A,H,-,B,D,0,Y,,,,Y,,A,01,0,1,0,0,1,0,0,0,0,"- ","- ",,,"LOS ANGELES","LOS ANGELES",-118.26362609863281,34.010219573974609
8578209,2018,2018-03-16,1942,2018-03-04,2329,25495,0789,7,5,7,1942,0,0,0,G,0,7A69,"WASHINGTON BL","4TH AV",129.00,W,N,A,-,N,,,,,,,,,,Y,2,0,1,3,A,-,03,22350,,F,B,E,E,A,H,-,C,D,0,Y,,,,Y,,-,99,1,0,0,0,1,0,0,0,0,"- ","- ",,,"LOS ANGELES","LOS ANGELES",-118.32168579101562,34.039890289306641
8578509,2018,2018-03-19,1942,2018-02-26,1705,37613,0667,1,5,7,1942,0,0,0,F,0,14TL49,"BRONSON AV","SUNSET BL",10.00,N,N,A,-,N,,,,,,,,,,N,4,0,1,2,A,-,10,21950,A,F,G,B,B,A,H,-,A,A,0,Y,,,,Y,,-,99,0,0,1,0,1,0,0,0,0,"- ","- ",,,"LOS ANGELES","LOS ANGELES",-118.3179931640625,34.098068237304688
8579889,2018,2018-04-04,1942,2018-02-22,1640,41907,0815,4,5,7,1942,0,0,0,H,0,8A29W2,"SUNSET BL","THURSTON AV",0.00,,Y,A,-,N,,,,,,,,,,N,3,0,1,2,A,-,11,21950,B,N,G,B,B,A,H,-,A,A,0,Y,,Y,,Y,,N,60,0,1,0,0,1,0,0,0,0,"- ","- ",,,"LOS ANGELES","LOS ANGELES",-118.46434783935547,34.073970794677734
8579976,2018,2018-03-28,1942,2018-01-17,2140,36814,0269,3,5,7,1942,0,0,0,B,0,2A69,"SUNBURY ST","JAMES M WOOD BL",290.00,S,N,A,-,N,,,,,,,,,,N,2,0,1,2,-,-,"- ",,,N,G,B,-,A,H,-,C,D,0,Y,,,Y,Y,,-,"- ",1,0,0,0,1,0,0,0,0,"- ","- ",,,"LOS ANGELES","LOS ANGELES",,
8580353,2018,2018-03-21,1942,2018-02-25,1615,42430,0111,7,5,7,1942,0,0,0,A,0,1A84,"HILL ST","COLLEGE ST",0.00,,Y,A,-,N,,,,,,,,,,N,3,0,1,2,A,-,10,21950,A,N,G,B,B,A,H,-,A,A,0,Y,,,,Y,,A,01,0,1,0,0,1,0,0,0,0,"- ","- ",,,"LOS ANGELES","LOS ANGELES",-118.23872375488281,34.064430236816406
8580361,2018,2018-03-21,1942,2018-02-22,1655,34665,162,4,5,7,1942,0,0,0,P,0,1X37,"OLIVE ST","8TH ST",0.00,,Y,A,-,N,,,,,,,,,,N,4,0,1,2,A,-,10,21950,A,N,G,B,B,A,H,-,B,A,0,Y,,,,Y,,A,01,0,0,1,0,1,0,0,0,0,"- ","- ",,,"LOS ANGELES","LOS ANGELES",-118.25686645507812,34.045150756835938
8580377,2018,2018-08-08,1942,2018-02-17,1950,42008,"LOS A",6,5,7,1942,0,0,0,,0,,"RT 2","COLORADO BL",5.00,S,N,A,-,Y,LA,7,2,-,R,18.237,R,4,W,N,4,0,1,2,A,-,10,21950,A,N,G,B,B,A,H,-,C,A,0,Y,,,,Y,,-,,0,0,1,0,1,0,0,0,0,"- ","- ",,,"LOS ANGELES","LOS ANGELES",-118.22867584228516,34.138996124267578
8580555,2018,2018-03-22,1942,2018-02-28,1300,41760,1805,3,5,7,1942,0,0,0,R,0,18X36,"SAN PEDRO ST","E 89TH ST",130.00,S,N,A,-,N,,,,,,,,,,N,4,0,1,2,A,-,11,21956,A,F,G,B,E,A,H,-,A,A,0,Y,,,,Y,,-,99,0,0,1,0,0,0,0,0,0,"- ","- ",,,"LOS ANGELES","LOS ANGELES",-118.26953125,33.955192565917969
8581551,2018,2018-04-03,1942,2018-03-12,1750,36196,0427,1,5,7,1942,0,0,0,D,0,4A71,"GAMBIER ST","EASTERN AV",0.00,,Y,A,-,N,,,,,,,,,,N,3,0,1,2,A,-,10,21950,A,N,G,B,B,A,H,-,A,A,0,Y,,,,Y,,A,01,0,1,0,0,1,0,0,0,0,"- ","- ",,,"LOS ANGELES","LOS ANGELES",-118.17804718017578,34.081020355224609
8581706,2018,2018-03-30,1942,2018-02-22,2130,38015,0775,4,5,7,1942,0,0,0,G,0,7A76,"ST ELMO / HIGHLAND","LA BREA",150.00,E,N,A,-,N,,,,,,,,,,N,4,0,2,5,A,-,03,22350,A,F,G,B,E,A,H,-,C,D,0,Y,Y,,,Y,Y,-,99,0,0,2,0,1,0,1,0,0,"- ","- ",,,"LOS ANGELES","LOS ANGELES",,