CASE_ID,ACCIDENT_YEAR,PROC_DATE,JURIS,COLLISION_DATE,COLLISION_TIME,OFFICER_ID,REPORTING_DISTRICT,DAY_OF_WEEK,CHP_SHIFT,POPULATION,CNTY_CITY_LOC,SPECIAL_COND,BEAT_TYPE,CHP_BEAT_TYPE,CITY_DIVISION_LAPD,CHP_BEAT_CLASS,BEAT_NUMBER,PRIMARY_RD,SECONDARY_RD,DISTANCE,DIRECTION,INTERSECTION,WEATHER_1,WEATHER_2,STATE_HWY_IND,CALTRANS_COUNTY,CALTRANS_DISTRICT,STATE_ROUTE,ROUTE_SUFFIX,POSTMILE_PREFIX,POSTMILE,LOCATION_TYPE,RAMP_INTERSECTION,SIDE_OF_HWY,TOW_AWAY,COLLISION_SEVERITY,NUMBER_KILLED,NUMBER_INJURED,PARTY_COUNT,PRIMARY_COLL_FACTOR,PCF_CODE_OF_VIOL,PCF_VIOL_CATEGORY,PCF_VIOLATION,PCF_VIOL_SUBSECTION,HIT_AND_RUN,TYPE_OF_COLLISION,MVIW,PED_ACTION,ROAD_SURFACE,ROAD_COND_1,ROAD_COND_2,LIGHTING,CONTROL_DEVICE,CHP_ROAD_TYPE,PEDESTRIAN_ACCIDENT,BICYCLE_ACCIDENT,MOTORCYCLE_ACCIDENT,TRUCK_ACCIDENT,NOT_PRIVATE_PROPERTY,ALCOHOL_INVOLVED,STWD_VEHTYPE_AT_FAULT,CHP_VEHTYPE_AT_FAULT,COUNT_SEVERE_INJ,COUNT_VISIBLE_INJ,COUNT_COMPLAINT_PAIN,COUNT_PED_KILLED,COUNT_PED_INJURED,COUNT_BICYCLIST_KILLED,COUNT_BICYCLIST_INJURED,COUNT_MC_KILLED,COUNT_MC_INJURED,PRIMARY_RAMP,SECONDARY_RAMP,LATITUDE,LONGITUDE,COUNTY,CITY,POINT_X,POINT_Y
8582919,2018,2018-03-26,1942,2018-03-14,0630,40415,0356,3,5,7,1942,0,0,0,C,0,3A55,"W 35TH PL","WESTERN AV",1.00,E,N,A,-,N,,,,,,,,,,N,4,0,1,2,A,-,10,21950,A,N,G,B,B,B,H,-,B,A,0,Y,,,,Y,,A,07,0,0,1,0,1,0,0,0,0,"- ","- ",,,"LOS ANGELES","LOS ANGELES",-118.30889892578125,34.023731231689453
8583420,2018,2018-06-20,1942,2018-02-28,1540,43114,1331,3,5,7,1942,0,0,0,M,0,13A27,"30TH ST","GRAND AV",0.00,E,N,A,-,N,,,,,,,,,,N,3,0,1,2,A,-,00,20001,A,F,G,B,E,A,H,-,A,D,0,Y,,,,Y,,-,99,0,1,0,0,1,0,0,0,0,"- ","- ",,,"LOS ANGELES","LOS ANGELES",-118.27426147460938,34.023380279541016
8583751,2018,2018-04-02,1942,2018-02-25,1530,42798,0566,7,5,7,1942,0,0,0,E,0,25T22,"7TH ST","PALOS VERDES ST",50.00,W,N,A,-,N,,,,,,,,,,N,3,0,1,3,A,-,21,22106,,N,G,B,E,A,H,-,A,D,0,Y,,,,Y,,A,01,0,1,0,0,1,0,0,0,0,"- ","- ",,,"LOS ANGELES","LOS ANGELES",-118.28158569335938,33.737861633300781
8583825,2018,2018-04-03,1942,2018-03-14,0605,25132,311,3,5,7,1942,0,0,0,,0,3A1,"HAUSER BL","ADAMS BL",0.00,,Y,A,-,N,,,,,,,,,,N,2,0,1,2,A,-,10,21950,A,F,G,B,B,A,H,-,C,A,0,Y,,,,Y,,-,99,1,0,0,0,1,0,0,0,0,"- ","- ",,,"LOS ANGELES","LOS ANGELES",-118.36264801025391,34.032470703125
8584491,2018,2018-06-05,1942,2018-02-23,1435,39395,1134,5,5,7,1942,0,0,0,K,0,11A89,"CYPRESS AV","DIVISION ST",0.00,,Y,A,-,N,,,,,,,,,,N,3,0,5,4,A,-,09,21801,A,N,G,C,F,-,H,-,A,A,0,Y,,,,Y,,A,01,0,1,4,0,1,0,0,0,0,"- ","- ",,,"LOS ANGELES","LOS ANGELES",-118.23628997802734,34.102649688720703
8584888,2018,2018-04-10,1942,2018-03-10,1200,40629,0233,6,5,7,1942,0,0,0,B,0,2A17,"TEMPLE ST","RAMPART BL",1.00,E,N,A,-,N,,,,,,,,,,N,4,0,1,2,A,-,21,22106,,N,G,B,F,A,H,-,A,D,0,Y,,,,Y,,A,01,0,0,1,0,1,0,0,0,0,"- ","- ",,,"LOS ANGELES","LOS ANGELES",-118.27487945556641,34.072517395019531
8584971,2018,2018-04-09,1942,2018-02-11,1935,36814,0215,7,5,7,1942,0,0,0,B,0,2A12,"N CORONADO ST","TEMPLE ST",12.00,N,N,B,-,N,,,,,,,,,,N,4,0,1,2,A,-,10,21950,A,N,G,B,B,A,H,-,C,A,0,Y,,,,Y,,A,01,0,0,1,0,1,0,0,0,0,"- ","- ",,,"LOS ANGELES","LOS ANGELES",-118.27391815185547,34.072200775146484
8585130,2018,2018-04-09,1942,2018-03-06,1105,36356,0752,2,5,7,1942,0,0,0,G,0,7EL1,"FAIRFAX AV","WHITWORTH DR",0.00,,Y,A,-,N,,,,,,,,,,N,4,0,1,2,A,-,21,22106,,N,G,B,F,A,A,-,A,A,0,Y,,,,Y,,A,01,0,0,1,0,1,0,0,0,0,"- ","- ",,,"LOS ANGELES","LOS ANGELES",-118.36495971679688,34.055751800537109
8585134,2018,2018-04-09,1942,2018-03-14,0727,30455,0773,3,5,7,1942,0,0,0,G,0,7A73,"CLOVERDALE AV","WASHINGTON BL",10.00,N,N,A,-,N,,,,,,,,,,N,3,0,1,2,A,-,10,21950,A,N,G,B,B,A,H,-,A,D,0,Y,,,,Y,,A,01,0,1,0,0,1,0,0,0,0,"- ","- ",,,"LOS ANGELES","LOS ANGELES",-118.35391235351562,34.041378021240234
8585158,2018,2018-04-09,1942,2018-03-03,2350,39022,0782,6,5,7,1942,0,0,0,G,0,20T59,"LA CIENEGA BL","VENICE BL",10.00,N,N,B,-,N,,,,,,,,,,N,3,0,1,2,A,-,11,21453,D,N,G,B,B,B,H,-,C,A,0,Y,,,,Y,,N,60,0,1,0,0,1,0,0,0,0,"- ","- ",,,"LOS ANGELES","LOS ANGELES",-118.37788391113281,34.035198211669922
8585166,2018,2018-04-09,1942,2018-03-14,1240,39655,2071,3,5,7,1942,0,0,0,,0,20A71,"PICO BL","WESTERN AV",0.00,,Y,A,-,N,,,,,,,,,,N,4,0,1,2,A,-,11,21950,B,N,G,B,B,A,H,-,A,A,0,Y,,,,Y,,N,60,0,0,1,0,1,0,0,0,0,"- ","- ",,,"LOS ANGELES","LOS ANGELES",-118.30904388427734,34.047199249267578
8585174,2018,2018-04-10,1942,2018-03-10,1320,39058,2083,6,5,7,1942,0,0,0,,0,20A71,"WESTMORELAND BL","VENICE BL",83.00,S,N,C,-,N,,,,,,,,,,N,4,0,1,2,A,-,10,21954,B,N,G,B,D,B,H,-,A,D,0,Y,,,,Y,,A,07,0,0,1,0,1,0,0,0,0,"- ","- ",,,"LOS ANGELES","LOS ANGELES",-118.30657196044922,34.043361663818359
8585324,2018,2018-04-06,1942,2018-03-07,2105,40010,2046,3,5,7,1942,0,0,0,,0,20A45,"VERMONT AV","JAMES M WOOD BL",12.00,S,N,A,-,N,,,,,,,,,,N,4,0,1,2,A,-,10,21950,A,N,G,B,C,A,H,-,C,A,0,Y,,,,Y,,A,07,0,0,1,0,1,0,0,0,0,"- ","- ",,,"LOS ANGELES","LOS ANGELES",-118.29162700000001,34.055908000000002
8585373,2018,2018-04-06,1942,2018-02-22,1843,42201,77125,4,5,7,1942,0,0,0,,0,12X18,"FIGUEROA ST","N 74TH",8.00,S,N,A,-,N,,,,,,,,,,N,2,0,1,2,A,-,03,22350,,F,G,B,D,A,-,-,C,D,0,Y,,,,Y,,-,99,1,0,0,0,1,0,0,0,0,"- ","- ",,,"LOS ANGELES","LOS ANGELES",-118.28270721435547,33.972686767578125
8585504,2018,2018-04-09,1942,2018-03-14,1650,42097,1267,3,5,7,1942,0,0,0,L,0,12190,"82ND ST","FIGUEROA ST",75.00,W,N,A,-,N,,,,,,,,,,N,4,0,1,2,A,-,00,20015,A,F,G,B,F,A,H,-,A,D,0,Y,,,,Y,,-,99,0,0,1,0,1,0,0,0,0,"- ","- ",,,"LOS ANGELES","LOS ANGELES",-118.28272247314453,33.965030670166016
8585927,2018,2018-04-11,1942,2018-03-28,1940,25495,2019,3,5,7,1942,0,0,0,,0,20A39,"COMMONWEALTH AV","BEVERLY BL",90.00,S,N,A,-,N,,,,,,,,,,N,3,0,1,2,A,-,11,21954,A,N,G,B,D,A,H,-,C,A,0,Y,,,,Y,,N,60,0,1,0,0,1,0,0,0,0,"- ","- ",,,"LOS ANGELES","LOS ANGELES",-118.28559875488281,34.073265075683594
8585948,2018,2018-04-10,1942,2018-03-27,0540,42485,1842,2,5,7,1942,0,0,0,R,0,18A49,"DENVER AV","IMPERIAL HWY",0.00,,Y,A,-,N,,,,,,,,,,N,3,0,1,2,A,-,10,21950,A,F,G,B,B,A,H,-,B,D,0,Y,,,,Y,,-,99,0,1,0,0,1,0,0,0,0,"- ","- ",,,"LOS ANGELES","LOS ANGELES",-118.28485107421875,33.930988311767578
8585973,2018,2018-04-10,1942,2018-01-26,1630,35230,0221,5,5,7,1942,0,0,0,B,0,2A1,"OAKWOOD AV","NEW HAMPSHIRE AV",11.00,E,N,A,-,N,,,,,,,,,,N,3,0,1,2,A,-,10,21950,A,N,G,B,B,A,H,-,A,A,0,Y,,,,Y,,A,07,0,1,0,0,1,0,0,0,0,"- ","- ",,,"LOS ANGELES","LOS ANGELES",-118.29320526123047,34.077690124511719
8585989,2018,2018-04-10,1942,2018-01-22,1625,40099,0236,1,5,7,1942,0,0,0,B,0,2A56,"W 3RD ST","ALVARADO ST",5.00,E,N,A,-,N,,,,,,,,,,N,4,0,1,2,A,-,10,21950,A,N,G,B,B,A,H,-,A,A,0,Y,,,,Y,,A,01,0,0,1,0,1,0,0,0,0,"- ","- ",,,"LOS ANGELES","LOS ANGELES",-118.27269744873047,34.062953948974609
8585992,2018,2018-04-10,1942,2018-03-20,0805,33169,0738,2,5,7,1942,0,0,0,G,0,7A17,"WILSHIRE BL","JUNE ST",0.00,,Y,A,B,N,,,,,,,,,,N,3,0,1,2,A,-,10,21950,A,N,A,B,B,A,H,-,A,A,0,Y,,,,Y,,A,01,0,1,0,0,1,0,0,0,0,"- ","- ",,,"LOS ANGELES","LOS ANGELES",-118.33466339111328,34.062049865722656
8586306,2018,2018-04-17,1942,2018-03-29,1655,42344,1797,4,5,7,1942,0,0,0,Q,0,17A95,"HAYVENHURST AV","PARTHENIA ST",0.00,,Y,A,-,N,,,,,,,,,,N,2,0,1,2,A,-,10,21950,A,N,G,B,B,A,H,-,A,A,0,Y,,,,Y,,A,07,1,0,0,0,1,0,0,0,0,"- ","- ",,,"LOS ANGELES","LOS ANGELES",-118.49387359619141,34.228450775146484
8586588,2018,2018-04-19,1942,2018-03-13,0530,42364,1821,2,5,7,1942,0,0,0,R,0,18A17,BROADWAY,"CENTURY BL",62.00,S,N,A,-,N,,,,,,,,,,N,4,0,1,2,A,-,11,21954,A,N,G,B,D,A,H,-,C,D,0,Y,,,,Y,,N,60,0,0,1,0,1,0,0,0,0,"- ","- ",,,"LOS ANGELES","LOS ANGELES",-118.27838897705078,33.945381164550781
8586608,2018,2018-04-20,1942,2018-04-05,2020,33504,1752,4,5,7,1942,0,0,0,Q,0,17A23,"DEVONSHIRE ST",CANOGA,337.00,W,N,A,-,N,,,,,,,,,,N,2,0,1,2,A,-,11,21954,A,N,G,B,D,A,H,-,C,D,0,Y,,,,Y,Y,N,60,1,0,0,0,1,0,0,0,0,"- ","- ",,,"LOS ANGELES","LOS ANGELES",-118.59844207763672,34.257240295410156
8586612,2018,2018-04-20,1942,2018-04-02,2040,42417,1543,1,5,7,1942,0,0,0,O,0,15A43,"LAUREL CYN BL","ALBERS ST",0.00,,Y,A,-,N,,,,,,,,,,N,4,0,1,2,A,-,10,21950,,F,G,B,B,A,H,-,C,A,0,Y,,,,Y,,-,99,0,0,1,0,1,0,0,0,0,"- ","- ",,,"LOS ANGELES","LOS ANGELES",-118.39649963378906,34.170310974121094
8586640,2018,2018-04-20,1942,2018-04-02,0954,38687,1668,1,5,7,1942,0,0,0,P,0,16A59,"WEXFORD DR","GLORY AV",67.00,W,N,A,-,N,,,,,,,,,,Y,2,0,1,3,A,-,03,22350,,N,E,I,F,A,H,-,A,D,0,Y,,,,Y,,A,01,1,0,0,0,1,0,0,0,0,"- ","- ",,,"LOS ANGELES","LOS ANGELES",-118.27999114990234,34.239238739013672
8586734,2018,2018-06-28,1942,2018-02-28,0925,35643,0679,3,5,7,1942,0,0,0,F,0,6A67,"SANTA MONICA BL","HOBART BL",10.00,E,N,A,-,N,,,,,,,,,,N,2,0,1,2,A,-,10,21950,A,N,G,B,B,A,H,-,A,A,0,Y,,,,Y,,A,07,1,0,0,0,1,0,0,0,0,"- ","- ",,,"LOS ANGELES","LOS ANGELES",-118.30516052246094,34.090789794921875
8586873,2018,2018-04-02,1942,2018-02-27,0915,34959,0648,2,5,7,1942,0,0,0,F,0,20T59,"HAROLD WAY","WESTERN AV",0.00,,Y,B,-,N,,,,,,,,,,N,4,0,1,2,A,-,10,21950,A,N,G,B,B,A,H,-,A,D,0,Y,,,,Y,,A,01,0,0,1,0,1,0,0,0,0,"- ","- ",,,"LOS ANGELES","LOS ANGELES",-118.30922698974609,34.099319458007812
8586923,2018,2018-04-11,1942,2018-03-20,0640,43157,0551,2,5,7,1942,0,0,0,E,0,5A55,"1ST ST","WESTERN AV",10.00,E,N,A,-,N,,,,,,,,,,N,4,0,1,2,A,-,10,21950,C,N,G,B,B,A,H,-,A,A,0,Y,,,,Y,,A,01,0,0,1,0,1,0,0,0,0,"- ","- ",,,"LOS ANGELES","LOS ANGELES",-118.30909729003906,34.073661804199219
8587228,2018,2018-04-05,1942,2018-03-18,2325,42224,NEWT,7,5,7,1942,0,0,0,,0,13A9,"51ST ST","SAN PEDRO ST",0.00,,N,A,-,N,,,,,,,,,,N,3,0,1,2,A,-,11,21954,A,F,G,B,D,A,H,-,C,D,0,Y,,,,Y,Y,N,60,0,1,0,0,1,0,0,0,0,"- ","- ",,,"LOS ANGELES","LOS ANGELES",-118.26959991455078,33.996540069580078
8588963,2018,2018-04-05,1942,2018-03-22,1345,40574,0906,4,5,7,1942,0,0,0,I,0,9A5,"VAN NUYS BL","WYANDOTTE ST",55.00,S,N,B,C,N,,,,,,,,,,N,4,0,1,2,A,-,08,22102,,N,G,B,D,B,H,-,A,A,0,Y,,,,Y,,D,22,0,0,1,0,1,0,0,0,0,"- ","- ",,,"LOS ANGELES","LOS ANGELES",-118.44875335693359,34.202827453613281
8589046,2018,2018-04-10,1942,2018-03-23,1605,42640,1438,5,5,7,1942,0,0,0,N,0,14A27,"VENICE BL","GLENDON AV",0.00,,Y,A,-,N,,,,,,,,,,N,3,0,1,2,A,-,11,21954,A,N,G,B,D,A,H,-,A,A,0,Y,,,,Y,,N,60,0,1,0,0,1,0,0,0,0,"- ","- ",,,"LOS ANGELES","LOS ANGELES",-118.40885925292969,34.017738342285156
8589049,2018,2018-04-10,1942,2018-03-20,1030,36664,1426,2,5,7,1942,0,0,0,N,0,14A25,"SAWTELLE BL","NATIONAL BL",0.00,,Y,A,-,N,,,,,,,,,,N,4,0,1,2,A,-,10,21950,A,N,G,B,B,A,H,-,A,A,0,Y,,,,Y,,A,01,0,0,1,0,1,0,0,0,0,"- ","- ",,,"LOS ANGELES","LOS ANGELES",-118.43141937255859,34.026248931884766
8590263,2018,2018-04-05,1942,2018-03-22,1920,40010,0817,4,5,7,1942,0,0,0,H,0,7T23,"LINDBROOK DR","GAYLEY AV",12.00,E,N,C,-,N,,,,,,,,,,N,3,0,2,3,A,-,10,21950,A,N,G,B,B,B,H,-,C,A,0,Y,,,,Y,,D,22,0,1,1,0,2,0,0,0,0,"- ","- ",,,"LOS ANGELES","LOS ANGELES",-118.44566345214844,34.059333801269531
8590299,2018,2018-04-17,1942,2018-03-17,1155,41671,0739,6,5,7,1942,0,0,0,G,0,7A17,"ROSSMORE AV","3RD ST",0.00,,Y,A,-,N,,,,,,,,,,N,3,0,1,2,A,-,11,21456,B,N,G,B,B,A,H,-,A,A,0,Y,,,Y,Y,,N,60,0,1,0,0,1,0,0,0,0,"- ","- ",,,"LOS ANGELES","LOS ANGELES",-118.32733154296875,34.068939208984375
8590419,2018,2018-04-06,1942,2018-02-28,1915,43176,0859,3,5,7,1942,0,0,0,H,0,8A59,"ROBERTSON BL","CASHIO ST",0.00,,Y,A,-,N,,,,,,,,,,Y,3,0,3,3,A,-,12,21453,A,N,D,C,B,A,H,-,C,A,0,Y,,,,Y,,A,01,0,1,2,0,1,0,0,0,0,"- ","- ",,,"LOS ANGELES","LOS ANGELES",-118.38413238525391,34.052200317382812
8590499,2018,2018-04-10,1942,2018-03-13,0840,41729,0899,2,5,7,1942,0,0,0,H,0,8A95,"HOLT AV","GARTH AV",0.00,,Y,A,-,N,,,,,,,,,,N,3,0,1,2,A,-,08,22107,,N,G,B,E,A,H,-,A,A,0,Y,,,,Y,,A,01,0,1,0,0,1,0,0,0,0,"- ","- ",,,"LOS ANGELES","LOS ANGELES",,
8590519,2018,2018-04-10,1942,2018-03-01,0530,35161,0835,4,5,7,1942,0,0,0,H,0,8A35,"WESTWOOD BL","MISSOURI AV",200.00,S,N,A,-,N,,,,,,,,,,N,3,0,2,2,A,-,03,22350,,N,E,J,E,A,H,-,C,D,0,Y,,,,Y,,A,01,0,1,1,0,1,0,0,0,0,"- ","- ",,,"LOS ANGELES","LOS ANGELES",-118.43507385253906,34.047775268554688
8591204,2018,2018-04-06,1942,2018-03-16,1130,42559,0321,5,5,7,1942,0,0,0,C,0,3A1,"CLEMSON ST","LA CIENEGA BL",0.00,,Y,A,-,N,,,,,,,,,,N,4,0,2,3,A,-,10,21950,A,N,G,B,B,A,H,-,A,A,0,Y,,,,Y,,A,01,0,0,2,0,2,0,0,0,0,"- ","- ",,,"LOS ANGELES","LOS ANGELES",-118.37220001220703,34.024188995361328
8591279,2018,2018-04-10,1942,2018-03-09,1335,42009,0316,5,5,7,1942,0,0,0,C,0,12X56,"WESTERN AV","24TH ST",58.00,N,N,A,-,N,,,,,,,,,,N,2,0,1,2,A,-,11,21955,,N,G,B,D,A,H,-,A,D,0,Y,,,,Y,,N,60,1,0,0,0,1,0,0,0,0,"- ","- ",,,"LOS ANGELES","LOS ANGELES",,
8591392,2018,2018-04-06,1942,2018-03-24,1940,39494,1562,6,5,7,1942,0,0,0,O,0,15A3,"MOORPARK ST","COLDWATER CANYON AV",100.00,W,N,A,-,N,,,,,,,,,,N,4,0,1,2,A,-,11,21956,A,N,G,B,E,A,H,-,A,D,0,Y,,,,Y,Y,N,60,0,0,1,0,1,0,0,0,0,"- ","- ",,,"LOS ANGELES","LOS ANGELES",-118.41412353515625,34.150348663330078
8591750,2018,2018-04-18,1942,2018-03-18,1600,36700,377,7,5,7,1942,0,0,0,,0,3A63,"BUDLONG AV","MARTIN LUTHER KING BL",50.00,N,N,A,-,N,,,,,,,,,,N,3,0,1,2,A,-,21,22106,,F,G,B,F,A,H,-,C,D,0,Y,,,,Y,,-,99,0,1,0,0,1,0,0,0,0,"- ","- ",,,"LOS ANGELES","LOS ANGELES",-118.2958984375,34.011005401611328
8591888,2018,2018-04-17,1942,2018-03-24,2110,39280,392,6,5,7,1942,0,0,0,,0,3A92,"SANTA ROSALIA DR","SOMERSET DR",300.00,E,N,A,-,N,,,,,,,,,,N,4,0,1,2,A,-,11,21954,A,M,G,B,E,A,H,-,C,D,0,Y,,,,Y,,N,60,0,0,1,0,1,0,0,0,0,"- ","- ",,,"LOS ANGELES","LOS ANGELES",-118.34046173095703,34.011074066162109
8591916,2018,2018-04-17,1942,2018-03-31,1900,37146,1269,6,5,7,1942,0,0,0,L,0,25T45,"SAN PEDRO ST","82ND ST",105.00,S,N,A,-,N,,,,,,,,,,Y,3,0,1,2,A,-,11,21956,A,F,G,B,D,A,H,-,C,D,0,Y,,,,Y,,N,60,0,1,0,0,1,0,0,0,0,"- ","- ",,,"LOS ANGELES","LOS ANGELES",-118.26953887939453,33.965103149414062
8592202,2018,2018-04-24,1942,2018-03-05,0940,38357,0138,1,5,7,1942,0,0,0,A,0,1A29,"4TH ST","SAN PEDRO",135.00,,N,A,-,N,,,,,,,,,,N,3,0,1,2,A,-,11,21956,A,N,G,B,E,A,H,-,A,D,0,Y,,,,Y,,N,60,0,1,0,0,1,0,0,0,0,"- ","- ",,,"LOS ANGELES","LOS ANGELES",-118.24300384521484,34.045848846435547
8592334,2018,2018-04-18,1942,2018-03-28,1930,42911,946,3,5,7,1942,0,0,0,,0,9A5,"OXNARD ST","RACHITO AV",0.00,,Y,A,-,N,,,,,,,,,,N,4,0,1,2,A,-,10,21950,A,N,G,B,B,A,H,-,A,D,0,Y,,,,Y,,A,01,0,0,1,0,1,0,0,0,0,"- ","- ",,,"LOS ANGELES","LOS ANGELES",-118.43562316894531,34.179401397705078
8593020,2018,2018-04-11,1942,2018-02-20,1815,37069,1454,2,5,7,1942,0,0,0,N,0,A25,"LINCOLN BL","CULVER BL",300.00,N,N,A,-,N,,,,,,,,,,N,2,0,1,2,A,-,11,21954,A,N,A,B,D,A,H,-,C,D,0,Y,,,,Y,,A,01,1,0,0,0,1,0,0,0,0,"- ","- ",,,"LOS ANGELES","LOS ANGELES",-118.43373107910156,33.976615905761719
8593457,2018,2018-04-06,1942,2018-03-10,1745,37323,RED-0,6,5,7,1942,0,0,0,,0,6A48,"VINE ST","HOLLYWOOD BL",0.00,,Y,C,-,N,,,,,,,,,,Y,4,0,1,3,A,-,11,21453,D,N,G,B,B,B,H,-,B,A,0,Y,,,,Y,,N,60,0,0,1,0,0,0,0,0,0,"- ","- ",,,"LOS ANGELES","LOS ANGELES",-118.32666015625,34.101600646972656
8593683,2018,2018-04-16,1942,2018-03-30,1525,40643,0174,5,5,7,1942,0,0,0,A,0,1A85,"LOS ANGELES ST","8TH ST",90.00,N,N,A,-,N,,,,,,,,,,N,4,0,1,2,A,-,11,21956,A,N,G,B,E,A,H,-,A,A,0,Y,,,,Y,,A,01,0,0,1,0,1,0,0,0,0,"- ","- ",,,"LOS ANGELES","LOS ANGELES",,
8594393,2018,2018-04-20,1942,2018-04-10,1800,38273,1999,2,5,7,1942,0,0,0,,0,19A93,"STRATHERN ST","WOODMAN AV",100.00,E,N,A,-,N,,,,,,,,,,N,4,0,1,2,A,-,11,21954,A,F,G,B,E,A,H,-,A,D,0,Y,,,,Y,,N,60,0,0,1,0,1,0,0,0,0,"- ","- ",,,"LOS ANGELES","LOS ANGELES",-118.43113708496094,34.215648651123047
8596001,2018,2018-04-16,1942,2018-03-10,1855,42251,1611,6,5,7,1942,0,0,0,P,0,16A11,"DESMOND ST","BRADLEY AV",405.00,E,N,B,C,N,,,,,,,,,,N,3,0,1,2,D,-,00,,,N,G,B,D,B,H,-,D,D,0,Y,,,,Y,,-,"- ",0,1,0,0,1,0,0,0,0,"- ","- ",,,"LOS ANGELES","LOS ANGELES",-118.42545318603516,34.277366638183594
8596821,2018,2018-04-17,1942,2018-03-08,0955,37419,0566,4,5,7,1942,0,0,0,E,0,5A55,"13TH ST","PACIFIC AV",140.00,W,N,A,-,N,,,,,,,,,,N,4,0,1,2,A,-,11,21954,A,N,B,B,D,A,H,-,A,D,0,Y,,,,Y,,N,60,0,0,1,0,1,0,0,0,0,"- ","- ",,,"LOS ANGELES","LOS ANGELES",-118.28840637207031,33.732410430908203
8596833,2018,2018-04-17,1942,2018-03-26,0855,31324,0118,1,5,7,1942,0,0,0,A,0,1A1,"W COLLEGE ST","NORTH SPRING ST",72.00,W,N,A,-,N,,,,,,,,,,N,3,0,1,2,A,-,11,21954,A,N,H,B,D,A,H,-,A,A,0,Y,Y,,,Y,,N,60,0,1,0,0,0,0,1,0,0,"- ","- ",,,"LOS ANGELES","LOS ANGELES",-118.23629760742188,34.063724517822266
8596901,2018,2018-04-18,1942,2018-03-31,0600,34561,1075,6,5,7,1942,0,0,0,J,0,10A99,"VENTURA BL","LINDLEY AV",22.00,E,N,E,-,N,,,,,,,,,,N,4,0,1,2,A,-,11,21456,B,N,G,B,B,A,H,-,B,A,0,Y,,,,Y,,N,60,0,0,1,0,1,0,0,0,0,"- ","- ",,,"LOS ANGELES","LOS ANGELES",-118.52716064453125,34.165397644042969
8596916,2018,2018-04-17,1942,2018-02-07,1521,31152,0123,3,5,7,1942,0,0,0,A,0,1A1,"HILL ST","TEMPLE ST",270.00,S,N,A,-,N,,,,,,,,,,Y,4,0,1,2,A,-,11,21954,A,N,G,B,D,A,H,-,A,A,0,Y,,,,Y,,N,60,0,0,1,0,1,0,0,0,0,"- ","- ",,,"LOS ANGELES","LOS ANGELES",-118.24507904052734,34.055934906005859
8597029,2018,2018-04-17,1942,2018-02-25,1520,43157,0531,7,5,7,1942,0,0,0,E,0,5A17,"WESTERN AV",ANAHEIM,0.00,,Y,A,-,N,,,,,,,,,,Y,3,0,2,3,A,-,11,21453,D,N,A,B,D,A,H,-,A,A,0,Y,,,,Y,,N,60,0,2,0,0,1,0,0,0,0,"- ","- ",,,"LOS ANGELES","LOS ANGELES",-118.30777740478516,33.786891937255859
8597628,2018,2018-04-24,1942,2018-03-20,0800,42559,1251,2,5,7,1942,0,0,0,L,0,25EL1,"8TH AV","67TH ST",11.00,N,N,A,-,N,,,,,,,,,,Y,4,0,1,3,A,-,03,22350,,N,C,C,B,A,H,-,A,A,0,Y,,,,Y,,A,07,0,0,1,0,0,0,0,0,0,"- ","- ",,,"LOS ANGELES","LOS ANGELES",-118.326514,33.978186000000001
8597642,2018,2018-04-23,1942,2018-04-06,0730,38734,SOE,5,5,7,1942,0,0,0,,0,1846,112TH,ZAMORA,0.00,,Y,A,-,N,,,,,,,,,,N,3,0,2,3,A,-,10,21950,A,N,G,B,B,A,H,-,A,A,0,Y,,,,Y,,A,01,0,1,1,0,2,0,0,0,0,"- ","- ",,,"LOS ANGELES","LOS ANGELES",-118.25112152099609,33.933109283447266
8598433,2018,2018-04-18,1942,2018-03-27,1800,40010,0666,2,5,7,1942,0,0,0,F,0,,"VINE ST","SUNSET BL",8.00,N,N,A,-,N,,,,,,,,,,N,3,0,1,2,A,-,10,21950,A,F,G,B,B,-,G,-,C,A,0,Y,,,,Y,,-,99,0,1,0,0,1,0,0,0,0,"- ","- ",,,"LOS ANGELES","LOS ANGELES",-118.32662963867188,34.098030090332031
8598514,2018,2018-04-20,1942,2018-04-02,2010,42471,0642,1,5,7,1942,0,0,0,F,0,6A48,"SUNSET BL","SPAULDING AV",0.00,,Y,A,-,N,,,,,,,,,,N,4,0,1,3,A,-,10,21950,A,N,G,B,D,A,H,-,C,-,0,Y,,,,Y,,A,01,0,0,1,0,1,0,0,0,0,"- ","- ",,,"LOS ANGELES","LOS ANGELES",-118.35710906982422,34.098060607910156
8598518,2018,2018-04-19,1942,2018-04-01,0100,42330,0669,7,5,7,1942,0,0,0,F,0,6A31,"NORMANDIE AV","FOUNTAIN AV",59.00,S,N,A,-,N,,,,,,,,,,N,4,0,1,2,A,-,11,21954,A,N,G,B,E,A,H,-,C,D,0,Y,,,,Y,Y,N,60,0,0,1,0,1,0,0,0,0,"- ","- ",,,"LOS ANGELES","LOS ANGELES",-118.30049896240234,34.095039367675781
8598823,2018,2018-04-20,1942,2018-03-26,0950,38331,1243,1,5,7,1942,0,0,0,L,0,12A67,"WESTERN AV","65TH ST",109.00,S,N,A,-,N,,,,,,,,,,N,4,0,1,2,A,-,11,21955,,N,G,B,D,A,H,-,A,D,0,Y,,,,Y,,N,60,0,0,1,0,1,0,0,0,0,"- ","- ",,,"LOS ANGELES","LOS ANGELES",,