CASE_ID,ACCIDENT_YEAR,PROC_DATE,JURIS,COLLISION_DATE,COLLISION_TIME,OFFICER_ID,REPORTING_DISTRICT,DAY_OF_WEEK,CHP_SHIFT,POPULATION,CNTY_CITY_LOC,SPECIAL_COND,BEAT_TYPE,CHP_BEAT_TYPE,CITY_DIVISION_LAPD,CHP_BEAT_CLASS,BEAT_NUMBER,PRIMARY_RD,SECONDARY_RD,DISTANCE,DIRECTION,INTERSECTION,WEATHER_1,WEATHER_2,STATE_HWY_IND,CALTRANS_COUNTY,CALTRANS_DISTRICT,STATE_ROUTE,ROUTE_SUFFIX,POSTMILE_PREFIX,POSTMILE,LOCATION_TYPE,RAMP_INTERSECTION,SIDE_OF_HWY,TOW_AWAY,COLLISION_SEVERITY,NUMBER_KILLED,NUMBER_INJURED,PARTY_COUNT,PRIMARY_COLL_FACTOR,PCF_CODE_OF_VIOL,PCF_VIOL_CATEGORY,PCF_VIOLATION,PCF_VIOL_SUBSECTION,HIT_AND_RUN,TYPE_OF_COLLISION,MVIW,PED_ACTION,ROAD_SURFACE,ROAD_COND_1,ROAD_COND_2,LIGHTING,CONTROL_DEVICE,CHP_ROAD_TYPE,PEDESTRIAN_ACCIDENT,BICYCLE_ACCIDENT,MOTORCYCLE_ACCIDENT,TRUCK_ACCIDENT,NOT_PRIVATE_PROPERTY,ALCOHOL_INVOLVED,STWD_VEHTYPE_AT_FAULT,CHP_VEHTYPE_AT_FAULT,COUNT_SEVERE_INJ,COUNT_VISIBLE_INJ,COUNT_COMPLAINT_PAIN,COUNT_PED_KILLED,COUNT_PED_INJURED,COUNT_BICYCLIST_KILLED,COUNT_BICYCLIST_INJURED,COUNT_MC_KILLED,COUNT_MC_INJURED,PRIMARY_RAMP,SECONDARY_RAMP,LATITUDE,LONGITUDE,COUNTY,CITY,POINT_X,POINT_Y
8598873,2018,2019-05-08,1942,2018-04-08,1200,41924,1248,7,5,7,1942,0,0,0,L,0,12A49,"SOUTH VERMONT AV","WEST 70TH ST",0.00,,Y,A,-,N,,,,,,,,,,N,1,1,0,2,A,-,03,22350,,F,A,B,B,A,H,-,A,D,0,Y,,,,Y,,-,99,0,0,0,1,0,0,0,0,0,"- ","- ",,,"LOS ANGELES","LOS ANGELES",-118.2918701171875,33.976230621337891
8599026,2018,2018-04-20,1942,2018-03-02,2100,42069,1266,5,5,7,1942,0,0,0,L,0,25T21,"BROADWAY ST","79TH ST",100.00,N,N,A,-,N,,,,,,,,,,Y,4,0,1,2,A,-,11,21956,A,N,A,B,B,A,H,-,C,A,0,Y,,,,Y,,N,60,0,0,1,0,1,0,0,0,0,"- ","- ",,,"LOS ANGELES","LOS ANGELES",-118.27829742431641,33.968154907226562
8601995,2018,2018-05-15,1942,2018-04-26,1430,38374,1414,4,5,7,1942,0,0,0,N,0,14A13,"OAKWOOD AV","S BROADWAY ST",4.00,S,N,A,-,N,,,,,,,,,,N,3,0,1,2,A,-,12,22450,A,F,G,B,B,A,H,-,A,A,0,Y,,,,Y,,-,99,0,1,0,0,1,0,0,0,0,"- ","- ",,,"LOS ANGELES","LOS ANGELES",-118.46475982666016,33.996509552001953
8602012,2018,2018-05-15,1942,2018-03-13,2335,41908,2071,2,5,7,1942,0,0,0,,0,20A34,"WESTERN AV","PICO BL",0.00,,Y,A,-,N,,,,,,,,,,N,3,0,1,2,A,-,11,21453,D,F,-,B,B,A,H,-,C,A,0,Y,,,,Y,Y,N,60,0,1,0,0,1,0,0,0,0,"- ","- ",,,"LOS ANGELES","LOS ANGELES",-118.30904388427734,34.047199249267578
8602229,2018,2018-05-16,1942,2018-04-15,1520,32880,1834,7,5,7,1942,0,0,0,R,0,Q54,"107TH ST","AVALON BL",130.00,E,N,B,-,N,,,,,,,,,,N,3,0,1,2,A,-,11,21954,A,F,-,B,D,A,H,-,A,D,0,Y,,,,Y,,N,60,0,1,0,0,1,0,0,0,0,"- ","- ",,,"LOS ANGELES","LOS ANGELES",-118.26476287841797,33.939281463623047
8602447,2018,2018-05-17,1942,2018-05-06,1100,35267,1218,7,5,7,1942,0,0,0,L,0,12A15,"S VERMONT AV","SLAUSON AV",60.00,S,N,A,-,N,,,,,,,,,,Y,2,0,1,2,A,-,08,22107,,N,G,B,F,A,H,-,A,D,0,Y,,,,Y,,A,07,1,0,0,0,1,0,0,0,0,"- ","- ",,,"LOS ANGELES","LOS ANGELES",-118.29147338867188,33.988964080810547
8602678,2018,2018-05-21,1942,2018-04-23,1810,36213,0212,1,5,7,1942,0,0,0,B,0,2416,"VIRGIL AV","CLINTON ST",0.00,,Y,A,-,N,,,,,,,,,,N,4,0,1,2,A,-,10,21950,C,N,G,B,B,A,H,-,A,A,0,Y,,,,Y,,A,01,0,0,1,0,1,0,0,0,0,"- ","- ",,,"LOS ANGELES","LOS ANGELES",-118.28682708740234,34.081779479980469
8603296,2018,2018-05-04,1942,2018-03-21,1025,04604,1494,3,5,7,1942,0,0,0,N,0,5M43,"WORLD WY","EAST WY",545.00,W,N,B,C,N,,,,,,,,,,N,4,0,1,2,A,-,21,22106,,N,G,B,E,A,H,-,A,D,0,Y,,,,Y,,A,01,0,0,1,0,1,0,0,0,0,"- ","- ",,,"LOS ANGELES","LOS ANGELES",-118.40386199951172,33.945156097412109
8605094,2018,2018-05-14,1942,2018-03-15,2140,40849,0738,4,5,7,1942,0,0,0,G,0,7A76,"HIGHLAND AV","WILSHIRE BL",0.00,,Y,A,-,N,,,,,,,,,,N,4,0,1,2,A,-,10,21950,A,N,G,B,B,A,H,-,A,A,0,Y,,,,Y,,A,01,0,0,1,0,1,0,0,0,0,"- ","- ",,,"LOS ANGELES","LOS ANGELES",-118.33849334716797,34.062118530273438
8605104,2018,2018-05-15,1942,2018-04-05,1825,40643,0153,4,5,7,1942,0,0,0,A,0,1A41,"5TH ST","HILL ST",200.00,E,N,A,-,N,,,,,,,,,,N,4,0,1,2,A,-,11,21956,A,N,G,B,E,A,H,-,A,A,0,Y,,,,Y,,A,07,0,0,1,0,1,0,0,0,0,"- ","- ",,,"LOS ANGELES","LOS ANGELES",-118.25126647949219,34.048439025878906
8605165,2018,2018-05-15,1942,2018-04-07,1620,41054,0719,6,5,7,1942,0,0,0,G,0,7A17,"MELROSE AV","CAHUENGA BL",98.00,E,N,A,-,N,,,,,,,,,,Y,2,0,1,2,A,-,03,22350,,F,E,I,F,A,H,-,A,D,0,Y,,,,Y,,A,07,1,0,0,0,1,0,0,0,0,"- ","- ",,,"LOS ANGELES","LOS ANGELES",-118.32844543457031,34.083480834960938
8605220,2018,2018-05-15,1942,2018-04-29,1940,42810,0415,7,5,7,1942,0,0,0,D,0,4A59,"MANITOU AV","AVE 21",0.00,,N,A,-,N,,,,,,,,,,N,3,0,1,2,A,-,03,22350,,F,B,B,E,A,H,-,A,D,0,Y,,,,Y,,-,99,0,1,0,0,1,0,0,0,0,"- ","- ",,,"LOS ANGELES","LOS ANGELES",-118.21797943115234,34.071819305419922
8605276,2018,2018-05-15,1942,2018-04-26,1730,35752,1675,4,5,7,1942,0,0,0,P,0,16X82,"CLYBOURN ST","PAWNEE ST",0.00,,Y,A,-,N,,,,,,,,,,N,3,0,2,3,A,-,03,22350,,F,B,C,E,A,H,-,A,D,0,Y,,,,Y,,-,99,0,1,1,0,1,0,0,0,0,"- ","- ",,,"LOS ANGELES","LOS ANGELES",-118.3653564453125,34.223110198974609
8605649,2018,2018-05-14,1942,2018-03-02,1450,40530,0743,5,5,7,1942,0,0,0,G,0,7A1,"OLYMPIC BL","SPAULDING AV",60.00,E,N,C,-,N,,,,,,,,,,N,4,0,1,2,B,-,22,,,N,G,B,E,B,H,-,A,D,0,Y,,,,Y,,-,"- ",0,0,1,0,1,0,0,0,0,"- ","- ",,,"LOS ANGELES","LOS ANGELES",-118.35966491699219,34.057529449462891
8605735,2018,2018-05-09,1942,2018-03-18,0020,33989,0711,7,5,7,1942,0,0,0,G,0,7L30,"OAKWOOD AV","FAIRFAX AV",0.00,,Y,A,-,N,,,,,,,,,,N,4,0,1,2,A,-,10,21950,A,N,G,B,B,A,H,-,C,A,0,Y,,,,Y,,A,01,0,0,1,0,1,0,0,0,0,"- ","- ",,,"LOS ANGELES","LOS ANGELES",-118.36148071289062,34.078201293945312
8606008,2018,2018-05-15,1942,2018-04-27,1820,43276,0158,5,5,7,1942,0,0,0,A,0,1A12,"STANFORD AV","7TH ST",175.00,N,N,A,-,N,,,,,,,,,,N,3,0,1,2,A,-,11,21956,A,N,G,B,E,A,H,-,A,D,0,Y,,,,Y,,N,60,0,1,0,0,1,0,0,0,0,"- ","- ",,,"LOS ANGELES","LOS ANGELES",-118.24404907226562,34.039413452148438
8606079,2018,2018-05-24,1942,2018-04-17,1515,42689,1256,2,5,7,1942,0,0,0,L,0,12A73,"FLOWER ST","W 73RD ST",0.00,,Y,A,-,N,,,,,,,,,,N,4,0,1,2,C,-,18,,,F,G,B,E,A,H,-,A,D,0,Y,,,,Y,,-,"- ",0,0,1,0,1,0,0,0,0,"- ","- ",,,"LOS ANGELES","LOS ANGELES",-118.28131103515625,33.973670959472656
8607810,2018,2018-05-17,1942,2018-04-25,2125,41994,1952,3,5,7,1942,0,0,0,,0,19A93,"SEPULVEDA BL","DEVONSHIRE ST",25.00,N,N,A,-,N,,,,,,,,,,Y,2,0,2,3,A,-,03,22350,,N,C,B,B,A,H,-,C,A,0,Y,,,,Y,,A,01,1,1,0,0,1,0,0,0,0,"- ","- ",,,"LOS ANGELES","LOS ANGELES",-118.46746826171875,34.257377624511719
8607833,2018,2018-05-17,1942,2018-04-24,1325,38857,0985,2,5,7,1942,0,0,0,I,0,9A89,"VENTURA BL","CALHOUN AV",84.00,E,N,A,-,N,,,,,,,,,,N,4,0,1,2,A,-,21,22106,,N,G,B,E,A,H,-,A,D,0,Y,,,,Y,,A,01,0,0,1,0,1,0,0,0,0,"- ","- ",,,"LOS ANGELES","LOS ANGELES",-118.44187927246094,34.149787902832031
8607885,2018,2018-05-17,1942,2018-05-04,1545,37353,1063,5,5,7,1942,0,0,0,J,0,10A83,"VENTURA BL","RESEDA BL",100.00,E,N,A,-,N,,,,,,,,,,N,3,0,1,2,A,-,11,21955,,F,G,B,D,A,H,-,A,D,0,Y,,,,Y,,N,60,0,1,0,0,1,0,0,0,0,"- ","- ",,,"LOS ANGELES","LOS ANGELES",-118.53578186035156,34.16864013671875
8607914,2018,2018-05-16,1942,2018-05-07,1430,40141,0914,1,5,7,1942,0,0,0,I,0,9A23,"VAN NUYS BL","SHERMAN WAY BL",8.00,N,N,A,-,N,,,,,,,,,,N,4,0,1,2,A,-,09,21453,B,N,G,B,B,A,H,-,A,A,0,Y,,,,Y,,A,01,0,0,1,0,1,0,0,0,0,"- ","- ",,,"LOS ANGELES","LOS ANGELES",,
8607916,2018,2018-05-18,1942,2018-04-11,2130,30083,0211,3,5,7,1942,0,0,0,B,0,2A1,"MELROSE AV","HELIOTROPE DR",0.00,,Y,A,-,N,,,,,,,,,,N,4,0,1,2,A,-,10,21950,A,N,-,B,B,-,H,-,C,A,0,Y,,,,Y,,A,07,0,0,1,0,1,0,0,0,0,"- ","- ",,,"LOS ANGELES","LOS ANGELES",-118.29530334472656,34.083599090576172
8608660,2018,2018-05-02,1942,2018-04-13,1315,41852,1681,5,5,7,1942,0,0,0,P,0,16A37,"WICKS PL",ARLETA,200.00,E,N,A,-,N,,,,,,,,,,N,4,0,1,2,A,-,10,21954,B,F,G,B,D,A,H,-,A,A,0,Y,,,,Y,,-,99,0,0,1,0,1,0,0,0,0,"- ","- ",,,"LOS ANGELES","LOS ANGELES",-118.40663146972656,34.224544525146484
8608662,2018,2018-04-30,1942,2018-04-12,2130,41844,0328,4,5,7,1942,0,0,0,C,0,3A19,"W 30TH ST","UNIVERSITY AV",0.00,,Y,A,-,N,,,,,,,,,,N,4,0,1,2,A,-,12,22450,A,N,G,B,B,A,H,-,C,A,0,Y,,,,Y,,A,01,0,0,1,0,1,0,0,0,0,"- ","- ",,,"LOS ANGELES","LOS ANGELES",-118.28172302246094,34.026691436767578
8608716,2018,2018-05-02,1942,2018-04-18,1630,32372,1563,3,5,7,1942,0,0,0,O,0,15A85,"LAUREL CANYON BL","MOORPARK ST",12.00,S,N,A,-,N,,,,,,,,,,N,4,0,1,2,A,-,10,21950,A,F,G,B,B,A,H,-,A,A,0,Y,,,,Y,,-,99,0,0,1,0,1,0,0,0,0,"- ","- ",,,"LOS ANGELES","LOS ANGELES",-118.39649200439453,34.150348663330078
8608718,2018,2018-04-30,1942,2018-04-16,2022,42887,1962,1,5,7,1942,0,0,0,,0,19A93,"NORDHOFF ST","ORION AV",100.00,W,N,A,-,N,,,,,,,,,,N,4,0,1,2,A,-,10,21950,A,F,G,B,B,A,H,-,C,A,0,Y,,,,Y,,-,99,0,0,1,0,1,0,0,0,0,"- ","- ",,,"LOS ANGELES","LOS ANGELES",-118.47228240966797,34.235561370849609
8608886,2018,2018-05-10,1942,2018-03-08,1925,39022,0833,4,5,7,1942,0,0,0,H,0,,"GLENDON AV","WELLWORTH AV",5.00,N,N,A,-,N,,,,,,,,,,N,3,0,1,2,A,-,10,21950,A,N,G,B,B,A,H,-,E,A,0,Y,,,,Y,,D,22,0,1,0,0,1,0,0,0,0,"- ","- ",,,"LOS ANGELES","LOS ANGELES",-118.4417724609375,34.057224273681641
8608963,2018,2018-05-15,1942,2018-04-02,1710,40289,1162,1,5,7,1942,0,0,0,K,0,11A51,"HOLLYWOOD BL","HILLHURST AV",250.00,W,N,A,-,N,,,,,,,,,,N,4,0,1,2,A,-,11,21954,A,F,G,B,E,A,H,-,A,D,0,Y,,,,Y,,N,60,0,0,1,0,1,0,0,0,0,"- ","- ",,,"LOS ANGELES","LOS ANGELES",-118.28807067871094,34.098812103271484
8609083,2018,2018-05-15,1942,2018-04-11,1740,36240,1133,3,5,7,1942,0,0,0,K,0,11A26W,"GLENDALE BL","GREENSWARD RD",100.00,N,N,A,-,N,,,,,,,,,,N,4,0,1,2,A,-,11,21954,A,N,G,B,D,A,H,-,A,D,0,Y,,,,Y,,N,60,0,0,1,0,1,0,0,0,0,"- ","- ",,,"LOS ANGELES","LOS ANGELES",-118.26387786865234,34.115100860595703
8609204,2018,2018-05-09,1942,2018-03-23,2009,36344,2069,5,5,7,1942,0,0,0,,0,20A39,"11TH ST","WESTMORELAND AV",0.00,,Y,A,-,N,,,,,,,,,,N,4,0,1,2,A,-,09,21801,A,N,G,B,B,A,H,-,C,A,0,Y,,,,Y,,A,01,0,0,1,0,1,0,0,0,0,"- ","- ",,,"LOS ANGELES","LOS ANGELES",-118.28910064697266,34.050788879394531
8609208,2018,2018-05-04,1942,2018-03-22,0700,43112,2011,4,5,7,1942,0,0,0,,0,20A45,"VAN NESS AV","BEVERLY BL",0.00,,Y,C,-,N,,,,,,,,,,N,4,0,1,2,A,-,10,21950,A,N,G,B,B,B,H,-,A,A,0,Y,,,,Y,,A,01,0,0,1,0,1,0,0,0,0,"- ","- ",,,"LOS ANGELES","LOS ANGELES",-118.31569671630859,34.076229095458984
8609230,2018,2018-05-02,1942,2018-03-15,1530,33169,0784,4,5,7,1942,0,0,0,G,0,7A73,"WEST WASHINGTON BL","LA BREA AV",17.00,E,N,A,-,N,,,,,,,,,,N,4,0,1,2,A,-,11,21456,B,N,G,B,B,A,H,-,A,A,0,Y,,,,Y,,N,60,0,0,1,0,1,0,0,0,0,"- ","- ",,,"LOS ANGELES","LOS ANGELES",-118.34746551513672,34.040390014648438
8609271,2018,2018-05-03,1942,2018-03-17,0130,42777,2036,6,5,7,1942,0,0,0,,0,20A39,"WILSHIRE BL","CATALINA ST",0.00,,Y,A,-,N,,,,,,,,,,N,4,0,2,3,A,-,11,21453,D,N,G,B,B,B,H,-,C,A,0,Y,,,,Y,Y,N,60,0,0,2,0,2,0,0,0,0,"- ","- ",,,"LOS ANGELES","LOS ANGELES",-118.29540252685547,34.061759948730469
8609280,2018,2018-05-04,1942,2018-03-15,0635,43011,0836,4,5,7,1942,0,0,0,H,0,8A29,"LITTLE SANTA MONICA BL","MANNING AV",0.00,,Y,B,-,N,,,,,,,,,,N,4,0,1,2,A,-,03,22350,,N,G,B,B,B,H,-,C,A,0,Y,,,,Y,,A,01,0,0,1,0,1,0,0,0,0,"- ","- ",,,"LOS ANGELES","LOS ANGELES",-118.43107999999999,34.052460000000004
8610205,2018,2018-05-04,1942,2018-04-18,0710,40398,1581,3,5,7,1942,0,0,0,O,0,15A85,"LAUREL CANYON BL","MOORPARK ST",105.00,S,N,A,-,N,,,,,,,,,,N,4,0,1,2,B,-,22,,,N,G,B,F,A,H,-,A,D,0,Y,,Y,,Y,,C,02,0,0,1,0,1,0,0,0,0,"- ","- ",,,"LOS ANGELES","LOS ANGELES",-118.396484375,34.150093078613281
8611607,2018,2018-04-23,1942,2018-04-08,1950,43129,1987,7,5,7,1942,0,0,0,,0,19A85,"WOODMAN AV","CHASE ST",150.00,N,N,A,-,N,,,,,,,,,,N,2,0,2,2,A,-,11,21955,,N,G,B,D,A,H,-,C,D,0,Y,,,,Y,,N,60,1,0,1,0,1,0,0,0,0,"- ","- ",,,"LOS ANGELES","LOS ANGELES",-118.43472290039062,34.228256225585938
8612025,2018,2018-04-27,1942,2018-04-07,2055,41844,1802,6,5,7,1942,0,0,0,R,0,18A1,"FIGUEROA ST","88TH ST",0.00,,Y,A,-,N,,,,,,,,,,N,3,0,1,2,A,-,10,21950,A,N,G,B,B,A,H,-,C,D,0,Y,,,,Y,,D,22,0,1,0,0,1,0,0,0,0,"- ","- ",,,"LOS ANGELES","LOS ANGELES",-118.28272247314453,33.957370758056641
8612045,2018,2018-04-27,1942,2018-04-10,1235,41521,0176,2,5,7,1942,0,0,0,A,0,1X32,"SAN JULIAN ST","8TH ST",470.00,N,N,A,-,N,,,,,,,,,,N,4,0,1,2,A,-,11,21954,A,N,G,B,E,A,H,-,A,A,0,Y,,,,Y,,N,60,0,0,1,0,1,0,0,0,0,"- ","- ",,,"LOS ANGELES","LOS ANGELES",-118.24851226806641,34.040313720703125
8612236,2018,2018-04-26,1942,2018-04-08,1005,42665,1835,7,5,7,1942,0,0,0,R,0,18A35,"CENTRAL AV","S 103RD ST",224.00,S,N,A,-,N,,,,,,,,,,N,4,0,1,2,A,-,09,21804,A,N,G,B,E,A,H,-,A,D,0,Y,,,,Y,,A,01,0,0,1,0,1,0,0,0,0,"- ","- ",,,"LOS ANGELES","LOS ANGELES",-118.25414276123047,33.942657470703125
8612328,2018,2018-05-08,1942,2018-04-11,1750,40131,2177,3,5,7,1942,0,0,0,,0,21X44,"CALIFA ST","CANOGA AV",680.00,W,N,A,-,N,,,,,,,,,,N,4,0,1,2,A,-,11,21955,,N,G,B,D,A,H,-,A,D,0,Y,,,,Y,,N,60,0,0,1,0,1,0,0,0,0,"- ","- ",,,"LOS ANGELES","LOS ANGELES",-118.59976196289062,34.177227020263672
8612391,2018,2018-04-27,1942,2018-04-10,1945,39410,1684,2,5,7,1942,0,0,0,P,0,9T53,"LANKERSHIM BL","TUXFORD AV",33.00,S,N,A,-,N,,,,,,,,,,N,3,0,1,2,A,-,11,21954,A,N,G,B,D,A,H,-,C,A,0,Y,,,,Y,,N,60,0,1,0,0,1,0,0,0,0,"- ","- ",,,"LOS ANGELES","LOS ANGELES",-118.38780212402344,34.222389221191406
8613060,2018,2018-05-09,1942,2018-04-21,2240,37900,0663,6,5,7,1942,0,0,0,F,0,6A63,"SANTA MONICA BL","N LAS PALMAS AV",41.00,W,N,A,-,N,,,,,,,,,,N,2,0,1,2,A,-,11,21954,A,N,G,B,D,A,H,-,C,A,0,Y,,,,Y,,N,60,1,0,0,0,1,0,0,0,0,"- ","- ",,,"LOS ANGELES","LOS ANGELES",-118.33640289306641,34.090717315673828
8613105,2018,2018-05-14,1942,2018-04-22,2120,36336,1956,7,5,7,1942,0,0,0,,0,19A43,"WOODMAN AV","MISSION HILLS ESTATES CT",62.00,N,N,A,-,N,,,,,,,,,,N,2,0,1,2,A,-,11,21954,A,N,G,B,D,A,H,-,C,D,0,Y,,,,Y,,N,60,1,0,0,0,1,0,0,0,0,"- ","- ",,,"LOS ANGELES","LOS ANGELES",-118.45193481445312,34.251976013183594
8613198,2018,2018-05-03,1942,2018-03-30,1945,37511,2071,5,5,7,1942,0,0,0,,0,7T23,"VENICE BL","HARVARD BL",8.00,E,N,A,-,N,,,,,,,,,,N,3,0,2,3,A,-,10,21950,A,N,G,B,B,A,H,-,A,A,0,Y,,,,Y,,A,01,0,1,1,0,2,0,0,0,0,"- ","- ",,,"LOS ANGELES","LOS ANGELES",-118.30431365966797,34.043601989746094
8613263,2018,2018-05-03,1942,2018-03-23,1440,34426,0421,5,5,7,1942,0,0,0,D,0,4Z15,"MAIN ST","AVENUE 21",0.00,,Y,A,-,N,,,,,,,,,,N,4,0,1,2,A,-,10,21950,A,F,G,B,B,A,H,-,A,A,0,Y,,,,Y,,-,99,0,0,1,0,1,0,0,0,0,"- ","- ",,,"LOS ANGELES","LOS ANGELES",-118.21684265136719,34.06597900390625
8613470,2018,2018-08-08,1942,2018-02-14,1650,40643,0453,3,5,7,1942,0,0,0,D,0,4A53,"CESAR CHAVEZ","RT 5",0.00,,Y,A,-,Y,LA,7,5,-,-,17.936,R,4,S,N,4,0,1,2,A,-,10,21950,A,N,G,B,B,A,H,-,A,A,0,Y,,,,Y,,A,01,0,0,1,0,1,0,0,0,0,"- ",SO,,,"LOS ANGELES","LOS ANGELES",-118.21462249755859,34.047855377197266
8613519,2018,2018-05-03,1942,2018-01-18,0700,36460,0443,4,5,7,1942,0,0,0,D,0,4A15,"MARENGO ST","KINGSTON AV",22.00,W,N,A,-,N,,,,,,,,,,N,3,0,1,2,A,-,11,21954,A,N,G,B,D,A,H,-,A,D,0,Y,,,,Y,,N,60,0,1,0,0,1,0,0,0,0,"- ","- ",,,"LOS ANGELES","LOS ANGELES",-118.20935821533203,34.057476043701172
8614278,2018,2018-04-27,1942,2018-04-07,0540,41589,1251,6,5,7,1942,0,0,0,L,0,12A73,FLORENCE,"WEST BL",0.00,,Y,A,-,N,,,,,,,,,,N,3,0,1,2,D,-,00,,,F,G,B,D,A,H,-,C,A,0,Y,,,,Y,,-,"- ",0,1,0,0,1,0,0,0,0,"- ","- ",,,"LOS ANGELES","LOS ANGELES",-118.33521270751953,33.974491119384766
8614970,2018,2018-05-01,1942,2018-03-01,1540,40275,0679,4,5,7,1942,0,0,0,F,0,6A79,"SANTA MONICA BL","NORMANDIE AV",12.00,E,N,A,-,N,,,,,,,,,,N,3,0,1,2,A,-,10,21950,A,N,G,B,B,A,H,-,A,A,0,Y,,,,Y,,A,01,0,1,0,0,1,0,0,0,0,"- ","- ",,,"LOS ANGELES","LOS ANGELES",-118.30045318603516,34.090831756591797
8615582,2018,2018-05-10,1942,2018-04-25,0720,38940,1963,3,5,7,1942,0,0,0,,0,19A75,"WOODMAN AV","N PINNEY ST",116.00,N,N,A,-,N,,,,,,,,,,Y,2,0,1,2,A,-,11,21954,A,N,G,B,D,A,H,-,A,D,0,Y,,,,Y,,N,60,1,0,0,0,1,0,0,0,0,"- ","- ",,,"LOS ANGELES","LOS ANGELES",-118.44925689697266,34.248756408691406
8616093,2018,2018-05-17,1942,2018-03-14,1640,40643,0218,3,5,7,1942,0,0,0,B,0,2A39,"ECHO PARK AV","LAGUNA AV",15.00,S,N,A,-,N,,,,,,,,,,N,3,0,1,2,A,-,10,21950,A,N,G,B,B,A,H,-,A,A,0,Y,,,,Y,,A,01,0,1,0,0,1,0,0,0,0,"- ","- ",,,"LOS ANGELES","LOS ANGELES",-118.25972747802734,34.072677612304688
8616149,2018,2018-05-17,1942,2018-03-07,0825,38357,0295,3,5,7,1942,0,0,0,B,0,2A91,"14TH ST","UNION AV",10.00,E,N,A,-,N,,,,,,,,,,N,4,0,1,2,A,-,10,21950,A,N,G,B,B,A,H,-,A,D,0,Y,,,,Y,,A,01,0,0,1,0,1,0,0,0,0,"- ","- ",,,"LOS ANGELES","LOS ANGELES",-118.27790832519531,34.043014526367188
8616324,2018,2018-05-21,1942,2018-04-01,1950,39586,0251,7,5,7,1942,0,0,0,B,0,2A45,"6TH ST","BENTON WY",10.00,E,N,A,-,N,,,,,,,,,,N,3,0,1,2,A,-,10,21950,A,N,G,B,B,A,H,-,C,A,0,Y,,,,Y,,A,01,0,1,0,0,1,0,0,0,0,"- ","- ",,,"LOS ANGELES","LOS ANGELES",-118.28211975097656,34.062767028808594
8616356,2018,2018-05-21,1942,2018-04-05,1107,31152,1162,4,5,7,1942,0,0,0,K,0,11A51,"VERMONT AV","SUNSET BL",15.00,N,N,A,-,N,,,,,,,,,,N,4,0,1,2,A,-,10,21950,A,N,G,B,B,A,H,-,A,A,0,Y,,,,Y,,A,01,0,0,1,0,1,0,0,0,0,"- ","- ",,,"LOS ANGELES","LOS ANGELES",-118.29177093505859,34.098190307617188
8616492,2018,2018-05-21,1942,2018-04-12,0755,38050,0233,4,5,7,1942,0,0,0,B,0,2A17,"N OCCIDENTAL BL","BEVERLY BL",7.00,S,N,A,-,N,,,,,,,,,,N,4,0,1,2,A,-,10,21950,A,N,G,B,B,A,H,-,A,D,0,Y,,,,Y,,A,01,0,0,1,0,1,0,0,0,0,"- ","- ",,,"LOS ANGELES","LOS ANGELES",-118.27945709228516,34.070648193359375
8616758,2018,2018-05-15,1942,2018-03-19,2000,41718,0788,1,5,7,1942,0,0,0,G,0,7A53W3,"WASHINGTON BL","12TH AV",5.00,W,N,-,-,N,,,,,,,,,,N,2,0,1,2,A,-,10,21950,A,N,G,B,B,-,H,-,C,A,0,Y,,,,Y,,A,01,1,0,0,0,1,0,0,0,0,"- ","- ",,,"LOS ANGELES","LOS ANGELES",-118.32852935791016,34.039871215820312
8617324,2018,2018-05-24,1942,2018-05-02,2015,37900,0739,3,5,7,1942,0,0,0,G,0,,"ROSSMORE AV","W 3RD ST",0.00,,Y,A,-,N,,,,,,,,,,N,4,0,1,2,A,-,10,21950,A,N,G,B,B,A,H,-,C,D,0,Y,,,,Y,,A,01,0,0,1,0,1,0,0,0,0,"- ","- ",,,"LOS ANGELES","LOS ANGELES",-118.32733154296875,34.068939208984375
8617498,2018,2018-05-24,1942,2018-03-20,0646,31152,0216,2,5,7,1942,0,0,0,B,0,2A17,"ALVARADO ST","TEMPLE ST",100.00,N,N,B,-,N,,,,,,,,,,N,3,0,1,2,A,-,11,21954,A,N,G,B,D,A,H,-,A,A,0,Y,,,,Y,,N,60,0,1,0,0,1,0,0,0,0,"- ","- ",,,"LOS ANGELES","LOS ANGELES",-118.26789093017578,34.070510864257812
8618725,2018,2018-05-18,1942,2018-04-20,1930,43033,1161,5,5,7,1942,0,0,0,K,0,2A39,"SANTA MONICA BL","MARIPOSA AV",8.00,E,N,A,-,N,,,,,,,,,,N,3,0,1,2,A,-,10,21950,A,F,G,B,B,A,H,-,C,D,0,Y,,,,Y,Y,-,99,0,1,0,0,1,0,0,0,0,"- ","- ",,,"LOS ANGELES","LOS ANGELES",-118.29938507080078,34.090831756591797