CASE_ID,ACCIDENT_YEAR,PROC_DATE,JURIS,COLLISION_DATE,COLLISION_TIME,OFFICER_ID,REPORTING_DISTRICT,DAY_OF_WEEK,CHP_SHIFT,POPULATION,CNTY_CITY_LOC,SPECIAL_COND,BEAT_TYPE,CHP_BEAT_TYPE,CITY_DIVISION_LAPD,CHP_BEAT_CLASS,BEAT_NUMBER,PRIMARY_RD,SECONDARY_RD,DISTANCE,DIRECTION,INTERSECTION,WEATHER_1,WEATHER_2,STATE_HWY_IND,CALTRANS_COUNTY,CALTRANS_DISTRICT,STATE_ROUTE,ROUTE_SUFFIX,POSTMILE_PREFIX,POSTMILE,LOCATION_TYPE,RAMP_INTERSECTION,SIDE_OF_HWY,TOW_AWAY,COLLISION_SEVERITY,NUMBER_KILLED,NUMBER_INJURED,PARTY_COUNT,PRIMARY_COLL_FACTOR,PCF_CODE_OF_VIOL,PCF_VIOL_CATEGORY,PCF_VIOLATION,PCF_VIOL_SUBSECTION,HIT_AND_RUN,TYPE_OF_COLLISION,MVIW,PED_ACTION,ROAD_SURFACE,ROAD_COND_1,ROAD_COND_2,LIGHTING,CONTROL_DEVICE,CHP_ROAD_TYPE,PEDESTRIAN_ACCIDENT,BICYCLE_ACCIDENT,MOTORCYCLE_ACCIDENT,TRUCK_ACCIDENT,NOT_PRIVATE_PROPERTY,ALCOHOL_INVOLVED,STWD_VEHTYPE_AT_FAULT,CHP_VEHTYPE_AT_FAULT,COUNT_SEVERE_INJ,COUNT_VISIBLE_INJ,COUNT_COMPLAINT_PAIN,COUNT_PED_KILLED,COUNT_PED_INJURED,COUNT_BICYCLIST_KILLED,COUNT_BICYCLIST_INJURED,COUNT_MC_KILLED,COUNT_MC_INJURED,PRIMARY_RAMP,SECONDARY_RAMP,LATITUDE,LONGITUDE,COUNTY,CITY,POINT_X,POINT_Y
8619492,2018,2018-05-23,1942,2018-05-04,0510,38766,1687,5,5,7,1942,0,0,0,P,0,16A81,"SAN FERNANDO RD","SUNLAND BL",1000.00,N,N,A,-,N,,,,,,,,,,Y,4,0,1,2,A,-,03,22350,,F,G,B,F,A,H,-,C,D,0,Y,,,,Y,,A,07,0,0,1,0,1,0,0,0,0,"- ","- ",,,"LOS ANGELES","LOS ANGELES",-118.37154388427734,34.220848083496094
8619718,2018,2018-05-23,1942,2018-04-26,2250,42493,1467,4,5,7,1942,0,0,0,N,0,14A45,"SEPULVEDA BL","76TH ST",500.00,N,N,A,-,N,,,,,,,,,,N,4,0,1,2,A,-,11,21955,,N,G,B,D,A,H,-,C,D,0,Y,,,,Y,Y,N,60,0,0,1,0,1,0,0,0,0,"- ","- ",,,"LOS ANGELES","LOS ANGELES",,
8619862,2018,2018-05-23,1942,2018-05-08,1900,40235,1426,2,5,7,1942,0,0,0,N,0,14A25,"NATIONAL BL","SAWTELLE BL",13.00,E,N,A,-,N,,,,,,,,,,N,4,0,1,2,A,-,10,21950,A,F,G,B,B,A,H,-,A,A,0,Y,,,,Y,,-,99,0,0,1,0,1,0,0,0,0,"- ","- ",,,"LOS ANGELES","LOS ANGELES",-118.43138122558594,34.026268005371094
8619864,2018,2018-05-22,1942,2018-05-11,2300,34599,2142,5,5,7,1942,0,0,0,,0,21A43,"VICTORY BL","WOODLAKE AV",304.00,W,N,A,-,N,,,,,,,,,,N,2,0,1,2,A,-,11,21954,A,N,G,B,D,A,H,-,C,A,0,Y,,,,Y,Y,N,60,1,0,0,0,1,0,0,0,0,"- ","- ",,,"LOS ANGELES","LOS ANGELES",-118.63247680664062,34.186431884765625
8619933,2018,2018-05-23,1942,2018-05-09,1430,26314,0923,3,5,7,1942,0,0,0,I,0,19T74,"NOBLE AV","VANOWEN ST",0.00,,Y,A,-,N,,,,,,,,,,N,3,0,1,2,A,-,10,21950,A,N,G,B,B,A,H,-,A,A,0,Y,,,,Y,,A,01,0,1,0,0,1,0,0,0,0,"- ","- ",,,"LOS ANGELES","LOS ANGELES",-118.46183776855469,34.193931579589844
8620822,2018,2018-05-23,1942,2018-05-08,1600,40690,2031,2,5,7,1942,0,0,0,,0,20A3,"S WILTON PL","W 8TH ST",400.00,S,N,A,-,N,,,,,,,,,,N,4,0,1,2,A,-,08,22107,,F,G,B,E,A,H,-,A,D,0,Y,,,,Y,,-,99,0,0,1,0,1,0,0,0,0,"- ","- ",,,"LOS ANGELES","LOS ANGELES",-118.31426239013672,34.056953430175781
8620850,2018,2018-05-23,1942,2018-05-11,0940,40010,0852,5,5,7,1942,0,0,0,H,0,8A53,"WESTGATE AV","IDAHO AV",270.00,S,N,B,-,N,,,,,,,,,,N,4,0,1,2,A,-,11,21956,A,N,G,B,E,A,H,-,A,D,0,Y,,,,Y,,N,60,0,0,1,0,1,0,0,0,0,"- ","- ",,,"LOS ANGELES","LOS ANGELES",-118.45742034912109,34.040267944335938
8621257,2018,2018-05-23,1942,2018-05-05,1200,43063,0257,6,5,7,1942,0,0,0,B,0,2A56,WITMER,"SHATTO PL",0.00,N,N,A,-,N,,,,,,,,,,N,2,0,1,2,A,-,10,21950,A,N,G,B,C,A,H,-,A,D,0,Y,,,,Y,,A,07,1,0,0,0,1,0,0,0,0,"- ","- ",,,"LOS ANGELES","LOS ANGELES",-118.26615905761719,34.054599761962891
8621450,2018,2018-05-23,1942,2018-05-05,0840,41158,1985,6,5,7,1942,0,0,0,,0,19A85,"TOBIAS AV","RAYEN ST",300.00,N,N,A,-,N,,,,,,,,,,N,4,0,1,2,A,-,03,22350,,F,G,B,F,A,H,-,A,D,0,Y,,,,Y,,-,99,0,0,1,0,1,0,0,0,0,"- ","- ",,,"LOS ANGELES","LOS ANGELES",-118.45168304443359,34.232593536376953
8621601,2018,2018-05-29,1942,2018-04-17,1835,31688,964,2,5,7,1942,0,0,0,,0,9A63,"RIVERSIDE DR","RANCHITO AV",0.00,,Y,A,-,N,,,,,,,,,,N,2,0,2,3,A,-,10,21950,A,N,G,B,B,A,H,-,A,A,0,Y,,,,Y,,A,07,1,0,1,0,2,0,0,0,0,"- ","- ",,,"LOS ANGELES","LOS ANGELES",-118.43524932861328,34.157611846923828
8621656,2018,2018-05-31,1942,2018-04-16,0730,37315,LOSAN,1,5,7,1942,0,0,0,,0,2A1,VALENCIA,"11TH ST",20.00,N,N,A,-,N,,,,,,,,,,N,3,0,1,2,A,-,11,21954,A,N,G,B,D,A,H,-,A,D,0,Y,,,,Y,,-,"- ",0,1,0,0,1,0,0,0,0,"- ","- ",,,"LOS ANGELES","LOS ANGELES",-118.2733154296875,34.046962738037109
8623220,2018,2018-06-08,1942,2018-05-11,1245,37059,0182,5,5,7,1942,0,0,0,A,0,1A61,"HOPE ST","12TH ST",16.00,N,N,A,-,N,,,,,,,,,,N,2,0,1,2,A,-,10,21950,A,N,G,B,B,A,H,-,A,A,0,Y,,,Y,Y,,F,26,1,0,0,0,1,0,0,0,0,"- ","- ",,,"LOS ANGELES","LOS ANGELES",-118.26433563232422,34.040855407714844
8624455,2018,2018-06-05,1942,2018-04-26,1820,43011,0841,4,5,7,1942,0,0,0,H,0,8A53,"SANTA MONICA BL","BUNDY DR",1.00,W,N,A,-,N,,,,,,,,,,N,4,0,1,2,A,-,10,21950,A,N,G,B,B,A,H,-,A,A,0,Y,,,,Y,,A,07,0,0,1,0,1,0,0,0,0,"- ","- ",,,"LOS ANGELES","LOS ANGELES",-118.46330261230469,34.04052734375
8624895,2018,2018-07-19,1942,2018-06-11,1725,36615,0328,1,5,7,1942,0,0,0,C,0,3XL94,"W 30TH ST","UNIVERSITY AV",0.00,,Y,A,-,N,,,,,,,,,,N,3,0,1,2,A,-,12,22450,A,N,G,B,B,A,H,-,A,A,0,Y,,,,Y,,-,"- ",0,1,0,0,1,0,0,0,0,"- ","- ",,,"LOS ANGELES","LOS ANGELES",-118.28172302246094,34.026691436767578
8625648,2018,2018-06-01,1942,2018-05-16,1445,40690,0782,3,5,7,1942,0,0,0,G,0,7A73,"S FAIRFAX AV","VENICE BL",260.00,N,N,A,-,N,,,,,,,,,,Y,3,0,1,2,A,-,01,23152,F,F,G,B,E,A,H,-,A,A,0,Y,,,,Y,,A,01,0,1,0,0,1,0,0,0,0,"- ","- ",,,"LOS ANGELES","LOS ANGELES",-118.37000274658203,34.040630340576172
8625679,2018,2018-06-18,1942,2018-04-20,2100,43073,563,5,5,7,1942,0,0,0,,0,5A12,"14TH ST","GAFFEY ST",0.00,,Y,A,-,N,,,,,,,,,,N,4,0,1,2,A,-,10,21950,A,N,G,B,B,A,H,-,C,A,0,Y,,,,Y,,A,01,0,0,1,0,1,0,0,0,0,"- ","- ",,,"LOS ANGELES","LOS ANGELES",-118.29237365722656,33.731540679931641
8625853,2018,2018-05-30,1942,2018-04-23,0520,32297,2071,1,5,7,1942,0,0,0,,0,20A53,"PICO BL","WESTERN AV",0.00,,Y,B,-,N,,,,,,,,,,N,3,0,1,2,A,-,10,21950,A,N,G,B,B,A,H,-,C,A,0,Y,,,,Y,,A,07,0,1,0,0,1,0,0,0,0,"- ","- ",,,"LOS ANGELES","LOS ANGELES",-118.30904388427734,34.047199249267578
8625865,2018,2018-05-31,1942,2018-04-19,1641,37556,2023,4,5,7,1942,0,0,0,,0,20A58,"5TH ST","HARVARD BL",0.00,,N,A,-,N,,,,,,,,,,N,2,0,1,2,A,-,11,21954,A,N,G,B,E,A,H,-,A,D,0,Y,,,,Y,,N,60,1,0,0,0,1,0,0,0,0,"- ","- ",,,"LOS ANGELES","LOS ANGELES",-118.30413055419922,34.065349578857422
8625878,2018,2018-05-30,1942,2018-04-12,1050,33638,0513,4,5,7,1942,0,0,0,E,0,5XL3,"NORMANDIE AV","25TH ST",0.00,,N,A,-,N,,,,,,,,,,Y,4,0,2,4,A,-,03,22350,A,N,A,B,F,A,H,-,A,D,0,Y,,,,Y,,-,,0,0,2,0,1,0,0,0,0,"- ","- ",,,"LOS ANGELES","LOS ANGELES",-118.30026245117188,34.033699035644531
8626035,2018,2018-06-04,1942,2018-05-08,1415,43166,1727,2,5,7,1942,0,0,0,Q,0,17A35,"VANALDEN AV","NASHVILLE ST",0.00,,Y,A,-,N,,,,,,,,,,N,4,0,1,2,A,-,10,21950,A,F,G,B,B,A,H,-,A,D,0,Y,,,,Y,,-,99,0,0,1,0,1,0,0,0,0,"- ","- ",,,"LOS ANGELES","LOS ANGELES",-118.5477294921875,34.268451690673828
8626503,2018,2018-06-07,1942,2018-05-17,2200,43260,2023,4,5,7,1942,0,0,0,,0,20A53,"HOBART BL","3RD ST",83.00,N,N,A,-,N,,,,,,,,,,N,3,0,1,2,A,-,11,21955,,N,G,B,D,A,H,-,C,D,0,Y,,,,Y,,N,60,0,1,0,0,1,0,0,0,0,"- ","- ",,,"LOS ANGELES","LOS ANGELES",-118.30547332763672,34.0692138671875
8626608,2018,2018-06-12,1942,2018-04-10,1015,37359,0398,2,5,7,1942,0,0,0,C,0,3A99,"40TH PL","HOOVER ST",350.00,W,N,A,-,N,,,,,,,,,,N,4,0,1,2,A,-,03,22350,,N,G,B,F,A,H,-,A,D,0,Y,,,,Y,,A,01,0,0,1,0,0,0,0,0,0,"- ","- ",,,"LOS ANGELES","LOS ANGELES",-118.2872314453125,34.010578155517578
8626906,2018,2018-05-31,1942,2018-05-11,1235,42251,1963,5,5,7,1942,0,0,0,,0,19A75,"PLUMMER ST","VAN NUYS BL",0.00,,Y,A,-,N,,,,,,,,,,N,3,0,1,2,A,-,11,21456,B,F,G,B,B,A,H,-,A,A,0,Y,,,,Y,,N,60,0,1,0,0,1,0,0,0,0,"- ","- ",,,"LOS ANGELES","LOS ANGELES",-118.45023345947266,34.242679595947266
8627394,2018,2018-06-05,1942,2018-05-17,1211,41629,0449,4,5,7,1942,0,0,0,D,0,4A59,"GANAHL ST","EVERGREEN AV",107.00,E,N,A,-,N,,,,,,,,,,Y,3,0,1,2,A,-,13,22515,A,F,G,B,E,A,H,-,A,D,0,Y,,,,Y,,A,01,0,1,0,0,1,0,0,0,0,"- ","- ",,,"LOS ANGELES","LOS ANGELES",-118.1959228515625,34.051860809326172
8627720,2018,2018-06-21,1942,2018-06-07,1515,38857,0911,4,5,7,1942,0,0,0,I,0,9A23,"ORION AV","VICTORY BL",0.00,,Y,A,-,N,,,,,,,,,,N,2,0,1,2,A,-,10,21950,A,N,G,B,B,A,H,-,A,A,0,Y,,,,Y,,D,22,1,0,0,0,1,0,0,0,0,"- ","- ",,,"LOS ANGELES","LOS ANGELES",-118.47057342529297,34.186641693115234
8627797,2018,2018-06-12,1942,2018-05-28,1105,37966,0646,1,5,7,1942,0,0,0,F,0,6A63,"VINE ST","SELMA AV",108.00,N,N,A,-,N,,,,,,,,,,N,3,0,2,2,A,-,11,21954,A,N,G,B,D,A,H,-,A,D,0,Y,,Y,,Y,,N,60,0,2,0,0,1,0,0,0,1,"- ","- ",,,"LOS ANGELES","LOS ANGELES",-118.32666778564453,34.10009765625
8628358,2018,2018-06-07,1942,2018-04-12,1320,40690,2058,4,5,7,1942,0,0,0,,0,20A69,"MAGNOLIA AV","OLYMPIC BL",320.00,N,N,A,-,N,,,,,,,,,,N,4,0,2,3,A,-,21,22106,,F,H,E,E,A,H,-,A,D,0,Y,,,,Y,,-,99,0,0,2,0,1,0,0,0,0,"- ","- ",,,"LOS ANGELES","LOS ANGELES",-118.28657531738281,34.053306579589844
8628561,2018,2018-06-13,1942,2018-05-18,1145,41629,0246,5,5,7,1942,0,0,0,B,0,2A47,"6TH ST",WESTLAKE,6.00,W,N,A,-,N,,,,,,,,,,N,3,0,1,2,A,-,12,21453,A,F,G,B,B,A,H,-,A,A,0,Y,,,,Y,,-,99,0,1,0,0,1,0,0,0,0,"- ","- ",,,"LOS ANGELES","LOS ANGELES",-118.27367401123047,34.058998107910156
8628639,2018,2018-06-14,1942,2018-05-11,0820,39010,0216,5,5,7,1942,0,0,0,B,0,2A17,"CORONADO ST","SUNSET BL",26.00,N,N,A,-,N,,,,,,,,,,N,3,0,1,2,A,-,10,21950,A,N,G,B,B,A,H,-,A,A,0,Y,,,,Y,,A,01,0,1,0,0,1,0,0,0,0,"- ","- ",,,"LOS ANGELES","LOS ANGELES",-118.26907348632812,34.079395294189453
8628656,2018,2018-06-13,1942,2018-05-15,0735,42029,,2,5,7,1942,0,0,0,,0,,"SHADYGLADE AV","WOODBRIDGE ST",290.00,N,N,A,-,N,,,,,,,,,,N,4,0,1,2,A,-,21,22106,,N,G,-,E,A,H,-,A,D,0,Y,,,,Y,,A,01,0,0,1,0,1,0,0,0,0,"- ","- ",,,"LOS ANGELES","LOS ANGELES",-118.40193939208984,34.149345397949219
8628817,2018,2018-06-21,1942,2018-06-01,0845,42565,1012,5,5,7,1942,0,0,0,J,0,10A3,"RESEDA BL","WYANDOTTE ST",8.00,S,N,A,-,N,,,,,,,,,,N,3,0,1,2,A,-,10,21950,A,N,G,B,B,A,H,-,A,A,0,Y,,,,Y,,A,01,0,1,0,0,1,0,0,0,0,"- ","- ",,,"LOS ANGELES","LOS ANGELES",-118.53604125976562,34.202926635742188
8628861,2018,2018-06-21,1942,2018-06-02,1205,42118,0399,6,5,7,1942,0,0,0,C,0,3A99,"VERNON AV","FIGUEROA ST",5.00,E,N,A,-,N,,,,,,,,,,N,4,0,1,2,A,-,10,21950,A,N,G,B,B,A,H,-,A,A,0,Y,,,,Y,,A,01,0,0,1,0,1,0,0,0,0,"- ","- ",,,"LOS ANGELES","LOS ANGELES",-118.28272247314453,34.003749847412109
8628865,2018,2018-07-17,1942,2018-06-02,2135,41977,0399,6,5,7,1942,0,0,0,C,0,25T21,"W MARTIN LUTHER KING BL","FIGUEROA ST",0.00,,N,A,-,N,,,,,,,,,,N,4,0,1,2,A,-,10,21952,,N,G,B,F,A,H,-,C,D,0,Y,,,,Y,,A,01,0,0,1,0,1,0,0,0,0,"- ","- ",,,"LOS ANGELES","LOS ANGELES",-118.28273773193359,34.011131286621094
8629956,2018,2018-06-05,1942,2018-04-11,1730,42413,0656,3,5,7,1942,0,0,0,F,0,6A76,WILLOUGHBY,COLE,90.00,W,N,A,-,N,,,,,,,,,,N,3,0,1,2,B,-,22,,,N,G,B,F,A,H,-,A,D,0,Y,,,,Y,,A,01,0,1,0,0,1,0,0,0,0,"- ","- ",,,"LOS ANGELES","LOS ANGELES",-118.33017730712891,34.087120056152344
8629964,2018,2018-06-05,1942,2018-04-10,2230,41507,0636,2,5,7,1942,0,0,0,F,0,6FB26,"CAHUENGA BL","HOLLYWOOD BL",0.00,,Y,A,-,N,,,,,,,,,,N,3,0,1,2,A,-,11,21453,D,N,G,B,B,A,H,-,C,A,0,Y,,,,Y,,N,60,0,1,0,0,1,0,0,0,0,"- ","- ",,,"LOS ANGELES","LOS ANGELES",-118.32951354980469,34.101608276367188
8629972,2018,2018-06-05,1942,2018-04-27,0815,37854,0625,5,5,7,1942,0,0,0,F,0,0615,"HIGHLAND AV","FRANKLIN AV",81.00,N,N,B,-,N,,,,,,,,,,N,3,0,1,2,B,-,22,,,N,G,B,F,A,H,-,A,D,0,Y,,,,Y,,A,01,0,1,0,0,1,0,0,0,0,"- ","- ",,,"LOS ANGELES","LOS ANGELES",-118.33810424804688,34.104267120361328
8630176,2018,2018-06-01,1942,2018-05-08,1610,40099,0171,2,5,7,1942,0,0,0,A,0,1A61,"GEORGIA ST","OLYMPIC BL",2.00,N,N,A,-,N,,,,,,,,,,N,4,0,1,2,A,-,10,21950,A,N,G,B,B,A,H,-,A,A,0,Y,,,,Y,,A,01,0,0,1,0,1,0,0,0,0,"- ","- ",,,"LOS ANGELES","LOS ANGELES",-118.26688385009766,34.045913696289062
8630353,2018,2018-06-06,1942,2018-05-09,1330,39299,1364,3,5,7,1942,0,0,0,M,0,13A9,"HOOPER AV","53RD ST",0.00,,Y,A,-,N,,,,,,,,,,N,4,0,1,2,A,-,12,21453,A,N,G,B,B,-,H,-,A,D,0,Y,,,,Y,,A,07,0,0,1,0,1,0,0,0,0,"- ","- ",,,"LOS ANGELES","LOS ANGELES",-118.25214385986328,33.994808197021484
8630369,2018,2018-06-06,1942,2018-05-07,2115,42668,0399,1,5,7,1942,0,0,0,C,0,3A74,"43RD ST","FIGUEROA ST",4.00,E,N,A,-,N,,,,,,,,,,N,4,0,1,2,A,-,12,22450,A,F,A,B,B,A,H,-,C,D,0,Y,,,,Y,,-,99,0,0,1,0,1,0,0,0,0,"- ","- ",,,"LOS ANGELES","LOS ANGELES",-118.28273010253906,34.005580902099609
8630385,2018,2018-06-06,1942,2018-05-12,0740,41747,0376,6,5,7,1942,0,0,0,C,0,3A55,"WESTERN AV","39TH ST",0.00,,Y,A,-,N,,,,,,,,,,N,2,0,1,2,A,-,10,21950,A,F,G,B,B,A,H,-,A,A,0,Y,,,,Y,,-,99,1,0,0,0,1,0,0,0,0,"- ","- ",,,"LOS ANGELES","LOS ANGELES",,
8630479,2018,2018-05-31,1942,2018-04-12,0550,43217,529,4,5,7,1942,0,0,0,,0,5A25,"E ANAHEIM ST",BANNING,12.00,N,N,A,-,N,,,,,,,,,,N,4,0,1,2,A,-,10,21950,A,F,G,B,B,A,H,-,A,A,0,Y,,,,Y,,-,99,0,0,1,0,1,0,0,0,0,"- ","- ",,,"LOS ANGELES","LOS ANGELES",-118.25727844238281,33.780250549316406
8630541,2018,2018-06-04,1942,2018-04-25,1725,33395,1117,3,5,7,1942,0,0,0,K,0,11A17,"RANGE VIEW AV","AV 49",7.00,S,N,A,-,N,,,,,,,,,,N,3,0,1,2,A,-,11,21956,A,N,G,B,D,A,H,-,A,D,0,Y,,,,Y,,N,60,0,1,0,0,1,0,0,0,0,"- ","- ",,,"LOS ANGELES","LOS ANGELES",-118.20829772949219,34.124454498291016
8630573,2018,2018-06-04,1942,2018-04-30,2235,33452,1394,1,5,7,1942,0,0,0,M,0,13A93,"EAST FLORENCE AV","SAN PEDRO ST",200.00,E,N,B,-,N,,,,,,,,,,N,3,0,2,2,A,-,11,21955,,N,G,B,D,A,H,-,C,D,0,Y,,Y,,Y,Y,N,60,0,1,1,0,1,0,0,0,1,"- ","- ",,,"LOS ANGELES","LOS ANGELES",-118.26891326904297,33.974700927734375
8630816,2018,2018-06-06,1942,2018-05-17,1020,34853,0257,4,5,7,1942,0,0,0,B,0,2A17,"UNION AV","SHATTO ST",0.00,,Y,A,-,N,,,,,,,,,,N,4,0,1,2,A,-,00,21808,A,N,G,B,D,A,H,-,A,D,0,Y,,,,Y,,A,07,0,0,1,0,1,0,0,0,0,"- ","- ",,,"LOS ANGELES","LOS ANGELES",-118.26968383789062,34.056171417236328
8631059,2018,2018-06-12,1942,2018-05-09,0915,40209,2004,3,5,7,1942,0,0,0,,0,20A13,"MELROSE AV","WESTERN AV",0.00,,Y,A,-,N,,,,,,,,,,N,4,0,1,2,A,-,10,21950,A,N,G,B,-,A,H,-,A,A,0,Y,,,,Y,,D,22,0,0,1,0,1,0,0,0,0,"- ","- ",,,"LOS ANGELES","LOS ANGELES",-118.30912780761719,34.083511352539062
8631194,2018,2018-06-07,1942,2018-05-08,1934,42819,393,2,5,7,1942,0,0,0,,0,3A15,"EDGEHILL AV","43RD ST",0.00,,Y,A,-,N,,,,,,,,,,N,4,0,1,2,A,-,12,22450,,N,G,B,B,A,H,-,A,A,0,Y,,,,Y,,A,08,0,0,1,0,1,0,0,0,0,"- ","- ",,,"LOS ANGELES","LOS ANGELES",-118.33043670654297,34.005989074707031
8631781,2018,2018-06-08,1942,2018-05-03,0935,39655,0827,4,5,7,1942,0,0,0,H,0,8A13,"GRANVILLE AV","SUNSET BL",42.00,S,N,A,-,N,,,,,,,,,,N,3,0,1,2,A,-,11,21954,A,N,G,B,D,A,H,-,A,D,0,Y,,,,Y,,N,60,0,1,0,0,1,0,0,0,0,"- ","- ",,,"LOS ANGELES","LOS ANGELES",-118.47166442871094,34.063610076904297
8633813,2018,2018-07-12,1942,2018-06-01,1820,43124,0163,5,5,7,1942,0,0,0,A,0,1A2,"8TH ST",BROADWAY,85.00,E,N,A,-,N,,,,,,,,,,N,3,0,1,2,A,-,11,21955,,N,G,B,D,A,H,-,A,D,0,Y,,,,Y,,N,60,0,1,0,0,1,0,0,0,0,"- ","- ",,,"LOS ANGELES","LOS ANGELES",-118.25450134277344,34.043571472167969
8633947,2018,2018-06-08,1942,2018-05-17,1405,40165,1792,4,5,7,1942,0,0,0,Q,0,17A81,"SHIRLEY AV","PARTHENIA ST",202.00,S,N,A,-,N,,,,,,,,,,N,3,0,1,2,A,-,05,21650,,N,G,B,E,A,H,-,A,D,0,Y,,,,Y,,A,01,0,1,0,0,1,0,0,0,0,"- ","- ",,,"LOS ANGELES","LOS ANGELES",-118.55792999267578,34.227664947509766
8634427,2018,2018-06-12,1942,2018-05-22,1400,37146,0313,2,5,7,1942,0,0,0,C,0,25T22,"CRENSHAW BL","29TH ST",200.00,N,N,A,-,N,,,,,,,,,,N,4,0,1,2,A,-,10,21950,A,F,G,B,C,A,H,-,A,D,0,Y,,,,Y,,-,99,0,0,1,0,1,0,0,0,0,"- ","- ",,,"LOS ANGELES","LOS ANGELES",,
8634431,2018,2018-06-12,1942,2018-05-29,2106,42364,0305,2,5,7,1942,0,0,0,C,0,3A31,"PALM GROVE AV","W ADAMS BL",0.00,,Y,A,-,N,,,,,,,,,,N,3,0,1,2,A,-,11,21954,A,N,G,B,D,A,H,-,C,D,0,Y,,,,Y,Y,N,60,0,1,0,0,1,0,0,0,0,"- ","- ",,,"LOS ANGELES","LOS ANGELES",-118.34506988525391,34.032539367675781
8634440,2018,2018-06-12,1942,2018-05-02,1430,42293,0503,3,5,7,1942,0,0,0,E,0,5A11,"W 253RD ST","MARIGOLD AV",20.00,W,N,A,-,N,,,,,,,,,,N,3,0,1,2,A,-,11,21954,A,F,A,B,D,A,H,-,A,D,0,Y,,,,Y,,N,60,0,1,0,0,1,0,0,0,0,"- ","- ",,,"LOS ANGELES","LOS ANGELES",-118.29603576660156,33.794731140136719
8634516,2018,2018-06-13,1942,2018-05-18,1730,40275,1144,5,5,7,1942,0,0,0,K,0,11A71,"HYPERION AV","MONON ST",9.00,W,N,A,-,N,,,,,,,,,,N,2,0,1,3,A,-,10,21950,A,F,G,B,-,A,H,-,A,A,0,Y,,,,Y,,-,99,1,0,0,0,1,0,0,0,0,"- ","- ",,,"LOS ANGELES","LOS ANGELES",-118.27189636230469,34.107944488525391
8635112,2018,2018-06-21,1942,2018-06-01,2235,40383,1515,5,5,7,1942,0,0,0,O,0,15A3,"VANOWEN ST","SIMPSON AV",57.00,W,N,A,-,N,,,,,,,,,,Y,2,0,1,2,A,-,03,22350,,N,G,B,-,A,H,-,C,D,0,Y,,,,Y,,A,07,1,0,0,0,1,0,0,0,0,"- ","- ",,,"LOS ANGELES","LOS ANGELES",-118.38916015625,34.193939208984375
8635378,2018,2018-06-25,1942,2018-05-28,1650,37952,1363,1,5,7,1942,0,0,0,M,0,13A61,"S CENTRAL AV","E 48TH ST",0.00,,Y,A,-,N,,,,,,,,,,N,4,0,1,2,A,-,10,21950,A,N,G,B,B,A,H,-,A,A,0,Y,,,,Y,,A,08,0,0,1,0,1,0,0,0,0,"- ","- ",,,"LOS ANGELES","LOS ANGELES",-118.25647735595703,34.000259399414062
8635386,2018,2018-06-25,1942,2018-05-29,0810,39010,1353,2,5,7,1942,0,0,0,M,0,13A43,"VERNON AV","AVALON BL",144.00,E,N,A,-,N,,,,,,,,,,Y,3,0,2,2,A,-,05,21460,A,N,E,I,F,A,H,-,A,A,0,Y,,,,Y,,A,01,0,1,1,0,1,0,0,0,0,"- ","- ",,,"LOS ANGELES","LOS ANGELES",-118.26479339599609,34.003868103027344
8635491,2018,2018-06-21,1942,2018-05-27,1600,42672,1207,7,5,7,1942,0,0,0,L,0,12A15,"47TH ST","WESLEY AV",0.00,,Y,A,-,N,,,,,,,,,,N,2,0,2,3,A,-,10,21950,A,N,G,B,C,A,H,-,A,D,0,Y,,,,Y,,A,01,1,1,0,0,2,0,0,0,0,"- ","- ",,,"LOS ANGELES","LOS ANGELES",-118.28780364990234,34.000568389892578
8635506,2018,2018-06-21,1942,2018-05-24,1320,38331,1361,4,5,7,1942,0,0,0,M,0,12XL59,BROADWAY,"47TH ST",0.00,,Y,B,-,N,,,,,,,,,,N,3,0,1,2,A,-,03,22349,,F,G,B,E,A,H,-,A,D,0,Y,,,,Y,Y,-,99,0,1,0,0,1,0,0,0,0,"- ","- ",,,"LOS ANGELES","LOS ANGELES",-118.27835,34.001019999999997
8635515,2018,2018-06-21,1942,2018-05-24,2120,41060,1832,4,5,7,1942,0,0,0,R,0,18A35,"108TH ST","MAIN ST",515.00,E,N,A,-,N,,,,,,,,,,N,4,0,1,2,A,-,11,21955,,N,G,B,D,A,H,-,C,D,0,Y,,,,Y,Y,N,60,0,0,1,0,1,0,0,0,0,"- ","- ",,,"LOS ANGELES","LOS ANGELES",-118.27388000488281,33.938301086425781
8635520,2018,2018-06-25,1942,2018-05-20,0235,43116,1258,7,5,7,1942,0,0,0,L,0,12A39,BROADWAY,"79TH ST",0.00,,Y,B,-,N,,,,,,,,,,N,2,0,1,2,A,-,10,21950,,F,G,B,B,A,H,-,C,A,0,Y,,,,Y,,-,99,1,0,0,0,1,0,0,0,0,"- ","- ",,,"LOS ANGELES","LOS ANGELES",-118.2783,33.967880000000001
8636494,2018,2018-06-20,1942,2018-06-01,1913,41223,397,5,5,7,1942,0,0,0,,0,3A57,"MARTIN LUTHER KING BL","BUDLONG AV",250.00,E,N,A,-,N,,,,,,,,,,N,4,0,1,2,A,-,11,21956,A,N,A,B,D,A,H,-,B,D,0,Y,,,,Y,Y,N,60,0,0,1,0,1,0,0,0,0,"- ","- ",,,"LOS ANGELES","LOS ANGELES",-118.29507446289062,34.010871887207031