CASE_ID,ACCIDENT_YEAR,PROC_DATE,JURIS,COLLISION_DATE,COLLISION_TIME,OFFICER_ID,REPORTING_DISTRICT,DAY_OF_WEEK,CHP_SHIFT,POPULATION,CNTY_CITY_LOC,SPECIAL_COND,BEAT_TYPE,CHP_BEAT_TYPE,CITY_DIVISION_LAPD,CHP_BEAT_CLASS,BEAT_NUMBER,PRIMARY_RD,SECONDARY_RD,DISTANCE,DIRECTION,INTERSECTION,WEATHER_1,WEATHER_2,STATE_HWY_IND,CALTRANS_COUNTY,CALTRANS_DISTRICT,STATE_ROUTE,ROUTE_SUFFIX,POSTMILE_PREFIX,POSTMILE,LOCATION_TYPE,RAMP_INTERSECTION,SIDE_OF_HWY,TOW_AWAY,COLLISION_SEVERITY,NUMBER_KILLED,NUMBER_INJURED,PARTY_COUNT,PRIMARY_COLL_FACTOR,PCF_CODE_OF_VIOL,PCF_VIOL_CATEGORY,PCF_VIOLATION,PCF_VIOL_SUBSECTION,HIT_AND_RUN,TYPE_OF_COLLISION,MVIW,PED_ACTION,ROAD_SURFACE,ROAD_COND_1,ROAD_COND_2,LIGHTING,CONTROL_DEVICE,CHP_ROAD_TYPE,PEDESTRIAN_ACCIDENT,BICYCLE_ACCIDENT,MOTORCYCLE_ACCIDENT,TRUCK_ACCIDENT,NOT_PRIVATE_PROPERTY,ALCOHOL_INVOLVED,STWD_VEHTYPE_AT_FAULT,CHP_VEHTYPE_AT_FAULT,COUNT_SEVERE_INJ,COUNT_VISIBLE_INJ,COUNT_COMPLAINT_PAIN,COUNT_PED_KILLED,COUNT_PED_INJURED,COUNT_BICYCLIST_KILLED,COUNT_BICYCLIST_INJURED,COUNT_MC_KILLED,COUNT_MC_INJURED,PRIMARY_RAMP,SECONDARY_RAMP,LATITUDE,LONGITUDE,COUNTY,CITY,POINT_X,POINT_Y
8637099,2018,2018-06-26,1942,2018-06-10,1620,37059,0159,7,5,7,1942,0,0,0,A,0,1A29,"7TH ST","ALAMEDA ST",16.00,E,N,A,-,N,,,,,,,,,,N,3,0,1,2,A,-,10,21950,A,N,G,B,B,A,H,-,A,A,0,Y,,,,Y,,D,22,0,1,0,0,1,0,0,0,0,"- ","- ",,,"LOS ANGELES","LOS ANGELES",-118.23858642578125,34.035037994384766
8637530,2018,2018-06-20,1942,2018-05-27,1730,40275,0231,7,5,7,1942,0,0,0,B,0,2A12,"COUNCIL ST","RENO ST",225.00,E,N,A,-,N,,,,,,,,,,N,4,0,1,2,A,-,21,22106,,F,G,B,E,A,H,-,A,D,0,Y,,,,Y,,-,99,0,0,1,0,1,0,0,0,0,"- ","- ",,,"LOS ANGELES","LOS ANGELES",-118.27967834472656,34.072639465332031
8637550,2018,2018-06-20,1942,2018-05-26,1710,39299,1372,6,5,7,1942,0,0,0,M,0,13A9,"55TH ST","MAIN ST",1000.00,E,N,A,-,N,,,,,,,,,,N,3,0,1,3,A,-,21,22106,,F,D,C,E,A,H,-,A,D,0,Y,,,,Y,,-,99,0,1,0,0,1,0,0,0,0,"- ","- ",,,"LOS ANGELES","LOS ANGELES",-118.27394104003906,33.992420196533203
8637610,2018,2018-06-22,1942,2018-05-10,2220,38801,"LOS A",4,5,7,1942,0,0,0,,0,7A26,"COCHRAN AV","WILSHIRE BL",0.00,,Y,A,-,N,,,,,,,,,,N,4,0,1,2,A,-,10,21950,A,N,G,B,B,A,H,-,C,A,0,Y,,,,Y,,-,"- ",0,0,1,0,1,0,0,0,0,"- ","- ",,,"LOS ANGELES","LOS ANGELES",-118.34719848632812,34.062278747558594
8637625,2018,2018-06-18,1942,2018-05-27,2115,40947,2063,7,5,7,1942,0,0,0,,0,20A34,"WESTERN AV","HARRINGTON AV",80.00,N,N,A,-,N,,,,,,,,,,N,4,0,1,2,A,-,11,21954,A,N,G,B,E,A,-,-,C,D,0,Y,,,,Y,Y,N,60,0,0,1,0,1,0,0,0,0,"- ","- ",,,"LOS ANGELES","LOS ANGELES",-118.30905151367188,34.050140380859375
8637629,2018,2018-06-18,1942,2018-05-24,0815,43309,2054,4,5,7,1942,0,0,0,,0,20A45,"JAMES M WOOD BL",HARVARD,0.00,,Y,B,-,N,,,,,,,,,,N,4,0,1,2,A,-,10,21950,A,N,G,B,B,B,-,-,A,A,0,Y,,,,Y,,A,01,0,0,1,0,1,0,0,0,0,"- ","- ",,,"LOS ANGELES","LOS ANGELES",-118.30417,34.055869999999999
8637661,2018,2018-06-18,1942,2018-05-04,1000,31573,0763,5,5,7,1942,0,0,0,G,0,7A53,"FAIRFAX AV","SATURN ST",8.00,N,N,A,-,N,,,,,,,,,,N,3,0,1,2,A,-,10,21950,A,N,G,B,B,A,H,-,A,A,0,Y,,,,Y,,A,01,0,1,0,0,1,0,0,0,0,"- ","- ",,,"LOS ANGELES","LOS ANGELES",-118.36701965332031,34.049659729003906
8637669,2018,2018-06-19,1942,2018-05-03,1215,31465,0774,4,5,7,1942,0,0,0,G,0,7A85,"LA BREA AV","VENICE BL",10.00,N,N,A,-,N,,,,,,,,,,N,4,0,1,2,A,-,10,21950,A,N,G,B,B,A,H,-,A,A,0,Y,,,,Y,,-,"- ",0,0,1,0,1,0,0,0,0,"- ","- ",,,"LOS ANGELES","LOS ANGELES",-118.34542846679688,34.045894622802734
8638417,2018,2018-06-20,1942,2018-06-06,1505,37146,0379,3,5,7,1942,0,0,0,C,0,25TL22,"BROWNING BL","VERMONT AV",15.00,W,N,A,-,N,,,,,,,,,,N,4,0,1,2,A,-,10,21950,A,F,G,B,B,A,H,-,A,A,0,Y,,,,Y,,-,99,0,0,1,0,1,0,0,0,0,"- ","- ",,,"LOS ANGELES","LOS ANGELES",-118.29158782958984,34.012100219726562
8638433,2018,2018-06-20,1942,2018-06-03,1745,43271,0321,7,5,7,1942,0,0,0,C,0,3A31,"RODEO RD","RIDGELEY DR",0.00,,Y,A,-,N,,,,,,,,,,Y,4,0,1,2,A,-,10,21950,A,N,G,B,B,A,H,-,A,D,0,Y,,,,Y,,A,01,0,0,1,0,1,0,0,0,0,"- ","- ",,,"LOS ANGELES","LOS ANGELES",-118.36466217041016,34.021568298339844
8639617,2018,2018-06-25,1942,2018-05-27,0105,42856,0291,7,5,7,1942,0,0,0,B,0,2A39,"PICO BL","ALVARADO ST",0.00,,Y,A,-,N,,,,,,,,,,N,2,0,1,2,A,-,11,21456,B,N,G,B,B,A,H,-,C,A,0,Y,,,,Y,,N,60,1,0,0,0,1,0,0,0,0,"- ","- ",,,"LOS ANGELES","LOS ANGELES",-118.28267669677734,34.047260284423828
8639814,2018,2018-07-09,1942,2018-03-18,1310,39497,1239,7,5,7,1942,0,0,0,L,0,12A51,"60TH PL","BUDLONG AV",0.00,,N,A,-,N,,,,,,,,,,Y,3,0,1,2,A,-,10,21954,,N,G,B,D,A,H,-,A,D,0,Y,,,,Y,,N,60,0,1,0,0,1,0,0,0,0,"- ","- ",,,"LOS ANGELES","LOS ANGELES",-118.29586791992188,33.985019683837891
8640092,2018,2018-08-06,1942,2018-05-05,1245,43195,0904,6,5,7,1942,0,0,0,I,0,9A5,"SATICOY ST","BURNET AV",119.00,E,N,A,-,N,,,,,,,,,,N,2,0,1,2,A,-,11,21954,A,N,G,-,D,A,H,-,A,D,0,Y,,,,Y,,N,60,1,0,0,0,1,0,0,0,0,"- ","- ",,,"LOS ANGELES","LOS ANGELES",-118.46363067626953,34.208469390869141
8640403,2018,2018-06-27,1942,2018-05-25,2000,30083,0161,5,5,7,1942,0,0,0,A,0,1A61,"W 8TH ST","FRANCISCO ST",0.00,,Y,A,-,N,,,,,,,,,,N,4,0,2,3,A,-,11,21456,B,N,G,B,B,A,H,-,C,D,0,Y,,,,Y,,N,60,0,0,2,0,2,0,0,0,0,"- ","- ",,,"LOS ANGELES","LOS ANGELES",-118.26271057128906,34.048709869384766
8640945,2018,2018-06-29,1942,2018-06-04,1810,42684,1517,1,5,7,1942,0,0,0,O,0,15A44,"KITTRIDGE ST","VINELAND AV",25.00,W,N,A,-,N,,,,,,,,,,N,4,0,1,2,A,-,09,21804,A,N,G,B,F,A,H,-,A,D,0,Y,,,,Y,,A,01,0,0,1,0,1,0,0,0,0,"- ","- ",,,"LOS ANGELES","LOS ANGELES",-118.37041473388672,34.190292358398438
8641729,2018,2018-06-22,1942,2018-06-01,0940,38835,1985,5,5,7,1942,0,0,0,,0,19A93,"TOBIAS AV","CHASE ST",0.00,,Y,A,-,N,,,,,,,,,,N,4,0,2,3,A,-,10,21950,A,N,G,B,B,A,H,-,A,D,0,Y,,,,Y,,A,07,0,0,2,0,2,0,0,0,0,"- ","- ",,,"LOS ANGELES","LOS ANGELES",-118.45168304443359,34.224750518798828
8641789,2018,2018-06-22,1942,2018-06-11,1740,39779,0926,1,5,7,1942,0,0,0,I,0,9A19,"VANOWEN ST","CALHOUN AV",60.00,W,N,A,-,N,,,,,,,,,,N,3,0,1,2,A,-,10,21952,,F,G,B,F,A,H,-,A,D,0,Y,,,,Y,,-,99,0,1,0,0,1,0,0,0,0,"- ","- ",,,"LOS ANGELES","LOS ANGELES",-118.44236755371094,34.193939208984375
8641850,2018,2018-06-25,1942,2018-05-17,1930,34216,1025,4,5,7,1942,0,0,0,J,0,10A17,"SHERMAN WY",ETIWANDA,0.00,,Y,A,-,N,,,,,,,,,,N,4,0,1,2,A,-,10,21950,A,F,C,B,B,A,H,-,B,A,0,Y,,,,Y,Y,-,99,0,0,1,0,1,0,0,0,0,"- ","- ",,,"LOS ANGELES","LOS ANGELES",-118.53167724609375,34.201179504394531
8642830,2018,2018-06-29,1942,2018-05-30,1630,41376,0646,3,5,7,1942,0,0,0,F,0,6TL4,"VINE ST","HOLLYWOOD BL",185.00,S,N,A,-,N,,,,,,,,,,N,4,0,1,2,A,-,09,21804,A,F,G,B,F,A,H,-,A,D,0,Y,,,,Y,,-,99,0,0,1,0,1,0,0,0,0,"- ","- ",,,"LOS ANGELES","LOS ANGELES",-118.32665252685547,34.101093292236328
8642870,2018,2018-06-29,1942,2018-04-28,1905,42656,1494,6,5,7,1942,0,0,0,N,0,14A97,"WORLD WY","WEST WY",770.00,E,N,A,-,N,,,,,,,,,,N,4,0,1,2,A,-,11,21453,D,N,G,B,B,A,H,-,A,A,0,Y,,,,Y,Y,N,60,0,0,1,0,1,0,0,0,0,"- ","- ",,,"LOS ANGELES","LOS ANGELES",-118.40354156494141,33.945087432861328
8643612,2018,2018-07-03,1942,2018-05-06,1900,42420,0852,7,5,7,1942,0,0,0,H,0,8A53,"STONER AV","SANTA MONICA BL",40.00,S,N,A,-,N,,,,,,,,,,N,4,0,1,2,A,-,10,21952,,F,G,B,F,A,H,-,A,A,0,Y,,,,Y,,-,99,0,0,1,0,1,0,0,0,0,"- ","- ",,,"LOS ANGELES","LOS ANGELES",-118.45705413818359,34.043190002441406
8643760,2018,2018-06-28,1942,2018-06-09,0840,38273,1756,6,5,7,1942,0,0,0,Q,0,17A49,"ANDASOL AV","MAYALL ST",5.00,S,N,A,-,N,,,,,,,,,,N,2,0,1,2,A,-,10,21950,A,N,G,B,B,A,H,-,A,A,0,Y,,,,Y,,A,01,1,0,0,0,1,0,0,0,0,"- ","- ",,,"LOS ANGELES","LOS ANGELES",-118.51329803466797,34.253917694091797
8644566,2018,2018-06-29,1942,2018-04-15,1140,36865,0509,7,5,7,1942,0,0,0,E,0,5A15,"WESTERN AV","204TH ST",16.00,N,N,A,-,N,,,,,,,,,,N,3,0,1,2,A,-,10,21950,A,N,G,B,B,A,H,-,A,D,0,Y,,,,Y,,A,01,0,1,0,0,1,0,0,0,0,"- ","- ",,,"LOS ANGELES","LOS ANGELES",,
8644790,2018,2018-06-27,1942,2018-05-30,2030,40235,0831,3,5,7,1942,0,0,0,H,0,6T7,"SAN VICENTE BL","W BUNDY DR",200.00,,N,A,-,N,,,,,,,,,,N,3,0,1,2,A,-,11,21954,A,N,G,B,D,A,H,-,D,D,0,Y,,,,Y,,N,60,0,1,0,0,1,0,0,0,0,"- ","- ",,,"LOS ANGELES","LOS ANGELES",-118.47451019287109,34.05194091796875
8644804,2018,2018-06-27,1942,2018-06-03,0800,38262,2027,7,5,7,1942,0,0,0,,0,20A45,"5TH ST","VERMONT AV",0.00,,Y,A,-,N,,,,,,,,,,N,3,0,1,2,A,-,10,21950,A,N,G,B,B,A,H,-,A,A,0,Y,,,,Y,,A,01,0,1,0,0,1,0,0,0,0,"- ","- ",,,"LOS ANGELES","LOS ANGELES",-118.29165649414062,34.065410614013672
8644808,2018,2018-06-27,1942,2018-06-03,0200,43208,2036,7,5,7,1942,0,0,0,,0,20A71,"CATALINA ST","7TH ST",0.00,S,N,A,-,N,,,,,,,,,,N,4,0,3,4,A,-,12,22450,A,F,G,B,F,A,H,-,C,A,0,Y,,,,Y,Y,-,99,0,0,3,0,3,0,0,0,0,"- ","- ",,,"LOS ANGELES","LOS ANGELES",-118.29541015625,34.059761047363281
8644832,2018,2018-06-27,1942,2018-06-01,1635,37468,2027,5,5,7,1942,0,0,0,,0,20A16,"NEW HAMPSHIRE AV","WILSHIRE BL",200.00,N,N,A,-,N,,,,,,,,,,N,3,0,1,2,A,-,11,21955,,N,G,B,D,A,-,-,A,D,0,Y,,,,Y,,N,60,0,1,0,0,1,0,0,0,0,"- ","- ",,,"LOS ANGELES","LOS ANGELES",-118.29290008544922,34.062339782714844
8645001,2018,2018-07-06,1942,2018-06-05,1605,36298,1961,2,5,7,1942,0,0,0,,0,19A6,"SEPULVEDA BL","PARTHENIA ST",0.00,,Y,A,-,N,,,,,,,,,,Y,4,0,2,3,A,-,09,21801,A,N,D,C,F,A,H,-,A,A,0,Y,,,,Y,,A,01,0,0,2,0,1,0,0,0,0,"- ","- ",,,"LOS ANGELES","LOS ANGELES",-118.46765899658203,34.228271484375
8645041,2018,2018-07-03,1942,2018-06-06,2100,42664,1506,3,5,7,1942,0,0,0,O,0,15A27,"VINELAND AV","CANTLAY ST",25.00,N,N,A,-,N,,,,,,,,,,N,4,0,1,2,A,-,11,21950,B,N,G,B,D,A,-,-,C,D,0,Y,,,,Y,,N,60,0,0,1,0,1,0,0,0,0,"- ","- ",,,"LOS ANGELES","LOS ANGELES",-118.37030792236328,34.202407836914062
8645101,2018,2018-07-03,1942,2018-06-13,1430,37686,2146,3,5,7,1942,0,0,0,,0,21A57,"SHERMAN WY","ALABAMA AV",5.00,E,N,A,-,N,,,,,,,,,,N,3,0,1,2,A,-,10,21950,A,N,G,B,B,A,H,-,A,D,0,Y,,,,Y,,A,01,0,1,0,0,1,0,0,0,0,"- ","- ",,,"LOS ANGELES","LOS ANGELES",-118.59900665283203,34.201030731201172
8645110,2018,2018-06-29,1942,2018-06-04,1905,39229,1599,1,5,7,1942,0,0,0,O,0,15A21,"CAHUENGA BL W","REGAL PL",330.00,E,N,A,-,N,,,,,,,,,,N,3,0,1,2,A,-,11,21954,A,N,G,B,D,A,H,-,B,A,0,Y,,,,Y,,N,60,0,1,0,0,1,0,0,0,0,"- ","- ",,,"LOS ANGELES","LOS ANGELES",-118.36009216308594,34.134613037109375
8645194,2018,2018-06-29,1942,2018-06-01,1300,39192,2157,5,5,7,1942,0,0,0,,0,21A57,"LURILINE AV","VANOWEN ST",10.00,S,N,A,-,N,,,,,,,,,,N,3,0,1,2,A,-,10,21950,A,N,G,B,B,A,H,-,A,D,0,Y,,,,Y,,A,07,0,1,0,0,1,0,0,0,0,"- ","- ",,,"LOS ANGELES","LOS ANGELES",-118.58383941650391,34.193740844726562
8645380,2018,2018-07-10,1942,2018-06-17,2300,42809,1827,7,5,7,1942,0,0,0,R,0,18X4,"97TH ST","HICKORY ST",20.00,E,N,A,-,N,,,,,,,,,,N,4,0,1,2,C,-,18,,,F,G,B,E,A,H,-,C,D,0,Y,,,,Y,,-,"- ",0,0,1,0,1,0,0,0,0,"- ","- ",,,"LOS ANGELES","LOS ANGELES",-118.23511505126953,33.948223114013672
8645704,2018,2018-07-18,1942,2018-05-28,1015,37411,341,1,5,7,1942,0,0,0,,0,3A41,"RODEO RD","LA BREA AV",0.00,,Y,A,-,N,,,,,,,,,,N,4,0,1,2,A,-,10,21950,A,N,A,B,B,A,H,-,A,A,0,Y,,,,Y,,D,22,0,0,1,0,1,0,0,0,0,"- ","- ",,,"LOS ANGELES","LOS ANGELES",-118.35561370849609,34.021530151367188
8647375,2018,2018-07-09,1942,2018-06-19,1550,40972,2143,2,5,7,1942,0,0,0,,0,21A43,"FALLBROOK AV","VICTORY BL",80.00,N,N,A,-,N,,,,,,,,,,N,4,0,1,2,A,-,11,21456,B,N,G,B,D,A,H,-,A,A,0,Y,,,,Y,,N,60,0,0,1,0,1,0,0,0,0,"- ","- ",,,"LOS ANGELES","LOS ANGELES",-118.62339019775391,34.186679840087891
8648020,2018,2020-05-26,1942,2018-05-22,2305,37575,0659,2,5,7,1942,0,0,0,F,0,,"SUNSET BL","WINONA BL",61.00,E,N,A,-,N,,,,,,,,,,N,1,1,0,2,A,-,10,21950,A,F,G,B,B,A,H,-,C,D,0,Y,,,,Y,Y,-,99,0,0,0,1,0,0,0,0,0,"- ","- ",,,"LOS ANGELES","LOS ANGELES",-118.30197143554688,34.098121643066406
8648023,2018,2020-05-26,1942,2018-06-15,2105,42338,1827,5,5,7,1942,0,0,0,R,0,18A26,"E CENTURY BL","BEACH ST",22.00,E,N,A,-,N,,,,,,,,,,N,1,1,0,2,A,-,11,21954,A,N,G,B,E,A,H,-,C,D,0,Y,,,,Y,Y,N,60,0,0,0,1,0,0,0,0,0,"- ","- ",,,"LOS ANGELES","LOS ANGELES",-118.2418212890625,33.945697784423828
8648062,2018,2020-05-21,1942,2018-06-14,0435,41911,1245,4,5,7,1942,0,0,0,L,0,12A45,"W FLORENCE AV","KANSAS AV",50.00,W,N,A,-,N,,,,,,,,,,Y,1,1,0,2,A,-,11,21953,,N,-,B,D,-,H,-,C,D,0,Y,,,,Y,,N,60,0,0,0,1,0,0,0,0,0,"- ","- ",,,"LOS ANGELES","LOS ANGELES",-118.29386138916016,33.974609375
8648138,2018,2020-05-26,1942,2018-07-20,0130,40325,0236,5,5,7,1942,0,0,0,B,0,2A56,"W 3RD ST","WESTLAKE AV",136.00,W,N,A,-,N,,,,,,,,,,N,1,1,0,2,A,-,11,21954,A,N,G,B,D,A,H,-,C,A,0,Y,,,,Y,Y,N,60,0,0,0,1,0,0,0,0,0,"- ","- ",,,"LOS ANGELES","LOS ANGELES",-118.27186584472656,34.062610626220703
8648150,2018,2018-10-29,1942,2018-08-17,1935,40157,0769,5,5,7,1942,0,0,0,G,0,7T23,"PICO BL","4TH AV",10.00,W,N,A,-,N,,,,,,,,,,N,1,1,0,2,A,-,10,21950,A,N,G,B,B,A,H,-,C,A,0,Y,,,,Y,,A,01,0,0,0,1,0,0,0,0,0,"- ","- ",,,"LOS ANGELES","LOS ANGELES",-118.32134246826172,34.047344207763672
8648153,2018,2019-06-24,1942,2018-08-28,2325,33504,0911,2,5,7,1942,0,0,0,I,0,9A23,"SEPULVEDA BL","VANOWEN ST",19.00,N,N,A,-,N,,,,,,,,,,N,1,1,0,2,A,-,11,21453,D,N,G,B,B,A,H,-,C,A,0,Y,,,,Y,,N,60,0,0,0,1,0,0,0,0,0,"- ","- ",,,"LOS ANGELES","LOS ANGELES",-118.46617889404297,34.193973541259766
8648196,2018,2020-05-22,1942,2018-09-12,2125,39217,1532,3,5,7,1942,0,0,0,O,0,15A33,"VICTORY BL","WILKINSON AV",286.00,E,N,A,-,N,,,,,,,,,,N,1,1,0,2,A,-,02,21654,A,F,-,B,D,-,H,-,C,A,0,Y,,,,Y,,N,60,0,0,0,1,0,0,0,0,0,"- ","- ",,,"LOS ANGELES","LOS ANGELES",-118.40322875976562,34.186687469482422
8648303,2018,2020-05-26,1942,2018-10-13,2250,40209,2026,6,5,7,1942,0,0,0,,0,20A25,"3RD ST","BERENDO ST",0.00,,Y,A,-,N,,,,,,,,,,Y,1,1,1,2,A,-,11,21954,A,N,G,B,D,A,H,-,C,D,0,Y,,,,Y,Y,N,60,0,0,1,1,0,0,0,0,0,"- ","- ",,,"LOS ANGELES","LOS ANGELES",-118.29415130615234,34.069049835205078
8648352,2018,2020-05-26,1942,2018-09-30,0045,33452,0467,7,5,7,1942,0,0,0,D,0,4A71,"E 1ST ST","FICKETT ST",12.00,E,N,A,-,N,,,,,,,,,,N,1,1,0,2,A,-,11,21950,B,N,G,B,B,A,H,-,C,D,0,Y,,,,Y,Y,-,"- ",0,0,0,1,0,0,0,0,0,"- ","- ",,,"LOS ANGELES","LOS ANGELES",-118.20726776123047,34.0426025390625
8648382,2018,2018-12-10,1942,2018-11-13,0730,34370,0326,2,5,7,1942,0,0,0,C,0,25MQ11,"28TH ST","BUDLONG AV",9.00,E,N,A,-,N,,,,,,,,,,N,1,1,0,2,A,-,10,21950,A,F,G,B,B,A,H,-,A,A,0,Y,,,,Y,,A,07,0,0,0,1,0,0,0,0,0,"- ","- ",,,"LOS ANGELES","LOS ANGELES",-118.29586029052734,34.029571533203125
8648528,2018,2020-05-22,1942,2018-12-16,1700,42565,1999,7,5,7,1942,0,0,0,,0,19A93,"ROSCOE BL","VENTURA CANYON AV",0.00,,Y,A,-,N,,,,,,,,,,N,1,1,0,2,A,-,11,21950,B,N,G,B,B,A,H,-,B,B,0,Y,,,,Y,,N,60,0,0,0,1,0,0,0,0,0,"- ","- ",,,"LOS ANGELES","LOS ANGELES",-118.42881011962891,34.221668243408203
8648594,2018,2019-02-14,1942,2018-11-18,1710,34426,0459,7,5,7,1942,0,0,0,D,0,4A59,"N EVERGREEN AV","FAIRMOUNT ST",0.00,,Y,A,-,N,,,,,,,,,,N,1,1,0,2,A,-,10,21950,A,N,G,B,B,A,H,-,C,A,0,Y,,,,Y,,A,01,0,0,0,1,0,0,0,0,0,"- ","- ",,,"LOS ANGELES","LOS ANGELES",-118.19699096679688,34.048988342285156
8649014,2018,2018-07-20,1942,2018-06-01,1900,41435,1599,5,5,7,1942,0,0,0,O,0,15A67,"CAHUENGA BL","REGAL PL",240.00,E,N,A,-,N,,,,,,,,,,N,4,0,1,2,A,-,11,21954,A,N,G,B,D,A,H,-,A,D,0,Y,,,,Y,,N,60,0,0,1,0,1,0,0,0,0,"- ","- ",,,"LOS ANGELES","LOS ANGELES",-118.36037445068359,34.134693145751953
8649818,2018,2018-09-06,1942,2018-08-06,1315,39103,0162,1,5,7,1942,0,0,0,A,0,1X32W4,"FIGUEROA ST","8TH PL",0.00,,Y,A,-,N,,,,,,,,,,N,3,0,1,2,A,-,11,21950,B,N,G,B,B,A,H,-,A,A,0,Y,,,,Y,,N,60,0,1,0,0,1,0,0,0,0,"- ","- ",,,"LOS ANGELES","LOS ANGELES",-118.26228332519531,34.046798706054688
8650420,2018,2018-09-18,1942,2018-08-09,1516,34426,0111,4,5,7,1942,0,0,0,A,0,1A1,BROADWAY,"COLLEGE ST",160.00,E,N,A,-,N,,,,,,,,,,N,4,0,1,3,C,-,18,,,N,G,-,E,A,H,-,A,D,0,Y,,,,Y,,-,"- ",0,0,1,0,1,0,0,0,0,"- ","- ",,,"LOS ANGELES","LOS ANGELES",-118.23726654052734,34.064430236816406
8650468,2018,2018-09-11,1942,2018-07-31,1330,40690,2063,2,5,7,1942,0,0,0,,0,20A53,"S WESTERN AV","11TH ST",20.00,S,N,A,-,N,,,,,,,,,,N,3,0,1,2,A,-,11,21954,A,N,G,B,D,A,H,-,A,A,0,Y,,,,Y,,N,60,0,1,0,0,1,0,0,0,0,"- ","- ",,,"LOS ANGELES","LOS ANGELES",-118.30905914306641,34.050754547119141
8650937,2018,2018-10-10,1942,2018-07-18,1310,33294,1596,3,5,7,1942,0,0,0,O,0,15A85,"VENTURA BL","WILLOWCREST AV",0.00,,Y,A,-,N,,,,,,,,,,N,3,0,1,2,A,-,10,21950,A,N,G,B,B,A,H,-,A,A,0,Y,,,,Y,,A,01,0,1,0,0,1,0,0,0,0,"- ","- ",,,"LOS ANGELES","LOS ANGELES",-118.36408996582031,34.137901306152344
8653540,2018,2018-07-06,1942,2018-06-17,2115,36733,1523,7,5,7,1942,0,0,0,O,0,15A33,"OXNARD ST","GOODLAND AV",265.00,E,N,A,-,N,,,,,,,,,,N,2,0,1,2,A,-,11,21954,A,F,G,B,D,A,H,-,C,D,0,Y,,,,Y,,N,60,1,0,0,0,1,0,0,0,0,"- ","- ",,,"LOS ANGELES","LOS ANGELES",-118.41072845458984,34.179409027099609
8653576,2018,2018-07-06,1942,2018-06-25,1840,39048,1995,1,5,7,1942,0,0,0,,0,19A93,"LANARK ST","WILLIS AV",7.00,E,N,A,-,N,,,,,,,,,,N,4,0,1,2,A,-,10,21950,A,N,G,B,B,A,H,-,A,A,0,Y,,,,Y,,A,08,0,0,1,0,1,0,0,0,0,"- ","- ",,,"LOS ANGELES","LOS ANGELES",-118.45527648925781,34.217910766601562
8653773,2018,2018-07-09,1942,2018-06-11,1935,40105,1832,1,5,7,1942,0,0,0,R,0,18A41,"S FIGUEROA ST","W 108TH ST",0.00,,Y,A,-,N,,,,,,,,,,N,3,0,1,2,A,-,10,21950,A,F,G,B,B,A,H,-,C,A,0,Y,,,,Y,,-,99,0,1,0,0,1,0,0,0,0,"- ","- ",,,"LOS ANGELES","LOS ANGELES",-118.28260803222656,33.938251495361328
8653790,2018,2018-07-10,1942,2018-06-12,2230,40543,1245,2,5,7,1942,0,0,0,L,0,12A45,"VERMONT AV","FLORENCE AV",5.00,S,N,A,-,N,,,,,,,,,,N,4,0,1,2,A,-,10,21950,A,N,G,B,B,A,H,-,C,A,0,Y,,,,Y,,A,01,0,0,1,0,1,0,0,0,0,"- ","- ",,,"LOS ANGELES","LOS ANGELES",-118.29174041748047,33.974617004394531
8653856,2018,2018-08-07,1942,2018-06-19,1930,38025,1835,2,5,7,1942,0,0,0,R,0,18A35,"S CENTRAL AV","105TH ST",47.00,N,N,A,-,N,,,,,,,,,,Y,2,0,1,4,A,-,21,22106,,N,D,C,E,A,H,-,A,D,0,Y,,,,Y,,A,01,1,0,0,0,1,0,0,0,0,"- ","- ",,,"LOS ANGELES","LOS ANGELES",-118.25415802001953,33.941070556640625
8653912,2018,2018-07-12,1942,2018-06-08,1130,34332,0142,5,5,7,1942,0,0,0,A,0,1A41,"HOPE PL","GRAND AV",0.00,,Y,A,-,N,,,,,,,,,,N,4,0,1,2,A,-,10,21950,A,N,G,-,B,A,H,-,A,A,0,Y,,,,Y,,A,01,0,0,1,0,1,0,0,0,0,"- ","- ",,,"LOS ANGELES","LOS ANGELES",-118.25331115722656,34.050811767578125
8654284,2018,2018-07-18,1942,2018-06-22,1215,41512,1567,5,5,7,1942,0,0,0,O,0,15A68,"LANKERSHIM BL",MOORPARK,0.00,,Y,A,-,N,,,,,,,,,,Y,3,0,1,2,A,-,10,21950,A,N,A,B,B,A,H,-,A,A,0,Y,,,,Y,,A,01,0,1,0,0,1,0,0,0,0,"- ","- ",,,"LOS ANGELES","LOS ANGELES",-118.36586761474609,34.150379180908203
8654977,2018,2018-07-20,1942,2018-05-30,0945,43257,0447,3,5,7,1942,0,0,0,D,0,4A97,"EASTLAKE AV",ALCAZAR,312.00,N,N,B,-,N,,,,,,,,,,N,4,0,1,2,A,-,05,21650,,F,G,B,E,A,H,-,A,D,0,Y,,,,Y,,-,99,0,0,1,0,1,0,0,0,0,"- ","- ",,,"LOS ANGELES","LOS ANGELES",-118.20641326904297,34.064231872558594