CASE_ID,ACCIDENT_YEAR,PROC_DATE,JURIS,COLLISION_DATE,COLLISION_TIME,OFFICER_ID,REPORTING_DISTRICT,DAY_OF_WEEK,CHP_SHIFT,POPULATION,CNTY_CITY_LOC,SPECIAL_COND,BEAT_TYPE,CHP_BEAT_TYPE,CITY_DIVISION_LAPD,CHP_BEAT_CLASS,BEAT_NUMBER,PRIMARY_RD,SECONDARY_RD,DISTANCE,DIRECTION,INTERSECTION,WEATHER_1,WEATHER_2,STATE_HWY_IND,CALTRANS_COUNTY,CALTRANS_DISTRICT,STATE_ROUTE,ROUTE_SUFFIX,POSTMILE_PREFIX,POSTMILE,LOCATION_TYPE,RAMP_INTERSECTION,SIDE_OF_HWY,TOW_AWAY,COLLISION_SEVERITY,NUMBER_KILLED,NUMBER_INJURED,PARTY_COUNT,PRIMARY_COLL_FACTOR,PCF_CODE_OF_VIOL,PCF_VIOL_CATEGORY,PCF_VIOLATION,PCF_VIOL_SUBSECTION,HIT_AND_RUN,TYPE_OF_COLLISION,MVIW,PED_ACTION,ROAD_SURFACE,ROAD_COND_1,ROAD_COND_2,LIGHTING,CONTROL_DEVICE,CHP_ROAD_TYPE,PEDESTRIAN_ACCIDENT,BICYCLE_ACCIDENT,MOTORCYCLE_ACCIDENT,TRUCK_ACCIDENT,NOT_PRIVATE_PROPERTY,ALCOHOL_INVOLVED,STWD_VEHTYPE_AT_FAULT,CHP_VEHTYPE_AT_FAULT,COUNT_SEVERE_INJ,COUNT_VISIBLE_INJ,COUNT_COMPLAINT_PAIN,COUNT_PED_KILLED,COUNT_PED_INJURED,COUNT_BICYCLIST_KILLED,COUNT_BICYCLIST_INJURED,COUNT_MC_KILLED,COUNT_MC_INJURED,PRIMARY_RAMP,SECONDARY_RAMP,LATITUDE,LONGITUDE,COUNTY,CITY,POINT_X,POINT_Y
8655007,2018,2018-07-18,1942,2018-06-12,0640,43249,0191,2,5,7,1942,0,0,0,A,0,1A12,"FIGUEROA ST","18TH ST",0.00,,Y,A,-,N,,,,,,,,,,Y,4,0,1,3,A,-,09,21801,A,N,A,B,B,A,H,-,A,A,0,Y,,,,Y,,A,01,0,0,1,0,1,0,0,0,0,"- ","- ",,,"LOS ANGELES","LOS ANGELES",-118.27140045166016,34.035430908203125
8655027,2018,2018-07-17,1942,2018-06-08,1515,39759,0132,5,5,7,1942,0,0,0,A,0,1A1,"S OLIVE ST","2ND ST",200.00,N,N,A,-,N,,,,,,,,,,N,4,0,2,5,B,-,22,,,N,C,E,F,A,H,-,A,D,0,Y,,,,Y,,A,01,0,0,2,0,2,0,0,0,0,"- ","- ",,,"LOS ANGELES","LOS ANGELES",-118.24845886230469,34.054206848144531
8655031,2018,2018-07-17,1942,2018-06-28,1555,42171,0162,4,5,7,1942,0,0,0,A,0,1X92,"FLOWER ST","8TH ST",40.00,S,N,A,-,N,,,,,,,,,,N,3,0,1,2,A,-,11,21954,A,N,A,B,D,A,H,-,A,A,0,Y,,,,Y,,N,60,0,1,0,0,1,0,0,0,0,"- ","- ",,,"LOS ANGELES","LOS ANGELES",-118.26020050048828,34.047161102294922
8655044,2018,2018-08-01,1942,2018-04-26,0022,43074,1433,4,5,7,1942,0,0,0,N,0,14A25,"VENICE BL","WALNUT AV",15.00,E,N,A,-,N,,,,,,,,,,N,3,0,1,2,A,-,"- ",,,F,-,C,-,A,H,-,C,-,0,Y,,,,Y,,-,99,0,1,0,0,1,0,0,0,0,"- ","- ",,,"LOS ANGELES","LOS ANGELES",-118.45015716552734,33.995429992675781
8656469,2018,2018-08-02,1942,2018-07-05,1205,37770,0701,4,5,7,1942,0,0,0,G,0,7A1,"FAIRFAX AV","MELROSE AV",8.00,N,N,A,-,N,,,,,,,,,,N,4,0,1,2,A,-,10,21950,A,N,G,B,B,A,H,-,A,A,0,Y,,,,Y,,A,07,0,0,1,0,1,0,0,0,0,"- ","- ",,,"LOS ANGELES","LOS ANGELES",-118.36152648925781,34.083831787109375
8656481,2018,2018-08-07,1942,2018-07-12,0829,41179,0648,4,5,7,1942,0,0,0,F,0,6A49,"HOLLYWOOD BL","VAN NESS AV",13.00,W,N,A,-,N,,,,,,,,,,N,4,0,1,2,A,-,11,21954,A,N,G,B,D,A,H,-,A,A,0,Y,,,,Y,,N,60,0,0,1,0,1,0,0,0,0,"- ","- ",,,"LOS ANGELES","LOS ANGELES",-118.31590270996094,34.101699829101562
8656645,2018,2018-08-13,1942,2018-06-13,1040,41957,0853,3,5,7,1942,0,0,0,H,0,8A53,"SAWTELLE BL","OHIO AV",0.00,,Y,A,-,N,,,,,,,,,,N,4,0,1,2,A,-,10,21950,A,N,A,B,B,A,H,-,A,A,0,Y,,,,Y,,A,01,0,0,1,0,1,0,0,0,0,"- ","- ",,,"LOS ANGELES","LOS ANGELES",-118.4500732421875,34.048381805419922
8656732,2018,2018-08-30,1942,2018-06-29,1350,41853,,5,5,7,1942,0,0,0,,0,14A11,"ROSE AV","HAMPTON DR",1.00,E,N,A,-,N,,,,,,,,,,N,3,0,1,2,A,-,10,21950,A,N,G,B,B,A,H,-,A,A,0,Y,,,,Y,,A,01,0,1,0,0,1,0,0,0,0,"- ","- ",,,"LOS ANGELES","LOS ANGELES",-118.47698974609375,33.996532440185547
8656907,2018,2018-09-12,1942,2018-06-21,1255,31152,1309,4,5,7,1942,0,0,0,M,0,13A9,"20TH ST","ALAMEDA ST",4.00,W,N,A,-,N,,,,,,,,,,N,3,0,1,2,A,-,10,21950,A,N,G,B,B,A,H,-,A,A,0,Y,,,Y,Y,,F,26,0,1,0,0,1,0,0,0,0,"- ","- ",,,"LOS ANGELES","LOS ANGELES",-118.23966979980469,34.018032073974609
8657198,2018,2018-10-18,1942,2018-06-07,1415,34968,1352,4,5,7,1942,0,0,0,M,0,13A63,"43RD PL","CROCKER ST",0.00,E,N,A,-,N,,,,,,,,,,N,4,0,1,2,A,-,21,22106,,F,G,B,E,A,H,-,A,D,0,Y,,,,Y,,-,99,0,0,1,0,1,0,0,0,0,"- ","- ",,,"LOS ANGELES","LOS ANGELES",-118.26853179931641,34.004749298095703
8657758,2018,2018-10-04,1942,2018-07-22,1730,43027,2156,7,5,7,1942,0,0,0,,0,21A2,"VICTORY BL","CANOGA AV",5.00,E,N,A,-,N,,,,,,,,,,N,3,0,1,2,A,-,10,21950,A,F,G,B,B,A,H,-,C,D,0,Y,,,,Y,Y,-,99,0,1,0,0,1,0,0,0,0,"- ","- ",,,"LOS ANGELES","LOS ANGELES",-118.59746551513672,34.188369750976562
8658135,2018,2018-09-24,1942,2018-07-04,2245,37865,1203,3,5,7,1942,0,0,0,L,0,12X42,"48TH ST","SAINT ANDREWS PL",160.00,E,N,A,-,N,,,,,,,,,,N,3,0,1,2,A,-,11,21954,A,N,G,B,D,A,H,-,C,D,0,Y,,,,Y,,N,60,0,1,0,0,1,0,0,0,0,"- ","- ",,,"LOS ANGELES","LOS ANGELES",-118.31082153320312,34.000053405761719
8658346,2018,2018-08-16,1942,2018-07-19,1800,43007,0656,4,5,7,1942,0,0,0,F,0,6A46,"SANTA MONICA BL","VINE ST",0.00,,Y,A,-,N,,,,,,,,,,N,3,0,1,2,A,-,10,21950,A,F,G,B,B,A,H,-,A,A,0,Y,,,,Y,,-,99,0,1,0,0,1,0,0,0,0,"- ","- ",,,"LOS ANGELES","LOS ANGELES",-118.32660675048828,34.090740203857422
8658872,2018,2018-07-11,1942,2018-05-26,1425,43112,2079,6,5,7,1942,0,0,0,,0,20A71,MAGNOLIA,"PICO BL",240.00,S,N,A,-,N,,,,,,,,,,N,3,0,1,2,A,-,10,21950,C,F,G,B,E,A,H,-,A,D,0,Y,,,,Y,Y,-,99,0,1,0,0,1,0,0,0,0,"- ","- ",,,"LOS ANGELES","LOS ANGELES",-118.28639221191406,34.046642303466797
8659052,2018,2018-08-21,1942,2018-06-22,1725,37770,0852,5,5,7,1942,0,0,0,H,0,8A53,"SANTA MONICA BL","ARMACOST AV",8.00,W,N,A,-,N,,,,,,,,,,N,3,0,1,2,A,-,10,21950,A,N,G,B,B,A,H,-,A,A,0,Y,,,,Y,,A,01,0,1,0,0,1,0,0,0,0,"- ","- ",,,"LOS ANGELES","LOS ANGELES",-118.46029663085938,34.041889190673828
8659067,2018,2018-08-10,1942,2018-06-06,1020,40010,0645,3,5,7,1942,0,0,0,F,0,6A45,"HIGHLAND AV","SUNSET BL",0.00,,Y,A,-,N,,,,,,,,,,N,4,0,1,2,A,-,21,22106,,F,G,B,B,A,H,-,A,A,0,Y,,,,Y,,-,99,0,0,1,0,1,0,0,0,0,"- ","- ",,,"LOS ANGELES","LOS ANGELES",-118.33866119384766,34.097969055175781
8659068,2018,2018-08-21,1942,2018-06-16,2135,41859,734,6,5,7,1942,0,0,0,,0,7A33,"3RD ST",OGDEN,6.00,W,N,B,-,N,,,,,,,,,,N,4,0,1,2,A,-,03,22350,,M,G,B,F,A,H,-,C,D,0,Y,,,,Y,,-,99,0,0,1,0,1,0,0,0,0,"- ","- ",,,"LOS ANGELES","LOS ANGELES",-118.35903930664062,34.071212768554688
8659479,2018,2018-07-19,1942,2018-06-19,2105,33757,2046,2,5,7,1942,0,0,0,,0,20A45,"JAMES M WOOD BL","KENMORE AV",6.00,W,N,B,-,N,,,,,,,,,,N,4,0,1,2,A,-,10,21950,A,N,G,B,C,A,H,-,C,D,0,Y,,,,Y,,A,01,0,0,1,0,1,0,0,0,0,"- ","- ",,,"LOS ANGELES","LOS ANGELES",-118.296555,34.055928000000002
8659481,2018,2018-07-20,1942,2018-06-04,1100,37966,0721,1,5,7,1942,0,0,0,G,0,7A21,"W 3RD ST","WILLAMAN DR",72.00,W,N,A,-,N,,,,,,,,,,N,4,0,1,2,A,-,11,21954,A,N,G,B,D,A,H,-,A,D,0,Y,,,,Y,,N,60,0,0,1,0,1,0,0,0,0,"- ","- ",,,"LOS ANGELES","LOS ANGELES",-118.38083648681641,34.073600769042969
8659545,2018,2018-07-20,1942,2018-07-05,1220,39192,1063,4,5,7,1942,0,0,0,J,0,10A83,"RESEDA BL","BURBANK BL",6.00,N,N,A,-,N,,,,,,,,,,N,4,0,1,2,A,-,10,21950,A,N,G,B,B,A,H,-,A,A,0,Y,,,,Y,,D,22,0,0,1,0,1,0,0,0,0,"- ","- ",,,"LOS ANGELES","LOS ANGELES",-118.53600311279297,34.172355651855469
8659568,2018,2018-07-23,1942,2018-06-24,1710,42041,RD032,7,5,7,1942,0,0,0,,0,3A1W2,"FIGUEROA ST","32ND ST",0.00,,Y,A,-,N,,,,,,,,,,N,3,0,1,2,A,-,10,21950,A,N,A,B,B,A,H,-,A,A,0,Y,,,,Y,,A,07,0,1,0,0,1,0,0,0,0,"- ","- ",,,"LOS ANGELES","LOS ANGELES",-118.27896118164062,34.023509979248047
8659572,2018,2018-07-23,1942,2018-06-18,1930,42519,0331,1,5,7,1942,0,0,0,C,0,3A31,LONGWOOD,ADAMS,150.00,S,N,A,-,N,,,,,,,,,,N,2,0,1,2,A,-,03,22350,,N,G,B,E,A,H,-,A,D,0,Y,,,,Y,,A,01,1,0,0,0,1,0,0,0,0,"- ","- ",,,"LOS ANGELES","LOS ANGELES",-118.34989929199219,34.032150268554688
8660220,2018,2018-07-16,1942,2018-03-25,1945,42180,1218,7,5,7,1942,0,0,0,L,0,12XL7,"HOOVER ST","54TH ST",0.00,,Y,A,-,N,,,,,,,,,,N,3,0,2,3,A,-,10,21950,A,N,G,B,B,A,H,-,B,A,0,Y,,,,Y,,A,01,0,2,0,0,2,0,0,0,0,"- ","- ",,,"LOS ANGELES","LOS ANGELES",-118.28714752197266,33.993251800537109
8660549,2018,2018-07-16,1942,2018-06-27,2205,40388,2136,3,5,7,1942,0,0,0,,0,21A5,"TOPANGA CANYON BL","CANTLAY ST",70.00,S,N,A,-,Y,,,,,,,,,,N,3,0,1,2,A,-,11,21955,,N,G,B,D,A,H,-,C,A,0,Y,,,,Y,Y,N,60,0,1,0,0,1,0,0,0,0,"- ","- ",,,"LOS ANGELES","LOS ANGELES",-118.60594940185547,34.201789855957031
8661758,2018,2018-07-30,1942,2018-07-04,1330,40690,1472,3,5,7,1942,0,0,0,N,0,14A73,"PACIFIC AV","CONVOY ST",120.00,N,N,A,-,N,,,,,,,,,,N,4,0,1,2,A,-,11,21956,A,N,G,B,E,A,H,-,A,D,0,Y,,,,Y,,N,60,0,0,1,0,1,0,0,0,0,"- ","- ",,,"LOS ANGELES","LOS ANGELES",-118.45078277587891,33.958518981933594
8661774,2018,2018-07-24,1942,2018-06-16,0140,43079,0185,6,5,7,1942,0,0,0,A,0,1A35,"HILL ST","OLYMPIC BL",200.00,S,N,A,-,N,,,,,,,,,,N,3,0,1,2,A,-,11,21954,A,N,G,B,D,A,H,-,C,D,0,Y,,,,Y,Y,N,60,0,1,0,0,1,0,0,0,0,"- ","- ",,,"LOS ANGELES","LOS ANGELES",-118.25885009765625,34.041213989257812
8661775,2018,2018-07-24,1942,2018-06-22,1840,43318,0299,5,5,7,1942,0,0,0,B,0,2A76,"PICO BL","TOBERMAN ST",0.00,,Y,A,-,N,,,,,,,,,,N,3,0,1,2,A,-,10,21950,A,N,G,B,B,A,H,-,A,D,0,Y,,,,Y,,A,07,0,1,0,0,1,0,0,0,0,"- ","- ",,,"LOS ANGELES","LOS ANGELES",-118.27587890625,34.044181823730469
8661779,2018,2018-07-24,1942,2018-06-03,1655,34426,0266,7,5,7,1942,0,0,0,B,0,2A75,"8TH ST","BURLINGTON AV",0.00,,Y,A,-,N,,,,,,,,,,N,4,0,1,2,A,-,10,21950,A,N,G,B,B,A,H,-,A,A,0,Y,,,,Y,,A,08,0,0,1,0,1,0,0,0,0,"- ","- ",,,"LOS ANGELES","LOS ANGELES",-118.27451324462891,34.053379058837891
8661792,2018,2018-07-27,1942,2018-07-01,1615,41973,1203,7,5,7,1942,0,0,0,L,0,12A3,"SOUTH WESTERN AV","WEST 51ST ST",0.00,,Y,A,-,N,,,,,,,,,,N,4,0,1,2,A,-,10,21950,,N,G,B,B,A,H,-,A,A,0,Y,,,,Y,,A,01,0,0,1,0,1,0,0,0,0,"- ","- ",,,"LOS ANGELES","LOS ANGELES",-118.30895233154297,33.996921539306641
8661794,2018,2018-07-24,1942,2018-06-23,1750,34426,,6,5,7,1942,0,0,0,,0,,"5TH ST","SAN PEDRO ST",0.00,,Y,A,-,N,,,,,,,,,,N,3,0,1,2,A,-,11,21456,B,N,G,B,B,A,H,-,A,A,0,Y,,,,Y,,N,60,0,1,0,0,1,0,0,0,0,"- ","- ",,,"LOS ANGELES","LOS ANGELES",-118.24391174316406,34.044208526611328
8661797,2018,2018-07-24,1942,2018-06-26,0900,36553,1415,2,5,7,1942,0,0,0,N,0,14A25,"LINCOLN BL","FLOWER AV",3.00,W,N,A,-,N,,,,,,,,,,N,4,0,1,2,A,-,11,21950,B,N,G,B,B,A,H,-,A,A,0,Y,,,,Y,,N,60,0,0,1,0,1,0,0,0,0,"- ","- ",,,"LOS ANGELES","LOS ANGELES",-118.46670532226562,34.00079345703125
8661813,2018,2018-07-24,1942,2018-06-22,0930,41911,0319,5,5,7,1942,0,0,0,C,0,3A19,"S FIGUEROA ST","W ADAMS BL",0.00,,Y,B,-,N,,,,,,,,,,N,3,0,1,2,A,-,10,21950,A,N,G,B,B,A,H,-,A,A,0,Y,,,,Y,,A,01,0,1,0,0,1,0,0,0,0,"- ","- ",,,"LOS ANGELES","LOS ANGELES",-118.27601623535156,34.028160095214844
8661873,2018,2018-08-22,1942,2018-07-09,1217,38357,0157,1,5,7,1942,0,0,0,A,0,1A29,"TOWNE AV","5TH ST",143.00,N,N,A,-,N,,,,,,,,,,N,3,0,1,2,A,-,11,21954,A,N,G,B,E,A,H,-,A,D,0,Y,,,,Y,,N,60,0,1,0,0,1,0,0,0,0,"- ","- ",,,"LOS ANGELES","LOS ANGELES",-118.24169158935547,34.043346405029297
8662643,2018,2018-08-06,1942,2018-02-11,0130,42758,0645,7,5,7,1942,0,0,0,F,0,6A79,"HOLLYWOOD BL","SYCAMORE AV",0.00,,Y,A,-,N,,,,,,,,,,N,2,0,1,3,C,-,18,,,F,B,E,E,A,H,-,C,A,0,Y,,,,Y,,-,"- ",1,0,0,0,1,0,0,0,0,"- ","- ",,,"LOS ANGELES","LOS ANGELES",-118.34339141845703,34.101528167724609
8663570,2018,2018-08-02,1942,2018-07-09,1950,36599,1071,1,5,7,1942,0,0,0,J,0,17A23,"TAMPA AV","RINALDI ST",70.00,S,N,A,-,N,,,,,,,,,,N,4,0,1,2,B,-,22,,,N,G,B,F,A,H,-,A,D,0,Y,,,,Y,,I,11,0,0,1,0,1,0,0,0,0,"- ","- ",,,"LOS ANGELES","LOS ANGELES",-118.55651092529297,34.274562835693359
8663838,2018,2018-07-24,1942,2018-07-01,0420,36733,0911,7,5,7,1942,0,0,0,I,0,9A23,"SEPULVEDA BL","VALERIO ST",50.00,S,N,A,-,N,,,,,,,,,,N,3,0,1,2,A,-,11,21956,A,M,G,B,E,A,H,-,C,D,0,Y,,,,Y,,N,60,0,1,0,0,1,0,0,0,0,"- ","- ",,,"LOS ANGELES","LOS ANGELES",-118.46620941162109,34.204704284667969
8664715,2018,2018-08-03,1942,2018-05-24,1650,43315,0538,4,5,7,1942,0,0,0,E,0,3A58,"JEFFERSON BL","VERMONT AV",150.00,E,N,A,-,N,,,,,,,,,,N,2,0,1,2,A,-,10,21952,,M,G,B,D,A,H,-,A,A,0,Y,,,,Y,,-,99,1,0,0,0,1,0,0,0,0,"- ","- ",,,"LOS ANGELES","LOS ANGELES",-118.29103088378906,34.025440216064453
8665379,2018,2018-08-06,1942,2018-06-30,2320,41081,0882,6,5,7,1942,0,0,0,H,0,8A53,"SAWTELLE BL","OLYMPIC BL",0.00,,Y,A,-,N,,,,,,,,,,N,2,0,1,2,A,-,10,21950,A,N,G,B,B,A,H,-,C,A,0,Y,,,,Y,,A,01,1,0,0,0,1,0,0,0,0,"- ","- ",,,"LOS ANGELES","LOS ANGELES",-118.44120788574219,34.038181304931641
8665402,2018,2018-07-31,1942,2018-06-21,1950,37511,2024,4,5,7,1942,0,0,0,,0,7T23,"8TH ST","ARDMORE AV",100.00,E,N,A,-,N,,,,,,,,,,N,4,0,1,2,D,-,00,,,N,G,B,E,A,H,-,A,B,0,Y,,,,Y,,-,"- ",0,0,1,0,1,0,0,0,0,"- ","- ",,,"LOS ANGELES","LOS ANGELES",-118.30168151855469,34.057708740234375
8666284,2018,2018-07-31,1942,2018-06-24,2210,42364,0332,7,5,7,1942,0,0,0,C,0,3A31,"W ADAMS BL","HILLCREST DR",0.00,,Y,A,-,N,,,,,,,,,,N,4,0,1,2,A,-,10,21950,A,N,G,B,B,A,H,-,C,A,0,Y,,,,Y,,A,01,0,0,1,0,1,0,0,0,0,"- ","- ",,,"LOS ANGELES","LOS ANGELES",-118.34284210205078,34.032558441162109
8666714,2018,2018-12-20,1942,2018-07-06,0545,42836,1523,5,5,7,1942,0,0,0,O,0,15A39,"SYLVAN ST","GOODLAND AVE",10.00,N,N,A,-,N,,,,,,,,,,N,4,0,1,2,A,-,08,22107,,N,G,B,B,A,H,-,B,D,0,Y,,,,Y,,D,22,0,0,1,0,1,0,0,0,0,"- ","- ",,,"LOS ANGELES","LOS ANGELES",-118.41201019287109,34.184879302978516
8666912,2018,2018-07-25,1942,2018-06-22,2205,43082,2093,5,5,7,1942,0,0,0,,0,20A39,"WASHINGTON BL","SAINT ANDREWS PL",60.00,E,N,A,-,N,,,,,,,,,,N,3,0,1,2,A,-,11,21954,A,N,G,B,D,A,H,-,C,D,0,Y,,,,Y,Y,N,60,0,1,0,0,1,0,0,0,0,"- ","- ",,,"LOS ANGELES","LOS ANGELES",-118.31133270263672,34.039920806884766
8667396,2018,2018-07-25,1942,2018-06-13,1920,43355,0529,3,5,7,1942,0,0,0,E,0,5425W3,"ANAHEIM ST","FLINT AV",45.00,W,N,A,-,N,,,,,,,,,,N,4,0,1,2,A,-,11,21954,A,N,G,B,D,A,H,-,B,D,0,Y,,,,Y,,N,60,0,0,1,0,1,0,0,0,0,"- ","- ",,,"LOS ANGELES","LOS ANGELES",-118.24958038330078,33.780673980712891
8668185,2018,2018-08-01,1942,2018-07-02,1835,38519,1591,1,5,7,1942,0,0,0,O,0,15A38,"VENTURA BL","RHODES AV",0.00,,Y,A,-,N,,,,,,,,,,N,2,0,1,2,A,-,10,21950,A,N,G,B,B,A,H,-,A,D,0,Y,,,,Y,,A,01,1,0,0,0,1,0,0,0,0,"- ","- ",,,"LOS ANGELES","LOS ANGELES",-118.40303802490234,34.142871856689453
8668228,2018,2018-08-07,1942,2018-07-11,1245,43086,1796,3,5,7,1942,0,0,0,Q,0,17A74,BALBOA,NORDHOFF,0.00,,Y,A,-,N,,,,,,,,,,N,4,0,1,2,A,-,10,21950,A,N,G,B,B,A,H,-,A,A,0,Y,,,,Y,,A,01,0,0,1,0,1,0,0,0,0,"- ","- ",,,"LOS ANGELES","LOS ANGELES",-118.50251007080078,34.235721588134766
8668426,2018,2018-08-01,1942,2018-07-08,0130,42338,1863,7,5,7,1942,0,0,0,R,0,18A63,"AVALON BL","118TH PL",252.00,N,N,A,-,N,,,,,,,,,,N,3,0,1,2,A,-,11,21954,A,N,G,B,D,A,H,-,C,D,0,Y,,,,Y,,N,60,0,1,0,0,1,0,0,0,0,"- ","- ",,,"LOS ANGELES","LOS ANGELES",-118.26520538330078,33.926261901855469
8669262,2018,2018-08-15,1942,2018-07-13,1815,42322,1984,5,5,7,1942,0,0,0,,0,19ELY,RAYEN,WILLIS,0.00,,Y,A,-,N,,,,,,,,,,N,4,0,1,2,A,-,10,21950,A,F,A,B,B,A,H,-,A,A,0,Y,,,,Y,Y,-,99,0,0,1,0,1,0,0,0,0,"- ","- ",,,"LOS ANGELES","LOS ANGELES",-118.45527648925781,34.2318115234375
8669278,2018,2018-08-15,1942,2018-07-13,2035,39217,2148,5,5,7,1942,0,0,0,,0,21A29,"SHERMAN WAY","OSO AV",0.00,,Y,A,-,N,,,,,,,,,,Y,2,0,1,2,A,-,10,21950,A,N,G,B,B,A,H,-,C,A,0,Y,,,,Y,,A,01,1,0,0,0,1,0,0,0,0,"- ","- ",,,"LOS ANGELES","LOS ANGELES",-118.57534790039062,34.201019287109375
8669749,2018,2018-08-06,1942,2018-07-01,2500,38662,1844,7,5,7,1942,0,0,0,R,0,18A63,"AVALON BL","IMPERIAL HWY",5.00,N,N,A,-,N,,,,,,,,,,N,3,0,1,2,A,-,10,21950,A,F,G,B,-,A,H,-,C,A,0,Y,,,,Y,,-,99,0,1,0,0,1,0,0,0,0,"- ","- ",,,"LOS ANGELES","LOS ANGELES",-118.26518249511719,33.931053161621094
8669885,2018,2018-08-24,1942,2018-07-21,0930,R2911,1842,6,5,7,1942,0,0,0,R,0,5XL2W4,"109TH PL","MAIN ST",409.00,E,N,A,-,N,,,,,,,,,,N,3,0,1,2,A,-,11,21954,A,N,G,B,E,A,H,-,A,D,0,Y,,,,Y,,N,60,0,1,0,0,1,0,0,0,0,"- ","- ",,,"LOS ANGELES","LOS ANGELES",-118.27254486083984,33.936538696289062
8670371,2018,2018-10-18,1942,2018-07-09,1940,40404,0308,1,5,7,1942,0,0,0,C,0,3A19,"W ADAMS BL","PORTLAND ST",0.00,,Y,A,-,N,,,,,,,,,,N,2,0,2,3,A,-,10,21950,A,N,G,B,B,A,H,-,A,A,0,Y,,,,Y,,A,01,1,1,0,0,2,0,0,0,0,"- ","- ",,,"LOS ANGELES","LOS ANGELES",-118.28269958496094,34.031131744384766
8670671,2018,2018-08-17,1942,2018-07-21,2145,39891,19A85,6,5,7,1942,0,0,0,,0,19A79,"VESPER AV","CHASE ST",0.00,,Y,A,-,N,,,,,,,,,,N,3,0,1,2,A,-,10,21950,,F,G,B,B,A,H,-,C,A,0,Y,,,,Y,,-,99,0,1,0,0,1,0,0,0,0,"- ","- ",,,"LOS ANGELES","LOS ANGELES",-118.4503173828125,34.224739074707031
8671354,2018,2018-09-11,1942,2018-07-17,2010,42172,HWD,2,5,7,1942,0,0,0,,0,6A79,SUNSET,"HARVARD BL",0.00,,Y,A,-,N,,,,,,,,,,N,3,0,1,2,A,-,10,21950,A,F,G,B,C,-,H,-,A,D,0,Y,,,,Y,,-,99,0,1,0,0,1,0,0,0,0,"- ","- ",,,"LOS ANGELES","LOS ANGELES",-118.30435180664062,34.098129272460938
8672012,2018,2018-10-04,1942,2018-07-11,1900,39062,1317,3,5,7,1942,0,0,0,M,0,13A9,"S CENTRAL AV","E 17TH ST",0.00,,Y,A,-,N,,,,,,,,,,N,3,0,1,2,A,-,10,21950,A,N,G,B,B,A,H,-,A,D,0,Y,,,,Y,,A,07,0,1,0,0,1,0,0,0,0,"- ","- ",,,"LOS ANGELES","LOS ANGELES",-118.24947357177734,34.025619506835938
8672198,2018,2018-09-05,1942,2018-07-11,1000,31152,1383,3,5,7,1942,0,0,0,M,0,13A93,"MAIN ST","61ST ST",0.00,,Y,A,-,N,,,,,,,,,,Y,3,0,5,4,A,-,12,21453,A,N,D,C,E,A,H,-,A,A,0,Y,,,Y,Y,,F,26,0,2,3,0,1,0,0,0,0,"- ","- ",,,"LOS ANGELES","LOS ANGELES",-118.27394104003906,33.984230041503906
8672309,2018,2018-08-16,1942,2018-07-06,2000,41977,1256,5,5,7,1942,0,0,0,L,0,12A57,"W FLORENCE AV","DENVER AV",185.00,W,N,A,-,N,,,,,,,,,,N,2,0,2,2,A,-,11,21954,A,N,G,B,E,A,H,-,B,A,0,Y,,,,Y,,N,60,1,0,1,0,1,0,0,0,0,"- ","- ",,,"LOS ANGELES","LOS ANGELES",-118.28441619873047,33.974658966064453
8672534,2018,2018-08-27,1942,2018-06-13,0925,40099,0463,3,5,7,1942,0,0,0,D,0,4A53,"4TH ST","RT 5",2.00,E,N,A,-,Y,LA,7,5,-,-,17.452,R,4,N,N,4,0,1,2,A,-,11,21456,B,N,G,B,B,A,H,-,A,A,0,Y,,,,Y,,N,60,0,0,1,0,1,0,0,0,0,"- ",NF,,,"LOS ANGELES","LOS ANGELES",-118.21806335449219,34.041515350341797
8673170,2018,2018-08-09,1942,2018-07-02,2225,42665,0358,1,5,7,1942,0,0,0,C,0,3A57,"JEFFERSON BL","HOOVER ST",380.00,W,N,B,-,N,,,,,,,,,,N,3,0,1,2,A,-,12,21457,A,N,G,B,C,A,H,-,C,A,0,Y,,,,Y,,A,01,0,1,0,0,1,0,0,0,0,"- ","- ",,,"LOS ANGELES","LOS ANGELES",-118.28517150878906,34.024131774902344
8673186,2018,2018-08-09,1942,2018-07-12,1140,40440,0399,4,5,7,1942,0,0,0,C,0,3A99,"VERNON AV","FIGUEROA ST",0.00,,Y,A,-,N,,,,,,,,,,N,3,0,2,3,A,-,10,21950,A,F,G,B,B,A,H,-,A,A,0,Y,,,,Y,,-,99,0,1,1,0,2,0,0,0,0,"- ","- ",,,"LOS ANGELES","LOS ANGELES",-118.28273773193359,34.003749847412109
8673268,2018,2018-07-30,1942,2018-06-30,1300,38794,0334,6,5,7,1942,0,0,0,C,0,3A73,"CRENSHAW BL","28TH ST",220.00,S,N,A,-,N,,,,,,,,,,Y,3,0,1,2,A,-,11,21955,,N,G,B,D,A,H,-,A,D,0,Y,,,,Y,,N,60,0,1,0,0,1,0,0,0,0,"- ","- ",,,"LOS ANGELES","LOS ANGELES",,