CASE_ID,ACCIDENT_YEAR,PROC_DATE,JURIS,COLLISION_DATE,COLLISION_TIME,OFFICER_ID,REPORTING_DISTRICT,DAY_OF_WEEK,CHP_SHIFT,POPULATION,CNTY_CITY_LOC,SPECIAL_COND,BEAT_TYPE,CHP_BEAT_TYPE,CITY_DIVISION_LAPD,CHP_BEAT_CLASS,BEAT_NUMBER,PRIMARY_RD,SECONDARY_RD,DISTANCE,DIRECTION,INTERSECTION,WEATHER_1,WEATHER_2,STATE_HWY_IND,CALTRANS_COUNTY,CALTRANS_DISTRICT,STATE_ROUTE,ROUTE_SUFFIX,POSTMILE_PREFIX,POSTMILE,LOCATION_TYPE,RAMP_INTERSECTION,SIDE_OF_HWY,TOW_AWAY,COLLISION_SEVERITY,NUMBER_KILLED,NUMBER_INJURED,PARTY_COUNT,PRIMARY_COLL_FACTOR,PCF_CODE_OF_VIOL,PCF_VIOL_CATEGORY,PCF_VIOLATION,PCF_VIOL_SUBSECTION,HIT_AND_RUN,TYPE_OF_COLLISION,MVIW,PED_ACTION,ROAD_SURFACE,ROAD_COND_1,ROAD_COND_2,LIGHTING,CONTROL_DEVICE,CHP_ROAD_TYPE,PEDESTRIAN_ACCIDENT,BICYCLE_ACCIDENT,MOTORCYCLE_ACCIDENT,TRUCK_ACCIDENT,NOT_PRIVATE_PROPERTY,ALCOHOL_INVOLVED,STWD_VEHTYPE_AT_FAULT,CHP_VEHTYPE_AT_FAULT,COUNT_SEVERE_INJ,COUNT_VISIBLE_INJ,COUNT_COMPLAINT_PAIN,COUNT_PED_KILLED,COUNT_PED_INJURED,COUNT_BICYCLIST_KILLED,COUNT_BICYCLIST_INJURED,COUNT_MC_KILLED,COUNT_MC_INJURED,PRIMARY_RAMP,SECONDARY_RAMP,LATITUDE,LONGITUDE,COUNTY,CITY,POINT_X,POINT_Y
8675308,2018,2018-10-04,1942,2018-08-03,0835,30989,0984,5,5,7,1942,0,0,0,I,0,9A89,"VAN NUYS BL","DICKENS ST",8.00,N,N,A,-,N,,,,,,,,,,N,3,0,1,2,A,-,10,21950,A,N,G,B,B,A,H,-,A,A,0,Y,,,,Y,,A,01,0,1,0,0,1,0,0,0,0,"- ","- ",,,"LOS ANGELES","LOS ANGELES",-118.44889831542969,34.149982452392578
8675313,2018,2018-10-04,1942,2018-07-30,1915,42473,VNYS9,1,5,7,1942,0,0,0,,0,0963,"HUSTON ST","VAN NUYS BL",0.00,,Y,A,-,N,,,,,,,,,,N,4,0,1,2,A,-,08,22107,,N,G,B,B,A,H,-,A,D,0,Y,,,,Y,,A,01,0,0,1,0,1,0,0,0,0,"- ","- ",,,"LOS ANGELES","LOS ANGELES",-118.44872283935547,34.159408569335938
8678033,2018,2018-10-05,1942,2018-08-03,1625,40141,1596,5,5,7,1942,0,0,0,O,0,15A85,"ARCH DR","VENTURA BL",4.00,N,N,A,-,N,,,,,,,,,,N,4,0,1,2,A,-,10,21950,A,N,G,B,B,A,H,-,A,A,0,Y,,,,Y,,A,01,0,0,1,0,1,0,0,0,0,"- ","- ",,,"LOS ANGELES","LOS ANGELES",-118.37412261962891,34.141910552978516
8678261,2018,2018-08-31,1942,2018-07-21,1040,34959,2049,6,5,7,1942,0,0,0,,0,20A69,"JAMES M WOOD BL","WESTMORELAND AV",293.00,W,N,A,-,N,,,,,,,,,,N,4,0,1,2,A,-,11,21954,A,N,G,B,D,A,H,-,A,D,0,Y,,,,Y,,N,60,0,0,1,0,1,0,0,0,0,"- ","- ",,,"LOS ANGELES","LOS ANGELES",,
8678734,2018,2018-09-12,1942,2018-08-11,1730,36841,1134,6,5,7,1942,0,0,0,K,0,11A58,"AVE 33",VERDUGO,0.00,,Y,A,-,N,,,,,,,,,,N,4,0,1,2,A,-,10,21950,C,F,B,B,E,A,H,-,A,D,0,Y,,,,Y,,-,"- ",0,0,1,0,1,0,0,0,0,"- ","- ",,,"LOS ANGELES","LOS ANGELES",-118.23605346679688,34.111648559570312
8679172,2018,2018-09-11,1942,2018-08-01,2031,37146,1253,3,5,7,1942,0,0,0,L,0,25T221,"WESTERN AV","80TH ST",84.00,S,N,A,-,N,,,,,,,,,,N,1,1,0,2,C,-,18,,,N,G,B,-,A,H,-,C,D,0,Y,,,,Y,,-,"- ",0,0,0,1,0,0,0,0,0,"- ","- ",,,"LOS ANGELES","LOS ANGELES",,
8679977,2018,2018-10-04,1942,2018-07-27,0110,39102,0321,5,5,7,1942,0,0,0,C,0,3A1,"S LA BREA AV","RODEO RD",360.00,N,N,A,-,N,,,,,,,,,,N,2,0,1,2,A,-,11,21956,A,F,G,B,E,A,H,-,C,D,0,Y,,,,Y,,N,60,1,0,0,0,1,0,0,0,0,"- ","- ",,,"LOS ANGELES","LOS ANGELES",-118.35564422607422,34.022518157958984
8680408,2018,2018-08-28,1942,2018-07-25,1654,43190,1834,3,5,7,1942,0,0,0,R,0,18X4,"108TH ST","AVALON BL",130.00,E,N,A,-,N,,,,,,,,,,N,3,0,1,2,A,-,11,21954,A,F,G,B,D,A,H,-,A,A,0,Y,,,,Y,,N,60,0,1,0,0,1,0,0,0,0,"- ","- ",,,"LOS ANGELES","LOS ANGELES",-118.2647705078125,33.93829345703125
8680527,2018,2018-08-21,1942,2018-06-18,1440,43337,1283,1,5,7,1942,0,0,0,L,0,12A83,"NORMANDIE AV","93RD ST",5.00,S,N,A,-,N,,,,,,,,,,N,4,0,1,2,A,-,11,21950,B,F,A,B,C,A,H,-,A,D,0,Y,,,,Y,,N,60,0,0,1,0,1,0,0,0,0,"- ","- ",,,"LOS ANGELES","LOS ANGELES",-118.30027008056641,33.951866149902344
8680659,2018,2019-09-10,1942,2018-07-06,0755,41629,1162,5,5,7,1942,0,0,0,K,0,11A51,"LEXINGTON AV","VERMONT AV",10.00,N,N,A,-,N,,,,,,,,,,N,1,1,0,2,A,-,10,21950,A,N,G,B,B,A,H,-,A,A,0,Y,,,,Y,,A,01,0,0,0,1,0,0,0,0,0,"- ","- ",,,"LOS ANGELES","LOS ANGELES",-118.29176330566406,34.093448638916016
8680676,2018,2018-10-29,1942,2018-07-08,0835,41376,0824,7,5,7,1942,0,0,0,H,0,6TL7,"ALLENFORD DR","SUNSET BL",80.00,S,N,A,-,N,,,,,,,,,,Y,3,0,1,3,A,-,21,22106,,F,C,G,E,A,H,-,A,D,0,Y,,,,Y,,A,01,0,1,0,0,1,0,0,0,0,"- ","- ",,,"LOS ANGELES","LOS ANGELES",-118.49718475341797,34.055286407470703
8680707,2018,2018-10-05,1942,2018-07-23,0900,42129,0157,1,5,7,1942,0,0,0,A,0,1A35,"CROCKER ST","5TH ST",105.00,S,N,A,-,N,,,,,,,,,,N,4,0,1,2,A,-,00,21984,A,N,G,B,E,A,H,-,A,D,0,Y,,,,Y,,N,60,0,0,1,0,1,0,0,0,0,"- ","- ",,,"LOS ANGELES","LOS ANGELES",-118.24295806884766,34.043289184570312
8680981,2018,2018-10-04,1942,2018-08-08,1530,42595,1273,3,5,7,1942,0,0,0,L,0,3A18,"WESTERN AV","88TH ST",10.00,N,N,A,-,N,,,,,,,,,,N,4,0,1,2,A,-,10,21950,C,N,A,B,D,A,H,-,A,A,0,Y,,,,Y,,A,01,0,0,1,0,1,0,0,0,0,"- ","- ",,,"LOS ANGELES","LOS ANGELES",,
8681004,2018,2018-09-07,1942,2018-07-26,1230,41629,0247,4,5,7,1942,0,0,0,B,0,2A47,"UNION PL","BEVERLY BL",156.00,N,N,A,-,N,,,,,,,,,,N,3,0,1,3,A,-,17,22517,,N,C,C,E,A,H,-,A,D,0,Y,,,Y,Y,,N,60,0,1,0,0,1,0,0,0,0,"- ","- ",,,"LOS ANGELES","LOS ANGELES",-118.26380920410156,34.063739776611328
8681088,2018,2018-09-06,1942,2018-07-26,1350,42046,0256,4,5,7,1942,0,0,0,B,0,1AE4,"WILSHIRE BL","UNION AV",200.00,W,N,A,-,N,,,,,,,,,,N,3,0,1,2,A,-,11,21955,,N,G,B,D,A,H,-,A,D,0,Y,,,,Y,,N,60,0,1,0,0,1,0,0,0,0,"- ","- ",,,"LOS ANGELES","LOS ANGELES",-118.27075958251953,34.055637359619141
8681095,2018,2018-09-07,1942,2018-07-16,0845,40099,0443,1,5,7,1942,0,0,0,D,0,4A15,"MARENGO ST","BRITTANIA ST",30.00,E,N,A,-,N,,,,,,,,,,N,4,0,1,2,B,-,22,,,N,G,B,F,A,H,-,A,D,0,Y,,,,Y,,A,01,0,0,1,0,1,0,0,0,0,"- ","- ",,,"LOS ANGELES","LOS ANGELES",-118.20833587646484,34.057029724121094
8681120,2018,2018-09-06,1942,2018-07-23,0450,39782,0256,1,5,7,1942,0,0,0,B,0,2A47,"6TH ST","BURLINGTON AV",50.00,E,N,A,-,N,,,,,,,,,,N,4,0,1,2,D,-,00,,,N,G,B,D,A,H,-,C,A,0,Y,,,,Y,Y,-,"- ",0,0,1,0,1,0,0,0,0,"- ","- ",,,"LOS ANGELES","LOS ANGELES",-118.27134704589844,34.057964324951172
8681618,2018,2018-10-09,1942,2018-08-06,1900,37464,1599,1,5,7,1942,0,0,0,O,0,15A67,"CAHUENGA BL W","BARHAM BL",20.00,W,N,A,-,N,,,,,,,,,,N,4,0,1,2,A,-,10,21950,C,N,B,B,F,A,H,-,A,D,0,Y,,,,Y,,-,"- ",0,0,1,0,1,0,0,0,0,"- ","- ",,,"LOS ANGELES","LOS ANGELES",-118.34731292724609,34.128494262695312
8681849,2018,2018-10-08,1942,2018-08-09,1810,40858,0151,4,5,7,1942,0,0,0,A,0,1X92,"FIGUEROA ST","6TH ST",10.00,N,N,A,-,N,,,,,,,,,,,4,0,1,2,A,-,10,21950,A,F,G,B,B,A,H,-,A,A,0,Y,,,,Y,,-,99,0,0,1,0,1,0,0,0,0,"- ","- ",,,"LOS ANGELES","LOS ANGELES",-118.25853729248047,34.05084228515625
8681881,2018,2018-10-08,1942,2018-08-06,2210,41820,1203,1,5,7,1942,0,0,0,L,0,12XL7,WESTERN,"45TH ST",15.00,N,N,A,-,N,,,,,,,,,,N,3,0,1,2,D,-,00,,,N,G,B,E,A,H,-,C,D,0,Y,,,,Y,,-,"- ",0,1,0,0,1,0,0,0,0,"- ","- ",,,"LOS ANGELES","LOS ANGELES",-118.30892944335938,34.002822875976562
8681882,2018,2018-10-29,1942,2018-08-18,0025,37540,0265,6,5,7,1942,0,0,0,B,0,2A75,"S ALVARADO ST","8TH ST",150.00,S,N,A,-,N,,,,,,,,,,N,2,0,1,2,A,-,11,21954,A,F,G,B,D,A,H,-,C,D,0,Y,,,,Y,,N,60,1,0,0,0,1,0,0,0,0,"- ","- ",,,"LOS ANGELES","LOS ANGELES",-118.27806854248047,34.054523468017578
8682033,2018,2018-09-19,1942,2018-08-26,2245,33504,1547,7,5,7,1942,0,0,0,O,0,15A39,"MAGNOLIA BL","TUJUNGA AV",414.00,W,N,A,-,N,,,,,,,,,,N,2,0,1,2,A,-,11,21955,,F,G,B,D,A,H,-,C,D,0,Y,,,,Y,Y,N,60,1,0,0,0,1,0,0,0,0,"- ","- ",,,"LOS ANGELES","LOS ANGELES",-118.38035583496094,34.164939880371094
8682155,2018,2018-09-18,1942,2018-08-16,2105,42084,0557,4,5,7,1942,0,0,0,E,0,5A55,"GAFFEY ST","2ND ST",144.00,S,N,A,-,N,,,,,,,,,,N,3,0,1,2,A,-,11,21954,A,N,G,B,E,A,H,-,C,A,0,Y,,,,Y,,N,60,0,1,0,0,1,0,0,0,0,"- ","- ",,,"LOS ANGELES","LOS ANGELES",-118.29232788085938,33.742034912109375
8682157,2018,2018-09-17,1942,2018-08-22,1620,33950,0456,3,5,7,1942,0,0,0,D,0,4A59,"WABASH AV","FICKETT AV",50.00,W,N,A,-,N,,,,,,,,,,N,3,0,1,2,A,-,03,22350,,F,G,B,E,A,H,-,A,D,0,Y,,,,Y,,-,99,0,1,0,0,1,0,0,0,0,"- ","- ",,,"LOS ANGELES","LOS ANGELES",-118.2020263671875,34.052234649658203
8682958,2018,2018-09-28,1942,2018-08-30,1805,34426,1144,4,5,7,1942,0,0,0,K,0,11A71,"W SILVER LAKE DR","ROWENA AV",168.00,S,N,A,-,N,,,,,,,,,,N,4,0,1,2,A,-,03,22350,,F,G,B,D,A,H,-,A,D,0,Y,,,,Y,,-,99,0,0,1,0,1,0,0,0,0,"- ","- ",,,"LOS ANGELES","LOS ANGELES",-118.26715850830078,34.107612609863281
8683283,2018,2018-08-27,1942,2018-07-23,1900,38458,2134,1,5,7,1942,0,0,0,,0,21A1,"SHERMAN WY","TOPANGA CANYON BL",140.00,W,N,A,-,N,,,,,,,,,,N,4,0,1,2,A,-,03,22350,,N,G,B,E,A,H,-,A,D,0,Y,,,,Y,,A,01,0,0,1,0,1,0,0,0,0,"- ","- ",,,"LOS ANGELES","LOS ANGELES",-118.60642242431641,34.201019287109375
8683613,2018,2018-10-09,1942,2018-08-14,0830,42786,356,2,5,7,1942,0,0,0,,0,3A99,NORMANDIE,"36TH PL",0.00,,Y,A,-,N,,,,,,,,,,N,3,0,1,2,A,-,10,21950,A,N,-,B,B,A,H,-,A,A,0,Y,,,,Y,,A,01,0,1,0,0,1,0,0,0,0,"- ","- ",,,"LOS ANGELES","LOS ANGELES",-118.30020141601562,34.021888732910156
8683621,2018,2018-10-09,1942,2018-08-19,1940,43106,399,7,5,7,1942,0,0,0,,0,3A99,"FIGUEROA ST","MARTIN LUTHER KING BL",5.00,S,N,A,-,N,,,,,,,,,,N,4,0,1,2,A,-,08,22107,,N,A,B,B,A,H,-,C,A,0,Y,,,,Y,,A,01,0,0,1,0,1,0,0,0,0,"- ","- ",,,"LOS ANGELES","LOS ANGELES",-118.28273773193359,34.011116027832031
8683630,2018,2018-10-09,1942,2018-08-02,0955,34458,151,4,5,7,1942,0,0,0,O,0,1A41,"5TH ST","FIGUEROA ST",7.00,W,N,A,-,N,,,,,,,,,,N,4,0,1,2,A,-,10,21950,A,F,G,B,B,A,H,-,A,A,0,Y,,,,Y,,-,99,0,0,1,0,1,0,0,0,0,"- ","- ",,,"LOS ANGELES","LOS ANGELES",-118.25714111328125,34.052291870117188
8683633,2018,2018-10-09,1942,2018-08-13,1435,39759,122,1,5,7,1942,0,0,0,L,0,1A1,"S OLIVE ST","1ST ST",60.00,S,N,A,-,N,,,,,,,,,,N,3,0,1,2,A,-,11,21954,A,F,G,B,C,A,H,-,A,D,0,Y,,,,Y,Y,N,60,0,1,0,0,1,0,0,0,0,"- ","- ",,,"LOS ANGELES","LOS ANGELES",-118.24781799316406,34.05487060546875
8683649,2018,2018-10-09,1942,2018-08-11,2030,26691,251,6,5,7,1942,0,0,0,,0,2A2,"RAMPART BL",WILSHIRE,60.00,S,N,A,-,N,,,,,,,,,,N,3,0,1,2,A,-,11,21953,,F,B,B,D,A,H,-,A,D,0,Y,,,,Y,,N,60,0,1,0,0,1,0,0,0,0,"- ","- ",,,"LOS ANGELES","LOS ANGELES",-118.28241729736328,34.060764312744141
8683661,2018,2018-10-29,1942,2018-08-05,1900,26691,251,7,5,7,1942,0,0,0,,0,2A2,"RAMPART BL","WILSHIRE BL",80.00,S,N,A,-,N,,,,,,,,,,Y,2,0,1,2,A,-,21,22106,,N,G,B,E,A,H,-,A,-,0,Y,,,,Y,,A,01,1,0,0,0,1,0,0,0,0,"- ","- ",,,"LOS ANGELES","LOS ANGELES",-118.28244781494141,34.060714721679688
8683665,2018,2018-10-09,1942,2018-08-05,2215,40925,0241,7,5,7,1942,0,0,0,B,0,2A5,"OCCIDENTAL BL","3RD ST",370.00,S,N,A,-,N,,,,,,,,,,N,4,0,1,2,C,-,18,,,N,G,B,D,A,H,-,C,D,0,Y,,,,Y,Y,-,"- ",0,0,1,0,1,0,0,0,0,"- ","- ",,,"LOS ANGELES","LOS ANGELES",-118.28278350830078,34.066848754882812
8683738,2018,2018-09-04,1942,2018-07-25,1810,41841,0195,3,5,7,1942,0,0,0,A,0,1FB25,"MAPLE AV","WASHINGTON BL",3.00,N,N,A,-,N,,,,,,,,,,N,3,0,1,2,A,-,10,21950,A,N,G,B,B,A,H,-,A,A,0,Y,,,,Y,,A,01,0,1,0,0,1,0,0,0,0,"- ","- ",,,"LOS ANGELES","LOS ANGELES",-118.261474609375,34.029495239257812
8684234,2018,2018-09-05,1942,2018-07-26,1900,42011,2027,4,5,7,1942,0,0,0,,0,20A45,"ALEXANDRIA AV","WILSHIRE BL",250.00,S,N,A,-,N,,,,,,,,,,N,4,0,1,2,A,-,21,22106,,F,G,B,D,A,H,-,A,D,0,Y,,,,Y,,-,99,0,0,1,0,1,0,0,0,0,"- ","- ",,,"LOS ANGELES","LOS ANGELES",-118.29792022705078,34.061771392822266
8686764,2018,2019-03-14,1942,2018-07-15,1155,42293,1829,7,5,7,1942,0,0,0,R,0,18A26,"E 103RD ST","GORMAN AV",110.00,E,N,A,-,N,,,,,,,,,,Y,1,1,1,2,A,-,03,22350,,N,A,B,F,A,H,-,A,D,0,Y,,,,Y,,A,01,0,1,0,1,0,0,0,0,0,"- ","- ",,,"LOS ANGELES","LOS ANGELES",-118.23033142089844,33.943103790283203
8687087,2018,2018-10-29,1942,2018-08-04,1445,39499,1745,6,5,7,1942,0,0,0,Q,0,17A45,"CHATSWORTH ST","ZELZAH AV",350.00,W,N,A,-,N,,,,,,,,,,N,3,0,1,2,A,-,11,21955,,N,G,B,D,A,H,-,A,A,0,Y,,,,Y,,N,60,0,1,0,0,1,0,0,0,0,"- ","- ",,,"LOS ANGELES","LOS ANGELES",-118.52456665039062,34.264904022216797
8687269,2018,2018-10-09,1942,2018-08-14,1700,42338,1203,2,5,7,1942,0,0,0,L,0,12A3,"S WESTERN AV","W VERNON AV",0.00,,Y,A,-,N,,,,,,,,,,N,3,0,1,2,A,-,10,21950,A,N,H,-,B,A,H,-,A,A,0,Y,Y,,,Y,,L,04,0,1,0,0,1,0,0,0,0,"- ","- ",,,"LOS ANGELES","LOS ANGELES",-118.30892944335938,34.003719329833984
8687823,2018,2018-09-04,1942,2018-07-14,2245,433270,0773,6,5,7,1942,0,0,0,G,0,7A17,"WASHINGTON BL","HAUSER BL",0.00,,Y,A,-,N,,,,,,,,,,N,2,0,1,3,A,-,11,21453,D,N,G,B,B,A,H,-,C,A,0,Y,,,,Y,,N,60,1,0,0,0,1,0,0,0,0,"- ","- ",,,"LOS ANGELES","LOS ANGELES",-118.36031341552734,34.039131164550781
8689517,2018,2018-09-18,1942,2018-07-16,1630,39586,0882,1,5,7,1942,0,0,0,H,0,8A98,"TENNESSEE AV","CORINTH AV",0.00,,Y,A,-,N,,,,,,,,,,N,3,0,1,3,A,-,12,22450,,N,D,C,F,A,H,-,A,A,0,Y,,,,Y,,D,22,0,1,0,0,1,0,0,0,0,"- ","- ",,,"LOS ANGELES","LOS ANGELES",-118.44097137451172,34.036140441894531
8690016,2018,2019-01-17,1942,2018-07-10,1015,41129,1218,2,5,7,1942,0,0,0,L,0,12A15,"VERMONT AV","58TH ST",3.00,S,N,A,-,N,,,,,,,,,,N,2,0,1,2,A,-,10,21950,A,N,G,B,B,A,H,-,A,D,0,Y,,,,Y,,A,01,1,0,0,0,1,0,0,0,0,"- ","- ",,,"LOS ANGELES","LOS ANGELES",,
8690334,2018,2018-09-04,1942,2018-07-26,2200,36814,1102,4,5,7,1942,0,0,0,K,0,11A1,"LOS FELIZ BL","GARDEN AV",20.00,E,N,A,-,N,,,,,,,,,,N,3,0,1,2,A,-,11,21955,,F,G,B,D,A,H,-,C,D,0,Y,,,,Y,,N,60,0,1,0,0,1,0,0,0,0,"- ","- ",,,"LOS ANGELES","LOS ANGELES",-118.26743316650391,34.124057769775391
8690342,2018,2018-09-04,1942,2018-07-30,1645,41146,1181,1,5,7,1942,0,0,0,K,0,11A12,"ALVARADO ST","SUNSET BL",30.00,N,N,A,-,N,,,,,,,,,,N,4,0,1,2,A,-,21,22106,,F,G,B,F,A,H,-,A,D,0,Y,,,,Y,,-,99,0,0,1,0,1,0,0,0,0,"- ","- ",,,"LOS ANGELES","LOS ANGELES",-118.26343536376953,34.077693939208984
8690481,2018,2018-10-09,1942,2018-08-24,0713,34374,1494,5,5,7,1942,0,0,0,N,0,14FBL8,"WORLD WAY SOUTH","EAST WY",120.00,E,N,B,-,N,,,,,,,,,,N,3,0,1,2,A,-,11,21956,A,N,G,B,D,A,H,-,A,D,0,Y,,,,Y,,N,60,0,1,0,0,1,0,0,0,0,"- ","- ",,,"LOS ANGELES","LOS ANGELES",-118.40158081054688,33.943191528320312
8690573,2018,2018-09-19,1942,2018-07-21,1700,40596,0842,6,5,7,1942,0,0,0,H,0,8EL2,"WESTGATE AV","WILSHIRE BL",15.00,S,N,A,-,N,,,,,,,,,,N,3,0,1,2,A,-,11,21956,A,N,G,B,E,A,H,-,A,A,0,Y,,,,Y,,N,60,0,1,0,0,1,0,0,0,0,"- ","- ",,,"LOS ANGELES","LOS ANGELES",-118.46392059326172,34.046981811523438
8690620,2018,2018-09-26,1942,2018-08-21,1440,37900,0762,2,5,7,1942,0,0,0,G,0,7A53,"S LA CIENEGA BL","W PICO BL",0.00,,Y,A,-,N,,,,,,,,,,N,4,0,1,2,A,-,10,21950,A,F,G,B,B,A,H,-,A,A,0,Y,,,,Y,,-,99,0,0,1,0,1,0,0,0,0,"- ","- ",,,"LOS ANGELES","LOS ANGELES",-118.37616729736328,34.053340911865234
8691446,2018,2018-09-13,1942,2018-07-27,0925,40275,1352,5,5,7,1942,0,0,0,M,0,13A61,"EAST 46TH ST","WALL ST",5.00,E,N,A,-,N,,,,,,,,,,N,3,0,1,2,A,-,21,22106,,F,G,B,B,A,H,-,A,D,0,Y,,,,Y,,-,99,0,1,0,0,1,0,0,0,0,"- ","- ",,,"LOS ANGELES","LOS ANGELES",-118.27178192138672,34.002010345458984
8691847,2018,2018-10-03,1942,2018-08-14,1445,41207,1241,2,5,7,1942,0,0,0,L,0,12X58,"63RD ST","CRENSHAW BL",0.00,,Y,A,-,N,,,,,,,,,,N,3,0,1,4,A,-,12,21453,A,N,D,C,B,A,H,-,A,A,0,Y,,,,Y,,-,"- ",0,1,0,0,1,0,0,0,0,"- ","- ",,,"LOS ANGELES","LOS ANGELES",-118.33087921142578,33.982921600341797
8692028,2018,2018-09-27,1942,2018-08-07,1930,32372,1983,2,5,7,1942,0,0,0,,0,19A61,"SEPULVEDA PL","ROSCOE BL",7.00,N,N,A,-,N,,,,,,,,,,N,4,0,1,2,A,-,11,21954,A,N,G,B,D,A,H,-,A,D,0,Y,,,,Y,,N,60,0,0,1,0,1,0,0,0,0,"- ","- ",,,"LOS ANGELES","LOS ANGELES",-118.46621704101562,34.221431732177734
8692164,2018,2018-09-26,1942,2018-08-10,1915,42202,RD113,5,5,7,1942,0,0,0,,0,11A37W,"N AV 61","MONTE VISTA",8.00,E,N,A,-,N,,,,,,,,,,N,3,0,1,2,D,-,00,,,N,G,B,F,A,H,-,A,A,0,Y,,,,Y,,-,"- ",0,1,0,0,1,0,0,0,0,"- ","- ",,,"LOS ANGELES","LOS ANGELES",-118.19000244140625,34.113929748535156
8692181,2018,2018-09-27,1942,2018-08-30,1020,41497,1983,4,5,7,1942,0,0,0,,0,15TL43,"COLUMBUS AV","PARTHENIA ST",0.00,,Y,A,-,N,,,,,,,,,,N,3,0,1,2,A,-,10,21950,A,N,G,B,B,A,H,-,A,A,0,Y,,,,Y,,A,01,0,1,0,0,1,0,0,0,0,"- ","- ",,,"LOS ANGELES","LOS ANGELES",-118.46543121337891,34.228260040283203
8692184,2018,2018-09-26,1942,2018-08-26,2015,41111,1124,7,5,7,1942,0,0,0,K,0,11A72,"FLETCHER DR","ESTARA AV",0.00,,Y,A,-,N,,,,,,,,,,N,4,0,1,2,A,-,10,21950,A,N,G,B,B,A,H,-,C,A,0,Y,,,,Y,Y,A,01,0,0,1,0,1,0,0,0,0,"- ","- ",,,"LOS ANGELES","LOS ANGELES",-118.24124145507812,34.118061065673828
8692331,2018,2018-09-28,1942,2018-08-31,1420,39908,1633,5,5,7,1942,0,0,0,P,0,16A23,"FOOTHILL BL","TERRA BELLA ST",0.00,,Y,A,-,N,,,,,,,,,,N,4,0,1,2,B,-,22,,,F,G,B,F,A,H,-,A,D,0,Y,,,,Y,,-,99,0,0,1,0,1,0,0,0,0,"- ","- ",,,"LOS ANGELES","LOS ANGELES",-118.39553070068359,34.274890899658203
8692364,2018,2018-09-26,1942,2018-08-15,2140,35024,0119,3,5,7,1942,0,0,0,A,0,1A1,"LOS ANGELES ST","ALAMEDA ST",0.00,,Y,A,-,N,,,,,,,,,,Y,2,0,3,3,A,-,05,21650,,N,B,C,F,A,H,-,C,D,0,Y,,,,Y,,A,01,1,2,0,0,1,0,0,0,0,"- ","- ",,,"LOS ANGELES","LOS ANGELES",-118.23751068115234,34.056140899658203
8693188,2018,2018-09-27,1942,2018-08-26,1845,41045,1179,7,5,7,1942,0,0,0,K,0,11A72,"PASADENA AV","FIGUEROA ST",175.00,E,N,A,-,N,,,,,,,,,,N,3,0,1,2,A,-,09,21804,A,F,G,B,F,A,H,-,A,D,0,Y,,,,Y,,-,"- ",0,1,0,0,1,0,0,0,0,"- ","- ",,,"LOS ANGELES","LOS ANGELES",-118.21116638183594,34.09051513671875
8693364,2018,2018-09-19,1942,2018-08-19,2105,37304,0935,7,5,7,1942,0,0,0,I,0,9A41,"W SYLVAN ST","SYLMAR AV",195.00,E,N,A,-,N,,,,,,,,,,N,3,0,1,2,A,-,11,21954,A,N,G,B,D,A,H,-,C,D,0,Y,,,,Y,,N,60,0,1,0,0,1,0,0,0,0,"- ","- ",,,"LOS ANGELES","LOS ANGELES",-118.44588470458984,34.184661865234375
8694648,2018,2018-09-17,1942,2018-08-20,1640,36336,1663,1,5,7,1942,0,0,0,P,0,16A77,"HADDON AV","ALLEGHENY ST",10.00,N,N,A,-,N,,,,,,,,,,N,4,0,1,2,A,-,10,21950,A,N,G,B,B,A,H,-,A,D,0,Y,,,,Y,,A,01,0,0,1,0,1,0,0,0,0,"- ","- ",,,"LOS ANGELES","LOS ANGELES",-118.39893341064453,34.232940673828125
8694650,2018,2019-01-08,1942,2018-08-16,2200,38269,1553,4,5,7,1942,0,0,0,O,0,15A85,"TUJUNGA AV","RT 101",4.00,N,N,A,-,Y,LA,7,101,-,-,12.013,R,4,N,N,4,0,1,2,A,-,00,20001,A,F,B,B,E,A,H,-,C,A,0,Y,,,,Y,,-,99,0,0,1,0,1,0,0,0,0,"- ",WO,,,"LOS ANGELES","LOS ANGELES",-118.38177490234375,34.154586791992188
8694664,2018,2018-09-17,1942,2018-08-18,1205,43164,1617,6,5,7,1942,0,0,0,P,0,16A37,"ORO VISTA AV",WENTWORTH,0.00,,Y,A,-,N,,,,,,,,,,N,4,0,1,2,A,-,12,22450,A,F,G,B,B,A,H,-,A,A,0,Y,,,,Y,,-,99,0,0,1,0,1,0,0,0,0,"- ","- ",,,"LOS ANGELES","LOS ANGELES",-118.31574249267578,34.266979217529297
8694666,2018,2019-02-14,1942,2018-08-29,1945,39217,1754,3,5,7,1942,0,0,0,Q,0,17A35,"ETIWANDA AV","DEVONSHIRE ST",0.00,,Y,A,-,N,,,,,,,,,,Y,1,1,0,2,A,-,01,23152,F,N,G,B,B,A,H,-,C,A,0,Y,,,,Y,,A,01,0,0,0,1,0,0,0,0,0,"- ","- ",,,"LOS ANGELES","LOS ANGELES",-118.53172302246094,34.257278442382812