CASE_ID,ACCIDENT_YEAR,PROC_DATE,JURIS,COLLISION_DATE,COLLISION_TIME,OFFICER_ID,REPORTING_DISTRICT,DAY_OF_WEEK,CHP_SHIFT,POPULATION,CNTY_CITY_LOC,SPECIAL_COND,BEAT_TYPE,CHP_BEAT_TYPE,CITY_DIVISION_LAPD,CHP_BEAT_CLASS,BEAT_NUMBER,PRIMARY_RD,SECONDARY_RD,DISTANCE,DIRECTION,INTERSECTION,WEATHER_1,WEATHER_2,STATE_HWY_IND,CALTRANS_COUNTY,CALTRANS_DISTRICT,STATE_ROUTE,ROUTE_SUFFIX,POSTMILE_PREFIX,POSTMILE,LOCATION_TYPE,RAMP_INTERSECTION,SIDE_OF_HWY,TOW_AWAY,COLLISION_SEVERITY,NUMBER_KILLED,NUMBER_INJURED,PARTY_COUNT,PRIMARY_COLL_FACTOR,PCF_CODE_OF_VIOL,PCF_VIOL_CATEGORY,PCF_VIOLATION,PCF_VIOL_SUBSECTION,HIT_AND_RUN,TYPE_OF_COLLISION,MVIW,PED_ACTION,ROAD_SURFACE,ROAD_COND_1,ROAD_COND_2,LIGHTING,CONTROL_DEVICE,CHP_ROAD_TYPE,PEDESTRIAN_ACCIDENT,BICYCLE_ACCIDENT,MOTORCYCLE_ACCIDENT,TRUCK_ACCIDENT,NOT_PRIVATE_PROPERTY,ALCOHOL_INVOLVED,STWD_VEHTYPE_AT_FAULT,CHP_VEHTYPE_AT_FAULT,COUNT_SEVERE_INJ,COUNT_VISIBLE_INJ,COUNT_COMPLAINT_PAIN,COUNT_PED_KILLED,COUNT_PED_INJURED,COUNT_BICYCLIST_KILLED,COUNT_BICYCLIST_INJURED,COUNT_MC_KILLED,COUNT_MC_INJURED,PRIMARY_RAMP,SECONDARY_RAMP,LATITUDE,LONGITUDE,COUNTY,CITY,POINT_X,POINT_Y
8694811,2018,2018-09-13,1942,2018-08-10,1045,38282,0643,5,5,7,1942,0,0,0,F,0,6A45,"SUNSET BL","MARTEL AV",20.00,E,N,A,-,N,,,,,,,,,,N,4,0,1,2,A,-,10,21950,A,F,G,B,B,A,H,-,A,A,0,Y,,,,Y,,-,99,0,0,1,0,1,0,0,0,0,"- ","- ",,,"LOS ANGELES","LOS ANGELES",-118.35061645507812,34.098011016845703
8694844,2018,2018-09-17,1942,2018-09-02,0120,42597,10AT1,7,5,7,1942,0,0,0,J,0,10AT1,"LOUISE AV","VALERIO ST",0.00,,Y,-,-,N,,,,,,,,,,N,3,0,2,3,A,-,01,23152,A,N,B,B,B,A,H,-,C,D,0,Y,,,,Y,Y,A,07,0,1,1,0,2,0,0,0,0,"- ","- ",,,"LOS ANGELES","LOS ANGELES",-118.50982666015625,34.205448150634766
8695149,2018,2018-09-21,1942,2018-08-29,1745,43256,0564,3,5,7,1942,0,0,0,E,0,5A58,"PACIFIC AV","2ND ST",0.00,,Y,A,-,N,,,,,,,,,,N,4,0,1,2,A,-,11,21954,A,N,G,B,D,A,H,-,A,D,0,Y,,,,Y,,N,60,0,0,1,0,1,0,0,0,0,"- ","- ",,,"LOS ANGELES","LOS ANGELES",-118.28790283203125,33.742420196533203
8695214,2018,2018-09-21,1942,2018-07-11,2005,43317,0885,3,5,7,1942,0,0,0,H,0,8A53,"MANNING AV","PICO BL",0.00,,Y,A,-,N,,,,,,,,,,N,4,0,1,2,A,-,10,21950,A,N,G,B,B,A,H,-,C,A,0,Y,,,,Y,,A,01,0,0,1,0,1,0,0,0,0,"- ","- ",,,"LOS ANGELES","LOS ANGELES",-118.42285919189453,34.04296875
8695219,2018,2018-09-24,1942,2018-08-14,1935,39201,2069,2,5,7,1942,0,0,0,,0,20L50,"HOOVER ST","LAKE ST",3.00,S,N,-,-,N,,,,,,,,,,N,3,0,1,2,A,-,11,21954,A,N,G,B,D,A,H,-,B,D,0,Y,,,,Y,Y,N,60,0,1,0,0,1,0,0,0,0,"- ","- ",,,"LOS ANGELES","LOS ANGELES",-118.28418731689453,34.047470092773438
8695236,2018,2018-09-18,1942,2018-08-25,1030,26101,0567,6,5,7,1942,0,0,0,E,0,5A59,"W 21ST ST","CRESCENT AV",80.00,N,N,A,-,N,,,,,,,,,,N,3,0,1,2,A,-,11,21954,A,F,G,B,-,A,H,-,A,D,0,Y,,,,Y,,N,60,0,1,0,0,1,0,0,0,0,"- ","- ",,,"LOS ANGELES","LOS ANGELES",-118.28517913818359,33.725151062011719
8695240,2018,2018-09-20,1942,2018-08-18,0400,42173,5A15,6,5,7,1942,0,0,0,,0,5A15W3,"F ST",AVALON,50.00,E,N,A,-,N,,,,,,,,,,N,4,0,1,2,A,-,11,21954,A,F,G,B,E,A,H,-,C,D,0,Y,,,,Y,,N,60,0,0,1,0,1,0,0,0,0,"- ","- ",,,"LOS ANGELES","LOS ANGELES",-118.26222991943359,33.777099609375
8695303,2018,2018-10-01,1942,2018-09-01,2150,41339,2019,6,5,7,1942,0,0,0,,0,20XL4,"BEVERLY BL","JUANITA BL",100.00,E,N,A,-,N,,,,,,,,,,Y,3,0,1,2,A,-,11,21954,A,N,G,B,D,A,H,-,C,A,0,Y,,,,Y,,N,60,0,1,0,0,1,0,0,0,0,"- ","- ",,,"LOS ANGELES","LOS ANGELES",-118.29019927978516,34.076309204101562
8696394,2018,2018-09-21,1942,2018-08-28,1800,41333,2002,2,5,7,1942,0,0,0,,0,20A58,"CLINTON ST","ST ANDREWS PL S",0.00,,Y,A,-,N,,,,,,,,,,N,4,0,1,2,A,-,10,21950,A,N,A,B,B,A,H,-,A,D,0,Y,,,,Y,,A,01,0,0,1,0,1,0,0,0,0,"- ","- ",,,"LOS ANGELES","LOS ANGELES",-118.31118774414062,34.081649780273438
8696541,2018,2019-03-13,1942,2018-07-16,2319,39072,1383,1,5,7,1942,0,0,0,M,0,13A93,"61ST ST",BROADWAY,146.00,E,N,A,-,N,,,,,,,,,,N,2,0,1,2,A,-,09,21804,A,F,D,B,F,A,H,-,C,D,0,Y,,,,Y,,-,99,1,0,0,0,1,0,0,0,0,"- ","- ",,,"LOS ANGELES","LOS ANGELES",-118.27780914306641,33.984210968017578
8697960,2018,2018-10-03,1942,2018-08-25,1240,41856,1431,6,5,7,1942,0,0,0,N,0,14A11,"ANDALUSIA AV","CABRILLO AV",95.00,S,N,A,-,N,,,,,,,,,,N,4,0,1,2,A,-,11,21956,A,N,G,B,D,A,H,-,A,D,0,Y,,,,Y,,N,60,0,0,1,0,1,0,0,0,0,"- ","- ",,,"LOS ANGELES","LOS ANGELES",-118.4674072265625,33.989982604980469
8698093,2018,2018-10-04,1942,2018-08-25,1600,38280,1476,6,5,7,1942,0,0,0,N,0,A73,"SEPULVEDA BL","83RD ST",0.00,,Y,A,-,N,,,,,,,,,,,4,0,1,2,A,-,10,21950,,F,G,B,B,A,H,-,A,A,0,Y,,,,Y,,-,99,0,0,1,0,1,0,0,0,0,"- ","- ",,,"LOS ANGELES","LOS ANGELES",,
8699001,2018,2018-09-26,1942,2018-08-30,1650,40290,1035,4,5,7,1942,0,0,0,J,0,10A21,"KITTRIDGE ST","NESTLE AV",5.00,E,N,A,-,N,,,,,,,,,,N,3,0,1,2,A,-,03,22350,,N,A,B,B,A,H,-,A,D,0,Y,,,,Y,,A,01,0,1,0,0,1,0,0,0,0,"- ","- ",,,"LOS ANGELES","LOS ANGELES",-118.53079986572266,34.190250396728516
8699143,2018,2018-10-02,1942,2018-09-15,2500,42309,1623,6,5,7,1942,0,0,0,P,0,16A23,"VAN NUYS BL","HERRICK AV",25.00,E,N,A,-,N,,,,,,,,,,N,4,0,1,2,A,-,11,21954,A,F,G,B,D,A,H,-,C,A,0,Y,,,,Y,,N,60,0,0,1,0,1,0,0,0,0,"- ","- ",,,"LOS ANGELES","LOS ANGELES",-118.4149169921875,34.271335601806641
8699151,2018,2018-10-05,1942,2018-09-15,2045,35481,1523,6,5,7,1942,0,0,0,O,0,15A33,"WHITSETT AV","VICTORY BL",0.00,,Y,A,-,N,,,,,,,,,,N,3,0,1,2,A,-,10,21950,A,F,G,B,B,A,H,-,C,A,0,Y,,,,Y,,A,01,0,1,0,0,1,0,0,0,0,"- ","- ",,,"LOS ANGELES","LOS ANGELES",-118.40525817871094,34.186679840087891
8699915,2018,2018-10-03,1942,2018-09-16,0910,41236,0353,7,5,7,1942,0,0,0,C,0,3A31,"BUCKINGHAM RD","COLISEUM ST",0.00,,Y,A,-,N,,,,,,,,,,N,3,0,1,2,A,-,10,21950,A,N,G,B,B,A,H,-,A,A,0,Y,,,,Y,,D,22,0,1,0,0,1,0,0,0,0,"- ","- ",,,"LOS ANGELES","LOS ANGELES",-118.34029388427734,34.018230438232422
8700807,2018,2018-10-05,1942,2018-08-17,1900,42007,RD035,5,5,7,1942,0,0,0,,0,12X58,"JEFFERSON AV","4TH AV",2.00,W,N,A,-,N,,,,,,,,,,N,3,0,1,2,A,-,10,21950,A,N,G,B,B,A,H,-,A,A,0,Y,,,,Y,,A,01,0,1,0,0,1,0,0,0,0,"- ","- ",,,"LOS ANGELES","LOS ANGELES",-118.32125854492188,34.025558471679688
8700830,2018,2018-10-26,1942,2018-08-07,0910,41911,1861,2,5,7,1942,0,0,0,R,0,18A97,"S VERMONT AV","115TH ST",221.00,S,N,A,-,Y,LA,7,105,-,R,6.948,R,3,W,N,2,0,1,2,A,-,10,21950,A,F,G,B,B,A,H,-,A,A,0,Y,,,,Y,,-,99,1,0,0,0,1,0,0,0,0,"- ","- ",,,"LOS ANGELES","LOS ANGELES",-118.28828430175781,33.928867340087891
8701217,2018,2018-09-20,1942,2018-09-02,2345,41753,0375,7,5,7,1942,0,0,0,C,0,3A55,WESTERN,"35TH PL",25.00,S,N,A,-,N,,,,,,,,,,N,3,0,1,2,A,-,11,21955,,N,A,B,D,A,H,-,C,D,0,Y,,,,Y,,N,60,0,1,0,0,1,0,0,0,0,"- ","- ",,,"LOS ANGELES","LOS ANGELES",-118.30889892578125,34.023662567138672
8701302,2018,2018-09-20,1942,2018-08-17,1555,36508,2103,5,5,7,1942,0,0,0,,0,,"TOPANGA CANYON","PARTHENIA ST",0.00,,Y,-,-,N,,,,,,,,,,N,4,0,1,2,A,-,11,21456,B,N,G,B,D,A,H,-,A,-,0,Y,,,,Y,,N,60,0,0,1,0,1,0,0,0,0,"- ","- ",,,"LOS ANGELES","LOS ANGELES",-118.60482025146484,34.227909088134766
8701785,2018,2018-09-25,1942,2018-09-04,1940,42420,0889,2,5,7,1942,0,0,0,H,0,8A95,"LA CIENEGA BL","CADILLAC AV",0.00,,Y,A,-,N,,,,,,,,,,N,4,0,1,2,A,-,09,21801,B,N,G,B,B,A,H,-,C,A,0,Y,,,,Y,,A,01,0,0,1,0,1,0,0,0,0,"- ","- ",,,"LOS ANGELES","LOS ANGELES",-118.37722015380859,34.038238525390625
8701916,2018,2018-09-24,1942,2018-08-07,0740,39835,0841,2,5,7,1942,0,0,0,H,0,8A53,"WILSHIRE BL","BUNDY DR",99.00,W,N,A,-,N,,,,,,,,,,N,4,0,1,3,A,-,11,21954,A,N,G,B,D,A,H,-,A,D,0,Y,,,,Y,,N,60,0,0,1,0,1,0,0,0,0,"- ","- ",,,"LOS ANGELES","LOS ANGELES",-118.46772766113281,34.043876647949219
8701945,2018,2018-10-08,1942,2018-08-29,1345,38351,2177,3,5,7,1942,0,0,0,,0,21A77,"BURBANK BL","KELVIN AV",20.00,E,N,A,-,N,,,,,,,,,,N,3,0,1,2,-,-,"- ",,,N,G,B,E,A,H,-,A,D,0,Y,,,,Y,,-,"- ",0,1,0,0,1,0,0,0,0,"- ","- ",,,"LOS ANGELES","LOS ANGELES",-118.5869140625,34.171970367431641
8702004,2018,2018-10-10,1942,2018-09-07,2139,38721,0899,5,5,7,1942,0,0,0,H,0,8A95,"VENICE BL","NATIONA BL",9.00,W,N,A,-,N,,,,,,,,,,N,3,0,1,2,A,-,11,21954,A,N,G,B,-,A,H,-,C,A,0,Y,,,,Y,,N,60,0,1,0,0,1,0,0,0,0,"- ","- ",,,"LOS ANGELES","LOS ANGELES",-118.38832855224609,34.029407501220703
8702175,2018,2018-10-02,1942,2018-08-29,1440,39759,0132,3,5,7,1942,0,0,0,A,0,1A1,"S OLIVE ST","W 2ND ST",0.00,,Y,A,-,N,,,,,,,,,,N,4,0,1,2,A,-,10,21950,A,F,G,B,B,A,H,-,A,A,0,Y,,,,Y,,-,99,0,0,1,0,1,0,0,0,0,"- ","- ",,,"LOS ANGELES","LOS ANGELES",-118.24887084960938,34.053779602050781
8702186,2018,2018-10-02,1942,2018-08-18,1435,40008,0192,6,5,7,1942,0,0,0,A,0,1A61,"S FIGUEROA ST","W 17TH ST",0.00,,Y,A,-,N,,,,,,,,,,N,4,0,1,2,A,-,05,21650,,N,D,B,D,A,H,-,A,D,0,Y,,,,Y,,N,60,0,0,1,0,1,0,0,0,0,"- ","- ",,,"LOS ANGELES","LOS ANGELES",-118.270751953125,34.036399841308594
8702216,2018,2018-11-08,1942,2018-08-21,0900,41935,0138,2,5,7,1942,0,0,0,A,0,1FBL7,"4TH ST","LOS ANGELES",0.00,,Y,A,-,N,,,,,,,,,,N,4,0,1,2,A,-,10,21950,A,N,G,B,B,A,H,-,A,A,0,Y,,,,Y,,A,01,0,0,1,0,1,0,0,0,0,"- ","- ",,,"LOS ANGELES","LOS ANGELES",-118.24620056152344,34.047271728515625
8702241,2018,2019-01-22,1942,2018-08-28,0530,38273,1663,2,5,7,1942,0,0,0,P,0,16TL25,"SHELDON ST","SAN FERNANDO RD",32.00,W,N,A,-,N,,,,,,,,,,N,4,0,1,2,A,-,11,21954,A,N,G,B,D,A,A,-,C,D,0,Y,,,,Y,,N,60,0,0,1,0,1,0,0,0,0,"- ","- ",,,"LOS ANGELES","LOS ANGELES",-118.39379119873047,34.239242553710938
8702321,2018,2018-10-02,1942,2018-09-11,1835,39784,RD146,2,5,7,1942,0,0,0,,0,14A56,"BEATRICE ST","INGLEWOOD BL",50.00,E,N,A,-,N,,,,,,,,,,N,4,0,1,2,A,-,11,21954,A,N,G,B,E,A,H,-,A,D,0,Y,,,,Y,,N,60,0,0,1,0,1,0,0,0,0,"- ","- ",,,"LOS ANGELES","LOS ANGELES",-118.40643310546875,33.985095977783203
8702322,2018,2018-10-02,1942,2018-09-07,2145,42351,0647,5,5,7,1942,0,0,0,F,0,6FB18,"SUNSET BL","VAN NESS AV",50.00,E,N,A,-,N,,,,,,,,,,Y,3,0,1,2,A,-,11,21954,A,N,G,B,E,A,H,-,-,B,0,Y,,,,Y,,N,60,0,1,0,0,1,0,0,0,0,"- ","- ",,,"LOS ANGELES","LOS ANGELES",-118.31561279296875,34.098049163818359
8702325,2018,2018-10-02,1942,2018-09-15,0100,43457,"LOS A",6,5,7,1942,0,0,0,,0,1441,"WASHINGTON BL","SANBORN AV",10.00,N,N,A,-,N,,,,,,,,,,N,3,0,1,2,A,-,11,21950,B,N,G,B,E,A,H,-,C,D,0,Y,,,,Y,Y,N,60,0,1,0,0,1,0,0,0,0,"- ","- ",33.980598449707031,-118.46430206298828,"LOS ANGELES","LOS ANGELES",-118.46410369873047,33.980636596679688
8702332,2018,2018-10-02,1942,2018-08-14,1310,42956,0735,2,5,7,1942,0,0,0,G,0,7A64,"WILSHIRE BL","DETROIT ST",0.00,,Y,A,-,N,,,,,,,,,,N,4,0,1,2,A,-,10,21950,A,N,G,B,B,A,H,-,A,A,0,Y,,,,Y,,A,01,0,0,1,0,1,0,0,0,0,"- ","- ",,,"LOS ANGELES","LOS ANGELES",-118.34516143798828,34.062240600585938
8702335,2018,2018-10-02,1942,2018-08-03,0150,42501,0678,5,5,7,1942,0,0,0,F,0,6A67,"SANTA MONICA BL",WESTERN,75.00,W,N,A,-,N,,,,,,,,,,N,4,0,1,2,A,-,11,21954,A,N,G,B,D,A,-,-,C,D,0,Y,,,,Y,Y,N,60,0,0,1,0,1,0,0,0,0,"- ","- ",,,"LOS ANGELES","LOS ANGELES",-118.30941772460938,34.090770721435547
8702352,2018,2018-10-02,1942,2018-08-22,1150,40456,0881,3,5,7,1942,0,0,0,H,0,8A53,"CENTINELA AV",NEBRASKA,0.00,,Y,A,-,N,,,,,,,,,,N,3,0,1,2,A,-,10,21950,A,N,A,B,B,A,H,-,A,A,0,Y,,,,Y,,A,01,0,1,0,0,1,0,0,0,0,"- ","- ",,,"LOS ANGELES","LOS ANGELES",-118.46151733398438,34.033260345458984
8702374,2018,2018-10-02,1942,2018-09-07,1750,42424,0721,5,5,7,1942,0,0,0,G,0,,"LA CIENEGA BL","COLGATE AV",0.00,,Y,A,-,N,,,,,,,,,,N,4,0,1,2,A,-,10,21950,A,N,G,B,B,A,-,-,A,D,0,Y,,,,Y,,A,07,0,0,1,0,1,0,0,0,0,"- ","- ",,,"LOS ANGELES","LOS ANGELES",-118.37638854980469,34.070831298828125
8702392,2018,2018-10-17,1942,2018-08-14,0855,43332,0646,2,5,7,1942,0,0,0,F,0,6A45,"HIGHLAND AV","FOUNTAIN AV",5.00,,N,A,-,N,,,,,,,,,,N,3,0,1,2,A,-,09,21801,B,N,G,B,B,A,H,-,A,A,0,Y,,,,Y,,A,08,0,1,0,0,1,0,0,0,0,"- ","- ",,,"LOS ANGELES","LOS ANGELES",-118.33863830566406,34.094371795654297
8702404,2018,2018-10-02,1942,2018-07-27,0950,40491,2027,5,5,7,1942,0,0,0,,0,20A69,"MARIPOSA AV","WILSHIRE BL",0.00,,Y,A,-,N,,,,,,,,,,N,3,0,1,2,A,-,10,21950,A,N,G,B,B,A,H,-,A,A,0,Y,,,,Y,,N,60,0,1,0,0,1,0,0,0,0,"- ","- ",,,"LOS ANGELES","LOS ANGELES",-118.29917907714844,34.061759948730469
8702432,2018,2018-10-02,1942,2018-07-30,0655,41054,0668,1,5,7,1942,0,0,0,F,0,6A79,"LEXINGTON AV","NORTH WESTERN AV",0.00,,Y,A,-,N,,,,,,,,,,N,2,0,1,2,A,-,10,21950,A,N,G,B,B,A,H,-,A,D,0,Y,,,,Y,,A,07,1,0,0,0,1,0,0,0,0,"- ","- ",,,"LOS ANGELES","LOS ANGELES",-118.30918884277344,34.092899322509766
8702444,2018,2018-10-23,1942,2018-07-24,1840,40445,2038,2,5,7,1942,0,0,0,,0,20A44,"WILSHIRE BL","VERMONT AV",0.00,,Y,A,-,N,,,,,,,,,,N,3,0,1,2,A,-,10,21950,A,F,G,B,-,A,H,-,A,A,0,Y,,,,Y,,-,99,0,1,0,0,1,0,0,0,0,"- ","- ",,,"LOS ANGELES","LOS ANGELES",-118.29167938232422,34.061801910400391
8702983,2018,2018-11-05,1942,2018-09-17,0910,34332,0138,1,5,7,1942,0,0,0,A,0,1A29,"LOS ANGELES ST","2ND ST",250.00,S,N,A,-,N,,,,,,,,,,N,4,0,1,2,B,-,22,,,N,-,B,D,-,H,-,A,A,0,Y,,,,Y,,D,22,0,0,1,0,1,0,0,0,0,"- ","- ",,,"LOS ANGELES","LOS ANGELES",,
8703159,2018,2018-10-30,1942,2018-09-14,1155,31476,0192,5,5,7,1942,0,0,0,A,0,1461,"FLOWER ST","PICO BL",0.00,,Y,A,-,N,,,,,,,,,,N,4,0,1,2,A,-,10,21950,A,F,A,B,B,A,H,-,A,A,0,Y,,,,Y,,-,99,0,0,1,0,1,0,0,0,0,"- ","- ",,,"LOS ANGELES","LOS ANGELES",-118.26689147949219,34.040061950683594
8703214,2018,2018-10-12,1942,2018-09-06,1945,42600,LOSAN,4,5,7,1942,0,0,0,,0,1132,"LOS FELIZ",COMMONWEALTH,0.00,,Y,A,-,N,,,,,,,,,,N,4,0,2,3,A,-,10,21950,,N,G,B,B,A,H,-,C,A,0,Y,,,,Y,,A,01,0,0,2,0,2,0,0,0,0,"- ","- ",,,"LOS ANGELES","LOS ANGELES",-118.2852783203125,34.112270355224609
8703269,2018,2018-10-12,1942,2018-09-02,2040,37865,1256,7,5,7,1942,0,0,0,L,0,12X42,"HOOVER ST","74TH ST",0.00,,Y,A,-,N,,,,,,,,,,N,4,0,1,2,A,-,10,21950,A,N,G,B,B,A,H,-,C,D,0,Y,,,,Y,,A,01,0,0,1,0,1,0,0,0,0,"- ","- ",,,"LOS ANGELES","LOS ANGELES",-118.28711700439453,33.972679138183594
8703273,2018,2018-10-12,1942,2018-09-01,2030,41056,1263,6,5,7,1942,0,0,0,L,0,25T21,"W 81ST ST","S WESTERN AV",27.00,E,N,A,-,N,,,,,,,,,,N,2,0,1,2,A,-,11,21954,A,N,-,B,D,A,H,-,C,A,0,Y,,,,Y,,N,60,1,0,0,0,1,0,0,0,0,"- ","- ",,,"LOS ANGELES","LOS ANGELES",-118.30892944335938,33.965469360351562
8703275,2018,2018-10-12,1942,2018-09-03,1930,41129,0308,1,5,7,1942,0,0,0,C,0,3A19,"HOOVER ST","25TH ST",63.00,E,N,A,-,N,,,,,,,,,,N,2,0,1,2,A,-,11,21955,,N,G,B,D,A,H,-,C,A,0,Y,,,,Y,Y,A,01,1,0,0,0,1,0,0,0,0,"- ","- ",,,"LOS ANGELES","LOS ANGELES",-118.28399658203125,34.033588409423828
8703787,2018,2018-10-05,1942,2018-08-11,2210,41800,1804,6,5,7,1942,0,0,0,R,0,18A3,"CENTRAL AV","87TH PL",50.00,N,N,A,-,N,,,,,,,,,,N,4,0,1,2,A,-,10,21950,C,N,B,B,C,A,H,-,C,D,0,Y,,,,Y,,A,01,0,0,1,0,1,0,0,0,0,"- ","- ",,,"LOS ANGELES","LOS ANGELES",-118.25641632080078,33.958477020263672
8703819,2018,2018-11-05,1942,2018-08-17,2100,42946,1942,5,5,7,1942,0,0,0,,0,1823,AVALON,"103RD ST",10.00,N,N,A,-,N,,,,,,,,,,N,3,0,1,2,A,-,10,21950,A,N,G,B,B,A,H,-,C,A,0,Y,,,,Y,,-,"- ",0,1,0,0,1,0,0,0,0,"- ","- ",,,"LOS ANGELES","LOS ANGELES",-118.26518249511719,33.942878723144531
8703834,2018,2018-10-03,1942,2018-09-13,1955,41870,1862,4,5,7,1942,0,0,0,R,0,18A63,"S MAIN ST","117TH ST",72.00,N,N,A,-,N,,,,,,,,,,N,3,0,1,2,A,-,11,21954,A,N,G,B,D,A,H,-,C,D,0,Y,,,,Y,,N,60,0,1,0,0,1,0,0,0,0,"- ","- ",,,"LOS ANGELES","LOS ANGELES",-118.27390289306641,33.927597045898438
8703944,2018,2018-10-09,1942,2018-09-18,2220,42149,1043,2,5,7,1942,0,0,0,J,0,,"YOLANDA AV","HATTERAS ST",0.00,,-,A,-,N,,,,,,,,,,N,3,0,1,2,B,-,22,,,F,G,B,E,A,H,-,C,D,0,Y,,,,Y,,-,,0,1,0,0,1,0,0,0,0,"- ","- ",,,"LOS ANGELES","LOS ANGELES",-118.54074859619141,34.177139282226562
8704595,2018,2018-10-11,1942,2018-09-13,0215,30083,0245,4,5,7,1942,0,0,0,B,0,2A45,"WILSHIRE BL","PARK VIEW ST",300.00,E,N,A,-,N,,,,,,,,,,N,3,0,1,2,A,-,11,21956,A,N,G,-,D,A,H,-,C,D,0,Y,,,,Y,,N,60,0,1,0,0,1,0,0,0,0,"- ","- ",,,"LOS ANGELES","LOS ANGELES",-118.27852630615234,34.059524536132812
8705136,2018,2018-10-09,1942,2018-09-11,0810,43073,0563,2,5,7,1942,0,0,0,E,0,5A85,"CABRILLO AV","14TH ST",0.00,,Y,A,-,N,,,,,,,,,,N,4,0,1,2,A,-,10,21952,,N,G,B,B,A,H,-,A,A,0,Y,,,,Y,,A,01,0,0,1,0,1,0,0,0,0,"- ","- ",,,"LOS ANGELES","LOS ANGELES",-118.29460144042969,33.731540679931641
8705184,2018,2019-01-04,1942,2018-09-17,0630,36722,1851,1,5,7,1942,0,0,0,R,0,18A97,"AINSWORTH ST","135TH ST",327.00,S,N,A,-,N,,,,,,,,,,N,1,1,0,2,A,-,11,21955,,N,A,B,D,A,H,-,A,D,0,Y,,,,Y,,N,60,0,0,0,1,0,0,0,0,0,"- ","- ",,,"LOS ANGELES","LOS ANGELES",-118.29039764404297,33.908252716064453
8705362,2018,2018-10-09,1942,2018-09-23,0030,42251,0914,7,5,7,1942,0,0,0,I,0,9A23,"BASSETT ST","HALBRENT AV",0.00,,Y,A,-,N,,,,,,,,,,N,3,0,1,2,A,-,10,21950,A,F,G,B,B,A,H,-,C,D,0,Y,,,,Y,,-,99,0,1,0,0,1,0,0,0,0,"- ","- ",,,"LOS ANGELES","LOS ANGELES",-118.46466827392578,34.195720672607422
8705367,2018,2018-10-05,1942,2018-08-13,0755,41497,1065,1,5,7,1942,0,0,0,J,0,10A99,"WHITE OAK AV","CLARK ST",200.00,N,N,A,-,N,,,,,,,,,,N,4,0,1,2,A,-,12,21453,A,F,G,B,B,A,H,-,A,A,0,Y,,,,Y,,-,99,0,0,1,0,1,0,0,0,0,"- ","- ",,,"LOS ANGELES","LOS ANGELES",,
8705394,2018,2018-10-09,1942,2018-09-24,1905,38183,1037,1,5,7,1942,0,0,0,J,0,10A17,"VANOWEN ST","ANDASOL AV",143.00,E,N,B,-,N,,,,,,,,,,Y,2,0,2,2,A,-,11,21954,A,N,G,B,D,A,H,-,D,A,0,Y,,,,Y,,N,60,1,1,0,0,1,0,0,0,0,"- ","- ",,,"LOS ANGELES","LOS ANGELES",-118.51160430908203,34.193870544433594
8705414,2018,2018-10-08,1942,2018-09-21,1630,37146,1273,5,5,7,1942,0,0,0,L,0,25TL25,"MANCHESTER AV","WESTERN AV",100.00,W,N,A,-,N,,,,,,,,,,N,4,0,1,2,A,-,11,21954,A,F,G,B,D,A,H,-,A,A,0,Y,,,,Y,,N,60,0,0,1,0,1,0,0,0,0,"- ","- ",,,"LOS ANGELES","LOS ANGELES",-118.30934143066406,33.959964752197266
8705558,2018,2018-10-30,1942,2018-09-01,2120,42282,0331,6,5,7,1942,0,0,0,C,0,3A31,"LA BREA AV","JEFFERSON BL",26.00,S,N,A,-,N,,,,,,,,,,N,2,0,1,2,A,-,11,21956,A,N,G,B,E,A,H,-,C,A,0,Y,,,,Y,,N,60,1,0,0,0,1,0,0,0,0,"- ","- ",,,"LOS ANGELES","LOS ANGELES",-118.35489654541016,34.02545166015625
8706545,2018,2018-10-04,1942,2018-09-21,0800,42118,0326,5,5,7,1942,0,0,0,C,0,25T21,"NORMANDIE AV","ADAMS BL",138.00,S,N,A,-,N,,,,,,,,,,N,2,0,1,2,A,-,11,21954,A,F,G,B,D,A,H,-,A,D,0,Y,,,,Y,,N,60,1,0,0,0,1,0,0,0,0,"- ","- ",,,"LOS ANGELES","LOS ANGELES",-118.30023956298828,34.032341003417969
8706765,2018,2018-09-27,1942,2018-09-17,0120,41844,0311,1,5,7,1942,0,0,0,C,0,3A1,"LA CIENEGA RD","JEFFERSON BL",64.00,S,N,A,-,N,,,,,,,,,,N,4,0,1,2,A,-,11,21954,A,F,B,B,E,A,H,-,C,D,0,Y,,,,Y,,-,99,0,0,1,0,1,0,0,0,0,"- ","- ",,,"LOS ANGELES","LOS ANGELES",-118.37542724609375,34.026840209960938
8706788,2018,2018-10-04,1942,2018-09-05,0900,33599,1232,3,5,7,1942,0,0,0,L,0,0900,"SLAUSON AV","2ND AV",0.00,,Y,B,-,N,,,,,,,,,,N,4,0,1,2,A,-,10,21950,A,N,G,B,B,A,G,-,A,D,0,Y,,,,Y,,A,07,0,0,1,0,1,0,0,0,0,"- ","- ",,,"LOS ANGELES","LOS ANGELES",-118.31961822509766,33.989101409912109