CASE_ID,ACCIDENT_YEAR,PROC_DATE,JURIS,COLLISION_DATE,COLLISION_TIME,OFFICER_ID,REPORTING_DISTRICT,DAY_OF_WEEK,CHP_SHIFT,POPULATION,CNTY_CITY_LOC,SPECIAL_COND,BEAT_TYPE,CHP_BEAT_TYPE,CITY_DIVISION_LAPD,CHP_BEAT_CLASS,BEAT_NUMBER,PRIMARY_RD,SECONDARY_RD,DISTANCE,DIRECTION,INTERSECTION,WEATHER_1,WEATHER_2,STATE_HWY_IND,CALTRANS_COUNTY,CALTRANS_DISTRICT,STATE_ROUTE,ROUTE_SUFFIX,POSTMILE_PREFIX,POSTMILE,LOCATION_TYPE,RAMP_INTERSECTION,SIDE_OF_HWY,TOW_AWAY,COLLISION_SEVERITY,NUMBER_KILLED,NUMBER_INJURED,PARTY_COUNT,PRIMARY_COLL_FACTOR,PCF_CODE_OF_VIOL,PCF_VIOL_CATEGORY,PCF_VIOLATION,PCF_VIOL_SUBSECTION,HIT_AND_RUN,TYPE_OF_COLLISION,MVIW,PED_ACTION,ROAD_SURFACE,ROAD_COND_1,ROAD_COND_2,LIGHTING,CONTROL_DEVICE,CHP_ROAD_TYPE,PEDESTRIAN_ACCIDENT,BICYCLE_ACCIDENT,MOTORCYCLE_ACCIDENT,TRUCK_ACCIDENT,NOT_PRIVATE_PROPERTY,ALCOHOL_INVOLVED,STWD_VEHTYPE_AT_FAULT,CHP_VEHTYPE_AT_FAULT,COUNT_SEVERE_INJ,COUNT_VISIBLE_INJ,COUNT_COMPLAINT_PAIN,COUNT_PED_KILLED,COUNT_PED_INJURED,COUNT_BICYCLIST_KILLED,COUNT_BICYCLIST_INJURED,COUNT_MC_KILLED,COUNT_MC_INJURED,PRIMARY_RAMP,SECONDARY_RAMP,LATITUDE,LONGITUDE,COUNTY,CITY,POINT_X,POINT_Y
8706796,2018,2018-10-04,1942,2018-09-10,0305,42005,1245,1,5,7,1942,0,0,0,L,0,12A45,"W FLORENCE AV","S VERMONT AV",0.00,,Y,A,-,N,,,,,,,,,,N,3,0,1,2,A,-,10,21950,A,F,A,B,B,A,H,-,C,A,0,Y,,,,Y,,-,99,0,1,0,0,1,0,0,0,0,"- ","- ",,,"LOS ANGELES","LOS ANGELES",-118.29174041748047,33.974628448486328
8707528,2018,2018-10-10,1942,2018-09-06,2000,40832,1801,4,5,7,1942,0,0,0,R,0,12A83,"MANCHESTER AV","BARING CROSS ST",2.00,W,N,A,-,N,,,,,,,,,,N,3,0,1,2,A,-,03,22350,,F,A,B,D,A,H,-,C,D,0,Y,,,,Y,,-,99,0,1,0,0,1,0,0,0,0,"- ","- ",,,"LOS ANGELES","LOS ANGELES",-118.28937530517578,33.960041046142578
8707749,2018,2018-10-10,1942,2018-08-22,0950,43369,1385,3,5,7,1942,0,0,0,M,0,13A13,"HILL ST","AVALON BL",0.00,,Y,A,-,N,,,,,,,,,,N,4,0,1,2,A,-,10,21950,A,N,B,B,B,A,H,-,A,A,0,Y,,,,Y,,A,01,0,0,1,0,1,0,0,0,0,"- ","- ",,,"LOS ANGELES","LOS ANGELES",,
8709264,2018,2019-02-06,1942,2018-08-23,1200,43408,1331,4,5,7,1942,0,0,0,M,0,13A41,"S GRAND AV","31ST ST",100.00,S,N,A,-,N,,,,,,,,,,Y,3,0,3,4,A,-,06,21750,,N,B,B,E,A,H,-,A,D,0,Y,,,,Y,,A,08,0,2,1,0,1,0,0,0,0,"- ","- ",,,"LOS ANGELES","LOS ANGELES",-118.27499389648438,34.022197723388672
8709388,2018,2018-10-09,1942,2018-09-01,1205,41454,0165,6,5,7,1942,0,0,0,A,0,1A84,"7TH ST","WALL ST",8.00,W,N,A,-,N,,,,,,,,,,N,4,0,1,2,A,-,10,21950,A,N,G,B,B,A,H,-,A,A,0,Y,,,,Y,,A,07,0,0,1,0,1,0,0,0,0,"- ","- ",,,"LOS ANGELES","LOS ANGELES",-118.24855041503906,34.041973114013672
8709389,2018,2018-10-24,1942,2018-09-02,1435,32305,1393,7,5,7,1942,0,0,0,M,0,12A69,"W FLORENCE AV","BROADWAY AV",240.00,E,N,A,-,N,,,,,,,,,,N,4,0,1,2,A,-,11,21955,,N,D,B,D,A,H,-,A,D,0,Y,,,,Y,,N,60,0,0,1,0,1,0,0,0,0,"- ","- ",,,"LOS ANGELES","LOS ANGELES",-118.27754211425781,33.974658966064453
8709400,2018,2018-10-10,1942,2018-09-05,1435,27195,0161,3,5,7,1942,0,0,0,A,0,1C22,"FIGUEROA ST","8TH PL",0.00,,Y,A,-,N,,,,,,,,,,N,4,0,1,2,A,-,11,21953,,N,G,B,E,A,H,-,A,A,0,Y,,,,Y,,N,60,0,0,1,0,1,0,0,0,0,"- ","- ",,,"LOS ANGELES","LOS ANGELES",-118.26228332519531,34.046798706054688
8709739,2018,2018-10-15,1942,2018-08-28,2020,41072,1841,2,5,7,1942,0,0,0,R,0,18A41,"COLDEN AV","VERMONT AV",164.00,E,N,A,-,N,,,,,,,,,,N,2,0,1,2,A,-,11,21954,A,M,G,B,D,A,H,-,C,D,0,Y,,,,Y,,N,60,1,0,0,0,1,0,0,0,0,"- ","- ",,,"LOS ANGELES","LOS ANGELES",-118.29105377197266,33.949131011962891
8710321,2018,2018-10-30,1942,2018-09-27,2235,38262,0774,4,5,7,1942,0,0,0,G,0,7A85,"VENICE BL","HIGHLAND AV",241.00,E,N,A,-,N,,,,,,,,,,N,4,0,1,2,A,-,11,21954,A,N,G,B,D,A,H,-,D,D,0,Y,,,,Y,Y,N,60,0,0,1,0,1,0,0,0,0,"- ","- ",,,"LOS ANGELES","LOS ANGELES",-118.34390258789062,34.045932769775391
8710322,2018,2018-10-29,1942,2018-09-12,2020,33757,1464,3,5,7,1942,0,0,0,N,0,14A45,"MILLENNIUM DR","VILLAGE DR",150.00,W,N,A,-,N,,,,,,,,,,Y,3,0,3,5,A,-,03,22350,,N,C,C,E,A,H,-,C,D,0,Y,,,,Y,Y,A,07,0,1,2,0,1,0,0,0,0,"- ","- ",,,"LOS ANGELES","LOS ANGELES",-118.41570281982422,33.976276397705078
8710330,2018,2018-10-29,1942,2018-09-09,2040,43452,1413,7,5,7,1942,0,0,0,N,0,14A13,"ROSE AV","RENNIE AV",0.00,,Y,A,-,N,,,,,,,,,,N,2,0,1,2,A,-,11,21954,A,N,G,B,D,A,H,-,C,D,0,Y,,,,Y,,N,60,1,0,0,0,1,0,0,0,0,"- ","- ",,,"LOS ANGELES","LOS ANGELES",-118.47360229492188,33.998329162597656
8711038,2018,2018-10-19,1942,2018-09-18,1820,41592,2157,2,5,7,1942,0,0,0,,0,21A42,"DE SOTO AV","KITTRIDGE ST",0.00,,Y,A,-,N,,,,,,,,,,N,2,0,1,2,A,-,11,21456,B,N,G,B,B,A,H,-,A,A,0,Y,,,,Y,,N,60,1,0,0,0,1,0,0,0,0,"- ","- ",,,"LOS ANGELES","LOS ANGELES",-118.58843231201172,34.191158294677734
8711280,2018,2018-10-25,1942,2018-09-21,0225,43222,2033,5,5,7,1942,0,0,0,,0,20A33,"OXFORD AV","WILSHIRE BL",0.00,,Y,A,-,N,,,,,,,,,,N,4,0,1,2,A,-,11,21955,,N,G,B,B,A,H,-,C,A,0,Y,,,,Y,Y,N,60,0,0,1,0,1,0,0,0,0,"- ","- ",,,"LOS ANGELES","LOS ANGELES",-118.30783081054688,34.061698913574219
8711292,2018,2018-10-31,1942,2018-09-30,0045,33395,1183,7,5,7,1942,0,0,0,K,0,11A95,"GLENDALE BL","RESERVOIR ST",0.00,,Y,A,-,N,,,,,,,,,,N,3,0,2,3,A,-,10,21950,A,N,G,B,B,A,H,-,C,A,0,Y,,,,Y,,A,01,0,1,1,0,2,0,0,0,0,"- ","- ",,,"LOS ANGELES","LOS ANGELES",-118.26055145263672,34.078022003173828
8711304,2018,2018-10-29,1942,2018-09-19,1755,39817,1162,3,5,7,1942,0,0,0,K,0,11A42,"N VIRGIL AV","FOUNTAIN AV",0.00,,Y,A,-,N,,,,,,,,,,N,4,0,1,2,A,-,10,21950,A,N,G,B,B,A,H,-,A,A,0,Y,,,,Y,,A,01,0,0,1,0,1,0,0,0,0,"- ","- ",,,"LOS ANGELES","LOS ANGELES",-118.28672790527344,34.095710754394531
8711361,2018,2018-10-30,1942,2018-09-27,1940,43164,1675,4,5,7,1942,0,0,0,P,0,16A77,BRADLEY,TUXFORD,18.00,S,N,A,-,N,,,,,,,,,,N,4,0,1,2,A,-,11,21955,,N,G,B,D,A,H,-,C,A,0,Y,,,,Y,,N,60,0,0,1,0,1,0,0,0,0,"- ","- ",,,"LOS ANGELES","LOS ANGELES",-118.37679290771484,34.230484008789062
8711397,2018,2018-10-30,1942,2018-09-18,1750,43464,0817,2,5,7,1942,0,0,0,H,0,8A12,"KINROSS AV","GAYLEY AV",0.00,,Y,A,-,N,,,,,,,,,,N,3,0,1,2,A,-,10,21950,A,N,G,B,B,A,H,-,A,A,0,Y,,,,Y,,A,01,0,1,0,0,1,0,0,0,0,"- ","- ",,,"LOS ANGELES","LOS ANGELES",-118.44647979736328,34.06024169921875
8711407,2018,2018-11-26,1942,2018-10-08,1650,26319,1663,1,5,7,1942,0,0,0,P,0,16A77,"SHELDON ST","LAUREL CANYON BL",0.00,,Y,A,-,N,,,,,,,,,,N,4,0,1,2,A,-,10,21950,A,N,G,B,B,A,H,-,A,A,0,Y,,,,Y,,A,01,0,0,1,0,1,0,0,0,0,"- ","- ",,,"LOS ANGELES","LOS ANGELES",-118.40373229980469,34.231960296630859
8712009,2018,2018-10-15,1942,2018-09-19,1955,43512,0157,3,5,7,1942,0,0,0,A,0,1A35,"7TH ST","SAN PEDRO ST",50.00,E,N,A,-,N,,,,,,,,,,N,4,0,1,2,A,-,11,21955,,N,G,B,D,A,H,-,C,D,0,Y,,,,Y,,N,60,0,0,1,0,1,0,0,0,0,"- ","- ",,,"LOS ANGELES","LOS ANGELES",-118.24665069580078,34.040611267089844
8712025,2018,2018-10-15,1942,2018-09-02,0020,40105,0392,7,5,7,1942,0,0,0,C,0,3A73,"W VERNON AV","2ND AV",110.00,E,N,A,-,N,,,,,,,,,,N,2,0,1,2,A,-,11,21954,A,F,G,B,D,A,H,-,C,D,0,Y,,,,Y,Y,N,60,1,0,0,0,1,0,0,0,0,"- ","- ",,,"LOS ANGELES","LOS ANGELES",-118.31890869140625,34.003688812255859
8712065,2018,2018-10-15,1942,2018-09-10,0310,36698,0158,1,5,7,1942,0,0,0,A,0,1A29,"EAST 7TH ST","CERES AV",95.00,W,N,A,-,N,,,,,,,,,,N,4,0,1,2,A,-,11,21954,A,N,G,B,D,A,H,-,C,A,0,Y,,,,Y,,N,60,0,0,1,0,1,0,0,0,0,"- ","- ",,,"LOS ANGELES","LOS ANGELES",-118.24343109130859,34.038345336914062
8712160,2018,2018-10-15,1942,2018-09-06,1250,31713,1309,4,5,7,1942,0,0,0,M,0,24T42,"EAST 15TH ST","S SANTA FE AV",0.00,,Y,A,-,N,,,,,,,,,,N,3,0,1,2,A,-,10,21950,A,N,G,B,B,A,H,-,A,A,0,Y,,,,Y,,A,07,0,1,0,0,1,0,0,0,0,"- ","- ",,,"LOS ANGELES","LOS ANGELES",-118.23018646240234,34.021110534667969
8712350,2018,2018-10-22,1942,2018-10-01,0810,43092,1837,1,5,7,1942,0,0,0,R,0,18A3,"E 108TH ST","WILLOWBROOK AV",10.00,E,N,A,-,N,,,,,,,,,,N,3,0,1,2,A,-,03,22350,,N,G,B,B,A,H,-,A,A,0,Y,,,,Y,,D,22,0,1,0,0,1,0,0,0,0,"- ","- ",,,"LOS ANGELES","LOS ANGELES",-118.24250793457031,33.937881469726562
8712395,2018,2018-10-25,1942,2018-09-19,1515,31070,0236,3,5,7,1942,0,0,0,B,0,2A47,"3RD ST","ALVARADO ST",60.00,W,N,A,-,N,,,,,,,,,,N,3,0,1,2,A,-,08,22107,,N,B,B,F,A,H,-,A,D,0,Y,,,,Y,,I,11,0,1,0,0,1,0,0,0,0,"- ","- ",,,"LOS ANGELES","LOS ANGELES",-118.27290344238281,34.063007354736328
8712497,2018,2018-10-18,1942,2018-09-18,1200,43281,0248,2,5,7,1942,0,0,0,B,0,2A17,"WITMER ST","5TH ST",15.00,S,N,A,-,N,,,,,,,,,,N,3,0,1,2,A,-,12,22450,A,N,G,B,D,A,H,-,A,D,0,Y,,,,Y,Y,A,01,0,1,0,0,1,0,0,0,0,"- ","- ",,,"LOS ANGELES","LOS ANGELES",-118.26534271240234,34.056041717529297
8712545,2018,2018-10-18,1942,2018-09-24,1530,43473,0159,1,5,7,1942,0,0,0,A,0,1A1,"7TH ST","CENTRAL ST",30.00,W,N,A,-,N,,,,,,,,,,N,3,0,1,2,A,-,11,21954,A,F,G,B,D,A,H,-,A,D,0,Y,,,,Y,,N,60,0,1,0,0,1,0,0,0,0,"- ","- ",,,"LOS ANGELES","LOS ANGELES",-118.24124145507812,34.036823272705078
8712635,2018,2018-10-22,1942,2018-09-27,1545,40008,0162,4,5,7,1942,0,0,0,A,0,1A61,"S HOPE ST","W 7TH ST",35.00,N,N,A,-,N,,,,,,,,,,N,4,0,1,2,A,-,11,21954,A,N,G,B,D,A,H,-,A,D,0,Y,,,,Y,,N,60,0,0,1,0,1,0,0,0,0,"- ","- ",,,"LOS ANGELES","LOS ANGELES",-118.25760650634766,34.048065185546875
8713589,2018,2018-10-22,1942,2018-08-28,1720,86200,LAPD,2,5,7,1942,0,0,0,,0,5M24,"WORLD WY","WORLD WY  380",0.00,,Y,A,-,N,,,,,,,,,,N,4,0,1,2,A,-,10,21950,C,N,G,B,E,A,H,-,A,A,0,Y,,,,Y,,A,07,0,0,1,0,1,0,0,0,0,"- ","- ",,,"LOS ANGELES","LOS ANGELES",-118.40813,33.943510000000003
8713593,2018,2018-10-22,1942,2018-08-13,2310,11990,1494,1,5,7,1942,0,0,0,N,0,3A206,"WORLD WY","WORLD WY  100",0.00,,N,A,-,N,,,,,,,,,,N,4,0,1,2,A,-,21,22106,,N,G,B,E,A,H,-,-,A,0,Y,,,,Y,,A,01,0,0,1,0,1,0,0,0,0,"- ","- ",33.944999694824219,-118.40160369873047,"LOS ANGELES","LOS ANGELES",-118.400908,33.945453000000001
8714498,2018,2018-10-24,1942,2018-09-28,1530,40008,0285,5,5,7,1942,0,0,0,B,0,2A92,"W PICO BL","WESTLAKE AV",90.00,E,N,A,-,N,,,,,,,,,,N,2,0,1,2,A,-,11,21954,A,N,G,B,E,A,H,-,A,D,0,Y,,,,Y,,N,60,1,0,0,0,1,0,0,0,0,"- ","- ",,,"LOS ANGELES","LOS ANGELES",-118.28112030029297,34.046531677246094
8714522,2018,2019-03-13,1942,2018-09-18,0520,38256,112,2,5,7,1942,0,0,0,K,0,1EL3,SPRING,ARCADIA,10.00,S,N,A,-,N,,,,,,,,,,N,4,0,1,2,A,-,12,21453,A,F,G,B,B,A,H,-,C,A,0,Y,,,,Y,,-,99,0,0,1,0,1,0,0,0,0,"- ","- ",,,"LOS ANGELES","LOS ANGELES",-118.24117279052734,34.05645751953125
8715525,2018,2018-11-15,1942,2018-10-12,2150,42042,2063,5,5,7,1942,0,0,0,,0,20A53,"WESTERN AV","12TH PL",80.00,N,N,C,-,N,,,,,,,,,,N,3,0,1,2,A,-,11,21955,,N,G,B,D,B,H,-,C,D,0,Y,,,,Y,,N,60,0,1,0,0,1,0,0,0,0,"- ","- ",,,"LOS ANGELES","LOS ANGELES",-118.30905151367188,34.048358917236328
8715545,2018,2018-11-15,1942,2018-10-09,0615,37770,2022,2,5,7,1942,0,0,0,,0,20A1,"WILTON PL","5TH ST",8.00,S,N,A,-,N,,,,,,,,,,N,3,0,1,2,A,-,10,21950,A,N,G,-,B,A,H,-,C,A,0,Y,,,,Y,,A,07,0,1,0,0,1,0,0,0,0,"- ","- ",,,"LOS ANGELES","LOS ANGELES",-118.31405639648438,34.065296173095703
8715641,2018,2018-11-13,1942,2018-10-13,0105,42896,2016,6,5,7,1942,0,0,0,,0,20A1,"S ALEXANDRIA AV","3RD ST",2.00,N,N,B,C,N,,,,,,,,,,N,3,0,1,2,A,-,10,21950,A,F,G,B,B,B,H,-,C,B,0,Y,,,,Y,,-,99,0,1,0,0,1,0,0,0,0,"- ","- ",,,"LOS ANGELES","LOS ANGELES",-118.29789733886719,34.069034576416016
8715874,2018,2018-10-24,1942,2018-04-06,1350,42164,0392,5,5,7,1942,0,0,0,C,0,3A99,"VERNON AV","7TH AV",30.00,E,N,A,-,N,,,,,,,,,,N,3,0,1,2,A,-,11,21955,,N,G,B,D,A,H,-,A,D,0,Y,,,,Y,,N,60,0,1,0,0,1,0,0,0,0,"- ","- ",,,"LOS ANGELES","LOS ANGELES",-118.46751403808594,33.998153686523438
8716092,2018,2018-10-16,1942,2018-08-29,0900,31071,0636,3,5,7,1942,0,0,0,F,0,6A15,"CAHUENGA AV","YUCCA ST",65.00,N,N,A,-,N,,,,,,,,,,N,3,0,1,2,A,-,11,21954,A,N,A,B,D,A,H,-,A,A,0,Y,,,,Y,,N,60,0,1,0,0,1,0,0,0,0,"- ","- ",,,"LOS ANGELES","LOS ANGELES",-118.32977294921875,34.104084014892578
8716095,2018,2018-10-15,1942,2018-09-24,2200,37575,0711,1,5,7,1942,0,0,0,G,0,7T23,"N CRESCENT HEIGHTS BL","OAKWOOD AV",0.00,,Y,A,-,N,,,,,,,,,,N,4,0,1,2,A,-,10,21950,A,N,G,B,B,A,H,-,C,A,0,Y,,,,Y,Y,A,01,0,0,1,0,1,0,0,0,0,"- ","- ",,,"LOS ANGELES","LOS ANGELES",-118.36586761474609,34.078189849853516
8716099,2018,2018-10-15,1942,2018-09-24,1610,40010,2024,1,5,7,1942,0,0,0,,0,20A33,"S HARBOR BL","6TH ST",180.00,N,N,A,-,N,,,,,,,,,,N,2,0,1,2,A,-,11,21954,A,N,G,B,D,A,H,-,A,D,0,Y,,,,Y,,N,60,1,0,0,0,1,0,0,0,0,"- ","- ",,,"LOS ANGELES","LOS ANGELES",-118.2799072265625,33.739273071289062
8716100,2018,2018-10-16,1942,2018-08-13,1740,43446,0647,1,5,7,1942,0,0,0,F,0,6A48,"CARLTON WY","BRONSON AV",900.00,E,N,A,-,N,,,,,,,,,,N,3,0,1,2,A,-,11,21954,A,N,G,B,E,A,E,-,A,D,0,Y,,,,Y,,N,60,0,1,0,0,1,0,0,0,0,"- ","- ",,,"LOS ANGELES","LOS ANGELES",-118.31655883789062,34.100288391113281
8716112,2018,2018-10-16,1942,2018-08-10,0221,43343,2046,5,5,7,1942,0,0,0,,0,7A21,"JAMES M WOOD BL","BERENDO ST",20.00,E,N,A,-,N,,,,,,,,,,N,3,0,1,2,A,-,03,22350,,F,G,B,E,A,H,-,C,D,0,Y,,,,Y,Y,-,99,0,1,0,0,1,0,0,0,0,"- ","- ",,,"LOS ANGELES","LOS ANGELES",,
8716776,2018,2018-10-19,1942,2018-09-23,0005,41761,1273,7,5,7,1942,0,0,0,L,0,12A15,"MANCHESTER AV","HAAS AV",0.00,,Y,A,-,N,,,,,,,,,,N,2,0,1,2,A,-,10,21950,A,N,G,B,B,A,H,-,C,A,0,Y,,,,Y,,A,01,1,0,0,0,1,0,0,0,0,"- ","- ",,,"LOS ANGELES","LOS ANGELES",-118.31719207763672,33.959968566894531
8716796,2018,2018-10-19,1942,2018-09-28,2030,42076,0313,5,5,7,1942,0,0,0,C,0,0331,"ADAMS BL","10TH AV",5.00,E,N,A,-,N,,,,,,,,,,N,4,0,1,2,A,-,09,21801,A,F,G,B,B,A,H,-,C,A,0,Y,,,,Y,,-,99,0,0,1,0,1,0,0,0,0,"- ","- ",,,"LOS ANGELES","LOS ANGELES",-118.32840728759766,34.032611846923828
8717447,2018,2018-10-30,1942,2018-09-18,0520,39062,1352,2,5,7,1942,0,0,0,M,0,13A61,"AVALON BL","47TH ST",3.00,N,N,A,-,N,,,,,,,,,,N,3,0,1,2,A,-,10,21950,A,N,G,B,B,A,H,-,C,A,0,Y,,,,Y,,A,01,0,1,0,0,1,0,0,0,0,"- ","- ",,,"LOS ANGELES","LOS ANGELES",-118.2652587890625,34.000679016113281
8719097,2018,2018-10-17,1942,2018-09-06,1430,40418,0467,4,5,7,1942,0,0,0,D,0,24TL55,"2ND ST","SAVANNAH ST",75.00,E,N,A,-,N,,,,,,,,,,N,4,0,1,3,A,-,21,22106,,N,B,C,E,A,H,-,A,D,0,Y,,,,Y,,A,01,0,0,1,0,1,0,0,0,0,"- ","- ",,,"LOS ANGELES","LOS ANGELES",-118.20414733886719,34.039203643798828
8719104,2018,2018-10-23,1942,2018-08-14,1646,39079,0457,2,5,7,1942,0,0,0,D,0,4A56,"FICKETT ST","MALABAR ST",0.00,,Y,A,-,N,,,,,,,,,,N,4,0,1,2,A,-,11,21954,A,F,G,B,E,A,H,-,A,-,0,Y,,,,Y,,-,99,0,0,1,0,1,0,0,0,0,"- ","- ",,,"LOS ANGELES","LOS ANGELES",-118.20361328125,34.049468994140625
8719334,2018,2018-10-22,1942,2018-08-16,1630,42345,0702,4,5,7,1942,0,0,0,G,0,7A28-W,"MARTEL AV","WARING AV",0.00,,Y,A,-,N,,,,,,,,,,N,3,0,1,2,A,-,10,21950,A,N,A,B,B,A,H,-,A,D,0,Y,,,,Y,,A,07,0,1,0,0,1,0,0,0,0,"- ","- ",,,"LOS ANGELES","LOS ANGELES",-118.35115814208984,34.085311889648438
8719486,2018,2018-11-14,1942,2018-10-17,1825,42665,1209,3,5,7,1942,0,0,0,L,0,12A15,"FIGUEROA ST","49TH ST",41.00,N,N,A,-,N,,,,,,,,,,N,4,0,1,2,A,-,11,21954,A,F,G,-,D,A,H,-,A,D,0,Y,,,,Y,,N,60,0,0,1,0,1,0,0,0,0,"- ","- ",,,"LOS ANGELES","LOS ANGELES",-118.28272247314453,33.998870849609375
8720097,2018,2018-10-30,1942,2018-09-14,1705,35648,LOSAN,5,5,7,1942,0,0,0,,0,25MQ12,"WILMINGTON BL","OPP ST",75.00,N,N,A,-,N,,,,,,,,,,N,4,0,1,2,A,-,11,21954,A,F,G,B,D,A,H,-,A,A,0,Y,,,,Y,Y,N,60,0,0,1,0,1,0,0,0,0,"- ","- ",,,"LOS ANGELES","LOS ANGELES",-118.27445220947266,33.782474517822266
8720176,2018,2018-10-29,1942,2018-09-12,1315,38007,0842,3,5,7,1942,0,0,0,H,0,8A53,"WILSHIRE BL","BARRY AV",0.00,,Y,A,-,N,,,,,,,,,,Y,3,0,2,4,A,-,09,21801,A,N,D,C,B,A,H,-,A,D,0,Y,,,,Y,,A,07,0,1,1,0,2,0,0,0,0,"- ","- ",,,"LOS ANGELES","LOS ANGELES",-118.4600830078125,34.050140380859375
8720180,2018,2018-10-29,1942,2018-09-30,1935,37575,0666,7,5,7,1942,0,0,0,F,0,6A67,"SUNSET BL","IVAR AV",37.00,W,N,A,-,N,,,,,,,,,,Y,2,0,2,2,A,-,11,21955,,N,G,B,D,A,H,-,C,D,0,Y,,,,Y,,N,60,1,0,1,0,1,0,0,0,0,"- ","- ",,,"LOS ANGELES","LOS ANGELES",-118.32891845703125,34.097999572753906
8720223,2018,2018-10-26,1942,2018-09-18,1455,41856,0803,2,5,7,1942,0,0,0,H,0,8A13,"WESTRIDGE RD","MANDEVILLE CANYON RD",5.00,W,N,A,-,N,,,,,,,,,,N,2,0,1,2,A,-,10,21954,B,N,G,B,D,A,H,-,A,A,0,Y,,,,Y,,A,01,1,0,0,0,1,0,0,0,0,"- ","- ",,,"LOS ANGELES","LOS ANGELES",-118.49329376220703,34.064250946044922
8720231,2018,2019-02-14,1942,2018-09-30,2210,41210,0855,7,5,7,1942,0,0,0,H,0,7T23,"WESTWOOD BL","MASSACHUSETTS AV",14.00,S,N,A,-,N,,,,,,,,,,N,1,1,0,2,A,-,11,21456,B,N,G,B,B,A,H,-,C,A,0,Y,,,,Y,,N,60,0,0,0,1,0,0,0,0,0,"- ","- ",,,"LOS ANGELES","LOS ANGELES",-118.43876647949219,34.051807403564453
8720233,2018,2018-11-14,1942,2018-10-17,1435,39177,0559,3,5,7,1942,0,0,0,E,0,25T24,"EARLE ST","S TERMINAL WY",1000.00,S,N,A,-,N,,,,,,,,,,N,4,0,1,3,A,-,03,22350,,N,C,E,F,A,H,-,A,D,0,Y,,,Y,Y,Y,F,25,0,0,1,0,1,0,0,0,0,"- ","- ",,,"LOS ANGELES","LOS ANGELES",-118.26295471191406,33.739799499511719
8720275,2018,2018-10-30,1942,2018-10-01,2145,38090,0839,1,5,7,1942,0,0,0,H,0,14T47,"CENTURY PARK WEST","OLYMPIC BL",12.00,S,N,A,-,N,,,,,,,,,,N,3,0,1,2,A,-,10,21950,A,N,G,B,B,A,H,-,C,A,0,Y,,,,Y,,A,01,0,1,0,0,1,0,0,0,0,"- ","- ",,,"LOS ANGELES","LOS ANGELES",-118.41619873046875,34.053180694580078
8721295,2018,2018-10-23,1942,2018-09-24,2345,33452,0487,1,5,7,1942,0,0,0,D,0,4A97,"EUCLID AV","GARNET ST",200.00,N,N,A,-,N,,,,,,,,,,N,4,0,1,2,A,-,21,22106,,N,G,B,E,A,H,-,C,D,0,Y,,,,Y,,A,07,0,0,1,0,1,0,0,0,0,"- ","- ",,,"LOS ANGELES","LOS ANGELES",-118.2099609375,34.026515960693359
8721307,2018,2018-10-23,1942,2018-09-18,1700,41094,422,2,5,7,1942,0,0,0,,0,4A15,"MOZART ST","GRIFFIN AV",2.00,W,Y,A,-,N,,,,,,,,,,N,4,0,1,2,A,-,11,21954,A,N,G,B,B,A,H,-,A,D,0,Y,,,,Y,,A,01,0,0,1,0,1,0,0,0,0,"- ","- ",,,"LOS ANGELES","LOS ANGELES",-118.21163940429688,34.069499969482422
8721326,2018,2018-10-23,1942,2018-09-16,1035,41941,1822,7,5,7,1942,0,0,0,R,0,18A1W2,CENTURY,MAIN,25.00,W,Y,A,-,N,,,,,,,,,,N,4,0,1,2,A,-,11,21953,,N,A,B,D,A,H,-,A,A,0,Y,,,,Y,,N,60,0,0,1,0,1,0,0,0,0,"- ","- ",,,"LOS ANGELES","LOS ANGELES",-118.27397155761719,33.945560455322266
8723357,2018,2018-11-06,1942,2018-09-19,1945,42718,2076,3,5,7,1942,0,0,0,,0,20XL3,"PICO BL","CATALINA AV",50.00,W,N,A,-,N,,,,,,,,,,N,2,0,1,2,A,-,11,21955,,N,G,B,D,A,H,-,C,A,0,Y,,,,Y,Y,N,60,1,0,0,0,1,0,0,0,0,"- ","- ",,,"LOS ANGELES","LOS ANGELES",-118.29488372802734,34.047271728515625
8723369,2018,2018-11-07,1942,2018-08-22,2150,43396,0747,3,5,7,1942,0,0,0,G,0,7A47,"OLYMPIC BL","LA BREA AV",0.00,,Y,A,-,N,,,,,,,,,,N,2,0,1,2,A,-,10,21950,A,N,G,B,B,A,H,-,C,A,0,Y,,,,Y,,-,,1,0,0,0,1,0,0,0,0,"- ","- ",,,"LOS ANGELES","LOS ANGELES",-118.34590911865234,34.057258605957031
8723732,2018,2018-11-14,1942,2018-10-24,1900,42364,,3,5,7,1942,0,0,0,,0,,"FERNDALE ST","MANSFIELD AV",0.00,,Y,A,-,N,,,,,,,,,,N,4,0,1,2,A,-,10,21950,A,N,G,B,B,A,H,-,C,D,0,Y,,,,Y,,A,01,0,0,1,0,1,0,0,0,0,"- ","- ",,,"LOS ANGELES","LOS ANGELES",-118.35285949707031,34.030769348144531