CASE_ID,ACCIDENT_YEAR,PROC_DATE,JURIS,COLLISION_DATE,COLLISION_TIME,OFFICER_ID,REPORTING_DISTRICT,DAY_OF_WEEK,CHP_SHIFT,POPULATION,CNTY_CITY_LOC,SPECIAL_COND,BEAT_TYPE,CHP_BEAT_TYPE,CITY_DIVISION_LAPD,CHP_BEAT_CLASS,BEAT_NUMBER,PRIMARY_RD,SECONDARY_RD,DISTANCE,DIRECTION,INTERSECTION,WEATHER_1,WEATHER_2,STATE_HWY_IND,CALTRANS_COUNTY,CALTRANS_DISTRICT,STATE_ROUTE,ROUTE_SUFFIX,POSTMILE_PREFIX,POSTMILE,LOCATION_TYPE,RAMP_INTERSECTION,SIDE_OF_HWY,TOW_AWAY,COLLISION_SEVERITY,NUMBER_KILLED,NUMBER_INJURED,PARTY_COUNT,PRIMARY_COLL_FACTOR,PCF_CODE_OF_VIOL,PCF_VIOL_CATEGORY,PCF_VIOLATION,PCF_VIOL_SUBSECTION,HIT_AND_RUN,TYPE_OF_COLLISION,MVIW,PED_ACTION,ROAD_SURFACE,ROAD_COND_1,ROAD_COND_2,LIGHTING,CONTROL_DEVICE,CHP_ROAD_TYPE,PEDESTRIAN_ACCIDENT,BICYCLE_ACCIDENT,MOTORCYCLE_ACCIDENT,TRUCK_ACCIDENT,NOT_PRIVATE_PROPERTY,ALCOHOL_INVOLVED,STWD_VEHTYPE_AT_FAULT,CHP_VEHTYPE_AT_FAULT,COUNT_SEVERE_INJ,COUNT_VISIBLE_INJ,COUNT_COMPLAINT_PAIN,COUNT_PED_KILLED,COUNT_PED_INJURED,COUNT_BICYCLIST_KILLED,COUNT_BICYCLIST_INJURED,COUNT_MC_KILLED,COUNT_MC_INJURED,PRIMARY_RAMP,SECONDARY_RAMP,LATITUDE,LONGITUDE,COUNTY,CITY,POINT_X,POINT_Y
8723848,2018,2018-11-26,1942,2018-10-14,1330,34458,0215,7,5,7,1942,0,0,0,B,0,2A12,"N RAMPART BL","TEMPLE ST",5.00,S,N,B,-,N,,,,,,,,,,N,3,0,1,2,A,-,10,21950,A,N,G,B,B,A,H,-,A,A,0,Y,,,,Y,,A,01,0,1,0,0,1,0,0,0,0,"- ","- ",,,"LOS ANGELES","LOS ANGELES",,
8723900,2018,2018-12-18,1942,2018-10-08,0910,34458,0151,1,5,7,1942,0,0,0,A,0,1A41,"W 6TH ST","FIGUEROA ST",15.00,E,N,A,-,N,,,,,,,,,,N,3,0,1,2,A,-,10,21950,A,N,G,B,B,A,H,-,A,A,0,Y,,,,Y,,A,01,0,1,0,0,1,0,0,0,0,"- ","- ",,,"LOS ANGELES","LOS ANGELES",-118.25852203369141,34.050796508789062
8724065,2018,2018-11-20,1942,2018-11-07,1950,40105,1823,3,5,7,1942,0,0,0,R,0,25TL41,"E CENTURY BL","S SAN PEDRO ST",12.00,E,N,A,-,N,,,,,,,,,,N,2,0,1,2,A,-,12,21453,A,F,G,B,B,A,H,-,C,A,0,Y,,,,Y,,-,99,1,0,0,0,1,0,0,0,0,"- ","- ",,,"LOS ANGELES","LOS ANGELES",-118.26949310302734,33.945590972900391
8724609,2018,2018-11-15,1942,2018-09-08,0900,41766,1959,6,5,7,1942,0,0,0,,0,19A79,"VAN NUYS BL","ARLETA AV",20.00,E,N,A,-,N,,,,,,,,,,N,4,0,1,2,A,-,08,22107,,N,A,B,B,A,H,-,A,A,0,Y,,,,Y,,D,22,0,0,1,0,1,0,0,0,0,"- ","- ",,,"LOS ANGELES","LOS ANGELES",-118.43863677978516,34.254035949707031
8724737,2018,2018-10-30,1942,2018-09-08,1625,40165,1975,6,5,7,1942,0,0,0,,0,19A75,"NORDHOFF ST","WOODMAN AV",0.00,,Y,A,-,N,,,,,,,,,,N,3,0,1,2,A,-,10,21950,A,N,G,B,B,A,H,-,A,A,0,Y,,,,Y,,A,07,0,1,0,0,1,0,0,0,0,"- ","- ",,,"LOS ANGELES","LOS ANGELES",-118.44043731689453,34.235340118408203
8724755,2018,2018-10-30,1942,2018-09-29,2500,41514,1961,6,5,7,1942,0,0,0,,0,19A61,"SEPULVEDA BL","PLUMMER ST",0.00,,Y,A,-,N,,,,,,,,,,N,3,0,1,2,A,-,11,21456,C,F,G,B,B,A,H,-,A,A,0,Y,,,,Y,,N,60,0,1,0,0,1,0,0,0,0,"- ","- ",,,"LOS ANGELES","LOS ANGELES",-118.46764373779297,34.242790222167969
8725313,2018,2018-10-25,1942,2018-09-16,1945,38291,1035,7,5,7,1942,0,0,0,J,0,10A83,"VANOWEN ST","RESEDA BL",0.00,,Y,A,-,N,,,,,,,,,,N,4,0,1,2,A,-,10,21950,A,N,G,B,B,A,H,-,C,A,0,Y,,,,Y,,A,01,0,0,1,0,1,0,0,0,0,"- ","- ",,,"LOS ANGELES","LOS ANGELES",-118.53604125976562,34.193851470947266
8725349,2018,2018-10-25,1942,2018-09-07,1735,41083,1028,5,5,7,1942,0,0,0,J,0,10X94,"FORBES AV","VANOWEN ST",3.00,N,N,A,-,N,,,,,,,,,,N,4,0,1,2,A,-,10,21950,A,N,G,B,B,A,H,-,A,D,0,Y,,,,Y,,A,01,0,0,1,0,1,0,0,0,0,"- ","- ",,,"LOS ANGELES","LOS ANGELES",-118.49894714355469,34.19390869140625
8725606,2018,2018-10-30,1942,2018-09-29,2145,42774,LA,6,5,7,1942,0,0,0,,0,13A93,VERNON,AVALON,0.00,,-,A,-,N,,,,,,,,,,N,3,0,1,2,A,-,10,21950,A,F,A,B,D,A,H,-,C,A,0,Y,,,,Y,,N,60,0,1,0,0,1,0,0,0,0,"- ","- ",,,"LOS ANGELES","LOS ANGELES",-118.26526641845703,34.003871917724609
8725688,2018,2018-11-02,1942,2018-10-20,2115,41072,1218,6,5,7,1942,0,0,0,L,0,25TL29,"HOOVER ST","52ND ST",46.00,N,N,A,-,N,,,,,,,,,,N,2,0,1,2,A,-,11,21955,,N,G,B,D,A,H,-,C,A,0,Y,,,,Y,Y,N,60,1,0,0,0,1,0,0,0,0,"- ","- ",,,"LOS ANGELES","LOS ANGELES",-118.28716278076172,33.995826721191406
8725713,2018,2018-10-30,1942,2018-09-20,1505,36336,1618,4,5,7,1942,0,0,0,P,0,16A35,"MOUNT GLEASON AV","GROVE ST",5.00,S,N,A,-,N,,,,,,,,,,N,4,0,1,2,A,-,10,21950,A,N,G,B,B,A,H,-,A,D,0,Y,,,,Y,,A,01,0,0,1,0,1,0,0,0,0,"- ","- ",,,"LOS ANGELES","LOS ANGELES",-118.30277252197266,34.270156860351562
8725732,2018,2018-11-02,1942,2018-10-10,2000,41129,1836,3,5,7,1942,0,0,0,R,0,18A35,"COMPTON AV","103RD ST",10.00,S,N,A,-,N,,,,,,,,,,N,3,0,1,2,A,-,10,21950,A,N,B,B,B,A,H,-,C,A,0,Y,,,,Y,Y,A,01,0,1,0,0,1,0,0,0,0,"- ","- ",,,"LOS ANGELES","LOS ANGELES",-118.24620819091797,33.943202972412109
8725961,2018,2018-11-01,1942,2018-10-12,2330,39022,0722,5,5,7,1942,0,0,0,G,0,7A21,"BEVERLY BL","ORLANDO AV",10.00,W,N,C,-,N,,,,,,,,,,N,4,0,1,2,A,-,10,21950,A,N,G,B,B,B,H,-,C,A,0,Y,,,,Y,,J,48,0,0,1,0,1,0,0,0,0,"- ","- ",,,"LOS ANGELES","LOS ANGELES",-118.37319183349609,34.0760498046875
8726946,2018,2018-11-14,1942,2018-10-26,0750,39127,0851,5,5,7,1942,0,0,0,H,0,8A53,"WELLESLEY AV","OHIO AV",10.00,E,N,A,-,N,,,,,,,,,,N,2,0,1,2,A,-,10,21950,A,N,D,B,B,A,H,-,B,A,0,Y,,,,Y,,A,08,1,0,0,0,1,0,0,0,0,"- ","- ",,,"LOS ANGELES","LOS ANGELES",-118.46448516845703,34.038730621337891
8727001,2018,2018-11-06,1942,2018-10-23,1600,39123,0507,2,5,7,1942,0,0,0,E,0,5A1,228TH,"LOCKNESS AV",0.00,,Y,A,-,N,,,,,,,,,,N,4,0,1,2,A,-,10,21950,A,N,G,B,B,A,H,-,A,D,0,Y,,,,Y,,A,08,0,0,1,0,1,0,0,0,0,"- ","- ",,,"LOS ANGELES","LOS ANGELES",-118.30667877197266,33.819019317626953
8727011,2018,2018-11-06,1942,2018-10-13,1510,34385,1454,6,5,7,1942,0,0,0,N,0,14A45,"GLENCOE AV","MAXELLA AV",225.00,N,N,A,-,N,,,,,,,,,,N,4,0,1,2,A,-,03,22350,,F,G,B,F,A,H,-,A,D,0,Y,,,,Y,,-,99,0,0,1,0,1,0,0,0,0,"- ","- ",,,"LOS ANGELES","LOS ANGELES",-118.44076538085938,33.987705230712891
8727020,2018,2018-11-06,1942,2018-10-22,0935,38282,0884,1,5,7,1942,0,0,0,H,0,8A35,"PICO BL","SEPULVEDA BL",60.00,W,N,A,-,N,,,,,,,,,,N,4,0,1,2,B,-,22,,,F,H,B,F,A,H,-,A,D,0,Y,Y,,,Y,,L,04,0,0,1,0,1,0,0,0,0,"- ","- ",,,"LOS ANGELES","LOS ANGELES",-118.435302734375,34.036903381347656
8728062,2018,2018-11-05,1942,2018-09-06,1240,30989,1545,4,5,7,1942,0,0,0,O,0,15A43,"MAGNOLIA BL","BEN AV",0.00,,Y,A,-,N,,,,,,,,,,N,4,0,1,2,A,-,08,22107,,N,G,B,B,A,H,-,A,A,0,Y,,,,Y,,A,07,0,0,1,0,1,0,0,0,0,"- ","- ",,,"LOS ANGELES","LOS ANGELES",-118.39434051513672,34.164890289306641
8728072,2018,2018-11-05,1942,2018-09-18,0800,36406,1075,2,5,7,1942,0,0,0,J,0,10A99,"TARZANA ST","DOBKIN AV",150.00,W,N,A,-,N,,,,,,,,,,N,4,0,2,3,A,-,11,21954,A,N,G,B,D,A,H,-,A,D,0,Y,,,,Y,,N,60,0,0,2,0,2,0,0,0,0,"- ","- ",,,"LOS ANGELES","LOS ANGELES",-118.53098297119141,34.161293029785156
8728081,2018,2018-11-13,1942,2018-10-18,0945,38326,0933,4,5,7,1942,0,0,0,I,0,9A41,"VAN NUYS BL","DELANO ST",8.00,S,N,A,-,N,,,,,,,,,,N,3,0,1,2,A,-,10,21950,A,N,G,B,B,A,H,-,A,A,0,Y,,,,Y,,A,01,0,1,0,0,1,0,0,0,0,"- ","- ",,,"LOS ANGELES","LOS ANGELES",-118.44873809814453,34.1826171875
8728199,2018,2018-11-05,1942,2018-10-03,1510,40398,1063,3,5,7,1942,0,0,0,J,0,10A83,"VENTURA BL","RESEDA BL",350.00,E,N,A,-,N,,,,,,,,,,N,4,0,1,2,B,-,22,,,N,G,B,F,A,H,-,A,B,0,Y,,,,Y,,A,01,0,0,1,0,1,0,0,0,0,"- ","- ",,,"LOS ANGELES","LOS ANGELES",-118.5350341796875,34.168354034423828
8728241,2018,2018-11-13,1942,2018-10-25,2155,38349,1041,4,5,7,1942,0,0,0,J,0,10A83,"CORBIN AV","OXNARD ST",88.00,N,N,A,-,N,,,,,,,,,,N,3,0,1,2,A,-,11,21954,A,N,A,B,E,A,H,-,D,A,0,Y,,,,Y,,N,60,0,1,0,0,1,0,0,0,0,"- ","- ",,,"LOS ANGELES","LOS ANGELES",-118.56221771240234,34.179519653320312
8728252,2018,2018-11-13,1942,2018-10-18,0735,40527,1075,4,5,7,1942,0,0,0,J,0,16TL23,"SANTA RITA ST","ZELZAH AV",32.00,E,N,A,-,N,,,,,,,,,,N,2,0,2,3,A,-,10,21954,B,N,D,B,D,A,H,-,A,D,0,Y,,,,Y,,A,01,1,1,0,0,2,0,0,0,0,"- ","- ",,,"LOS ANGELES","LOS ANGELES",-118.52278137207031,34.16278076171875
8728283,2018,2018-11-13,1942,2018-10-22,0740,40141,1916,1,5,7,1942,0,0,0,,0,19A7,"POLK ST","DRONFIELD AV",7.00,E,N,B,-,N,,,,,,,,,,Y,4,0,1,2,A,-,10,21950,A,N,G,B,B,A,H,-,A,A,0,Y,,,,Y,,A,01,0,0,1,0,1,0,0,0,0,"- ","- ",,,"LOS ANGELES","LOS ANGELES",-118.44375610351562,34.312904357910156
8728292,2018,2018-11-09,1942,2018-10-12,2010,39059,0901,5,5,7,1942,0,0,0,I,0,9A5,"SEPULVEDA BL","COHASSET ST",0.00,,Y,B,C,N,,,,,,,,,,N,3,0,1,2,A,-,10,21950,A,N,G,B,B,B,-,-,C,A,0,Y,,,,Y,Y,A,01,0,1,0,0,1,0,0,0,0,"- ","- ",,,"LOS ANGELES","LOS ANGELES",-118.46620941162109,34.206630706787109
8728309,2018,2018-11-13,1942,2018-10-18,1930,42192,0948,4,5,7,1942,0,0,0,I,0,9X16,"BURBANK BL","FULTON AV",15.00,W,N,A,-,N,,,,,,,,,,N,3,0,1,2,A,-,11,21954,A,N,G,B,D,A,H,-,C,A,0,Y,,,,Y,,N,60,0,1,0,0,1,0,0,0,0,"- ","- ",,,"LOS ANGELES","LOS ANGELES",-118.42256164550781,34.172119140625
8728747,2018,2018-11-08,1942,2018-10-17,0800,35116,1912,3,5,7,1942,0,0,0,,0,19A1,"FOOTHILL BL","YARNELL ST",0.00,,Y,A,-,N,,,,,,,,,,N,3,0,1,2,A,-,10,21950,A,F,G,B,B,A,H,-,A,A,0,Y,,,,Y,,-,99,0,1,0,0,1,0,0,0,0,"- ","- ",,,"LOS ANGELES","LOS ANGELES",-118.47917938232422,34.321338653564453
8728771,2018,2018-11-08,1942,2018-10-12,2030,32372,1522,5,5,7,1942,0,0,0,O,0,15A21,"VICTORY BL","COLDWATER CANYON AV",80.00,E,N,B,-,N,,,,,,,,,,N,3,0,1,2,A,-,11,21954,A,F,G,B,D,A,H,-,C,D,0,Y,,,,Y,Y,N,60,0,1,0,0,1,0,0,0,0,"- ","- ",,,"LOS ANGELES","LOS ANGELES",-118.41354370117188,34.186679840087891
8728788,2018,2018-11-07,1942,2018-10-22,2000,39986,,1,5,7,1942,0,0,0,,0,21A5,"SATICOY ST","TOPANGA CANYON BL",0.00,,Y,A,-,N,,,,,,,,,,N,4,0,1,2,A,-,10,21950,,F,G,B,B,A,H,-,C,A,0,Y,,,,Y,,-,99,0,0,1,0,1,0,0,0,0,"- ","- ",,,"LOS ANGELES","LOS ANGELES",-118.60597229003906,34.208309173583984
8728902,2018,2018-11-08,1942,2018-10-26,1530,42338,0315,5,5,7,1942,0,0,0,C,0,3A15,"W ADAMS BL","ARLINGTON AV",0.00,,Y,A,-,N,,,,,,,,,,N,3,0,3,6,A,-,10,21950,A,N,G,B,B,A,H,-,A,A,0,Y,,,,Y,,A,01,0,2,1,0,3,0,0,0,0,"- ","- ",,,"LOS ANGELES","LOS ANGELES",-118.31768035888672,34.032638549804688
8728937,2018,2018-11-08,1942,2018-10-17,0820,31324,1362,3,5,7,1942,0,0,0,M,0,13A61,"E 48TH ST","AVALON BL",0.00,,Y,A,-,N,,,,,,,,,,N,4,0,1,2,A,-,08,22107,,F,G,B,B,A,H,-,A,A,0,Y,,,,Y,,-,99,0,0,1,0,1,0,0,0,0,"- ","- ",,,"LOS ANGELES","LOS ANGELES",-118.26525115966797,33.999729156494141
8729850,2018,2018-11-19,1942,2018-10-19,1755,41143,4301,5,5,7,1942,0,0,0,,0,3X72,"W 43RD ST","FIGUEROA ST",0.00,,Y,A,-,N,,,,,,,,,,N,3,0,1,2,A,-,10,21950,A,F,G,B,B,A,H,-,B,D,0,Y,,,,Y,,A,01,0,1,0,0,1,0,0,0,0,"- ","- ",,,"LOS ANGELES","LOS ANGELES",-118.28273773193359,34.005580902099609
8729898,2018,2018-11-19,1942,2018-10-31,1905,39292,0507,3,5,7,1942,0,0,0,E,0,5A41,"223RD ST","HALLDALE AV",0.00,,Y,A,-,N,,,,,,,,,,Y,3,0,1,2,A,-,10,21950,A,F,G,B,B,A,H,-,C,D,0,Y,,,,Y,,-,99,0,1,0,0,0,0,0,0,0,"- ","- ",,,"LOS ANGELES","LOS ANGELES",-118.30159759521484,33.824539184570312
8729990,2018,2018-11-16,1942,2018-09-11,1650,38567,0406,2,5,7,1942,0,0,0,D,0,4A3,"VIA MARISOL","LOMITAS DR",772.00,S,N,A,-,N,,,,,,,,,,N,2,0,1,2,A,-,00,23116,B,M,H,A,F,A,H,-,A,D,0,Y,,,,Y,,-,99,1,0,0,0,1,0,0,0,0,"- ","- ",,,"LOS ANGELES","LOS ANGELES",-118.1798095703125,34.101951599121094
8730222,2018,2018-11-27,1942,2018-11-02,1940,42938,20A45,5,5,7,1942,0,0,0,,0,2004,"MAPLEWOOD AV","SERRENO AV",0.00,,Y,A,-,N,,,,,,,,,,N,3,0,1,2,A,-,10,21950,A,N,G,B,B,A,H,-,C,A,0,Y,,,,Y,,A,01,0,1,0,0,1,0,0,0,0,"- ","- ",,,"LOS ANGELES","LOS ANGELES",-118.30690765380859,34.079868316650391
8730242,2018,2018-11-27,1942,2018-11-08,2121,41056,1831,4,5,7,1942,0,0,0,R,0,18A97,"W 120TH","S MENLO AV",12.00,W,N,A,-,N,,,,,,,,,,N,4,0,1,2,A,-,11,21956,A,F,B,B,E,A,H,-,C,D,0,Y,,,,Y,,N,60,0,0,1,0,1,0,0,0,0,"- ","- ",,,"LOS ANGELES","LOS ANGELES",-118.28917694091797,33.923698425292969
8730243,2018,2018-11-27,1942,2018-10-25,1730,10974,1494,4,5,7,1942,0,0,0,N,0,5M47,EASTWAY,CENTERWAY,230.00,S,N,A,-,N,,,,,,,,,,N,4,0,1,2,A,-,10,21950,A,N,G,B,B,A,H,-,B,D,0,Y,,,,Y,,D,22,0,0,1,0,1,0,0,0,0,"- ","- ",,,"LOS ANGELES","LOS ANGELES",,
8730259,2018,2018-11-27,1942,2018-10-31,0720,27475,0881,3,5,7,1942,0,0,0,H,0,34M5,"BUNDY DR","MISSOURI AV",20.00,S,N,A,-,N,,,,,,,,,,N,3,0,1,2,A,-,10,21950,A,F,G,B,B,A,H,-,A,A,0,Y,,,,Y,,-,99,0,1,0,0,1,0,0,0,0,"- ","- ",,,"LOS ANGELES","LOS ANGELES",-118.45702362060547,34.035221099853516
8730306,2018,2018-11-27,1942,2018-11-01,1920,39280,332,4,5,7,1942,0,0,0,,0,3A92,"ADAMS BL","WEST BL",0.00,,Y,A,-,N,,,,,,,,,,N,4,0,1,2,A,-,10,21950,A,N,G,B,B,A,H,-,C,A,0,Y,,,,Y,,A,01,0,0,1,0,1,0,0,0,0,"- ","- ",,,"LOS ANGELES","LOS ANGELES",-118.34165954589844,34.032558441162109
8730316,2018,2018-11-27,1942,2018-10-18,0755,37416,2083,4,5,7,1942,0,0,0,,0,20A71,"W 14TH ST","S WESTERN AV",0.00,,Y,A,-,N,,,,,,,,,,N,4,0,1,2,A,-,10,21950,A,N,G,B,B,A,H,-,A,A,0,Y,,,,Y,,A,01,0,0,1,0,1,0,0,0,0,"- ","- ",,,"LOS ANGELES","LOS ANGELES",-118.30903625488281,34.046298980712891
8730805,2018,2018-11-01,1942,2018-07-08,1450,43073,0564,7,5,7,1942,0,0,0,E,0,SA85,"PACIFIC AV","OFARRELL ST",40.00,S,N,A,-,N,,,,,,,,,,N,4,0,1,2,A,-,10,21950,,F,G,B,B,A,H,-,A,A,0,Y,,,,Y,,-,99,0,0,1,0,1,0,0,0,0,"- ","- ",,,"LOS ANGELES","LOS ANGELES",-118.28787994384766,33.745929718017578
8731883,2018,2018-11-15,1942,2018-10-17,1600,42755,,3,5,7,1942,0,0,0,,0,19A75,"VESPER AV","CHASE ST",0.00,,Y,A,-,N,,,,,,,,,,N,3,0,1,2,A,-,10,21950,,N,G,B,B,A,H,-,A,A,0,Y,,,,Y,,A,01,0,1,0,0,1,0,0,0,0,"- ","- ",,,"LOS ANGELES","LOS ANGELES",-118.4503173828125,34.224739074707031
8731900,2018,2018-11-14,1942,2018-04-01,1510,41668,1557,7,5,7,1942,0,0,0,O,0,15A67,"MAGNOLIA BL","CARTWRIGHT AV",0.00,,Y,A,-,N,,,,,,,,,,N,3,0,1,2,A,-,11,21954,A,N,A,B,E,A,H,-,A,D,0,Y,,,,Y,Y,N,60,0,1,0,0,1,0,0,0,0,"- ","- ",,,"LOS ANGELES","LOS ANGELES",-118.36370849609375,34.164901733398438
8732135,2018,2018-12-11,1942,2018-10-02,1235,39123,0501,2,5,7,1942,0,0,0,E,0,5A1,"182ND ST","HOOVER ST",100.00,W,N,A,-,N,,,,,,,,,,N,4,0,1,2,A,-,12,22450,,N,D,B,C,A,H,-,A,D,0,Y,,,,Y,,A,07,0,0,1,0,1,0,0,0,0,"- ","- ",,,"LOS ANGELES","LOS ANGELES",-118.28616333007812,33.869709014892578
8732358,2018,2018-11-15,1942,2018-10-12,0900,33512,1701,5,5,7,1942,0,0,0,Q,0,17A81,"LASSEN ST","FARRALONE AV",40.00,E,N,A,-,N,,,,,,,,,,N,3,0,1,2,A,-,10,21950,A,N,A,B,C,A,H,-,A,A,0,Y,,,,Y,,A,07,0,1,0,0,1,0,0,0,0,"- ","- ",,,"LOS ANGELES","LOS ANGELES",-118.61027526855469,34.249969482421875
8732386,2018,2018-11-15,1942,2018-10-20,0640,42051,1758,6,5,7,1942,0,0,0,Q,0,17A49,"WOODLEY AV","DEVONSHIRE ST",0.00,S,N,A,-,N,,,,,,,,,,N,3,0,1,2,A,-,11,21954,A,N,G,B,D,A,H,-,B,D,0,Y,,,,Y,,N,60,0,1,0,0,1,0,0,0,0,"- ","- ",,,"LOS ANGELES","LOS ANGELES",-118.48484039306641,34.257411956787109
8732394,2018,2018-11-15,1942,2018-10-27,0740,43544,,6,5,7,1942,0,0,0,,0,,"CAMPO DE CAHUENGA","LANKERSHIM BL",500.00,W,N,A,-,N,,,,,,,,,,N,4,0,1,2,B,-,22,,,F,G,B,F,A,H,-,A,D,0,Y,,,,Y,,-,99,0,0,1,0,1,0,0,0,0,"- ","- ",,,"LOS ANGELES","LOS ANGELES",-118.36360931396484,34.139659881591797
8732820,2018,2018-11-20,1942,2018-11-01,0455,32372,1919,4,5,7,1942,0,0,0,,0,19A7,"FOOTHILL BL","PAXTON ST",38.00,S,N,A,-,N,,,,,,,,,,N,2,0,1,2,A,-,11,21954,A,N,G,B,D,A,H,-,C,D,0,Y,,,,Y,,N,60,1,0,0,0,1,0,0,0,0,"- ","- ",,,"LOS ANGELES","LOS ANGELES",-118.40809631347656,34.286781311035156
8732923,2018,2018-11-19,1942,2018-11-01,1000,34482,1781,4,5,7,1942,0,0,0,Q,0,17A81,"INDEPENDENCE AV","PARTHENIA ST",0.00,,Y,A,-,N,,,,,,,,,,N,4,0,1,2,A,-,10,21950,A,F,G,B,B,A,H,-,A,A,0,Y,,,,Y,,A,01,0,0,1,0,1,0,0,0,0,"- ","- ",,,"LOS ANGELES","LOS ANGELES",-118.59071350097656,34.228199005126953
8733326,2018,2018-12-04,1942,2018-10-03,1050,42269,1826,3,5,7,1942,0,0,0,R,0,,"COMPTON AV","92ND ST",0.00,,Y,A,-,N,,,,,,,,,,N,3,0,1,2,A,-,10,21950,A,N,A,B,B,A,H,-,A,A,0,Y,,,,Y,,A,08,0,1,0,0,1,0,0,0,0,"- ","- ",,,"LOS ANGELES","LOS ANGELES",-118.24751281738281,33.953338623046875
8733576,2018,2018-11-08,1942,2018-09-21,1045,39022,0839,5,5,7,1942,0,0,0,H,0,8A95,"CENTURY PARK EAST","CONSTELLATION BL",300.00,N,N,A,-,N,,,,,,,,,,Y,4,0,1,2,A,-,21,22106,,N,G,B,D,A,H,-,A,D,0,Y,,,,Y,,A,01,0,0,1,0,1,0,0,0,0,"- ","- ",,,"LOS ANGELES","LOS ANGELES",-118.41415405273438,34.061004638671875
8733607,2018,2018-12-20,1942,2018-10-22,1320,36940,2062,1,5,7,1942,0,0,0,,0,20A53,"S WESTERN AV","W OLYMPIC BL",0.00,,Y,A,-,N,,,,,,,,,,N,4,0,1,2,A,-,10,21950,A,N,G,B,B,A,H,-,A,A,0,Y,,,,Y,,A,01,0,0,1,0,1,0,0,0,0,"- ","- ",,,"LOS ANGELES","LOS ANGELES",-118.30906677246094,34.052639007568359
8733611,2018,2019-01-09,1942,2018-10-11,1415,41856,0847,4,5,7,1942,0,0,0,H,0,8A35,"PATRICIA AV","ALMAYO AV",132.00,N,N,A,-,N,,,,,,,,,,N,2,0,1,3,C,-,18,,,N,H,B,F,A,H,-,A,D,0,Y,,,,Y,,-,"- ",1,0,0,0,1,0,0,0,0,"- ","- ",,,"LOS ANGELES","LOS ANGELES",-118.41983795166016,34.046272277832031
8733670,2018,2018-11-20,1942,2018-10-21,0910,39127,0644,7,5,7,1942,0,0,0,F,0,6A45,"W SUNSET BL","GARDNER ST",18.00,E,N,A,-,N,,,,,,,,,,N,3,0,1,2,A,-,12,21453,A,N,D,B,B,A,H,-,A,A,0,Y,,,,Y,,A,01,0,1,0,0,1,0,0,0,0,"- ","- ",,,"LOS ANGELES","LOS ANGELES",-118.35281372070312,34.098018646240234
8733673,2018,2018-11-20,1942,2018-10-19,1530,40530,0702,5,5,7,1942,0,0,0,G,0,7A1,"GENESEE AV","WILLOUGHBY AV",0.00,,Y,A,-,N,,,,,,,,,,N,4,0,1,2,A,-,10,21950,,N,G,B,B,A,H,-,A,A,0,Y,,,,Y,,A,01,0,0,1,0,1,0,0,0,0,"- ","- ",,,"LOS ANGELES","LOS ANGELES",-118.35845184326172,34.087158203125
8734808,2018,2018-11-13,1942,2018-09-20,0030,41798,1823,4,5,7,1942,0,0,0,R,0,18A3,"99TH ST","SAN PEDRO",200.00,W,N,A,-,N,,,,,,,,,,N,3,0,1,2,A,-,11,21954,A,F,G,B,-,A,-,-,D,D,0,Y,,,,Y,,-,99,0,1,0,0,1,0,0,0,0,"- ","- ",,,"LOS ANGELES","LOS ANGELES",-118.27017974853516,33.946498870849609
8734832,2018,2018-11-13,1942,2018-09-12,1215,39407,353,3,5,7,1942,0,0,0,,0,3X95,"COLISEUM ST","CRENSHAW BL",100.00,W,N,A,-,N,,,,,,,,,,N,4,0,2,3,A,-,11,21954,A,N,A,B,D,A,H,-,A,D,0,Y,,,,Y,,N,60,0,0,2,0,2,0,0,0,0,"- ","- ",,,"LOS ANGELES","LOS ANGELES",-118.33566284179688,34.018199920654297
8735127,2018,2018-11-13,1942,2018-10-04,1510,37546,12A67,4,5,7,1942,0,0,0,L,0,12A67,BROADWAY,"81ST ST",50.00,S,N,A,-,N,,,,,,,,,,N,4,0,1,2,A,-,08,22107,,N,A,B,D,A,H,-,A,D,0,Y,,,,Y,,A,01,0,0,1,0,1,0,0,0,0,"- ","- ",,,"LOS ANGELES","LOS ANGELES",,
8735408,2018,2018-11-21,1942,2018-11-03,0655,37724,1257,6,5,7,1942,0,0,0,L,0,12A57,"W 77TH ST","FIGUEROA ST",250.00,W,N,A,-,N,,,,,,,,,,N,2,0,1,2,A,-,11,21956,A,N,G,B,D,A,H,-,A,D,0,Y,,,,Y,,N,60,1,0,0,0,1,0,0,0,0,"- ","- ",,,"LOS ANGELES","LOS ANGELES",-118.28354644775391,33.969783782958984
8735614,2018,2018-11-07,1942,2018-09-14,1818,3553,,5,5,7,1942,0,0,0,,0,,"WILSHIRE BL","CENTINELA AV E",0.00,,Y,A,-,N,,,,,,,,,,N,3,0,1,2,A,-,10,21950,A,N,G,B,B,A,H,-,A,A,0,Y,,,,Y,,D,22,0,1,0,0,1,0,0,0,0,"- ","- ",,,"LOS ANGELES","LOS ANGELES",-118.47091674804688,34.041301727294922
8736166,2018,2018-11-19,1942,2018-10-15,1220,40921,1267,1,5,7,1942,0,0,0,L,0,12X48,"HOOVER ST","82ND ST",30.00,S,N,A,-,N,,,,,,,,,,N,3,0,1,2,A,-,03,22350,,F,G,B,E,A,H,-,A,A,0,Y,,,,Y,,-,99,0,1,0,0,1,0,0,0,0,"- ","- ",,,"LOS ANGELES","LOS ANGELES",-118.287109375,33.964187622070312