CASE_ID,ACCIDENT_YEAR,PROC_DATE,JURIS,COLLISION_DATE,COLLISION_TIME,OFFICER_ID,REPORTING_DISTRICT,DAY_OF_WEEK,CHP_SHIFT,POPULATION,CNTY_CITY_LOC,SPECIAL_COND,BEAT_TYPE,CHP_BEAT_TYPE,CITY_DIVISION_LAPD,CHP_BEAT_CLASS,BEAT_NUMBER,PRIMARY_RD,SECONDARY_RD,DISTANCE,DIRECTION,INTERSECTION,WEATHER_1,WEATHER_2,STATE_HWY_IND,CALTRANS_COUNTY,CALTRANS_DISTRICT,STATE_ROUTE,ROUTE_SUFFIX,POSTMILE_PREFIX,POSTMILE,LOCATION_TYPE,RAMP_INTERSECTION,SIDE_OF_HWY,TOW_AWAY,COLLISION_SEVERITY,NUMBER_KILLED,NUMBER_INJURED,PARTY_COUNT,PRIMARY_COLL_FACTOR,PCF_CODE_OF_VIOL,PCF_VIOL_CATEGORY,PCF_VIOLATION,PCF_VIOL_SUBSECTION,HIT_AND_RUN,TYPE_OF_COLLISION,MVIW,PED_ACTION,ROAD_SURFACE,ROAD_COND_1,ROAD_COND_2,LIGHTING,CONTROL_DEVICE,CHP_ROAD_TYPE,PEDESTRIAN_ACCIDENT,BICYCLE_ACCIDENT,MOTORCYCLE_ACCIDENT,TRUCK_ACCIDENT,NOT_PRIVATE_PROPERTY,ALCOHOL_INVOLVED,STWD_VEHTYPE_AT_FAULT,CHP_VEHTYPE_AT_FAULT,COUNT_SEVERE_INJ,COUNT_VISIBLE_INJ,COUNT_COMPLAINT_PAIN,COUNT_PED_KILLED,COUNT_PED_INJURED,COUNT_BICYCLIST_KILLED,COUNT_BICYCLIST_INJURED,COUNT_MC_KILLED,COUNT_MC_INJURED,PRIMARY_RAMP,SECONDARY_RAMP,LATITUDE,LONGITUDE,COUNTY,CITY,POINT_X,POINT_Y
8736167,2018,2018-11-20,1942,2018-10-31,2250,42282,1211,3,5,7,1942,0,0,0,L,0,12A31,"54TH ST","7TH AV",132.00,E,N,A,-,N,,,,,,,,,,N,3,0,1,2,A,-,11,21954,A,N,G,B,D,A,H,-,C,D,0,Y,,,,Y,,N,60,0,1,0,0,1,0,0,0,0,"- ","- ",,,"LOS ANGELES","LOS ANGELES",-118.32427215576172,33.993179321289062
8736203,2018,2018-11-20,1942,2018-10-29,1150,41911,1233,1,5,7,1942,0,0,0,L,0,12A45,"S WESTERN AV","W 60TH ST",0.00,,Y,A,-,N,,,,,,,,,,N,4,0,1,2,A,-,10,21950,A,N,G,B,B,A,H,-,A,A,0,Y,,,,Y,,A,01,0,0,1,0,1,0,0,0,0,"- ","- ",,,"LOS ANGELES","LOS ANGELES",-118.3089599609375,33.985870361328125
8736704,2018,2018-11-29,1942,2018-10-31,0630,41497,1656,3,5,7,1942,0,0,0,P,0,16A35,"FOOTHILL BL","APPERSON ST",118.00,E,N,A,-,N,,,,,,,,,,N,2,0,1,2,A,-,11,21954,A,N,G,B,D,A,H,-,C,D,0,Y,,,,Y,,N,60,1,0,0,0,1,0,0,0,0,"- ","- ",,,"LOS ANGELES","LOS ANGELES",-118.29922485351562,34.255752563476562
8736716,2018,2018-11-29,1942,2018-10-26,1830,40353,1676,5,5,7,1942,0,0,0,P,0,16A77,"NETTLETON ST","SUNLAND BL",6.00,W,N,A,-,N,,,,,,,,,,N,3,0,1,2,A,-,10,21950,A,N,G,B,C,A,H,-,B,D,0,Y,,,,Y,,D,22,0,1,0,0,1,0,0,0,0,"- ","- ",,,"LOS ANGELES","LOS ANGELES",-118.36580657958984,34.225288391113281
8736843,2018,2018-11-28,1942,2018-10-24,2215,42460,1522,3,5,7,1942,0,0,0,O,0,15A21,"COLDWATER CANYON AV","VICTORY BL",0.00,,Y,A,-,N,,,,,,,,,,N,3,0,1,2,A,-,10,21950,A,N,G,B,B,A,H,-,A,A,0,Y,,,,Y,,A,01,0,1,0,0,1,0,0,0,0,"- ","- ",,,"LOS ANGELES","LOS ANGELES",-118.41381072998047,34.186679840087891
8738132,2018,2018-11-27,1942,2018-08-06,0245,42815,0834,1,5,7,1942,0,0,0,H,0,8A59-W,"SEPULVEDA BL","NEBRASKA AV",160.00,S,N,A,-,N,,,,,,,,,,Y,3,0,1,3,A,-,08,22107,,F,C,B,E,A,H,-,C,D,0,Y,,,,Y,,-,99,0,1,0,0,1,0,0,0,0,"- ","- ",,,"LOS ANGELES","LOS ANGELES",-118.44255828857422,34.045585632324219
8738857,2018,2019-01-31,1942,2018-10-27,2225,38567,1317,6,5,7,1942,0,0,0,M,0,13A9,"17TH ST","NAOMI AV",423.00,W,N,A,-,Y,LA,7,10,-,-,15.592,R,4,E,N,2,0,2,3,A,-,08,22107,,F,G,B,E,A,H,-,A,D,0,Y,,,,Y,,-,99,2,0,0,0,2,0,0,0,0,"- ","- ",,,"LOS ANGELES","LOS ANGELES",-118.2630615234375,34.032199859619141
8739540,2018,2019-01-17,1942,2018-11-01,0400,43370,1026,4,5,7,1942,0,0,0,J,0,9A65,"RESEDA BL","GAULT ST",100.00,N,N,A,-,N,,,,,,,,,,Y,3,0,1,2,A,-,03,22350,,N,C,C,-,A,H,-,C,A,0,Y,,,,Y,,-,,0,1,0,0,0,0,0,0,0,"- ","- ",,,"LOS ANGELES","LOS ANGELES",-118.53604125976562,34.199573516845703
8740728,2018,2018-11-28,1942,2018-08-31,1130,43182,0882,5,5,7,1942,0,0,0,H,0,8A1,"OLYMPIC BL",COLBY,40.00,E,N,A,-,N,,,,,,,,,,N,4,0,1,2,A,-,11,21954,A,N,G,B,D,A,H,-,A,A,0,Y,,,,Y,,N,60,0,0,1,0,1,0,0,0,0,"- ","- ",,,"LOS ANGELES","LOS ANGELES",-118.44486999511719,34.035991668701172
8740732,2018,2018-11-28,1942,2018-08-18,1450,43371,0823,6,5,7,1942,0,0,0,H,0,8A12,"SWARTHMORE AV","LA CRUZ DR",137.00,N,N,A,-,N,,,,,,,,,,N,4,0,1,3,A,-,08,22107,,N,B,B,E,A,H,-,A,D,0,Y,,,,Y,Y,A,01,0,0,1,0,1,0,0,0,0,"- ","- ",,,"LOS ANGELES","LOS ANGELES",-118.52617645263672,34.04595947265625
8740733,2018,2018-11-19,1942,2018-10-31,1415,40157,0897,3,5,7,1942,0,0,0,H,0,8A95,"KINCARDINE AV","BAGLEY AV",0.00,,Y,A,-,N,,,,,,,,,,N,3,0,1,2,A,-,12,22450,A,N,G,B,E,A,H,-,A,A,0,Y,,,,Y,,A,07,0,1,0,0,1,0,0,0,0,"- ","- ",,,"LOS ANGELES","LOS ANGELES",-118.39459991455078,34.034751892089844
8741197,2018,2018-11-28,1942,2018-11-06,1600,27782,1097,2,5,7,1942,0,0,0,J,0,1081,"ALONZO AV","ALONZO PL",210.00,S,N,A,-,N,,,,,,,,,,N,4,0,1,2,A,-,10,21954,B,F,B,B,E,A,H,-,A,D,0,Y,,,,Y,Y,-,99,0,0,1,0,1,0,0,0,0,"- ","- ",,,"LOS ANGELES","LOS ANGELES",-118.52124786376953,34.151836395263672
8742840,2018,2018-12-04,1942,2018-11-05,1945,41661,0271,1,5,7,1942,0,0,0,B,0,2A75,"W OLYMPIC BL","ALVARADO ST",145.00,E,N,A,-,N,,,,,,,,,,N,3,0,3,4,A,-,08,22107,,F,G,B,F,A,H,-,C,D,0,Y,,,,Y,,-,99,0,1,2,0,3,0,0,0,0,"- ","- ",,,"LOS ANGELES","LOS ANGELES",-118.2794189453125,34.051540374755859
8742876,2018,2018-11-29,1942,2018-11-07,1220,33672,0557,3,5,7,1942,0,0,0,E,0,5A55,"S GAFFEY ST","2ND ST",75.00,S,N,A,-,N,,,,,,,,,,N,4,0,1,2,B,-,22,,,F,G,B,F,A,H,-,A,D,0,Y,,,,Y,,-,"- ",0,0,1,0,1,0,0,0,0,"- ","- ",,,"LOS ANGELES","LOS ANGELES",-118.29232788085938,33.742225646972656
8743371,2018,2019-01-25,1942,2018-11-04,0100,41945,NORTH,7,5,7,1942,0,0,0,,0,15A43,"LANKERSHIM BL","CHANDLER BL",0.00,,Y,A,-,N,,,,,,,,,,N,3,0,1,2,A,-,10,21950,A,F,B,B,E,A,H,-,C,A,0,Y,,,,Y,,-,99,0,1,0,0,1,0,0,0,0,"- ","- ",,,"LOS ANGELES","LOS ANGELES",-118.37706756591797,34.168899536132812
8743826,2018,2018-12-19,1942,2018-10-14,1900,43230,1239,7,5,7,1942,0,0,0,L,0,12A39,"HOOVER ST","SLAUSON AV",30.00,S,N,A,-,N,,,,,,,,,,N,2,0,1,2,A,-,03,22350,,F,B,B,D,A,H,-,C,A,0,Y,,,,Y,,-,99,1,0,0,0,1,0,0,0,0,"- ","- ",,,"LOS ANGELES","LOS ANGELES",-118.28713226318359,33.989059448242188
8744829,2018,2019-01-25,1942,2018-11-05,1145,41671,0636,1,5,7,1942,0,0,0,F,0,6A15,"IVAR AV","YUCCA ST",0.00,,Y,A,-,N,,,,,,,,,,N,3,0,1,2,A,-,10,21950,A,N,G,B,B,A,H,-,A,A,0,Y,,,,Y,,A,01,0,1,0,0,1,0,0,0,0,"- ","- ",,,"LOS ANGELES","LOS ANGELES",-118.32817840576172,34.103931427001953
8745024,2018,2018-11-30,1942,2018-11-08,1300,40578,0985,4,5,7,1942,0,0,0,I,0,9A89,"VAN NUYS BL","VENTURA BL",0.00,,Y,A,-,N,,,,,,,,,,N,2,0,1,2,A,-,10,21950,A,N,G,B,B,A,H,-,A,A,0,Y,,,,Y,,A,01,1,0,0,0,1,0,0,0,0,"- ","- ",,,"LOS ANGELES","LOS ANGELES",-118.44869995117188,34.150920867919922
8745527,2018,2018-12-28,1942,2018-11-01,0630,40157,0765,4,5,7,1942,0,0,0,G,0,7A47,"PICO BL","SAN VICENTE BL",9.00,S,N,A,-,N,,,,,,,,,,N,4,0,1,2,A,-,10,21950,A,N,G,B,B,A,H,-,C,A,0,Y,,,,Y,,A,01,0,0,1,0,1,0,0,0,0,"- ","- ",,,"LOS ANGELES","LOS ANGELES",-118.33935546875,34.0484619140625
8745531,2018,2018-12-28,1942,2018-11-05,1815,38961,0725,1,5,7,1942,0,0,0,G,0,YA21,"3RD ST","VISTA ST",0.00,,N,A,-,N,,,,,,,,,,N,4,0,1,2,A,-,10,21950,,N,G,B,B,A,H,-,D,D,0,Y,,,,Y,,A,01,0,0,1,0,1,0,0,0,0,"- ","- ",,,"LOS ANGELES","LOS ANGELES",-118.45384979248047,34.292919158935547
8745772,2018,2018-12-11,1942,2018-10-21,2240,43383,753,7,5,7,1942,0,0,0,,0,7A64,FAIRFAX,"PACKARD DR",15.00,N,N,A,-,N,,,,,,,,,,N,4,0,1,2,A,-,11,21955,,N,G,B,D,A,H,-,C,A,0,Y,,,,Y,Y,N,60,0,0,1,0,1,0,0,0,0,"- ","- ",,,"LOS ANGELES","LOS ANGELES",-118.36602020263672,34.053440093994141
8745777,2018,2018-11-28,1942,2018-09-12,1830,43323,0857,3,5,7,1942,0,0,0,H,0,8A95,"PICO BL","OAKHURST DR",0.00,,Y,A,-,N,,,,,,,,,,N,3,0,1,2,A,-,11,21954,A,F,G,B,C,A,H,-,A,D,0,Y,,,,Y,,N,60,0,1,0,0,1,0,0,0,0,"- ","- ",,,"LOS ANGELES","LOS ANGELES",-118.39105224609375,34.055278778076172
8745792,2018,2019-01-15,1942,2018-10-15,0800,42451,0646,1,5,7,1942,0,0,0,F,0,14TL49,"DE LONGPRE AV","SEWARD ST",0.00,,Y,A,-,N,,,,,,,,,,N,4,0,1,2,A,-,10,21950,A,N,G,B,E,A,H,-,A,A,0,Y,,,,Y,,A,07,0,0,1,0,1,0,0,0,0,"- ","- ",,,"LOS ANGELES","LOS ANGELES",-118.33322906494141,34.096160888671875
8745793,2018,2018-11-28,1942,2018-09-05,1625,38007,0769,3,5,7,1942,0,0,0,G,0,7A69,"W PICO BL","3RD AV",10.00,E,N,A,-,N,,,,,,,,,,N,4,0,1,2,A,-,11,21954,A,N,B,B,E,A,H,-,A,D,0,Y,,,,Y,,N,60,0,0,1,0,1,0,0,0,0,"- ","- ",,,"LOS ANGELES","LOS ANGELES",-118.32004547119141,34.047225952148438
8746645,2018,2019-01-26,1942,2018-11-15,1520,39449,0702,4,5,7,1942,0,0,0,G,0,7EL1,"MELROSE AV","STANLEY AV",50.00,E,N,A,-,N,,,,,,,,,,N,4,0,1,2,A,-,17,21235,G,N,G,B,F,A,H,-,A,D,0,Y,,Y,,Y,,C,03,0,0,1,0,1,0,0,0,0,"- ","- ",,,"LOS ANGELES","LOS ANGELES",-118.35618591308594,34.083713531494141
8746727,2018,2019-02-12,1942,2018-11-15,1830,40849,"LOS A",4,5,7,1942,0,0,0,,0,724,"BEVERLY BL","EDINBURGH AV",0.00,,Y,A,-,N,,,,,,,,,,N,4,0,1,2,A,-,10,21950,A,N,G,B,C,A,H,-,C,D,0,Y,,,,Y,,A,01,0,0,1,0,1,0,0,0,0,"- ","- ",,,"LOS ANGELES","LOS ANGELES",-118.36373138427734,34.076099395751953
8748305,2018,2019-01-18,1942,2018-11-12,1800,41528,1039,1,5,7,1942,0,0,0,J,0,10EL1,"VICTORY BL","WOODLEY BL",0.00,,Y,A,-,N,,,,,,,,,,N,3,0,1,2,A,-,11,21456,B,N,G,B,B,A,H,-,C,A,0,Y,,,,Y,,N,60,0,1,0,0,1,0,0,0,0,"- ","- ",,,"LOS ANGELES","LOS ANGELES",-118.48365020751953,34.186618804931641
8748629,2018,2018-12-21,1942,2018-11-23,1600,R6544,0648,5,5,7,1942,0,0,0,F,0,6A22,"WESTERN AV","HOLLYWOOD BL",25.00,N,N,A,-,N,,,,,,,,,,,4,0,1,2,A,-,09,21804,,N,G,B,F,A,H,-,B,D,0,Y,,,,Y,,D,22,0,0,1,0,1,0,0,0,0,"- ","- ",,,"LOS ANGELES","LOS ANGELES",-118.30927276611328,34.101818084716797
8748842,2018,2019-01-19,1942,2018-11-07,2100,43454,0881,3,5,7,1942,0,0,0,H,0,853,"LA GRANGE AV","WESTGATE AV",0.00,,Y,A,-,N,,,,,,,,,,N,4,0,1,2,A,-,10,21950,A,N,G,B,B,A,H,-,D,D,0,Y,,,,Y,,A,01,0,0,1,0,1,0,0,0,0,"- ","- ",,,"LOS ANGELES","LOS ANGELES",-118.45317077636719,34.035350799560547
8748845,2018,2019-01-19,1942,2018-11-23,1153,42136,1485,5,5,7,1942,0,0,0,N,0,14A49,"SEPULVEDA BL","WESTCHESTER PKWY",5.00,N,N,A,-,N,,,,,,,,,,N,4,0,1,2,A,-,10,21950,A,F,G,B,B,A,H,-,A,A,0,Y,,,,Y,,-,99,0,0,1,0,1,0,0,0,0,"- ","- ",,,"LOS ANGELES","LOS ANGELES",-118.39620971679688,33.954624176025391
8748873,2018,2019-01-19,1942,2018-11-28,2100,39655,2054,3,5,7,1942,0,0,0,,0,20A53,"S NORMANDIE AV","IROLO ST",103.00,N,N,A,-,N,,,,,,,,,,N,3,0,1,2,A,-,11,21954,A,N,G,B,D,A,H,-,C,A,0,Y,,,,Y,,N,60,0,1,0,0,1,0,0,0,0,"- ","- ",,,"LOS ANGELES","LOS ANGELES",-118.3006591796875,34.061038970947266
8748877,2018,2019-01-19,1942,2018-11-30,0610,34959,2029,5,5,7,1942,0,0,0,,0,20A39,"LAFAYETTE PARK PL","WILSHIRE BL",0.00,,Y,A,-,N,,,,,,,,,,N,3,0,1,2,A,-,10,21950,A,F,G,B,B,A,H,-,B,A,0,Y,,,,Y,,-,99,0,1,0,0,1,0,0,0,0,"- ","- ",,,"LOS ANGELES","LOS ANGELES",-118.28327178955078,34.061351776123047
8749073,2018,2018-12-12,1942,2018-10-04,0925,40010,0645,4,5,7,1942,0,0,0,F,0,6A45,"N HIGHLAND AV","FRANKLIN PL",4.00,S,N,A,-,N,,,,,,,,,,N,4,0,1,2,A,-,10,21950,,F,G,B,C,A,H,-,A,A,0,Y,,,,Y,,-,99,0,0,1,0,1,0,0,0,0,"- ","- ",,,"LOS ANGELES","LOS ANGELES",-118.33834838867188,34.104152679443359
8749087,2018,2019-01-02,1942,2018-11-21,1920,43185,0565,3,5,7,1942,0,0,0,E,0,5A85,"7TH ST","GRAND AV",0.00,,Y,A,-,N,,,,,,,,,,N,4,0,1,2,A,-,10,21950,A,F,G,B,-,A,H,-,A,A,0,Y,,,,Y,,-,,0,0,1,0,1,0,0,0,0,"- ","- ",,,"LOS ANGELES","LOS ANGELES",-118.2901611328125,33.737869262695312
8749091,2018,2019-01-02,1942,2018-11-23,1745,35722,0515,5,5,7,1942,0,0,0,E,0,5A15,"LAGOON AV","SANDISON ST",150.00,S,N,A,-,N,,,,,,,,,,N,4,0,1,3,A,-,11,21954,A,N,B,C,-,A,H,-,A,D,0,Y,,,,Y,,A,01,0,0,1,0,1,0,0,0,0,"- ","- ",,,"LOS ANGELES","LOS ANGELES",-118.26806640625,33.792648315429688
8749095,2018,2019-01-02,1942,2018-11-24,1000,43157,0557,6,5,7,1942,0,0,0,E,0,5A8S,"3RD ST","PACIFIC AV",5.00,W,N,A,-,N,,,,,,,,,,N,4,0,1,2,A,-,10,21950,A,N,G,B,-,A,H,-,A,D,0,Y,,,,Y,,A,01,0,0,1,0,1,0,0,0,0,"- ","- ",,,"LOS ANGELES","LOS ANGELES",-118.28791809082031,33.741489410400391
8750114,2018,2018-12-05,1942,2018-10-29,1830,34462,261,1,5,7,1942,0,0,0,,0,2A2,"8TH ST","PARK VIEW",15.00,W,N,A,-,N,,,,,,,,,,N,3,0,1,2,A,-,03,22350,,N,D,B,B,A,H,-,A,A,0,Y,,,,Y,,A,01,0,1,0,0,1,0,0,0,0,"- ","- ",,,"LOS ANGELES","LOS ANGELES",-118.28107452392578,34.056308746337891
8750723,2018,2018-12-21,1942,2018-11-12,1545,39745,1844,1,5,7,1942,0,0,0,R,0,18A34,"S CENTRAL AV","E 112TH ST",0.00,,Y,A,-,N,,,,,,,,,,N,4,0,2,3,A,-,10,21950,A,F,G,B,B,A,H,-,A,A,0,Y,,,,Y,,-,99,0,0,2,0,2,0,0,0,0,"- ","- ",,,"LOS ANGELES","LOS ANGELES",-118.25424194335938,33.933120727539062
8750751,2018,2019-01-07,1942,2018-11-07,0815,37546,1232,3,5,7,1942,0,0,0,L,0,12A31,"S VERMONT AV","FLORENCE AV",80.00,N,N,A,-,N,,,,,,,,,,N,4,0,1,2,A,-,11,21954,A,F,G,B,D,A,H,-,A,D,0,Y,,,,Y,,N,60,0,0,1,0,1,0,0,0,0,"- ","- ",,,"LOS ANGELES","LOS ANGELES",-118.29174041748047,33.974849700927734
8750884,2018,2019-02-14,1942,2018-11-28,2020,39299,1804,3,5,7,1942,0,0,0,R,0,18A3,"87TH ST EAST","CENTRAL AV",100.00,S,N,B,-,N,,,,,,,,,,N,1,1,0,2,A,-,11,21955,,N,G,B,D,A,H,-,C,D,0,Y,,,,Y,,N,60,0,0,0,1,0,0,0,0,0,"- ","- ",,,"LOS ANGELES","LOS ANGELES",-118.25673675537109,33.959270477294922
8750932,2018,2019-01-25,1942,2018-11-14,1315,41514,1525,3,5,7,1942,0,0,0,O,0,15A33,"VICTORY BL","RADFORD AV",13.00,W,N,A,-,N,,,,,,,,,,Y,3,0,5,4,A,-,08,22107,,N,C,C,F,A,H,-,A,A,0,Y,,,,Y,,A,07,0,1,4,0,1,0,0,0,0,"- ","- ",,,"LOS ANGELES","LOS ANGELES",-118.39221954345703,34.186668395996094
8750943,2018,2019-01-25,1942,2018-11-16,1255,41911,1802,5,5,7,1942,0,0,0,R,0,18A1,"W MANCHESTER AV",BROADWAY,250.00,W,N,A,-,N,,,,,,,,,,N,3,0,1,2,A,-,10,21950,A,N,G,B,B,A,H,-,A,A,0,Y,,,,Y,,A,01,0,1,0,0,1,0,0,0,0,"- ","- ",,,"LOS ANGELES","LOS ANGELES",-118.27910614013672,33.960090637207031
8750960,2018,2019-01-25,1942,2018-11-05,0945,30830,1505,1,5,7,1942,0,0,0,O,0,15A3,"VALERIO ST","LANKERSHIM BL",0.00,,Y,A,-,N,,,,,,,,,,N,4,0,1,2,A,-,10,21950,A,N,G,B,B,A,H,-,A,A,0,Y,,,,Y,,A,01,0,0,1,0,1,0,0,0,0,"- ","- ",,,"LOS ANGELES","LOS ANGELES",-118.38778686523438,34.204841613769531
8751081,2018,2019-01-18,1942,2018-11-13,1630,26319,1642,2,5,7,1942,0,0,0,P,0,16A23,"GLAMIS ST","KEWEN AV",165.00,E,N,A,-,N,,,,,,,,,,N,4,0,1,2,A,-,11,21954,A,N,G,B,E,A,H,-,A,B,0,Y,,,,Y,,N,60,0,0,1,0,1,0,0,0,0,"- ","- ",,,"LOS ANGELES","LOS ANGELES",-118.41892242431641,34.255199432373047
8751085,2018,2019-01-18,1942,2018-11-08,1830,32372,1606,4,5,7,1942,0,0,0,P,0,16A35,"GARRICK AV","KAGEL CANYON ST",64.00,S,N,A,-,N,,,,,,,,,,N,3,0,1,2,A,-,11,21954,A,N,G,B,D,A,H,-,C,D,0,Y,,,,Y,,N,60,0,1,0,0,1,0,0,0,0,"- ","- ",,,"LOS ANGELES","LOS ANGELES",-118.37959289550781,34.280998229980469
8751099,2018,2018-12-12,1942,2018-10-25,1910,38262,0755,4,5,7,1942,0,0,0,G,0,7A53,"HAUSER BL","SAN VICENTE BL",107.00,N,N,A,-,N,,,,,,,,,,N,3,0,1,2,A,-,11,21956,A,N,G,B,D,A,H,-,D,D,0,Y,,,,Y,,N,60,0,1,0,0,1,0,0,0,0,"- ","- ",,,"LOS ANGELES","LOS ANGELES",-118.35466003417969,34.054222106933594
8752421,2018,2018-12-24,1942,2018-11-11,0835,43245,1255,7,5,7,1942,0,0,0,L,0,12A45,"FLORENCE AV","BUDLONG AV",0.00,,Y,A,-,N,,,,,,,,,,N,2,0,2,3,-,-,"- ",,,N,B,B,B,A,H,-,A,A,0,Y,,,,Y,,-,"- ",1,1,0,0,2,0,0,0,0,"- ","- ",,,"LOS ANGELES","LOS ANGELES",-118.29620361328125,33.974609375
8752566,2018,2019-01-22,1942,2018-11-18,0920,40157,0727,7,5,7,1942,0,0,0,G,0,7A17,"HIGHLAND AV","3RD ST",9.00,S,N,A,-,N,,,,,,,,,,N,3,0,1,2,A,-,10,21950,A,N,G,-,B,A,H,-,A,A,0,Y,,,,Y,,A,07,0,1,0,0,1,0,0,0,0,"- ","- ",,,"LOS ANGELES","LOS ANGELES",,
8756064,2018,2019-01-19,1942,2018-11-01,1330,41514,2149,4,5,7,1942,0,0,0,,0,21A29,"SHERMAN WY","OAKDALE AV",0.00,,Y,A,-,N,,,,,,,,,,N,3,0,1,2,A,-,10,21950,A,N,G,B,B,A,H,-,A,A,0,Y,,,,Y,,A,08,0,1,0,0,1,0,0,0,0,"- ","- ",,,"LOS ANGELES","LOS ANGELES",-118.56664276123047,34.201141357421875
8756209,2018,2018-12-13,1942,2018-10-31,1030,31152,1555,3,5,7,1942,0,0,0,O,0,15A67,"KLUMP AV","HUSTON ST",5.00,S,N,A,-,N,,,,,,,,,,N,3,0,1,2,A,-,10,21950,A,F,G,B,B,A,G,-,A,A,0,Y,,,,Y,,-,99,0,1,0,0,1,0,0,0,0,"- ","- ",,,"LOS ANGELES","LOS ANGELES",-118.37576293945312,34.159927368164062
8756514,2018,2018-12-20,1942,2018-11-23,2340,42704,0649,5,5,7,1942,0,0,0,F,0,6A15,"NORMANDIE AV","HOLLYWOOD BL",5.00,N,N,A,-,N,,,,,,,,,,N,4,0,2,3,A,-,10,21950,A,N,A,B,B,A,H,-,C,A,0,Y,,,,Y,,A,01,0,0,2,0,2,0,0,0,0,"- ","- ",,,"LOS ANGELES","LOS ANGELES",-118.30055999755859,34.101764678955078
8756677,2018,2018-12-12,1942,2018-11-17,1945,43147,1523,6,5,7,1942,0,0,0,O,0,15A33,"COLDWATER CANYON AV","ADDISON ST",400.00,N,N,A,-,N,,,,,,,,,,N,3,0,1,2,A,-,11,21955,,F,B,B,D,A,H,-,C,D,0,Y,,,,Y,,N,60,0,1,0,0,1,0,0,0,0,"- ","- ",,,"LOS ANGELES","LOS ANGELES",-118.41380310058594,34.162345886230469
8757032,2018,2018-12-12,1942,2018-09-21,0850,42269,1823,5,5,7,1942,0,0,0,R,0,PATROL,"SAN PEDRO ST","99TH ST",0.00,,Y,A,-,N,,,,,,,,,,N,3,0,1,2,A,-,11,21954,A,N,G,B,D,A,H,-,A,D,0,Y,,,,Y,,A,01,0,1,0,0,1,0,0,0,0,"- ","- ",,,"LOS ANGELES","LOS ANGELES",-118.26952362060547,33.946491241455078
8757215,2018,2018-12-19,1942,2018-11-21,1900,42726,0663,3,5,7,1942,0,0,0,F,0,6XL56,"ORANGE DR","LEXINGTON AV",0.00,,Y,A,-,N,,,,,,,,,,N,4,0,1,2,A,-,12,22450,A,F,G,B,D,A,H,-,E,D,0,Y,,,,Y,Y,-,99,0,0,1,0,1,0,0,0,0,"- ","- ",,,"LOS ANGELES","LOS ANGELES",-118.34162902832031,34.092548370361328
8757288,2018,2018-12-17,1942,2018-11-30,0950,0318,0318,5,5,7,1942,0,0,0,C,0,3A19,"S HOOVER ST","22ND ST",155.00,N,N,A,-,N,,,,,,,,,,N,4,0,1,2,A,-,10,21950,A,N,G,B,B,A,H,-,A,A,0,Y,,,,Y,,A,01,0,0,1,0,1,0,0,0,0,"- ","- ",,,"LOS ANGELES","LOS ANGELES",-118.28401184082031,34.036613464355469
8757720,2018,2019-01-30,1942,2018-12-02,1610,37700,1446,7,5,7,1942,0,0,0,N,0,14A49,"VENICE BL","GRAND VIEW BL",70.00,W,N,A,-,N,,,,,,,,,,N,4,0,1,2,A,-,17,21663,,N,G,B,F,A,H,-,A,D,0,Y,,Y,,Y,,C,03,0,0,1,0,1,0,0,0,0,"- ","- ",,,"LOS ANGELES","LOS ANGELES",-118.43151092529297,34.004837036132812
8758308,2018,2019-01-22,1942,2018-11-25,1600,42005,1293,7,5,7,1942,0,0,0,L,0,12X42,"WESTERN AV","92ND ST",0.00,,Y,A,-,N,,,,,,,,,,N,4,0,1,2,A,-,10,21950,A,F,A,B,B,A,H,-,A,A,0,Y,,,,Y,,-,99,0,0,1,0,1,0,0,0,0,"- ","- ",,,"LOS ANGELES","LOS ANGELES",,
8758552,2018,2019-01-19,1942,2018-11-16,1845,37511,0789,5,5,7,1942,0,0,0,G,0,7A69,"ARLINGTON AV","21ST ST",20.00,S,N,A,-,N,,,,,,,,,,N,4,0,1,2,A,-,11,21954,A,N,G,B,D,A,H,-,C,D,0,Y,,,,Y,,N,60,0,0,1,0,1,0,0,0,0,"- ","- ",,,"LOS ANGELES","LOS ANGELES",-118.31770899999999,34.037944000000003
8759080,2018,2018-12-21,1942,2018-11-19,1935,39655,0893,1,5,7,1942,0,0,0,H,0,8A35,"EXPOSITION BL","SEPULVEDA BL",14.00,W,N,A,-,N,,,,,,,,,,N,2,0,1,2,A,-,10,21950,A,N,G,B,B,A,H,-,C,A,0,Y,,,Y,Y,,F,26,1,0,0,0,1,0,0,0,0,"- ","- ",,,"LOS ANGELES","LOS ANGELES",-118.43419647216797,34.035175323486328
8759772,2018,2019-02-14,1942,2018-12-09,1930,42451,0702,7,5,7,1942,0,0,0,G,0,7A1,"MELROSE AV","GENESEE AV",88.00,E,N,-,-,N,,,,,,,,,,Y,4,0,5,6,A,-,08,22107,,N,-,-,F,-,-,-,-,-,0,Y,,,Y,Y,,-,"- ",0,0,5,0,2,0,0,0,0,"- ","- ",,,"LOS ANGELES","LOS ANGELES",-118.35813903808594,34.083755493164062