CASE_ID,ACCIDENT_YEAR,PROC_DATE,JURIS,COLLISION_DATE,COLLISION_TIME,OFFICER_ID,REPORTING_DISTRICT,DAY_OF_WEEK,CHP_SHIFT,POPULATION,CNTY_CITY_LOC,SPECIAL_COND,BEAT_TYPE,CHP_BEAT_TYPE,CITY_DIVISION_LAPD,CHP_BEAT_CLASS,BEAT_NUMBER,PRIMARY_RD,SECONDARY_RD,DISTANCE,DIRECTION,INTERSECTION,WEATHER_1,WEATHER_2,STATE_HWY_IND,CALTRANS_COUNTY,CALTRANS_DISTRICT,STATE_ROUTE,ROUTE_SUFFIX,POSTMILE_PREFIX,POSTMILE,LOCATION_TYPE,RAMP_INTERSECTION,SIDE_OF_HWY,TOW_AWAY,COLLISION_SEVERITY,NUMBER_KILLED,NUMBER_INJURED,PARTY_COUNT,PRIMARY_COLL_FACTOR,PCF_CODE_OF_VIOL,PCF_VIOL_CATEGORY,PCF_VIOLATION,PCF_VIOL_SUBSECTION,HIT_AND_RUN,TYPE_OF_COLLISION,MVIW,PED_ACTION,ROAD_SURFACE,ROAD_COND_1,ROAD_COND_2,LIGHTING,CONTROL_DEVICE,CHP_ROAD_TYPE,PEDESTRIAN_ACCIDENT,BICYCLE_ACCIDENT,MOTORCYCLE_ACCIDENT,TRUCK_ACCIDENT,NOT_PRIVATE_PROPERTY,ALCOHOL_INVOLVED,STWD_VEHTYPE_AT_FAULT,CHP_VEHTYPE_AT_FAULT,COUNT_SEVERE_INJ,COUNT_VISIBLE_INJ,COUNT_COMPLAINT_PAIN,COUNT_PED_KILLED,COUNT_PED_INJURED,COUNT_BICYCLIST_KILLED,COUNT_BICYCLIST_INJURED,COUNT_MC_KILLED,COUNT_MC_INJURED,PRIMARY_RAMP,SECONDARY_RAMP,LATITUDE,LONGITUDE,COUNTY,CITY,POINT_X,POINT_Y
8760570,2018,2019-01-29,1942,2018-12-05,1940,43569,1611,3,5,7,1942,0,0,0,P,0,16A11,"EUSTACE ST","GLENOAKS BL",10.00,E,N,C,-,N,,,,,,,,,,N,4,0,1,2,A,-,10,21950,A,F,G,B,D,B,F,-,C,D,0,Y,,,,Y,,-,99,0,0,1,0,1,0,0,0,0,"- ","- ",,,"LOS ANGELES","LOS ANGELES",-118.41952514648438,34.281139373779297
8761647,2018,2019-01-16,1942,2018-11-06,0735,34458,0202,2,5,7,1942,0,0,0,B,0,2A1,"N MADISON AV","LOCKWOOD AV",3.00,N,N,A,-,N,,,,,,,,,,N,3,0,1,2,A,-,10,21950,A,N,G,B,B,A,H,-,A,A,0,Y,,,,Y,,A,01,0,1,0,0,1,0,0,0,0,"- ","- ",,,"LOS ANGELES","LOS ANGELES",-118.28925323486328,34.088706970214844
8761877,2018,2019-01-17,1942,2018-11-07,1055,31713,0192,3,5,7,1942,0,0,0,A,0,1A61,"14TH ST","OLIVE ST",125.00,W,N,A,-,N,,,,,,,,,,N,4,0,1,2,A,-,10,21952,,N,G,B,F,A,H,-,A,D,0,Y,,,,Y,,A,01,0,0,1,0,1,0,0,0,0,"- ","- ",,,"LOS ANGELES","LOS ANGELES",-118.26463317871094,34.036773681640625
8761906,2018,2019-01-17,1942,2018-11-22,1550,31324,1383,4,5,7,1942,0,0,0,M,0,13A93,"E GAGE AV","S MAIN ST",0.00,,Y,A,-,N,,,,,,,,,,N,3,0,4,5,A,-,09,21801,A,N,A,C,B,A,H,-,A,A,0,Y,,,,Y,,A,01,0,2,2,0,2,0,0,0,0,"- ","- ",,,"LOS ANGELES","LOS ANGELES",-118.27394866943359,33.982421875
8762255,2018,2019-01-07,1942,2018-12-13,2030,38090,2055,4,5,7,1942,0,0,0,,0,8TL35,"MARIPOSA AV","SAN MARINO ST",20.00,N,N,A,-,N,,,,,,,,,,N,4,0,1,2,A,-,11,21954,A,N,G,B,D,A,H,-,C,A,0,Y,,,,Y,,N,60,0,0,1,0,1,0,0,0,0,"- ","- ",,,"LOS ANGELES","LOS ANGELES",-118.29895782470703,34.054481506347656
8762259,2018,2019-01-07,1942,2018-12-01,1215,42373,0817,6,5,7,1942,0,0,0,H,0,08A95,"WESTWOOD BL","LINDBROOK DR",100.00,N,N,A,-,N,,,,,,,,,,N,4,0,1,2,A,-,21,22106,,N,G,B,D,A,H,-,A,D,0,Y,,,,Y,,A,07,0,0,1,0,1,0,0,0,0,"- ","- ",,,"LOS ANGELES","LOS ANGELES",-118.44490814208984,34.059825897216797
8762263,2018,2019-01-07,1942,2018-12-01,1705,43274,"LOS A",6,5,7,1942,0,0,0,,0,7A64,"VENICE BL","HAUSER BL",0.00,,Y,A,-,N,,,,,,,,,,N,4,0,1,2,A,-,10,21950,A,N,G,B,B,A,H,-,B,A,0,Y,,,,Y,,A,01,0,0,1,0,1,0,0,0,0,"- ","- ",,,"LOS ANGELES","LOS ANGELES",-118.35861206054688,34.043979644775391
8762726,2018,2018-12-28,1942,2018-10-24,2200,42242,0937,3,5,7,1942,0,0,0,I,0,19A1,"VICTORY BL","VENTURA CANYON AV",60.00,W,N,A,-,N,,,,,,,,,,N,3,0,1,2,A,-,10,21950,A,F,G,B,C,A,H,-,C,D,0,Y,,,,Y,,-,99,0,1,0,0,1,0,0,0,0,"- ","- ",,,"LOS ANGELES","LOS ANGELES",-118.42924499511719,34.186679840087891
8762763,2018,2018-12-28,1942,2018-11-27,0730,41054,0738,2,5,7,1942,0,0,0,G,0,7A17,"WILSHIRE BL","S HIGHLAND AV",0.00,,Y,A,-,N,,,,,,,,,,N,4,0,1,2,A,-,10,21950,A,F,G,B,B,A,H,-,A,D,0,Y,,,,Y,,-,99,0,0,1,0,1,0,0,0,0,"- ","- ",,,"LOS ANGELES","LOS ANGELES",-118.33849334716797,34.062118530273438
8762812,2018,2019-01-28,1942,2018-12-02,0150,42896,0645,7,5,7,1942,0,0,0,F,0,6A15,"HOLLYWOOD BL","HIGHLAND AV",50.00,W,N,A,-,N,,,,,,,,,,N,3,0,1,2,A,-,11,21954,A,N,G,B,D,A,H,-,C,D,0,Y,,,,Y,,N,60,0,1,0,0,1,0,0,0,0,"- ","- ",,,"LOS ANGELES","LOS ANGELES",-118.33885192871094,34.101551055908203
8762880,2018,2019-01-28,1942,2018-12-03,1850,43011,0851,1,5,7,1942,0,0,0,H,0,8A29,"OHIO AV","AMHERST AV",70.00,W,N,A,-,N,,,,,,,,,,N,2,0,1,2,A,-,11,21954,A,N,G,B,D,A,H,-,D,D,0,Y,,,,Y,Y,N,60,1,0,0,0,1,0,0,0,0,"- ","- ",,,"LOS ANGELES","LOS ANGELES",-118.46385192871094,34.039333343505859
8762909,2018,2019-01-29,1942,2018-12-10,0110,40690,0663,1,5,7,1942,0,0,0,F,0,6A63,"SANTA MONICA BL","LAS PALMAS AV",21.00,W,N,A,-,N,,,,,,,,,,N,2,0,1,2,A,-,11,21954,A,F,G,B,D,A,H,-,C,A,0,Y,,,,Y,,N,60,1,0,0,0,1,0,0,0,0,"- ","- ",,,"LOS ANGELES","LOS ANGELES",-118.33634185791016,34.090717315673828
8763061,2018,2019-01-23,1942,2018-12-02,1520,39375,2175,7,5,7,1942,0,0,0,,0,21A73,"SHOUP AV","BURBANK BL",5.00,S,N,A,-,N,,,,,,,,,,N,3,0,1,2,A,-,10,21950,A,F,G,B,B,A,H,-,A,A,0,Y,,,,Y,,-,99,0,1,0,0,1,0,0,0,0,"- ","- ",,,"LOS ANGELES","LOS ANGELES",-118.61454772949219,34.171947479248047
8763297,2018,2018-12-31,1942,2018-08-24,2345,35722,0523,5,5,7,1942,0,0,0,E,0,5A15,"ANAHEIM ST","FIGUEROA PL",1000.00,W,N,A,-,N,,,,,,,,,,N,3,0,1,2,A,-,11,21956,A,N,G,B,E,A,H,-,D,D,0,Y,,,,Y,,N,60,0,1,0,0,1,0,0,0,0,"- ","- ",,,"LOS ANGELES","LOS ANGELES",-118.28416442871094,33.778789520263672
8763342,2018,2019-01-03,1942,2018-10-17,1720,41972,0361,3,5,7,1942,0,0,0,C,0,3A1,"COLISEUM ST",STEEVLY,2.00,W,N,A,-,N,,,,,,,,,,N,4,0,1,2,A,-,10,21950,A,N,G,B,B,A,H,-,A,A,0,Y,,,,Y,,A,01,0,0,1,0,1,0,0,0,0,"- ","- ",,,"LOS ANGELES","LOS ANGELES",-118.35365295410156,34.018291473388672
8763543,2018,2018-12-28,1942,2018-12-10,1910,43457,1438,1,5,7,1942,0,0,0,N,0,14A56,"PALMS BL","KELTON AV",0.00,,Y,A,-,N,,,,,,,,,,N,3,0,1,2,A,-,10,21950,A,N,G,B,B,A,H,-,C,A,0,Y,,,,Y,,A,01,0,1,0,0,1,0,0,0,0,"- ","- ",,,"LOS ANGELES","LOS ANGELES",-118.41658020019531,34.022048950195312
8763548,2018,2019-01-10,1942,2018-12-15,0250,42501,0647,6,5,7,1942,0,0,0,F,0,6A67,"HOLLYWOOD BL",BRONSON,150.00,E,N,A,-,N,,,,,,,,,,N,4,0,1,2,A,-,10,21950,A,N,G,B,B,A,H,-,D,D,0,Y,,,,Y,,A,01,0,0,1,0,1,0,0,0,0,"- ","- ",,,"LOS ANGELES","LOS ANGELES",-118.31749725341797,34.1016845703125
8763582,2018,2018-12-28,1942,2018-12-02,2215,38090,1489,7,5,7,1942,0,0,0,N,0,6T7,"AVIATION BL","CENTURY BL",5.00,N,N,A,-,N,,,,,,,,,,N,3,0,1,2,A,-,10,21950,A,N,G,B,B,A,H,-,C,A,0,Y,,,,Y,,A,01,0,1,0,0,1,0,0,0,0,"- ","- ",,,"LOS ANGELES","LOS ANGELES",-118.379150390625,33.945110321044922
8763637,2018,2019-01-07,1942,2018-12-10,2140,42779,0724,1,5,7,1942,0,0,0,G,0,7A17,"W 3RD ST","THE GROVE DR",0.00,,Y,A,-,N,,,,,,,,,,N,4,0,2,3,A,-,10,21950,A,N,G,B,B,A,H,-,C,A,0,Y,,,,Y,,A,01,0,0,2,0,2,0,0,0,0,"- ","- ",,,"LOS ANGELES","LOS ANGELES",-118.3563232421875,34.07080078125
8763641,2018,2019-01-07,1942,2018-12-13,1000,42814,0714,4,5,7,1942,0,0,0,G,0,7A17,"MARTEL AV","BEVERLY BL",0.00,,Y,A,-,N,,,,,,,,,,N,2,0,1,2,A,-,10,21950,A,N,G,B,B,A,H,-,A,A,0,Y,,,,Y,,A,01,1,0,0,0,1,0,0,0,0,"- ","- ",,,"LOS ANGELES","LOS ANGELES",-118.35112762451172,34.076148986816406
8763699,2018,2019-01-02,1942,2018-11-25,1425,37614,2076,7,5,7,1942,0,0,0,,0,20A97,"S MARIPOSA AV","PICO BL",1.00,S,N,A,-,N,,,,,,,,,,N,4,0,1,2,A,-,11,21950,B,N,G,B,B,A,H,-,A,A,0,Y,,,,Y,,N,60,0,0,1,0,1,0,0,0,0,"- ","- ",,,"LOS ANGELES","LOS ANGELES",-118.29892730712891,34.0472412109375
8763728,2018,2019-01-03,1942,2018-11-26,0900,31573,2001,1,5,7,1942,0,0,0,,0,20A1,"8TH ST","IROLO ST",3.00,E,N,A,-,N,,,,,,,,,,N,3,0,1,2,A,-,10,21950,A,N,G,B,B,A,H,-,A,A,0,Y,,,,Y,,A,01,0,1,0,0,1,0,0,0,0,"- ","- ",,,"LOS ANGELES","LOS ANGELES",-118.30088806152344,34.057731628417969
8763769,2018,2019-01-02,1942,2018-11-28,1625,42424,0736,3,5,7,1942,0,0,0,G,0,7A17,"3RD ST","COCHRAN AV",0.00,,Y,A,-,N,,,,,,,,,,N,3,0,1,2,A,-,10,21950,A,N,G,B,B,A,H,-,B,A,0,Y,,,,Y,,A,07,0,1,0,0,1,0,0,0,0,"- ","- ",,,"LOS ANGELES","LOS ANGELES",-118.34722137451172,34.069179534912109
8763813,2018,2019-01-02,1942,2018-11-23,1725,42937,0789,5,5,7,1942,0,0,0,G,0,20A44,"21ST ST","4TH AV",0.00,,Y,A,-,N,,,,,,,,,,N,3,0,2,3,A,-,10,21950,A,N,G,B,B,A,H,-,C,D,0,Y,,,,Y,,A,01,0,1,1,0,2,0,0,0,0,"- ","- ",,,"LOS ANGELES","LOS ANGELES",-118.32127380371094,34.037971496582031
8763825,2018,2019-01-02,1942,2018-11-27,1545,42495,0363,2,5,7,1942,0,0,0,C,0,3A64,"NICOLET AV","COLISEUM ST",170.00,S,N,A,-,N,,,,,,,,,,N,2,0,1,2,A,-,09,21804,A,N,G,B,F,A,-,-,A,D,0,Y,,,,Y,,A,01,1,0,0,0,1,0,0,0,0,"- ","- ",,,"LOS ANGELES","LOS ANGELES",-118.35045623779297,34.017803192138672
8763833,2018,2019-01-02,1942,2018-11-11,2220,43442,0338,7,5,7,1942,0,0,0,C,0,3A57,"HOOVER ST","30TH ST",0.00,,Y,A,-,N,,,,,,,,,,Y,4,0,1,2,A,-,10,21950,A,N,G,B,B,A,H,-,C,D,0,Y,,,,Y,,A,01,0,0,1,0,1,0,0,0,0,"- ","- ",,,"LOS ANGELES","LOS ANGELES",-118.28397369384766,34.027408599853516
8764654,2018,2019-01-15,1942,2018-01-12,1940,42924,0392,5,5,7,1942,0,0,0,C,0,3A41,"48TH ST","9TH AV",50.00,W,N,A,-,N,,,,,,,,,,N,3,0,1,2,A,-,11,21956,A,N,G,B,D,A,H,-,C,D,0,Y,,,,Y,,N,60,0,1,0,0,1,0,0,0,0,"- ","- ",,,"LOS ANGELES","LOS ANGELES",-118.32710266113281,33.999988555908203
8764810,2018,2019-01-10,1942,2018-11-18,2015,42157,1431,7,5,7,1942,0,0,0,N,0,14A11,"MAIN ST","VENICE WY",0.00,,Y,A,-,N,,,,,,,,,,N,4,0,1,2,A,-,11,21954,A,N,G,B,E,A,H,-,C,A,0,Y,,,,Y,,N,60,0,0,1,0,1,0,0,0,0,"- ","- ",,,"LOS ANGELES","LOS ANGELES",-118.47064971923828,33.987319946289062
8765361,2018,2018-12-31,1942,2018-10-24,1735,41424,1331,3,5,7,1942,0,0,0,M,0,13G34,"GRAND AV","W 30TH ST",4.00,S,N,A,-,N,,,,,,,,,,N,4,0,1,2,A,-,10,21950,A,N,G,B,B,A,H,-,A,A,0,Y,,,,Y,,A,07,0,0,1,0,1,0,0,0,0,"- ","- ",,,"LOS ANGELES","LOS ANGELES",-118.27426910400391,34.023368835449219
8765381,2018,2019-01-15,1942,2018-10-02,0625,40151,1861,2,5,7,1942,0,0,0,R,0,,"IMPERIAL HWY","DENVER LN",50.00,E,N,A,-,N,,,,,,,,,,Y,4,0,1,4,A,-,09,21802,A,N,D,-,F,A,H,-,A,D,0,Y,,,,Y,Y,A,01,0,0,1,0,1,0,0,0,0,"- ","- ",,,"LOS ANGELES","LOS ANGELES",-118.28468322753906,33.930988311767578
8765505,2018,2019-01-10,1942,2018-11-25,1750,42776,1985,7,5,7,1942,0,0,0,,0,19A85,"TOBIAS AV","PARTHENIA ST",400.00,N,N,A,-,N,,,,,,,,,,N,3,0,1,2,A,-,11,21955,,N,G,B,D,A,-,-,C,D,0,Y,,,,Y,,N,60,0,1,0,0,1,0,0,0,0,"- ","- ",,,"LOS ANGELES","LOS ANGELES",-118.45168304443359,34.229106903076172
8765796,2018,2019-01-23,1942,2018-11-13,1440,41990,1181,2,5,7,1942,0,0,0,K,0,11A71,"SUNSET BL","BENTON AV",0.00,,Y,A,-,N,,,,,,,,,,N,4,0,1,2,A,-,10,21952,,N,G,B,B,A,H,-,A,A,0,Y,,,,Y,,A,01,0,0,1,0,1,0,0,0,0,"- ","- ",,,"LOS ANGELES","LOS ANGELES",-118.27040100097656,34.080551147460938
8765983,2018,2019-01-07,1942,2018-11-08,1340,33395,1142,4,5,7,1942,0,0,0,K,0,11A25,"HILLHURST AV","FRANKLIN AV",0.00,,Y,A,-,N,,,,,,,,,,N,4,0,1,2,A,-,09,21801,A,N,G,B,B,A,H,-,A,A,0,Y,,,,Y,,A,01,0,0,1,0,1,0,0,0,0,"- ","- ",,,"LOS ANGELES","LOS ANGELES",-118.28740692138672,34.105419158935547
8765991,2018,2019-01-07,1942,2018-11-10,2045,43205,1117,6,5,7,1942,0,0,0,K,0,11A17,"EAGLE ROCK BL","YOSEMITE DR",0.00,,Y,A,-,N,,,,,,,,,,N,4,0,1,2,A,-,09,21801,A,N,G,B,B,A,H,-,C,A,0,Y,,,,Y,,A,07,0,0,1,0,1,0,0,0,0,"- ","- ",,,"LOS ANGELES","LOS ANGELES",-118.21530914306641,34.135120391845703
8766194,2018,2019-01-03,1942,2018-10-23,1640,43114,1313,2,5,7,1942,0,0,0,M,0,13A13,"ADAIR ST","WASHINGTON BL",0.00,,Y,A,-,N,,,,,,,,,,N,3,0,1,2,A,-,10,21950,,N,G,B,D,A,H,-,A,D,0,Y,,,,Y,,A,01,0,1,0,0,1,0,0,0,0,"- ","- ",,,"LOS ANGELES","LOS ANGELES",-118.25827789306641,34.027999877929688
8766356,2018,2019-01-11,1942,2018-12-11,1720,40362,0984,2,5,7,1942,0,0,0,I,0,9X14W4,"DICKENS ST","CEDROS AV",0.00,,Y,A,-,N,,,,,,,,,,N,3,0,1,2,A,-,09,21801,A,N,G,B,B,A,H,-,C,A,0,Y,,,,Y,,D,22,0,1,0,0,1,0,0,0,0,"- ","- ",,,"LOS ANGELES","LOS ANGELES",-118.4517822265625,34.150428771972656
8766421,2018,2019-01-03,1942,2018-12-13,1545,36911,1836,4,5,7,1942,0,0,0,R,0,18A35,"COMPTON AV","E 103RD ST",0.00,,Y,A,-,N,,,,,,,,,,Y,2,0,2,3,A,-,10,21950,A,N,G,B,B,A,H,-,A,A,0,Y,,,,Y,,A,07,1,0,1,0,2,0,0,0,0,"- ","- ",,,"LOS ANGELES","LOS ANGELES",-118.24620819091797,33.943229675292969
8766571,2018,2019-01-28,1942,2018-12-04,2140,43457,1454,2,5,7,1942,0,0,0,N,0,14A56,"LINCOLN BL","JEFFERSON BL",2640.00,N,N,A,-,N,,,,,,,,,,N,4,0,1,2,A,-,11,21954,A,N,G,B,E,A,H,-,D,D,0,Y,,,,Y,Y,N,60,0,0,1,0,1,0,0,0,0,"- ","- ",,,"LOS ANGELES","LOS ANGELES",-118.42608642578125,33.966072082519531
8766589,2018,2018-12-27,1942,2018-11-30,1325,36553,0637,5,5,7,1942,0,0,0,F,0,6A49,"HOLLYWOOD BL","ARGYLE ST",188.00,W,N,A,-,N,,,,,,,,,,N,2,0,1,2,A,-,11,21955,,F,G,B,D,A,H,-,A,D,0,Y,,,,Y,,N,60,1,0,0,0,1,0,0,0,0,"- ","- ",,,"LOS ANGELES","LOS ANGELES",-118.32579803466797,34.10162353515625
8766597,2018,2018-12-27,1942,2018-11-29,0600,36553,1443,4,5,7,1942,0,0,0,N,0,14A45,"LINCOLN BL","NELROSE AV",17.00,S,N,C,-,N,,,,,,,,,,N,2,0,1,2,A,-,11,21956,A,N,G,B,D,B,H,-,B,D,0,Y,,,,Y,,N,60,1,0,0,0,1,0,0,0,0,"- ","- ",,,"LOS ANGELES","LOS ANGELES",-118.45140838623047,33.993404388427734
8766599,2018,2019-01-29,1942,2018-12-05,0610,38764,0838,3,5,7,1942,0,0,0,H,0,8X75,"VETERAN AV","WEYBURN AV",0.00,,Y,B,-,N,,,,,,,,,,N,4,0,1,2,A,-,10,21950,A,N,G,B,B,B,-,-,C,D,0,Y,,,,Y,,-,,0,0,1,0,1,0,0,0,0,"- ","- ",,,"LOS ANGELES","LOS ANGELES",-118.45072937011719,34.061431884765625
8766740,2018,2019-01-08,1942,2018-12-10,1717,42424,0762,1,5,7,1942,0,0,0,G,0,7A72,"HI POINT ST","SATURN AV",0.00,,N,A,-,N,,,,,,,,,,N,4,0,1,2,A,-,08,22107,,F,G,B,E,A,H,-,B,D,0,Y,,,,Y,,-,99,0,0,1,0,1,0,0,0,0,"- ","- ",,,"LOS ANGELES","LOS ANGELES",-118.36916351318359,34.050060272216797
8766768,2018,2020-01-25,1942,2018-09-19,0735,4692,2017,3,5,7,1942,0,0,0,,0,LA-MI,"CIRCLE DR","CIRCLE DRIVE",3.00,N,N,A,-,N,,,,,,,,,,N,4,0,1,3,A,-,10,21950,A,N,G,B,-,A,H,-,A,A,0,Y,,,,Y,Y,A,01,0,0,1,0,1,0,0,0,0,EO,"- ",,,"LOS ANGELES","LOS ANGELES",-118.44844818115234,34.166667938232422
8766791,2018,2019-01-03,1942,2018-11-20,1745,43393,1445,2,5,7,1942,0,0,0,N,0,14A1,"VENICE BL","MOORE ST",0.00,,Y,A,-,N,,,,,,,,,,N,3,0,1,2,A,-,10,21950,A,N,G,B,B,A,H,-,C,A,0,Y,,,,Y,,A,01,0,1,0,0,1,0,0,0,0,"- ","- ",,,"LOS ANGELES","LOS ANGELES",-118.44049072265625,34.000289916992188
8766968,2018,2019-01-02,1942,2018-11-23,2000,47654,0727,5,5,7,1942,0,0,0,G,0,7A33W3,"BEVERLY BL","CITRUS AV",0.00,,Y,A,-,N,,,,,,,,,,N,4,0,1,2,A,-,10,21950,A,N,G,B,B,A,H,-,C,D,0,Y,,,,Y,Y,A,07,0,0,1,0,1,0,0,0,0,"- ","- ",,,"LOS ANGELES","LOS ANGELES",-118.33968353271484,34.076179504394531
8767227,2018,2018-12-28,1942,2018-11-16,0615,36320,NHWD,5,5,7,1942,0,0,0,,0,1549,"BURBANK BL",FULCHER,0.00,,Y,A,-,N,,,,,,,,,,N,3,0,1,2,D,-,00,,,N,G,B,-,A,H,-,-,D,0,Y,,,,Y,,-,"- ",0,1,0,0,1,0,0,0,0,"- ","- ",,,"LOS ANGELES","LOS ANGELES",-118.373046875,34.172149658203125
8767240,2018,2018-12-28,1942,2018-11-20,1710,39410,1531,2,5,7,1942,0,0,0,O,0,15A43,"WHITSETT AV","BURBANK BL",17.00,W,N,A,-,N,,,,,,,,,,N,4,0,1,2,A,-,10,21950,A,N,G,B,B,A,H,-,C,A,0,Y,,,,Y,,A,07,0,0,1,0,1,0,0,0,0,"- ","- ",,,"LOS ANGELES","LOS ANGELES",-118.40525817871094,34.172130584716797
8767340,2018,2019-01-07,1942,2018-11-23,1305,36733,0941,5,5,7,1942,0,0,0,I,0,9A41,"SEPULVEDA BL","ORANGE LINE BUSWAY",15.00,N,N,A,-,N,,,,,,,,,,N,4,0,1,2,A,-,11,21954,A,N,G,B,D,A,H,-,A,A,0,Y,,,,Y,Y,N,60,0,0,1,0,1,0,0,0,0,"- ","- ",,,"LOS ANGELES","LOS ANGELES",-118.46616363525391,34.180500030517578
8767457,2018,2019-01-30,1942,2018-12-03,1045,41497,1029,1,5,7,1942,0,0,0,J,0,10A39,"GLORIA AV","SHERMAN WY",0.00,,Y,A,-,N,,,,,,,,,,N,2,0,1,2,A,-,10,21950,A,N,G,B,B,A,H,-,A,A,0,Y,,,,Y,Y,A,07,1,0,0,0,1,0,0,0,0,"- ","- ",,,"LOS ANGELES","LOS ANGELES",-118.47930145263672,34.201248168945312
8767506,2018,2019-01-30,1942,2018-12-13,2205,41316,2158,4,5,7,1942,0,0,0,,0,21A97,"VARIEL AV","VICTORY BL",264.00,S,N,A,-,N,,,,,,,,,,Y,2,0,2,3,A,-,03,22350,,N,G,B,F,A,H,-,C,D,0,Y,,,,Y,Y,A,01,1,1,0,0,2,0,0,0,0,"- ","- ",,,"LOS ANGELES","LOS ANGELES",-118.59275817871094,34.187637329101562
8767520,2018,2019-01-03,1942,2018-10-27,1115,39908,1617,6,5,7,1942,0,0,0,P,0,16A59,"WENTWORTH ST","WESCOTT AV",0.00,,Y,A,-,N,,,,,,,,,,N,3,0,1,2,A,-,11,21954,A,N,G,B,D,A,H,-,A,D,0,Y,,,,Y,,N,60,0,1,0,0,1,0,0,0,0,"- ","- ",,,"LOS ANGELES","LOS ANGELES",-118.31793212890625,34.266960144042969
8767629,2018,2019-01-08,1942,2018-11-30,0745,42776,1994,5,5,7,1942,0,0,0,,0,1942,"ROSCOE BL","TOBIAS AV",0.00,,Y,A,-,N,,,,,,,,,,Y,2,0,1,3,A,-,09,21801,A,N,A,B,-,A,H,-,A,A,0,Y,,,,Y,,A,01,1,0,0,0,1,0,0,0,0,"- ","- ",,,"LOS ANGELES","LOS ANGELES",-118.45169067382812,34.221519470214844
8767642,2018,2019-01-07,1942,2018-11-21,1835,42561,1045,3,5,7,1942,0,0,0,J,0,10EL2,"BURBANK BL","WHITE OAK AV",0.00,,Y,A,-,N,,,,,,,,,,N,4,0,1,2,A,-,11,21456,B,N,G,B,B,A,H,-,C,A,0,Y,,,,Y,,N,60,0,0,1,0,1,0,0,0,0,"- ","- ",,,"LOS ANGELES","LOS ANGELES",-118.51853942871094,34.1722412109375
8767662,2018,2019-01-07,1942,2018-11-29,1850,42818,1971,4,5,7,1942,0,0,0,,0,19A61,"NORDHOFF ST","SEPULVEDA BL",0.00,,Y,C,-,N,,,,,,,,,,N,4,0,1,2,A,-,10,21950,A,N,G,B,B,B,H,-,C,A,0,Y,,,,Y,,A,01,0,0,1,0,1,0,0,0,0,"- ","- ",,,"LOS ANGELES","LOS ANGELES",-118.46771240234375,34.235530853271484
8767966,2018,2019-01-16,1942,2018-12-21,1545,34599,1503,5,5,7,1942,0,0,0,O,0,15A3,"SHERMAN WY","LAUREL CANYON BL",0.00,,Y,A,-,N,,,,,,,,,,N,2,0,1,2,A,-,11,21950,B,N,G,B,B,A,H,-,A,A,0,Y,,,Y,Y,,N,60,1,0,0,0,1,0,0,0,0,"- ","- ",,,"LOS ANGELES","LOS ANGELES",-118.39650726318359,34.200660705566406
8768160,2018,2019-01-22,1942,2018-12-17,1200,41704,0514,1,5,7,1942,0,0,0,E,0,5A15,"WILMINGTON BL","PACIFIC COAST HWY",4.00,S,N,A,-,Y,LA,7,1,-,-,11.208,I,5,S,N,4,0,1,2,A,-,10,21950,A,N,G,B,B,A,H,-,A,A,0,Y,,,,Y,,A,01,0,0,1,0,1,0,0,0,0,"- ","- ",,,"LOS ANGELES","LOS ANGELES",-118.27509307861328,33.790485382080078
8768384,2018,2019-01-04,1942,2018-11-02,1741,43579,0261,5,5,7,1942,0,0,0,B,0,11A26,"JAMES M WOOD BL","GRAND VIEW ST",10.00,S,N,A,-,N,,,,,,,,,,N,4,0,1,2,A,-,10,21950,A,N,G,B,B,A,H,-,A,D,0,Y,,,,Y,,A,01,0,0,1,0,1,0,0,0,0,"- ","- ",,,"LOS ANGELES","LOS ANGELES",-118.280925,34.054330999999998
8768388,2018,2019-01-04,1942,2018-11-03,1030,43318,0245,6,5,7,1942,0,0,0,B,0,2A17,6TH,"GRANDVIEW ST",0.00,,Y,A,-,N,,,,,,,,,,N,3,0,1,2,A,-,10,21950,A,N,A,B,B,A,H,-,A,A,0,Y,,,,Y,,A,01,0,1,0,0,1,0,0,0,0,"- ","- ",,,"LOS ANGELES","LOS ANGELES",-118.2769775390625,34.060478210449219
8768433,2018,2019-01-03,1942,2018-11-15,1415,43285,0448,4,5,7,1942,0,0,0,D,0,4A3,"SOTO ST",WABASH,0.00,,Y,A,-,N,,,,,,,,,,N,3,0,1,2,A,-,11,21453,D,N,B,B,D,A,H,-,A,D,0,Y,,,,Y,,N,60,0,1,0,0,1,0,0,0,0,"- ","- ",,,"LOS ANGELES","LOS ANGELES",-118.20388793945312,34.053009033203125