CASE_ID,ACCIDENT_YEAR,PROC_DATE,JURIS,COLLISION_DATE,COLLISION_TIME,OFFICER_ID,REPORTING_DISTRICT,DAY_OF_WEEK,CHP_SHIFT,POPULATION,CNTY_CITY_LOC,SPECIAL_COND,BEAT_TYPE,CHP_BEAT_TYPE,CITY_DIVISION_LAPD,CHP_BEAT_CLASS,BEAT_NUMBER,PRIMARY_RD,SECONDARY_RD,DISTANCE,DIRECTION,INTERSECTION,WEATHER_1,WEATHER_2,STATE_HWY_IND,CALTRANS_COUNTY,CALTRANS_DISTRICT,STATE_ROUTE,ROUTE_SUFFIX,POSTMILE_PREFIX,POSTMILE,LOCATION_TYPE,RAMP_INTERSECTION,SIDE_OF_HWY,TOW_AWAY,COLLISION_SEVERITY,NUMBER_KILLED,NUMBER_INJURED,PARTY_COUNT,PRIMARY_COLL_FACTOR,PCF_CODE_OF_VIOL,PCF_VIOL_CATEGORY,PCF_VIOLATION,PCF_VIOL_SUBSECTION,HIT_AND_RUN,TYPE_OF_COLLISION,MVIW,PED_ACTION,ROAD_SURFACE,ROAD_COND_1,ROAD_COND_2,LIGHTING,CONTROL_DEVICE,CHP_ROAD_TYPE,PEDESTRIAN_ACCIDENT,BICYCLE_ACCIDENT,MOTORCYCLE_ACCIDENT,TRUCK_ACCIDENT,NOT_PRIVATE_PROPERTY,ALCOHOL_INVOLVED,STWD_VEHTYPE_AT_FAULT,CHP_VEHTYPE_AT_FAULT,COUNT_SEVERE_INJ,COUNT_VISIBLE_INJ,COUNT_COMPLAINT_PAIN,COUNT_PED_KILLED,COUNT_PED_INJURED,COUNT_BICYCLIST_KILLED,COUNT_BICYCLIST_INJURED,COUNT_MC_KILLED,COUNT_MC_INJURED,PRIMARY_RAMP,SECONDARY_RAMP,LATITUDE,LONGITUDE,COUNTY,CITY,POINT_X,POINT_Y
8768517,2018,2019-01-26,1942,2018-12-06,1710,36733,0969,4,5,7,1942,0,0,0,I,0,9A37,"RIVERSIDE DR","COLDWATER CANYON BL",234.00,E,N,B,-,N,,,,,,,,,,N,2,0,1,2,A,-,11,21954,A,N,G,B,D,B,H,-,D,D,0,Y,,,,Y,,A,07,1,0,0,0,1,0,0,0,0,"- ","- ",,,"LOS ANGELES","LOS ANGELES",-118.41301727294922,34.157630920410156
8772315,2018,2019-02-20,1942,2018-11-18,1500,40099,,7,5,7,1942,0,0,0,,0,,"LORENA ST","RT 60",4.00,N,N,A,-,Y,LA,7,60,-,-,1.237,R,4,E,N,4,0,1,2,A,-,10,21950,A,N,G,B,D,A,H,-,A,A,0,Y,,,,Y,,A,01,0,0,1,0,1,0,0,0,0,"- ",EF,,,"LOS ANGELES","LOS ANGELES",-118.20419311523438,34.028591156005859
8772915,2018,2019-01-03,1942,2018-11-28,1950,40832,1245,3,5,7,1942,0,0,0,L,0,12X8,"FLORENCE AV","VERMONT AV",50.00,E,N,A,-,N,,,,,,,,,,N,4,0,1,2,A,-,11,21956,A,F,G,B,D,A,H,-,C,D,0,Y,,,,Y,,N,60,0,0,1,0,1,0,0,0,0,"- ","- ",,,"LOS ANGELES","LOS ANGELES",-118.29157257080078,33.974628448486328
8774972,2018,2019-01-09,1942,2018-10-25,2000,33395,1125,4,5,7,1942,0,0,0,K,0,11A37,"YORK BL","AVE 50",0.00,W,N,A,-,N,,,,,,,,,,N,4,0,1,2,D,-,00,,,N,G,B,E,A,H,-,C,D,0,Y,,,,Y,,-,"- ",0,0,1,0,1,0,0,0,0,"- ","- ",,,"LOS ANGELES","LOS ANGELES",-118.20688629150391,34.121479034423828
8775384,2018,2019-01-11,1942,2018-11-18,1630,37952,0211,7,5,7,1942,0,0,0,B,0,2A1,"SANTA MONICA BL","N VERMONT AV",0.00,,Y,A,-,N,,,,,,,,,,N,3,0,1,2,A,-,11,21950,B,N,G,B,B,A,H,-,A,A,0,Y,,,,Y,,N,60,0,1,0,0,1,0,0,0,0,"- ","- ",,,"LOS ANGELES","LOS ANGELES",-118.29173278808594,34.090869903564453
8775432,2018,2019-01-11,1942,2018-11-22,1415,42688,0236,4,5,7,1942,0,0,0,B,0,2A75,"3RD ST","WESTLAKE AV",200.00,W,N,A,-,N,,,,,,,,,,N,3,0,1,2,A,-,11,21955,,N,G,B,D,A,H,-,A,D,0,Y,,,,Y,,N,60,0,1,0,0,1,0,0,0,0,"- ","- ",,,"LOS ANGELES","LOS ANGELES",-118.27204895019531,34.062690734863281
8775445,2018,2019-01-26,1942,2018-12-05,1800,42791,0201,3,5,7,1942,0,0,0,B,0,,"SANTA MONICA","ALEXANDRIA AV",0.00,,Y,C,-,N,,,,,,,,,,N,4,0,1,2,A,-,10,21950,A,N,G,B,B,B,H,-,C,A,0,Y,,,,Y,,A,01,0,0,1,0,1,0,0,0,0,"- ","- ",,,"LOS ANGELES","LOS ANGELES",-118.29839324951172,34.090831756591797
8775486,2018,2019-01-26,1942,2018-12-03,1132,40289,0201,1,5,7,1942,0,0,0,B,0,2A1,"MELROSE AV","N VERMONT AV",55.00,E,N,A,-,N,,,,,,,,,,N,3,0,1,4,A,-,09,21804,A,N,D,C,F,A,H,-,A,D,0,Y,,,,Y,,A,07,0,1,0,0,1,0,0,0,0,"- ","- ",,,"LOS ANGELES","LOS ANGELES",-118.29152679443359,34.083580017089844
8775493,2018,2019-01-26,1942,2018-12-05,1600,40164,0152,3,5,7,1942,0,0,0,A,0,24TL54,"WILSHIRE BL","FLOWER ST",100.00,W,N,C,-,N,,,,,,,,,,N,4,0,1,2,A,-,11,21954,A,N,G,B,D,B,H,-,A,D,0,Y,,,,Y,,N,60,0,0,1,0,1,0,0,0,0,"- ","- ",,,"LOS ANGELES","LOS ANGELES",-118.25843811035156,34.049503326416016
8775536,2018,2019-08-30,1942,2018-12-14,0230,41978,0644,5,5,7,1942,0,0,0,F,0,6A45,"W SUNSET BL","FORMOSA AV",57.00,W,N,A,-,N,,,,,,,,,,N,1,1,0,2,A,-,11,21954,A,N,G,B,E,A,H,-,C,D,0,Y,,,,Y,,N,60,0,0,0,1,0,0,0,0,0,"- ","- ",,,"LOS ANGELES","LOS ANGELES",-118.34700775146484,34.097988128662109
8775564,2018,2019-01-28,1942,2018-12-19,0715,38282,0806,3,5,7,1942,0,0,0,H,0,8A29,"BELLAGIO RD","STONE CANYON RD",100.00,E,N,A,-,N,,,,,,,,,,N,3,0,1,3,A,-,21,22106,,N,G,B,E,A,H,-,A,D,0,Y,,,,Y,,A,07,0,1,0,0,1,0,0,0,0,"- ","- ",,,"LOS ANGELES","LOS ANGELES",-118.44374847412109,34.083148956298828
8776198,2018,2019-01-25,1942,2018-11-16,1715,40099,1134,5,5,7,1942,0,0,0,K,0,11A89,"N SAN FERNANDO RD","HALLETT AV",2.00,E,N,A,-,N,,,,,,,,,,N,3,0,2,3,A,-,10,21950,A,F,G,B,B,A,H,-,C,A,0,Y,,,,Y,,-,99,0,2,0,0,2,0,0,0,0,"- ","- ",,,"LOS ANGELES","LOS ANGELES",-118.24155426025391,34.108413696289062
8776309,2018,2019-01-29,1942,2018-12-28,1510,40398,1985,5,5,7,1942,0,0,0,,0,19A85,"CHASE ST","TOBIAS AV",0.00,,Y,A,-,N,,,,,,,,,,N,4,0,1,2,A,-,10,21950,A,F,G,B,B,A,H,-,A,A,0,Y,,,,Y,,-,99,0,0,1,0,1,0,0,0,0,"- ","- ",,,"LOS ANGELES","LOS ANGELES",-118.45168304443359,34.224750518798828
8778264,2018,2019-01-28,1942,2018-11-17,1845,42210,361,6,5,7,1942,0,0,0,,0,3A74,"LA BREA AV","COLISEUM ST",0.00,,Y,A,-,N,,,,,,,,,,N,4,0,1,2,A,-,12,21453,A,N,G,B,B,A,H,-,A,A,0,Y,,,,Y,,A,01,0,0,1,0,1,0,0,0,0,"- ","- ",,,"LOS ANGELES","LOS ANGELES",-118.3555908203125,34.018310546875
8778856,2018,2019-02-01,1942,2018-10-18,1600,42669,1863,4,5,7,1942,0,0,0,R,0,18A63,AVALON,116TH,0.00,,Y,A,-,N,,,,,,,,,,N,3,0,1,2,A,-,11,21954,A,N,G,B,D,A,H,-,A,D,0,Y,,,,Y,,N,60,0,1,0,0,1,0,0,0,0,"- ","- ",,,"LOS ANGELES","LOS ANGELES",-118.26519775390625,33.929180145263672
8778991,2018,2019-02-01,1942,2018-12-17,0740,33700,1768,1,5,7,1942,0,0,0,Q,0,17A95,"WHITE OAK AV","LASSEN ST",8.00,E,N,B,-,N,,,,,,,,,,N,4,0,1,2,A,-,10,21950,A,N,G,B,B,A,H,-,A,A,0,Y,,,,Y,,A,01,0,0,1,0,1,0,0,0,0,"- ","- ",,,"LOS ANGELES","LOS ANGELES",-118.51985168457031,34.250358581542969
8779429,2018,2019-02-11,1942,2018-11-13,0740,42770,1827,2,5,7,1942,0,0,0,R,0,18A63,"WILMINGTON BL","97TH ST",8.00,S,N,A,-,N,,,,,,,,,,N,4,0,1,2,A,-,10,21950,C,N,G,B,B,A,H,-,A,D,0,Y,,,,Y,,A,01,0,0,1,0,1,0,0,0,0,"- ","- ",,,"LOS ANGELES","LOS ANGELES",,
8779433,2018,2019-02-11,1942,2018-11-09,1730,42247,1823,5,5,7,1942,0,0,0,R,0,18E6,"SAN PEDRO ST","99TH ST",0.00,,Y,A,-,N,,,,,,,,,,N,4,0,1,2,A,-,09,21801,A,F,G,B,D,A,H,-,B,D,0,Y,,,,Y,,-,99,0,0,1,0,1,0,0,0,0,"- ","- ",,,"LOS ANGELES","LOS ANGELES",-118.26952362060547,33.946491241455078
8779503,2018,2019-02-12,1942,2018-10-31,2055,43338,12,3,5,7,1942,0,0,0,L,0,18H63,"W 79TH ST","MAIN ST",495.00,W,N,A,-,N,,,,,,,,,,N,3,0,1,2,A,-,11,21954,A,N,-,B,E,A,H,-,C,D,0,Y,,,,Y,,N,60,0,1,0,0,1,0,0,0,0,"- ","- ",,,"LOS ANGELES","LOS ANGELES",-118.27553558349609,33.967884063720703
8782318,2018,2019-01-23,1942,2018-11-15,1900,42883,2024,4,5,7,1942,0,0,0,,0,20A53,"HARVARD BL","WILSHIRE BL",200.00,N,N,A,-,N,,,,,,,,,,N,2,0,1,2,A,-,09,21804,A,F,G,B,F,A,H,-,C,D,0,Y,,,,Y,,-,99,1,0,0,0,1,0,0,0,0,"- ","- ",,,"LOS ANGELES","LOS ANGELES",-118.30422210693359,34.061740875244141
8783923,2018,2019-06-20,1942,2018-12-05,1830,35291,0195,3,5,7,1942,0,0,0,A,0,1A85,"WEST WASHINGTON BL","S BROADWAY",0.00,,Y,C,-,N,,,,,,,,,,N,4,0,1,2,A,-,10,21950,A,F,G,B,B,B,H,-,C,A,0,Y,,,,Y,,-,99,0,0,1,0,1,0,0,0,0,"- ","- ",,,"LOS ANGELES","LOS ANGELES",-118.2657470703125,34.031440734863281
8783994,2018,2019-01-29,1942,2018-12-12,1832,38492,0111,3,5,7,1942,0,0,0,A,0,19X32,"ALAMEDA ST","LOS ANGELES ST",65.00,S,N,A,-,N,,,,,,,,,,N,3,0,1,2,A,-,11,21954,A,N,G,B,E,A,H,-,C,A,0,Y,,,,Y,,N,60,0,1,0,0,1,0,0,0,0,"- ","- ",,,"LOS ANGELES","LOS ANGELES",-118.237548828125,34.055965423583984
8784800,2018,2019-02-25,1942,2018-12-31,0820,37344,,1,5,7,1942,0,0,0,,0,18A35,"E IMPERIAL HWY","COMPTON AV",0.00,,Y,A,-,N,,,,,,,,,,N,4,0,1,2,A,-,08,22107,,N,A,B,D,A,H,-,A,D,0,Y,,,,Y,,A,01,0,0,1,0,1,0,0,0,0,"- ","- ",,,"LOS ANGELES","LOS ANGELES",-118.24627685546875,33.929489135742188
8784961,2018,2019-02-15,1942,2018-12-20,1525,43558,0747,4,5,7,1942,0,0,0,G,0,7A33,"CITRUS AV","8TH ST",0.00,,Y,B,-,N,,,,,,,,,,N,3,0,2,3,A,-,10,21950,A,N,G,B,B,A,H,-,A,D,0,Y,,,,Y,,A,07,0,2,0,0,2,0,0,0,0,"- ","- ",,,"LOS ANGELES","LOS ANGELES",-118.34001159667969,34.060420989990234
8784965,2018,2019-02-22,1942,2018-12-31,0855,36664,0644,1,5,7,1942,0,0,0,F,0,6A45,"POINSETTIA PL","SUNSET BL",0.00,,Y,A,-,N,,,,,,,,,,N,4,0,1,2,A,-,10,21950,A,N,G,B,B,A,H,-,A,A,0,Y,,,,Y,,A,01,0,0,1,0,1,0,0,0,0,"- ","- ",,,"LOS ANGELES","LOS ANGELES",-118.34834289550781,34.097999572753906
8786901,2018,2019-03-29,1942,2018-12-27,2100,30083,1343,4,5,7,1942,0,0,0,M,0,13A43,"E MARTIN LUTHER KING JR BL","MCKINLEY AV",0.00,,Y,A,-,N,,,,,,,,,,N,2,0,1,3,A,-,12,21453,A,N,D,C,B,A,H,-,C,A,0,Y,,,,Y,,-,"- ",1,0,0,0,1,0,0,0,0,"- ","- ",,,"LOS ANGELES","LOS ANGELES",-118.26084136962891,34.010978698730469
8786962,2018,2019-02-11,1942,2018-11-26,2049,43190,1824,1,5,7,1942,0,0,0,R,0,18A49,"CENTRAL AV","92ND ST",0.00,,Y,A,-,N,,,,,,,,,,N,4,0,1,4,A,-,09,21801,A,N,C,C,B,A,H,-,C,A,0,Y,,,,Y,,A,07,0,0,1,0,1,0,0,0,0,"- ","- ",,,"LOS ANGELES","LOS ANGELES",-118.25643920898438,33.953281402587891
8786971,2018,2019-02-11,1942,2018-11-21,0550,31324,1118,3,5,7,1942,0,0,0,K,0,11A37,"YORK BL","N AVENUE 56",0.00,,Y,A,-,N,,,,,,,,,,N,2,0,1,2,A,-,10,21950,A,N,G,B,B,A,H,-,C,D,0,Y,,,,Y,,A,01,1,0,0,0,1,0,0,0,0,"- ","- ",,,"LOS ANGELES","LOS ANGELES",-118.19670104980469,34.119400024414062
8786975,2018,2019-02-11,1942,2018-11-17,1810,42077,0396,6,5,7,1942,0,0,0,C,0,3A34,VERNON,MENLO,0.00,,Y,A,-,N,,,,,,,,,,N,3,0,1,2,A,-,10,21950,A,F,G,B,B,A,H,-,C,A,0,Y,,,,Y,,-,99,0,1,0,0,1,0,0,0,0,"- ","- ",,,"LOS ANGELES","LOS ANGELES",-118.29003143310547,34.003688812255859
8786983,2018,2019-02-11,1942,2018-11-10,2100,42094,0308,6,5,7,1942,0,0,0,C,0,3A1,UNION,"23RD ST",500.00,S,N,A,-,N,,,,,,,,,,N,4,0,1,2,A,-,03,22350,,F,G,B,E,A,H,-,C,D,0,Y,,,,Y,,-,99,0,0,1,0,1,0,0,0,0,"- ","- ",,,"LOS ANGELES","LOS ANGELES",-118.28379058837891,34.03424072265625
8786992,2018,2019-02-26,1942,2018-12-14,0915,43475,0351,5,5,7,1942,0,0,0,C,0,3A73,"RODEO RD","LA BREA AV",130.00,E,N,B,-,N,,,,,,,,,,N,4,0,1,2,A,-,11,21954,A,N,G,B,D,A,H,-,A,A,0,Y,,,,Y,,N,60,0,0,1,0,1,0,0,0,0,"- ","- ",,,"LOS ANGELES","LOS ANGELES",-118.35517883300781,34.021526336669922
8787003,2018,2019-02-28,1942,2018-11-30,1415,42661,1827,5,5,7,1942,0,0,0,R,0,18A41,"CROESUS AV","92ND ST",100.00,S,N,A,-,N,,,,,,,,,,N,3,0,2,3,A,-,15,26453,,N,G,B,F,A,H,-,A,D,0,Y,,,,Y,,A,01,0,2,0,0,2,0,0,0,0,"- ","- ",,,"LOS ANGELES","LOS ANGELES",-118.23400115966797,33.952995300292969
8787036,2018,2019-02-08,1942,2018-12-16,0100,39539,0176,7,5,7,1942,0,0,0,A,0,1FB23,"6TH ST","MAIN ST",25.00,E,N,A,-,N,,,,,,,,,,N,3,0,2,3,A,-,21,22106,,N,G,B,E,A,H,-,B,D,0,Y,,,,Y,Y,A,01,0,1,1,0,2,0,0,0,0,"- ","- ",,,"LOS ANGELES","LOS ANGELES",-118.24992370605469,34.045249938964844
8787040,2018,2019-02-08,1942,2018-12-25,2315,41629,0162,2,5,7,1942,0,0,0,A,0,1A61,"FIGUEROA ST","8TH ST",261.00,S,N,A,-,N,,,,,,,,,,N,4,0,1,2,A,-,11,21954,A,F,G,B,D,A,H,-,C,D,0,Y,,,,Y,Y,N,60,0,0,1,0,1,0,0,0,0,"- ","- ",,,"LOS ANGELES","LOS ANGELES",-118.26173400878906,34.047378540039062
8788641,2018,2019-01-28,1942,2018-12-26,1550,37146,1841,3,5,7,1942,0,0,0,R,0,18A41,"W 111TH PL","DENVER AV",0.00,,Y,A,-,N,,,,,,,,,,N,4,0,1,2,A,-,12,22450,A,F,G,B,D,A,H,-,A,A,0,Y,,,,Y,,-,99,0,0,1,0,1,0,0,0,0,"- ","- ",,,"LOS ANGELES","LOS ANGELES",-118.28484344482422,33.933868408203125
8789691,2018,2019-02-08,1942,2018-12-03,1025,40165,1585,1,5,7,1942,0,0,0,O,0,15A85,"VENTURA BL","ARCH DR",33.00,E,N,A,-,N,,,,,,,,,,N,3,0,1,2,A,-,11,21954,A,N,G,B,E,A,H,-,A,D,0,Y,,,,Y,,N,60,0,1,0,0,1,0,0,0,0,"- ","- ",,,"LOS ANGELES","LOS ANGELES",-118.3740234375,34.141891479492188
8789927,2018,2019-02-06,1942,2018-12-17,1810,38469,1067,1,5,7,1942,0,0,0,J,0,10X8,"EMBASSY DR","ENCINO AV",0.00,,Y,A,-,Y,,,,,,,,,,,4,0,1,2,A,-,10,21950,A,N,D,B,B,A,H,-,C,D,0,Y,,,,Y,,A,01,0,0,1,0,1,0,0,0,0,"- ","- ",,,"LOS ANGELES","LOS ANGELES",-118.51419067382812,34.16326904296875
8789939,2018,2019-02-06,1942,2018-12-27,1600,39410,0915,4,5,7,1942,0,0,0,I,0,9A19,"SHERMAN WY","TYRONE AV",10.00,W,N,A,-,N,,,,,,,,,,N,3,0,1,2,A,-,10,21950,A,N,G,B,B,A,H,-,A,A,0,Y,,,,Y,,A,07,0,1,0,0,1,0,0,0,0,"- ","- ",,,"LOS ANGELES","LOS ANGELES",-118.44438934326172,34.201198577880859
8789955,2018,2019-02-25,1942,2018-12-17,1800,43167,FOOTH,1,5,7,1942,0,0,0,,0,16X2,LANKERSHIM,PENDLETON,0.00,,Y,B,-,N,,,,,,,,,,Y,3,0,1,2,A,-,11,21954,A,N,G,B,D,A,H,-,A,D,0,Y,,,,Y,,N,60,0,1,0,0,1,0,0,0,0,"- ","- ",,,"LOS ANGELES","LOS ANGELES",-118.38775634765625,34.227859497070312
8790041,2018,2019-02-20,1942,2018-12-12,0835,38326,1566,3,5,7,1942,0,0,0,O,0,15A67,"LANKERSHIM BL","WHIPPLE ST",0.00,,Y,A,-,N,,,,,,,,,,Y,3,0,3,5,A,-,12,21453,A,N,D,C,F,A,H,-,A,A,0,Y,,,,Y,,A,01,0,2,1,0,1,0,0,0,0,"- ","- ",,,"LOS ANGELES","LOS ANGELES",-118.36446380615234,34.148059844970703
8791083,2018,2019-03-29,1942,2018-12-18,0525,42441,1364,2,5,7,1942,0,0,0,M,0,13A63,"AVALON BL","E 48TH ST",0.00,,Y,A,-,N,,,,,,,,,,N,2,0,1,2,A,-,10,21950,A,N,G,B,B,A,H,-,C,A,0,Y,,,,Y,,D,22,1,0,0,0,1,0,0,0,0,"- ","- ",,,"LOS ANGELES","LOS ANGELES",-118.26525115966797,33.999729156494141
8791445,2018,2019-02-21,1942,2018-12-02,0800,42269,1802,7,5,7,1942,0,0,0,R,0,18A1,"MANCHESTER AV","MAIN ST",0.00,,Y,A,-,N,,,,,,,,,,N,4,0,1,2,A,-,10,21950,A,N,A,B,B,A,H,-,A,A,0,Y,,,,Y,,A,01,0,0,1,0,1,0,0,0,0,"- ","- ",,,"LOS ANGELES","LOS ANGELES",-118.27388000488281,33.960090637207031
8791451,2018,2019-02-08,1942,2018-12-24,2050,38688,2071,1,5,7,1942,0,0,0,,0,20A71,"W PICO BL","WESTERN AV",162.00,E,N,B,-,N,,,,,,,,,,N,2,0,1,2,A,-,11,21954,A,N,G,B,C,A,H,-,C,D,0,Y,,,,Y,,N,60,1,0,0,0,1,0,0,0,0,"- ","- ",,,"LOS ANGELES","LOS ANGELES",-118.30850982666016,34.047199249267578
8791461,2018,2019-02-07,1942,2018-12-02,1000,34426,0421,7,5,7,1942,0,0,0,D,0,4A15,"AVENUE 18","SPRING ST",0.00,,Y,A,-,N,,,,,,,,,,N,4,0,1,2,A,-,10,21950,A,F,G,B,B,A,H,-,A,A,0,Y,,,,Y,,-,99,0,0,1,0,1,0,0,0,0,"- ","- ",,,"LOS ANGELES","LOS ANGELES",-118.22245025634766,34.071651458740234
8791465,2018,2019-02-07,1942,2018-12-05,1920,39922,,3,5,7,1942,0,0,0,,0,4A97,"8TH ST","GRANDE VISTA",0.00,,Y,C,-,N,,,,,,,,,,N,4,0,1,2,A,-,10,21950,A,F,G,B,B,B,H,-,C,A,0,Y,,,,Y,,-,99,0,0,1,0,1,0,0,0,0,"- ","- ",,,"LOS ANGELES","LOS ANGELES",-118.20854187011719,34.023269653320312
8791514,2018,2019-02-06,1942,2018-12-22,1340,34426,1331,6,5,7,1942,0,0,0,M,0,13A41,"MAIN ST","30TH ST",0.00,,Y,A,-,N,,,,,,,,,,N,2,0,1,2,A,-,11,21456,B,N,G,B,B,A,H,-,A,A,0,Y,,,,Y,,N,60,1,0,0,0,1,0,0,0,0,"- ","- ",,,"LOS ANGELES","LOS ANGELES",-118.27065277099609,34.021759033203125
8791518,2018,2019-02-06,1942,2018-12-11,1905,42876,1373,2,5,7,1942,0,0,0,M,0,13A85,"CENTRAL AV","53RD ST",81.00,S,N,A,-,N,,,,,,,,,,N,2,0,1,2,A,-,11,21954,A,N,A,B,D,A,H,-,C,D,0,Y,,,,Y,,N,60,1,0,0,0,1,0,0,0,0,"- ","- ",,,"LOS ANGELES","LOS ANGELES",-118.25646209716797,33.994598388671875
8793989,2018,2019-02-27,1942,2018-12-30,1640,38613,1583,7,5,7,1942,0,0,0,O,0,15A85,"COLFAX AV","VENTURA BL",65.00,,N,A,-,N,,,,,,,,,,N,4,0,1,2,A,-,11,21954,A,N,G,B,D,A,H,-,C,A,0,Y,,,,Y,,N,60,0,0,1,0,1,0,0,0,0,"- ","- ",,,"LOS ANGELES","LOS ANGELES",-118.38773345947266,34.141288757324219
8793997,2018,2019-02-27,1942,2018-12-20,1530,43235,1779,4,5,7,1942,0,0,0,Q,0,17A49,"PLUMMER ST","DE SOTO AV",5.00,E,N,A,-,N,,,,,,,,,,N,4,0,1,2,A,-,10,21950,A,N,G,B,B,A,H,-,A,A,0,Y,,,,Y,,A,01,0,0,1,0,1,0,0,0,0,"- ","- ",,,"LOS ANGELES","LOS ANGELES",-118.58855438232422,34.242721557617188
8796671,2018,2019-04-03,1942,2018-12-15,1950,40699,0398,6,5,7,1942,0,0,0,C,0,3A18,"HOOVER ST","43RD ST",0.00,,Y,A,-,N,,,,,,,,,,N,2,0,1,2,A,-,10,21950,A,F,G,B,B,A,H,-,C,A,0,Y,,,,Y,,-,99,1,0,0,0,1,0,0,0,0,"- ","- ",,,"LOS ANGELES","LOS ANGELES",-118.28720855712891,34.005500793457031
8797342,2018,2019-03-25,1942,2018-11-28,2325,39508,1141,3,5,7,1942,0,0,0,K,0,11A1,"FRANKLIN AV","N VERMONT AV",0.00,,Y,C,-,N,,,,,,,,,,N,4,0,2,3,A,-,10,21950,A,N,G,B,B,B,H,-,C,A,0,Y,,,,Y,,D,22,0,0,2,0,2,0,0,0,0,"- ","- ",,,"LOS ANGELES","LOS ANGELES",-118.29178619384766,34.105411529541016
8797448,2018,2019-04-03,1942,2018-12-09,1010,43435,0538,7,5,7,1942,0,0,0,E,0,03A,"30TH ST","BUDLONG AV",10.00,E,N,A,-,N,,,,,,,,,,N,3,0,1,2,A,-,21,22106,,N,G,B,B,A,H,-,A,A,0,Y,,,,Y,,A,01,0,1,0,0,1,0,0,0,0,"- ","- ",,,"LOS ANGELES","LOS ANGELES",-118.29589080810547,34.027351379394531
8797607,2018,2019-02-14,1942,2018-12-27,1930,35291,0473,4,5,7,1942,0,0,0,D,0,4A71,"EAST 4TH ST","S ST LOUIS ST",0.00,,Y,A,-,N,,,,,,,,,,Y,3,0,1,3,A,-,11,21950,B,N,G,B,B,A,H,-,C,A,0,Y,,,,Y,Y,N,60,0,1,0,0,1,0,0,0,0,"- ","- ",,,"LOS ANGELES","LOS ANGELES",-118.21544647216797,34.042251586914062
8797710,2018,2019-02-11,1942,2018-12-22,2050,41353,2022,6,5,7,1942,0,0,0,,0,20A1,"WESTERN AV","5TH ST",290.00,S,N,A,-,N,,,,,,,,,,N,4,0,1,2,A,-,11,21954,A,N,G,B,C,A,H,-,C,D,0,Y,,,,Y,,N,60,0,0,1,0,1,0,0,0,0,"- ","- ",,,"LOS ANGELES","LOS ANGELES",,
8797747,2018,2019-02-11,1942,2018-12-17,1900,43445,0638,1,5,7,1942,0,0,0,F,0,6A22,"WILTON PL","FRANKLIN AV",0.00,,Y,A,-,N,,,,,,,,,,N,3,0,1,2,A,-,10,21950,A,N,G,B,B,A,H,-,C,A,0,Y,,,,Y,,A,01,0,1,0,0,1,0,0,0,0,"- ","- ",,,"LOS ANGELES","LOS ANGELES",-118.31365966796875,34.105339050292969
8797758,2018,2019-02-11,1942,2018-12-26,2220,30083,0261,3,5,7,1942,0,0,0,B,0,2A45,"W 7TH ST","S CARONDELET ST",0.00,,Y,A,-,N,,,,,,,,,,N,2,0,1,2,A,-,10,21950,A,N,G,B,B,A,H,-,C,D,0,Y,,,,Y,,A,08,1,0,0,0,1,0,0,0,0,"- ","- ",,,"LOS ANGELES","LOS ANGELES",-118.28153991699219,34.058578491210938
8798250,2018,2019-02-12,1942,2018-12-19,2155,35291,0124,3,5,7,1942,0,0,0,A,0,1A1,"E 1ST ST","N LOS ANGELES ST",0.00,,Y,A,-,N,,,,,,,,,,N,4,0,1,2,A,-,10,21950,A,N,G,B,B,A,H,-,C,A,0,Y,,,,Y,,N,60,0,0,1,0,1,0,0,0,0,"- ","- ",,,"LOS ANGELES","LOS ANGELES",-118.24240875244141,34.051490783691406
8798266,2018,2019-02-12,1942,2018-12-11,0653,31152,1151,2,5,7,1942,0,0,0,K,0,11A51,"MARIPOSA AV","FOUNTAIN AV",5.00,S,N,A,-,N,,,,,,,,,,N,4,0,1,2,A,-,10,21950,A,N,G,B,B,A,H,-,A,A,0,Y,,,,Y,,A,01,0,0,1,0,1,0,0,0,0,"- ","- ",,,"LOS ANGELES","LOS ANGELES",-118.2994384765625,34.095237731933594
8799005,2018,2019-02-28,1942,2018-11-24,1730,43369,1322,6,5,7,1942,0,0,0,M,0,13A28,ADAMS,"MAPLE AV",60.00,E,N,A,-,N,,,,,,,,,,N,3,0,1,2,A,-,10,21954,,N,G,B,D,A,H,-,B,D,0,Y,,,,Y,Y,N,60,0,1,0,0,1,0,0,0,0,"- ","- ",,,"LOS ANGELES","LOS ANGELES",-118.26527404785156,34.023342132568359
8799021,2018,2019-02-15,1942,2018-12-28,1445,36460,1161,5,5,7,1942,0,0,0,K,0,11A51,"FOUNTAIN AV","N NORMANDIE AV",0.00,,Y,A,-,N,,,,,,,,,,N,3,0,1,2,A,-,10,21950,A,N,G,B,B,A,H,-,A,A,0,Y,,,,Y,,D,22,0,1,0,0,1,0,0,0,0,"- ","- ",,,"LOS ANGELES","LOS ANGELES",-118.30049896240234,34.095199584960938
8799613,2018,2019-02-26,1942,2018-12-04,1000,41629,,2,5,7,1942,0,0,0,,0,,"28TH ST","MAIN AV",170.00,W,N,A,-,N,,,,,,,,,,N,4,0,1,2,A,-,21,22106,,F,G,B,F,A,H,-,A,D,0,Y,,,,Y,Y,-,99,0,0,1,0,1,0,0,0,0,"- ","- ",,,"LOS ANGELES","LOS ANGELES",-118.27030181884766,34.023338317871094