CASE_ID,ACCIDENT_YEAR,PROC_DATE,JURIS,COLLISION_DATE,COLLISION_TIME,OFFICER_ID,REPORTING_DISTRICT,DAY_OF_WEEK,CHP_SHIFT,POPULATION,CNTY_CITY_LOC,SPECIAL_COND,BEAT_TYPE,CHP_BEAT_TYPE,CITY_DIVISION_LAPD,CHP_BEAT_CLASS,BEAT_NUMBER,PRIMARY_RD,SECONDARY_RD,DISTANCE,DIRECTION,INTERSECTION,WEATHER_1,WEATHER_2,STATE_HWY_IND,CALTRANS_COUNTY,CALTRANS_DISTRICT,STATE_ROUTE,ROUTE_SUFFIX,POSTMILE_PREFIX,POSTMILE,LOCATION_TYPE,RAMP_INTERSECTION,SIDE_OF_HWY,TOW_AWAY,COLLISION_SEVERITY,NUMBER_KILLED,NUMBER_INJURED,PARTY_COUNT,PRIMARY_COLL_FACTOR,PCF_CODE_OF_VIOL,PCF_VIOL_CATEGORY,PCF_VIOLATION,PCF_VIOL_SUBSECTION,HIT_AND_RUN,TYPE_OF_COLLISION,MVIW,PED_ACTION,ROAD_SURFACE,ROAD_COND_1,ROAD_COND_2,LIGHTING,CONTROL_DEVICE,CHP_ROAD_TYPE,PEDESTRIAN_ACCIDENT,BICYCLE_ACCIDENT,MOTORCYCLE_ACCIDENT,TRUCK_ACCIDENT,NOT_PRIVATE_PROPERTY,ALCOHOL_INVOLVED,STWD_VEHTYPE_AT_FAULT,CHP_VEHTYPE_AT_FAULT,COUNT_SEVERE_INJ,COUNT_VISIBLE_INJ,COUNT_COMPLAINT_PAIN,COUNT_PED_KILLED,COUNT_PED_INJURED,COUNT_BICYCLIST_KILLED,COUNT_BICYCLIST_INJURED,COUNT_MC_KILLED,COUNT_MC_INJURED,PRIMARY_RAMP,SECONDARY_RAMP,LATITUDE,LONGITUDE,COUNTY,CITY,POINT_X,POINT_Y
8799655,2018,2019-02-26,1942,2018-12-13,0925,40882,1375,4,5,7,1942,0,0,0,M,0,13A13,"E 12TH ST","CENTRAL AV",4.00,E,N,A,-,N,,,,,,,,,,N,4,0,1,2,A,-,10,21950,A,N,G,B,B,A,H,-,A,A,0,Y,,,,Y,,-,,0,0,1,0,1,0,0,0,0,"- ","- ",,,"LOS ANGELES","LOS ANGELES",-118.24526214599609,34.030162811279297
8799700,2018,2019-02-25,1942,2018-12-04,2144,43563,1961,2,5,7,1942,0,0,0,,0,19A61,"NORDHOFF ST","ORION AV",0.00,,Y,A,-,N,,,,,,,,,,N,4,0,1,2,A,-,10,21950,A,N,G,B,B,A,H,-,C,D,0,Y,,,,Y,,-,,0,0,1,0,1,0,0,0,0,"- ","- ",,,"LOS ANGELES","LOS ANGELES",-118.47194671630859,34.235561370849609
8799722,2018,2019-02-26,1942,2018-12-26,0740,38282,0729,3,5,7,1942,0,0,0,G,0,7A17,"LUCERNE BL","BEVERLY BL",360.00,S,N,A,-,N,,,,,,,,,,N,4,0,1,2,A,-,10,21952,,N,G,B,F,A,H,-,A,D,0,Y,,,,Y,,A,07,0,0,1,0,1,0,0,0,0,"- ","- ",,,"LOS ANGELES","LOS ANGELES",-118.32483673095703,34.075241088867188
8799730,2018,2019-02-26,1942,2018-12-26,1245,37700,0859,3,5,7,1942,0,0,0,H,0,8A59,"S SHERBOURNE DR","PICO BL",200.00,S,N,A,-,N,,,,,,,,,,N,4,0,1,2,A,-,21,22106,,N,G,B,F,A,H,-,A,D,0,Y,,,,Y,,A,07,0,0,1,0,1,0,0,0,0,"- ","- ",,,"LOS ANGELES","LOS ANGELES",-118.37963104248047,34.053443908691406
8799962,2018,2019-02-14,1942,2018-11-21,1545,43271,0361,3,5,7,1942,0,0,0,C,0,3A32,"STEVELY AV","PINAFORE ST",100.00,W,N,A,-,N,,,,,,,,,,N,3,0,1,2,A,-,11,21955,,N,A,B,D,A,H,-,A,D,0,Y,,,,Y,,N,60,0,1,0,0,1,0,0,0,0,"- ","- ",,,"LOS ANGELES","LOS ANGELES",-118.35359191894531,34.014911651611328
8803233,2018,2019-02-27,1942,2018-12-24,1300,42674,1801,1,5,7,1942,0,0,0,R,0,18A3,VERMONT,"92ND ST",30.00,N,N,A,-,N,,,,,,,,,,N,4,0,1,2,A,-,09,21804,A,F,A,B,D,A,H,-,C,D,0,Y,,,,Y,,-,99,0,0,1,0,1,0,0,0,0,"- ","- ",,,"LOS ANGELES","LOS ANGELES",,
8803988,2018,2019-03-05,1942,2018-02-01,1755,41832,0311,4,5,7,1942,0,0,0,C,0,12XL9,"ADAMS BL","CLYDE AV",117.00,E,N,A,-,N,,,,,,,,,,N,3,0,1,2,A,-,11,21956,A,F,C,B,E,A,H,-,C,D,0,Y,,,,Y,,N,60,0,1,0,0,1,0,0,0,0,"- ","- ",,,"LOS ANGELES","LOS ANGELES",-118.3665771484375,34.032451629638672
8808355,2018,2019-07-02,1942,2018-05-06,2010,40325,0202,7,5,7,1942,0,0,0,B,0,2A1,"VERMONT AV","LOCKWOOD AV",0.00,,Y,A,-,N,,,,,,,,,,N,1,1,0,2,A,-,12,21453,A,N,G,B,B,A,H,-,C,A,0,Y,,,,Y,,-,"- ",0,0,0,1,0,0,0,0,0,"- ","- ",,,"LOS ANGELES","LOS ANGELES",-118.29174041748047,34.088718414306641
8812179,2018,2019-02-28,1942,2018-12-10,0800,41977,1465,1,5,7,1942,0,0,0,N,0,14A49,"S CENTINELA AV","JEFFERSON BL",40.00,N,N,A,-,N,,,,,,,,,,N,4,0,1,2,A,-,11,21954,A,F,G,B,D,A,H,-,A,A,0,Y,,,,Y,,N,60,0,0,1,0,1,0,0,0,0,"- ","- ",,,"LOS ANGELES","LOS ANGELES",-118.40926361083984,33.981410980224609
8816621,2018,2019-03-08,1942,2018-06-18,1800,42729,1837,1,5,7,1942,0,0,0,R,0,18X36,"WILMINGTON AV","E 107TH ST",30.00,S,N,A,-,N,,,,,,,,,,N,2,0,1,2,A,-,10,21950,A,F,G,B,D,A,H,-,A,D,0,Y,,,,Y,,A,07,1,0,0,0,1,0,0,0,0,"- ","- ",,,"LOS ANGELES","LOS ANGELES",-118.23903656005859,33.938869476318359
8821242,2018,2019-05-09,1942,2018-11-15,1830,42696,RAMP,4,5,7,1942,0,0,0,,0,2A2,"WILSHIRE BL",ALVARADO,50.00,E,N,A,-,N,,,,,,,,,,N,4,0,1,2,A,-,21,22106,,N,G,B,E,A,H,-,C,D,0,Y,,,,Y,,-,"- ",0,0,1,0,1,0,0,0,0,"- ","- ",,,"LOS ANGELES","LOS ANGELES",-118.27573394775391,34.057868957519531
8822577,2018,2019-04-02,1942,2018-07-09,2200,41870,1824,1,5,7,1942,0,0,0,R,0,18A34,"AVALON BL","103RD ST",151.00,S,N,A,-,N,,,,,,,,,,N,2,0,1,2,A,-,11,21954,A,N,G,B,D,A,H,-,C,D,0,Y,,,,Y,,N,60,1,0,0,0,1,0,0,0,0,"- ","- ",,,"LOS ANGELES","LOS ANGELES",-118.26518249511719,33.942436218261719
8838540,2018,2019-04-10,1942,2018-07-04,0025,43133,0391,3,5,7,1942,0,0,0,C,0,3A41,"LA BREA AV","DON LORENZO DR",100.00,N,N,-,-,N,,,,,,,,,,N,2,0,1,2,A,-,11,21954,A,F,G,B,D,A,H,-,C,A,0,Y,,,,Y,,-,99,1,0,0,0,1,0,0,0,0,"- ","- ",,,"LOS ANGELES","LOS ANGELES",-118.35908508300781,34.001075744628906
8860675,2018,2019-05-20,1942,2018-10-02,2340,41129,1804,2,5,7,1942,0,0,0,R,0,18A3,"E MANCHESTER AV","AVALON AV",15.00,S,N,A,-,N,,,,,,,,,,N,2,0,1,2,A,-,11,21955,,N,G,B,D,A,H,-,C,A,0,Y,,,,Y,,N,60,1,0,0,0,1,0,0,0,0,"- ","- ",,,"LOS ANGELES","LOS ANGELES",-118.26512908935547,33.960128784179688
8860678,2018,2019-05-20,1942,2018-08-17,0700,38587,0308,5,5,7,1942,0,0,0,C,0,3A19,"ESTRELLA AV","21ST ST",100.00,S,N,A,-,N,,,,,,,,,,N,3,0,1,2,A,-,21,22106,,F,H,B,E,A,H,-,A,D,0,Y,,,,Y,Y,-,99,0,1,0,0,1,0,0,0,0,"- ","- ",,,"LOS ANGELES","LOS ANGELES",-118.27603912353516,34.032951354980469
8860697,2018,2019-05-21,1942,2018-10-20,1715,39898,1251,6,5,7,1942,0,0,0,L,0,12X48,"W 78TH PL","3207 W 78TH PL",0.00,,N,A,-,N,,,,,,,,,,N,3,0,1,2,A,-,11,21955,,N,G,B,D,A,H,-,A,-,0,Y,,,,Y,Y,N,60,0,1,0,0,1,0,0,0,0,"- ","- ",,,"LOS ANGELES","LOS ANGELES",,
8939167,2018,2020-05-26,1942,2018-11-02,2300,38729,1177,5,5,7,1942,0,0,0,K,0,11A89,"NORTH FIGUEROA ST","W AVENUE 28",0.00,,Y,A,-,N,,,,,,,,,,N,1,1,0,2,A,-,11,21453,D,N,G,B,D,A,H,-,C,A,0,Y,,,Y,Y,Y,-,"- ",0,0,0,1,0,0,0,0,0,"- ","- ",,,"LOS ANGELES","LOS ANGELES",-118.22119140625,34.084789276123047
8974960,2018,2019-11-15,1942,2018-10-18,1950,34599,0964,4,5,7,1942,0,0,0,I,0,9A63,"VAN NUYS BL","HESBY ST",0.00,,Y,A,-,N,,,,,,,,,,N,4,0,1,2,A,-,10,21950,A,N,G,B,B,A,H,-,B,A,0,Y,,,,Y,,A,01,0,0,1,0,1,0,0,0,0,"- ","- ",,,"LOS ANGELES","LOS ANGELES",-118.44870758056641,34.162128448486328
90647699,2018,2018-01-25,9590,2018-01-22,0755,016689,,1,1,7,1942,0,1,2,,2,072,"US-101 N/B","SUNSET BOULEVARD",250.00,N,N,B,-,Y,,,101,,,,,,N,N,4,0,1,2,A,-,11,21954,A,N,B,B,E,A,H,-,A,D,0,Y,,,,Y,,N,60,0,0,1,0,1,0,0,0,0,"- ","- ",34.098781585693359,-118.31478881835938,"LOS ANGELES","LOS ANGELES",-118.31479644775391,34.098773956298828
90695716,2018,2018-03-30,9575,2018-03-23,0136,021978,,5,3,7,1942,0,1,3,,2,044,"SR-134 E/B (VENTURA FREEWAY)","PASS AVE",1700.00,W,N,C,-,Y,,,134,,,,,,E,Y,4,0,1,3,A,-,03,22350,,N,C,C,E,B,H,-,C,D,0,Y,,,,Y,,A,07,0,0,1,0,1,0,0,0,0,"- ","- ",34.1533203125,-118.35051727294922,"LOS ANGELES","LOS ANGELES",-118.35051727294922,34.153301239013672
90752083,2018,2018-06-20,9590,2018-06-13,1625,016692,,3,2,7,1942,0,1,2,,2,070,"US-101 N/B (HOLLYWOOD FWY.)","VENDOME ST. U.C",20.00,N,N,A,-,Y,,,101,,,,,,N,N,3,0,1,2,A,-,11,21954,A,N,G,B,E,A,H,-,A,D,0,Y,,,,Y,,N,60,0,1,0,0,1,0,0,0,0,"- ","- ",34.076690673828125,-118.27913665771484,"LOS ANGELES","LOS ANGELES",-118.27915191650391,34.076652526855469
90766223,2018,2020-04-28,9590,2018-02-01,2249,021346,,4,3,7,1942,0,1,1,,2,050,"I-110 NORTHBOUND (HARBOR FREEWAY)","SLAUSON AVENUE",667.00,S,N,A,-,Y,,,110,,,,,,N,N,1,1,0,3,A,-,11,21954,A,N,G,B,E,A,H,-,C,D,0,Y,,,,Y,,N,60,0,0,0,1,0,0,0,0,0,"- ","- ",33.987159729003906,-118.28016662597656,"LOS ANGELES","LOS ANGELES",-118.28041076660156,33.987159729003906
90769789,2018,2018-07-16,9580,2018-07-05,1235,022090,,4,1,7,1942,0,1,2,,2,101,"US 101 S/B TO LAUREL CYN BLVD.","LAUREL CANYON BLVD",10.00,S,N,A,-,Y,,,,,,,,,,N,4,0,1,2,A,-,21,22106,,N,G,B,B,A,H,-,A,A,0,Y,,,,Y,,A,01,0,0,1,0,1,0,0,0,0,"- ","- ",34.153968811035156,-118.39665222167969,"LOS ANGELES","LOS ANGELES",-118.39646911621094,34.154350280761719
90793322,2018,2018-08-20,9565,2018-07-27,0319,021021,,5,3,7,1942,0,1,1,,2,063,"I-405 N/B (SAN DIEGO FREEWAY)","MONTANA AVE",535.00,N,N,A,-,Y,,,405,,,,,,N,Y,2,0,1,3,A,-,03,22350,,N,D,C,E,A,H,-,C,D,0,Y,,,,Y,,A,01,1,0,0,0,1,0,0,0,0,"- ","- ",34.068321228027344,-118.46273040771484,"LOS ANGELES","LOS ANGELES",-118.46266174316406,34.068382263183594
90811264,2018,2018-09-12,9590,2018-09-05,1230,015985,,3,1,7,1942,0,1,1,,2,061,"I-10 W/B (SMF) TO WESTERN AVE","WESTERN AVENUE",10.00,E,N,A,-,Y,,,10,,,,R,,W,N,3,0,1,2,A,-,10,21950,A,F,G,B,B,A,H,-,A,A,0,Y,,,,Y,,A,07,0,1,0,0,1,0,0,0,0,"- ","- ",34.037769317626953,-118.30888366699219,"LOS ANGELES","LOS ANGELES",-118.30888366699219,34.037769317626953
90825362,2018,2018-10-01,9590,2018-09-22,0024,021906,,6,3,7,1942,0,1,1,,2,010,"SR-110 N/B (ARROYO SECO PARKWAY)","AVENUE 19",50.00,N,N,A,-,Y,,,110,,,,,,N,N,3,0,1,2,A,-,11,21954,A,N,G,B,E,A,H,-,C,D,0,Y,,,,Y,,N,60,0,1,0,0,1,0,0,0,0,"- ","- ",34.080539703369141,-118.22557830810547,"LOS ANGELES","LOS ANGELES",-118.2255859375,34.080543518066406
90873769,2018,2018-12-03,9590,2018-11-20,1655,021124,,2,2,7,1942,0,1,1,,2,061,"I-10 W/B (SMF) TO ARLINGTON AVE.","ARLINGTON AVENUE (2100 S. BLOCK)",14.00,E,N,A,-,Y,,,10,,,,R,,W,N,3,0,1,2,A,-,03,22350,,N,G,B,B,A,H,-,C,A,0,Y,,,,Y,,A,01,0,1,0,0,1,0,0,0,0,"- ","- ",34.0377197265625,-118.308837890625,"LOS ANGELES","LOS ANGELES",-118.308837890625,34.0377197265625
90886924,2018,2018-12-20,9580,2018-12-17,2328,020791,,1,3,7,1942,0,1,1,,2,407,"I-405 S/B TO ROSCOE BLVD.","ROSCOE BLVD",5.00,N,N,B,-,Y,,,405,,,,R,,S,N,3,0,1,2,A,-,11,21453,D,N,G,B,B,A,H,-,C,A,0,Y,,,Y,Y,,N,60,0,1,0,0,1,0,0,0,0,"- ","- ",34.221519470214844,-118.47377777099609,"LOS ANGELES","LOS ANGELES",-118.47377777099609,34.221519470214844
90898714,2018,2019-01-11,9575,2018-12-27,1610,016603,,4,2,7,1942,0,1,1,,2,052,"I-5 N/B (GOLDEN STATE FREEWAY)","SHELDON STREET",364.00,S,N,A,-,Y,,,5,,,,,,N,Y,2,0,3,3,A,-,11,21954,A,N,G,B,E,A,H,-,A,D,0,Y,,,,Y,,N,60,1,0,2,0,1,0,0,0,0,"- ","- ",34.231319427490234,-118.40184020996094,"LOS ANGELES","LOS ANGELES",-118.40184020996094,34.231338500976562
90975245,2018,2019-04-25,9580,2018-10-02,1014,017228,,2,1,7,1942,0,1,3,,2,171,"SR-170 S/B (HOLLYWOOD FWY.)","WHITSETT AVENUE",729.00,N,N,A,-,Y,,,170,,,,,,S,Y,1,1,0,2,A,-,11,21954,A,N,G,B,E,A,H,-,A,D,0,Y,,,,Y,Y,N,60,0,0,0,1,0,0,0,0,0,"- ","- ",34.208141326904297,-118.4066162109375,"LOS ANGELES","LOS ANGELES",-118.40660858154297,34.208141326904297
8008482,2018,2018-03-07,1942,2018-02-01,1510,42791,0334,4,5,7,1942,0,0,0,C,0,3A73W2,CRENSHAW,JEFFERSON,0.00,,Y,A,-,N,,,,,,,,,,N,4,0,1,2,A,-,10,21950,A,N,G,B,B,A,H,-,A,A,0,Y,,,,Y,,I,12,0,0,1,0,1,0,0,0,0,"- ","- ",,,"LOS ANGELES","LOS ANGELES",-118.33511352539062,34.025581359863281
8167045,2018,2020-05-22,1942,2018-01-08,2245,38613,1039,1,5,7,1942,0,0,0,J,0,10A39,"HASKELL AV","LEMAY ST",46.00,S,N,C,-,N,,,,,,,,,,N,1,1,0,2,A,-,11,21954,A,N,G,B,D,B,H,-,C,A,0,Y,,,,Y,,N,60,0,0,0,1,0,0,0,0,0,"- ","- ",,,"LOS ANGELES","LOS ANGELES",-118.47489929199219,34.192005157470703
8167048,2018,2020-05-22,1942,2018-01-12,1655,34426,1365,5,5,7,1942,0,0,0,M,0,13A75,"49TH ST","COMPTON AV",249.00,W,N,A,-,N,,,,,,,,,,Y,1,1,0,2,A,-,21,22106,,F,G,-,E,A,H,-,A,D,0,Y,,,,Y,,D,22,0,0,0,1,0,0,0,0,0,"- ","- ",,,"LOS ANGELES","LOS ANGELES",-118.24859619140625,33.998420715332031
8167051,2018,2018-03-08,1942,2018-01-19,0755,38980,1916,5,5,7,1942,0,0,0,,0,19A7,"POLK ST","GLENOAKS BL",42.00,W,N,B,-,N,,,,,,,,,,Y,1,1,1,7,A,-,05,21650,,N,A,E,E,A,H,-,A,D,0,Y,,,,Y,,A,01,1,0,0,0,1,0,0,0,0,"- ","- ",,,"LOS ANGELES","LOS ANGELES",-118.44978332519531,34.307525634765625
8167056,2018,2018-09-05,1942,2018-01-26,1625,32372,1977,5,5,7,1942,0,0,0,,0,19A79,"CHASE ST","VARNA AV",11.00,W,N,A,-,N,,,,,,,,,,N,1,1,1,3,A,-,12,22450,A,N,G,B,B,A,H,-,A,A,0,Y,,,,Y,,A,01,0,1,0,1,1,0,0,0,0,"- ","- ",,,"LOS ANGELES","LOS ANGELES",-118.42894744873047,34.231510162353516
8167078,2018,2018-03-08,1942,2018-01-28,2020,38590,0706,7,5,7,1942,0,0,0,G,0,7T23,"MELROSE AV","CITRUS AV",0.00,,Y,A,-,N,,,,,,,,,,Y,1,1,0,3,A,-,10,21950,A,N,G,B,B,A,H,-,C,D,0,Y,,,,Y,,A,07,0,0,0,1,0,0,0,0,0,"- ","- ",,,"LOS ANGELES","LOS ANGELES",-118.33969879150391,34.083469390869141
8167559,2018,2018-05-14,1942,2018-02-24,0535,42118,1263,6,5,7,1942,0,0,0,L,0,25T21,"WESTERN AV","79TH ST",48.00,S,N,A,-,N,,,,,,,,,,N,1,1,0,2,A,-,11,21954,A,N,G,B,D,A,H,-,C,A,0,Y,,,,Y,,N,60,0,0,0,1,0,0,0,0,0,"- ","- ",,,"LOS ANGELES","LOS ANGELES",,
8404786,2018,2020-05-22,1942,2018-03-02,0953,38721,0622,5,5,7,1942,0,0,0,F,0,7TL23,"HOLLYWOOD BL","STANLEY AV",11.00,E,N,B,C,N,,,,,,,,,,N,1,1,0,2,D,-,00,,,F,G,B,E,B,H,-,A,D,0,Y,,,,Y,,-,"- ",0,0,0,1,0,0,0,0,0,"- ","- ",,,"LOS ANGELES","LOS ANGELES",-118.35616302490234,34.101669311523438
8404828,2018,2018-06-19,1942,2018-05-01,1237,38857,1633,2,5,7,1942,0,0,0,P,0,16A23,"OSBORNE ST","FOOTHILL BL",416.00,W,N,B,-,N,,,,,,,,,,N,1,1,0,2,A,-,10,21954,B,N,G,B,E,A,H,-,A,A,0,Y,,,,Y,,A,01,0,0,0,1,0,0,0,0,0,"- ","- ",,,"LOS ANGELES","LOS ANGELES",-118.39483642578125,34.272777557373047
8404829,2018,2020-05-22,1942,2018-04-21,2205,40289,1133,6,5,7,1942,0,0,0,K,0,11A1,"GLENDALE BL","ATWATER AV",5.00,E,N,A,-,N,,,,,,,,,,N,1,1,0,2,A,-,11,21954,A,N,G,B,D,A,H,-,C,D,0,Y,,,,Y,Y,N,60,0,0,0,1,0,0,0,0,0,"- ","- ",,,"LOS ANGELES","LOS ANGELES",-118.25984954833984,34.119049072265625
8404830,2018,2020-05-22,1942,2018-05-06,2135,39397,0557,7,5,7,1942,0,0,0,E,0,,"GAFFEY ST","3RD ST",7.00,N,N,A,-,N,,,,,,,,,,N,1,1,0,2,A,-,10,21950,A,N,G,B,B,A,H,-,C,D,0,Y,,,,Y,Y,A,01,0,0,0,1,0,0,0,0,0,"- ","- ",,,"LOS ANGELES","LOS ANGELES",-118.29232788085938,33.741539001464844
8404842,2018,2020-05-26,1942,2018-02-09,1940,41747,1273,5,5,7,1942,0,0,0,L,0,12A73,"WESTERN AV","88TH ST",238.00,N,N,A,-,N,,,,,,,,,,N,1,1,0,2,A,-,11,21954,A,N,G,B,D,A,H,-,C,A,0,Y,,,,Y,Y,N,60,0,0,0,1,0,0,0,0,0,"- ","- ",,,"LOS ANGELES","LOS ANGELES",,
8404848,2018,2018-06-22,1942,2018-04-13,1120,30380,0292,5,5,7,1942,0,0,0,B,0,2A91,"WEST WASHINGTON BL","S BURLINGTON AV",176.00,W,N,A,-,N,,,,,,,,,,N,1,1,0,2,A,-,11,21954,A,N,G,B,D,A,H,-,A,A,0,Y,,,,Y,Y,N,60,0,0,0,1,0,0,0,0,0,"- ","- ",,,"LOS ANGELES","LOS ANGELES",-118.2833251953125,34.039493560791016
8404850,2018,2018-06-26,1942,2018-02-17,0555,34959,0787,6,5,7,1942,0,0,0,G,0,20T59,"CRENSHAW BL","23RD ST",434.00,S,N,B,-,Y,LA,7,10,-,R,11.220,R,4,W,N,1,1,0,2,A,-,11,21954,A,F,G,B,D,A,H,-,C,D,0,Y,,,,Y,,N,60,0,0,0,1,0,0,0,0,0,"- ","- ",,,"LOS ANGELES","LOS ANGELES",-118.33666229248047,34.035018920898438
8404923,2018,2018-07-11,1942,2018-05-25,0525,41629,1151,5,5,7,1942,0,0,0,K,0,11A51,"VERMONT AV","FOUNTAIN ST",197.00,N,N,A,-,N,,,,,,,,,,N,1,1,0,2,A,-,11,21954,A,N,G,B,E,A,H,-,C,D,0,Y,,,,Y,,N,60,0,0,0,1,0,0,0,0,0,"- ","- ",,,"LOS ANGELES","LOS ANGELES",-118.29176330566406,34.096088409423828
8415158,2018,2018-03-09,1942,2018-02-13,0710,38357,0256,2,5,7,1942,0,0,0,B,0,2A56,"W 7TH ST","WESTLAKE AV",27.00,W,N,A,-,N,,,,,,,,,,Y,3,0,3,6,A,-,03,22350,,N,E,-,E,A,H,-,-,D,0,Y,,,,Y,,A,01,0,2,1,0,2,0,0,0,0,"- ","- ",,,"LOS ANGELES","LOS ANGELES",-118.27572631835938,34.055976867675781
8415234,2018,2018-03-05,1942,2018-01-25,0810,37900,0659,4,5,7,1942,0,0,0,F,0,14T49,"N HOBART BL","SUNSET BL",280.00,N,N,A,-,N,,,,,,,,,,N,3,0,1,2,A,-,11,21954,A,N,G,B,D,A,H,-,A,D,0,Y,,,,Y,,I,11,0,1,0,0,1,0,0,0,0,"- ","- ",,,"LOS ANGELES","LOS ANGELES",-118.30561065673828,34.098888397216797
8415383,2018,2018-02-14,1942,2018-01-14,1910,40643,0407,7,5,7,1942,0,0,0,D,0,4A3,"MONTEREY RD","N HUNTINGTON DR",13.00,N,N,A,-,N,,,,,,,,,,N,3,0,1,2,A,-,01,23152,A,N,G,B,B,A,H,-,C,A,0,Y,,,,Y,Y,D,22,0,1,0,0,1,0,0,0,0,"- ","- ",,,"LOS ANGELES","LOS ANGELES",-118.1875,34.086254119873047
8415399,2018,2018-02-14,1942,2018-01-19,0950,36460,0181,5,5,7,1942,0,0,0,A,0,1A61,"LA LIVE WY","12TH ST",45.00,N,N,B,-,N,,,,,,,,,,N,4,0,1,2,A,-,03,22350,,F,G,C,F,A,H,-,A,D,0,Y,,,,Y,,M,96,0,0,1,0,1,0,0,0,0,"- ","- ",,,"LOS ANGELES","LOS ANGELES",-118.27079772949219,34.043968200683594
8415407,2018,2018-08-10,1942,2018-01-26,1600,39123,0515,5,5,7,1942,0,0,0,E,0,5A12,"PACIFIC COAST HWY","GULF AV",0.00,,Y,A,-,Y,LA,7,1,-,-,11.145,I,5,N,N,3,0,1,2,A,-,10,21950,A,N,A,B,B,A,H,-,A,D,0,Y,,,,Y,,D,22,0,1,0,0,1,0,0,0,0,"- ","- ",,,"LOS ANGELES","LOS ANGELES",-118.27398681640625,33.790657043457031
8465493,2018,2018-11-14,1942,2018-10-26,0740,38687,1761,5,5,7,1942,0,0,0,Q,0,17A23,"NORDHOFF ST","OWENSMOUTH AV",0.00,,Y,A,-,N,,,,,,,,,,N,1,1,0,2,A,-,11,21453,D,N,G,B,B,A,H,-,A,A,0,Y,,,,Y,,N,60,0,0,0,1,0,0,0,0,0,"- ","- ",,,"LOS ANGELES","LOS ANGELES",-118.60179901123047,34.235458374023438
8465530,2018,2020-05-26,1942,2018-12-03,1920,32372,1622,1,5,7,1942,0,0,0,P,0,16A11,"PAXTON ST","EL DORADO AV",30.00,W,N,A,-,N,,,,,,,,,,Y,1,1,0,2,A,-,11,21954,A,N,G,B,D,A,H,-,C,A,0,Y,,,,Y,Y,N,60,0,0,0,1,0,0,0,0,0,"- ","- ",,,"LOS ANGELES","LOS ANGELES",-118.43017578125,34.270774841308594
8465550,2018,2019-01-25,1942,2018-02-19,0750,38942,2074,1,5,7,1942,0,0,0,,0,6TL7,"NORMANDIE AV","VENICE BL",0.00,,Y,-,-,N,,,,,,,,,,Y,1,1,0,3,A,-,12,21453,A,N,D,B,B,-,-,-,-,A,0,Y,,,,Y,,A,01,0,0,0,1,0,0,0,0,0,"- ","- ",,,"LOS ANGELES","LOS ANGELES",-118.30101776123047,34.043670654296875
8465562,2018,2020-05-26,1942,2018-02-25,1800,40383,1525,7,5,7,1942,0,0,0,O,0,15T25,"VICTORY BL","AGNES AV",22.00,E,N,-,-,N,,,,,,,,,,Y,1,1,0,2,A,-,11,21954,A,N,G,B,D,-,-,-,-,D,0,Y,,,,Y,Y,N,60,0,0,0,1,0,0,0,0,0,"- ","- ",,,"LOS ANGELES","LOS ANGELES",-118.39537048339844,34.186679840087891
8465669,2018,2019-03-14,1942,2018-08-31,0600,42118,0374,5,5,7,1942,0,0,0,C,0,3A73,"MARTIN LUTHER KING BL","ARLINGTON AV",0.00,,Y,A,-,N,,,,,,,,,,N,1,1,0,2,A,-,10,21950,A,N,G,B,B,A,H,-,A,A,0,Y,,,,Y,Y,D,22,0,0,0,1,0,0,0,0,0,"- ","- ",,,"LOS ANGELES","LOS ANGELES",-118.31825256347656,34.010818481445312
8465677,2018,2019-03-18,1942,2018-04-26,0016,41870,1827,4,5,7,1942,0,0,0,R,0,18A26,"CENTURY BL","AVALON BL",23.00,W,N,A,-,N,,,,,,,,,,N,1,1,0,2,A,-,11,21956,A,F,G,B,B,A,H,-,C,A,0,Y,,,,Y,,N,60,0,0,0,1,0,0,0,0,0,"- ","- ",,,"LOS ANGELES","LOS ANGELES",-118.2652587890625,33.945610046386719
8465743,2018,2020-05-26,1942,2018-06-26,0010,39072,1353,2,5,7,1942,0,0,0,M,0,13A43,"AVALON BL","S 45TH ST",77.00,S,N,A,-,N,,,,,,,,,,Y,1,1,0,2,A,-,11,21954,A,N,A,B,D,A,H,-,C,D,0,Y,,,,Y,Y,N,60,0,0,0,1,0,0,0,0,0,"- ","- ",,,"LOS ANGELES","LOS ANGELES",-118.2652587890625,34.002307891845703