CASE_ID,ACCIDENT_YEAR,PROC_DATE,JURIS,COLLISION_DATE,COLLISION_TIME,OFFICER_ID,REPORTING_DISTRICT,DAY_OF_WEEK,CHP_SHIFT,POPULATION,CNTY_CITY_LOC,SPECIAL_COND,BEAT_TYPE,CHP_BEAT_TYPE,CITY_DIVISION_LAPD,CHP_BEAT_CLASS,BEAT_NUMBER,PRIMARY_RD,SECONDARY_RD,DISTANCE,DIRECTION,INTERSECTION,WEATHER_1,WEATHER_2,STATE_HWY_IND,CALTRANS_COUNTY,CALTRANS_DISTRICT,STATE_ROUTE,ROUTE_SUFFIX,POSTMILE_PREFIX,POSTMILE,LOCATION_TYPE,RAMP_INTERSECTION,SIDE_OF_HWY,TOW_AWAY,COLLISION_SEVERITY,NUMBER_KILLED,NUMBER_INJURED,PARTY_COUNT,PRIMARY_COLL_FACTOR,PCF_CODE_OF_VIOL,PCF_VIOL_CATEGORY,PCF_VIOLATION,PCF_VIOL_SUBSECTION,HIT_AND_RUN,TYPE_OF_COLLISION,MVIW,PED_ACTION,ROAD_SURFACE,ROAD_COND_1,ROAD_COND_2,LIGHTING,CONTROL_DEVICE,CHP_ROAD_TYPE,PEDESTRIAN_ACCIDENT,BICYCLE_ACCIDENT,MOTORCYCLE_ACCIDENT,TRUCK_ACCIDENT,NOT_PRIVATE_PROPERTY,ALCOHOL_INVOLVED,STWD_VEHTYPE_AT_FAULT,CHP_VEHTYPE_AT_FAULT,COUNT_SEVERE_INJ,COUNT_VISIBLE_INJ,COUNT_COMPLAINT_PAIN,COUNT_PED_KILLED,COUNT_PED_INJURED,COUNT_BICYCLIST_KILLED,COUNT_BICYCLIST_INJURED,COUNT_MC_KILLED,COUNT_MC_INJURED,PRIMARY_RAMP,SECONDARY_RAMP,LATITUDE,LONGITUDE,COUNTY,CITY,POINT_X,POINT_Y
8465761,2018,2019-05-02,1942,2018-01-29,1945,37724,1215,1,5,7,1942,0,0,0,L,0,12A15,"S NORMANDIE AV","53RD ST",91.00,S,N,A,-,N,,,,,,,,,,N,1,1,1,2,A,-,11,21956,A,N,G,B,D,A,H,-,C,A,0,Y,,,,Y,,N,60,0,1,0,1,0,0,0,0,0,"- ","- ",,,"LOS ANGELES","LOS ANGELES",-118.30019378662109,33.993881225585938
8465782,2018,2020-05-26,1942,2018-12-10,0335,39508,1352,1,5,7,1942,0,0,0,M,0,13A61,"E VERNON AV","CROCKER ST",0.00,,Y,A,-,N,,,,,,,,,,N,1,1,0,2,A,-,11,21954,A,F,G,B,D,A,H,-,C,D,0,Y,,,,Y,Y,N,60,0,0,0,1,0,0,0,0,0,"- ","- ",,,"LOS ANGELES","LOS ANGELES",-118.26873016357422,34.003860473632812
8465786,2018,2019-05-08,1942,2018-01-19,0920,26101,1257,5,5,7,1942,0,0,0,L,0,12A57,"FIGUEROA ST","79TH ST",8.00,N,N,B,-,N,,,,,,,,,,N,1,1,0,2,A,-,10,21950,A,F,G,B,B,A,H,-,A,A,0,Y,,,,Y,,-,99,0,0,0,1,0,0,0,0,0,"- ","- ",,,"LOS ANGELES","LOS ANGELES",-118.28272247314453,33.967861175537109
8504698,2018,2019-03-21,1942,2018-12-16,0215,42359,0668,7,5,7,1942,0,0,0,F,0,6A48,"WESTERN AV","VIRGINIA ST",0.00,,Y,A,-,N,,,,,,,,,,N,4,0,1,2,A,-,10,21950,A,F,G,B,B,A,H,-,C,D,0,Y,,,,Y,,-,99,0,0,1,0,1,0,0,0,0,"- ","- ",,,"LOS ANGELES","LOS ANGELES",-118.30918884277344,34.091899871826172
8513551,2018,2018-02-07,1942,2018-01-08,1905,41956,0154,1,5,7,1942,0,0,0,A,0,1XL6,"MAIN ST","5TH ST",16.00,N,N,A,-,N,,,,,,,,,,N,4,0,1,2,A,-,10,21950,A,N,-,B,E,A,H,-,A,-,0,Y,,,,Y,,A,01,0,0,1,0,1,0,0,0,0,"- ","- ",,,"LOS ANGELES","LOS ANGELES",-118.24849700927734,34.046733856201172
8513637,2018,2018-02-08,1942,2018-01-10,1350,42141,1033,3,5,7,1942,0,0,0,J,0,10L2W4,"VICTORY BL","TAMPA AV",0.00,,Y,A,-,N,,,,,,,,,,N,3,0,1,2,A,-,10,21950,A,F,-,B,B,A,H,-,A,A,0,Y,,,,Y,,-,99,0,1,0,0,1,0,0,0,0,"- ","- ",,,"LOS ANGELES","LOS ANGELES",-118.55348968505859,34.186569213867188
8513660,2018,2018-02-13,1942,2018-01-15,1315,34370,0393,1,5,7,1942,0,0,0,C,0,25MQ16,"DEGNAN BL","41ST ST",40.00,N,N,A,-,N,,,,,,,,,,N,3,0,2,2,B,-,22,,,N,H,B,F,A,H,-,A,D,0,Y,Y,,,Y,,J,48,0,1,1,0,1,0,1,0,0,"- ","- ",,,"LOS ANGELES","LOS ANGELES",-118.33141326904297,34.010169982910156
8532681,2018,2018-02-08,1942,2018-01-13,1550,37765,0557,6,5,7,1942,0,0,0,E,0,5XL4,"1ST ST","CABRILLO AV",0.00,,Y,A,-,N,,,,,,,,,,N,4,0,1,2,A,-,10,21950,A,N,B,B,B,A,H,-,A,A,0,Y,,,,Y,,D,22,0,0,1,0,1,0,0,0,0,"- ","- ",,,"LOS ANGELES","LOS ANGELES",-118.29454040527344,33.743331909179688
8534070,2018,2018-01-26,1942,2018-01-06,0155,42608,1213,6,5,7,1942,0,0,0,L,0,25T45W,"SLAUSON AV","WESTERN AV",613.00,E,N,A,-,N,,,,,,,,,,N,2,0,1,2,A,-,11,21954,A,F,G,B,D,-,H,-,C,D,0,Y,,,,Y,,N,60,1,0,0,0,1,0,0,0,0,"- ","- ",,,"LOS ANGELES","LOS ANGELES",-118.30693054199219,33.9891357421875
8534353,2018,2018-02-28,1942,2018-01-02,1745,42573,0159,2,5,7,1942,0,0,0,A,0,1A2,"S ALAMEDA ST","FACTORY PL",30.00,S,N,A,-,N,,,,,,,,,,N,3,0,1,2,A,-,11,21955,,N,G,B,D,A,H,-,C,A,0,Y,,,Y,Y,,N,60,0,1,0,0,1,0,0,0,0,"- ","- ",,,"LOS ANGELES","LOS ANGELES",-118.23837280273438,34.039028167724609
8534537,2018,2018-02-02,1942,2018-01-05,1445,40275,0445,5,5,7,1942,0,0,0,D,0,4A15,"MARENGO ST","BRITTANIA ST",5.00,W,N,A,-,N,,,,,,,,,,N,4,0,1,2,A,-,11,21456,B,N,G,B,B,A,H,-,A,A,0,Y,,,,Y,,N,60,0,0,1,0,1,0,0,0,0,"- ","- ",,,"LOS ANGELES","LOS ANGELES",-118.20843505859375,34.057075500488281
8534585,2018,2018-01-26,1942,2018-01-10,0550,42469,1037,3,5,7,1942,0,0,0,J,0,10A17,"BALBOA BL","VICTORY BL",75.00,S,N,B,-,N,,,,,,,,,,Y,2,0,1,2,A,-,11,21955,,N,G,B,D,A,H,-,C,A,0,Y,,,,Y,,N,60,1,0,0,0,1,0,0,0,0,"- ","- ",,,"LOS ANGELES","LOS ANGELES",-118.50111389160156,34.186424255371094
8534698,2018,2018-01-29,1942,2018-01-11,0750,38326,1781,4,5,7,1942,0,0,0,Q,0,17A81,"INDEPENDENCE AV","OSBORNE ST",8.00,S,N,A,-,N,,,,,,,,,,N,4,0,1,2,A,-,10,21950,A,F,G,B,B,A,H,-,A,A,0,Y,,,,Y,,-,99,0,0,1,0,1,0,0,0,0,"- ","- ",,,"LOS ANGELES","LOS ANGELES",-118.59072875976562,34.232967376708984
8535713,2018,2018-01-29,1942,2018-01-06,1300,36403,1863,6,5,7,1942,0,0,0,R,0,18A49,"AVALON BL","116TH PL",50.00,S,N,A,-,N,,,,,,,,,,N,4,0,1,2,D,-,00,,,F,G,B,D,A,H,-,A,D,0,Y,,,,Y,,-,"- ",0,0,1,0,1,0,0,0,0,"- ","- ",,,"LOS ANGELES","LOS ANGELES",-118.26519012451172,33.928123474121094
8535865,2018,2018-02-01,1942,2018-01-03,1715,38857,0984,3,5,7,1942,0,0,0,I,0,9A89,"VENTURA BL","CEDROS AV",104.00,W,N,A,-,N,,,,,,,,,,N,2,0,1,2,A,-,10,21952,,N,G,B,F,A,H,-,C,D,0,Y,,,,Y,,A,01,1,0,0,0,1,0,0,0,0,"- ","- ",,,"LOS ANGELES","LOS ANGELES",-118.45338439941406,34.151695251464844
8536509,2018,2018-01-20,1942,2018-01-05,1735,41528,1063,5,5,7,1942,0,0,0,J,0,10EL2,"VENTURA BL",VANALDEN,0.00,,Y,A,-,N,,,,,,,,,,N,3,0,1,2,A,-,10,21950,A,N,G,B,B,A,H,-,B,A,0,Y,,,,Y,,A,01,0,1,0,0,1,0,0,0,0,"- ","- ",,,"LOS ANGELES","LOS ANGELES",-118.55008697509766,34.172569274902344
8536537,2018,2018-01-20,1942,2018-01-04,1135,30830,,4,5,7,1942,0,0,0,,0,,"VENTURA BL","RADFORD AV",0.00,,Y,A,-,N,,,,,,,,,,N,4,0,1,2,A,-,10,21950,A,N,G,B,B,A,H,-,A,A,0,Y,,,,Y,,A,08,0,0,1,0,1,0,0,0,0,"- ","- ",,,"LOS ANGELES","LOS ANGELES",-118.39283752441406,34.143650054931641
8536757,2018,2018-01-29,1942,2018-01-10,0720,38980,1033,3,5,7,1942,0,0,0,J,0,19TL73,"VICTORY BL","YOLANDA AV",10.00,E,N,A,-,N,,,,,,,,,,N,4,0,1,2,A,-,10,21950,A,N,G,B,B,A,H,-,A,A,0,Y,,,,Y,,A,01,0,0,1,0,1,0,0,0,0,"- ","- ",,,"LOS ANGELES","LOS ANGELES",-118.54036712646484,34.186580657958984
8537147,2018,2018-01-31,1942,2018-01-09,1615,42977,1141,2,5,7,1942,0,0,0,K,0,11A1,"VERMONT AV","FINLEY AV",60.00,S,N,B,-,N,,,,,,,,,,Y,4,0,1,2,A,-,11,21954,A,N,G,B,-,B,H,-,A,D,0,Y,,,,Y,,N,60,0,0,1,0,1,0,0,0,0,"- ","- ",,,"LOS ANGELES","LOS ANGELES",-118.29180145263672,34.107517242431641
8538172,2018,2018-01-22,1942,2018-01-05,1605,34426,1151,5,5,7,1942,0,0,0,K,0,11A51,"HOLLYWOOD BL","NEW HAMPSHIRE AV",0.00,,Y,A,-,N,,,,,,,,,,N,4,0,1,2,A,-,10,21950,A,F,H,B,B,A,H,-,A,A,0,Y,,,,Y,,-,99,0,0,1,0,1,0,0,0,0,"- ","- ",,,"LOS ANGELES","LOS ANGELES",-118.29332733154297,34.101791381835938
8538327,2018,2018-01-31,1942,2018-01-08,1800,36790,1138,1,5,7,1942,0,0,0,K,0,,"AVE 60","FIGUEROA ST",0.00,,Y,-,-,N,,,,,,,,,,N,3,0,1,2,B,-,22,,,N,-,-,-,-,-,-,-,-,0,Y,,,,Y,,-,,0,1,0,0,1,0,0,0,0,"- ","- ",,,"LOS ANGELES","LOS ANGELES",-118.18978118896484,34.111068725585938
8538364,2018,2018-01-31,1942,2018-01-09,2005,32828,1985,2,5,7,1942,0,0,0,,0,35T30,"VAN NUYS BL","RAYEN ST",5.00,S,N,C,-,N,,,,,,,,,,N,4,0,1,2,A,-,11,21950,B,N,G,B,B,B,H,-,C,A,0,Y,,,,Y,,N,60,0,0,1,0,1,0,0,0,0,"- ","- ",,,"LOS ANGELES","LOS ANGELES",-118.45024871826172,34.231727600097656
8538375,2018,2018-01-31,1942,2018-01-05,1830,42271,2185,5,5,7,1942,0,0,0,,0,21A2,"TOPANGA CANYON AV","DUMETZ RD",5.00,E,N,A,-,N,,,,,,,,,,N,4,0,2,3,A,-,10,21950,A,N,G,B,B,A,H,-,C,D,0,Y,,,,Y,,A,07,0,0,2,0,2,0,0,0,0,"- ","- ",,,"LOS ANGELES","LOS ANGELES",-118.60581207275391,34.156909942626953
8538442,2018,2018-01-30,1942,2018-01-01,0230,42876,LAPD,1,5,7,1942,0,0,0,,0,3A31,NORMANDIE,"39TH ST",5.00,S,N,A,-,N,,,,,,,,,,N,3,0,1,2,A,-,12,21453,A,F,G,B,B,A,H,-,C,A,0,Y,,,,Y,Y,-,99,0,1,0,0,1,0,0,0,0,"- ","- ",,,"LOS ANGELES","LOS ANGELES",-118.3001708984375,34.015506744384766
8538458,2018,2018-01-30,1942,2018-01-15,0815,31288,0371,1,5,7,1942,0,0,0,C,0,25TL21,"S FARMDALE AV","N RODEO RD",7.00,N,N,A,-,N,,,,,,,,,,N,4,0,1,2,A,-,10,21950,A,N,G,B,B,A,H,-,A,A,0,Y,,,,Y,,A,01,0,0,1,0,1,0,0,0,0,"- ","- ",,,"LOS ANGELES","LOS ANGELES",-118.34605407714844,34.021499633789062
8538670,2018,2018-01-31,1942,2018-01-12,2230,32774,0964,5,5,7,1942,0,0,0,I,0,9A63,"RIVERSIDE DR","WOODMAN AV",0.00,,Y,A,-,N,,,,,,,,,,N,3,0,2,3,A,-,10,21950,A,N,G,B,B,A,H,-,C,D,0,Y,,,,Y,,A,07,0,1,1,0,2,0,0,0,0,"- ","- ",,,"LOS ANGELES","LOS ANGELES",-118.43123626708984,34.157611846923828
8538681,2018,2018-02-01,1942,2018-01-01,2020,34458,1138,1,5,7,1942,0,0,0,K,0,24T31,"FIGUEROA ST","AVE 60",9.00,S,N,A,-,N,,,,,,,,,,N,3,0,1,2,A,-,10,21950,A,N,G,B,B,A,H,-,C,A,0,Y,,,,Y,,A,01,0,1,0,0,1,0,0,0,0,"- ","- ",,,"LOS ANGELES","LOS ANGELES",-118.18980407714844,34.111057281494141
8538710,2018,2018-01-31,1942,2018-01-19,1600,34420,0943,5,5,7,1942,0,0,0,I,0,9A41,"BURBANK BL","VAN NUYS BL",0.00,,Y,B,-,N,,,,,,,,,,N,4,0,1,2,A,-,10,21950,A,N,G,B,B,A,H,-,A,A,0,Y,,,,Y,,A,01,0,0,1,0,1,0,0,0,0,"- ","- ",,,"LOS ANGELES","LOS ANGELES",-118.44873809814453,34.172111511230469
8538791,2018,2018-02-02,1942,2018-01-09,2135,34458,0265,2,5,7,1942,0,0,0,B,0,324T31,"ALVARADO ST","8TH ST",41.00,,N,B,-,N,,,,,,,,,,N,2,0,1,2,A,-,11,21456,B,N,G,B,B,B,H,-,C,A,0,Y,,,,Y,Y,N,60,1,0,0,0,1,0,0,0,0,"- ","- ",,,"LOS ANGELES","LOS ANGELES",,
8539408,2018,2018-01-31,1942,2018-01-09,2045,42815,1723,2,5,7,1942,0,0,0,Q,0,17A67,"MASON AV","DEVONSHIRE ST",500.00,N,N,B,-,N,,,,,,,,,,N,4,0,1,2,B,-,22,,,N,C,B,F,B,H,-,C,A,0,Y,,,,Y,,A,01,0,0,1,0,1,0,0,0,0,"- ","- ",,,"LOS ANGELES","LOS ANGELES",-118.57984924316406,34.258632659912109
8539435,2018,2018-02-01,1942,2018-01-16,2335,38995,1555,2,5,7,1942,0,0,0,O,0,15A67,"TUJUNGA AV","RIVERSIDE DR",9.00,N,N,A,-,N,,,,,,,,,,N,4,0,1,2,A,-,10,21950,A,N,G,B,B,A,H,-,C,A,0,Y,,,,Y,,A,01,0,0,1,0,1,0,0,0,0,"- ","- ",,,"LOS ANGELES","LOS ANGELES",-118.3790283203125,34.157672882080078
8539532,2018,2018-01-31,1942,2018-01-04,0005,42364,1842,4,5,7,1942,0,0,0,R,0,25T,"FIGUEROA ST","113TH ST",10.00,N,N,A,-,N,,,,,,,,,,N,3,0,1,2,A,-,10,21950,A,F,G,B,B,A,H,-,C,D,0,Y,,,,Y,,-,99,0,1,0,0,1,0,0,0,0,"- ","- ",,,"LOS ANGELES","LOS ANGELES",-118.28260040283203,33.931976318359375
8539544,2018,2018-01-31,1942,2018-01-01,1835,41805,1841,1,5,7,1942,0,0,0,R,0,12X48,"VERMONT AV","104TH PL",0.00,S,N,A,-,N,,,,,,,,,,N,3,0,1,2,A,-,10,21950,A,N,G,B,C,A,H,-,C,D,0,Y,,,,Y,,-,,0,1,0,0,1,0,0,0,0,"- ","- ",,,"LOS ANGELES","LOS ANGELES",-118.29160308837891,33.941509246826172
8539596,2018,2018-01-31,1942,2018-01-04,1715,42037,1243,4,5,7,1942,0,0,0,L,0,12X17,"WESTERN AV","60TH PL",0.00,,Y,A,-,N,,,,,,,,,,N,4,0,1,3,A,-,08,22107,,N,A,B,F,A,H,-,B,A,0,Y,,,,Y,,A,01,0,0,1,0,1,0,0,0,0,"- ","- ",,,"LOS ANGELES","LOS ANGELES",-118.3089599609375,33.985038757324219
8540017,2018,2018-01-30,1942,2018-01-10,0755,36121,1526,3,5,7,1942,0,0,0,O,0,15A3,"VICTORY BL","BECK AV",0.00,,Y,A,-,N,,,,,,,,,,N,2,0,2,3,A,-,10,21950,A,F,G,B,B,A,H,-,A,A,0,Y,,,,Y,,A,07,2,0,0,0,2,0,0,0,0,"- ","- ",,,"LOS ANGELES","LOS ANGELES",-118.38340759277344,34.186691284179688
8540318,2018,2018-08-10,1942,2018-01-25,1802,39318,0821,4,5,7,1942,0,0,0,H,0,8X48,"PACIFIC COAST HWY","SUNSET BL",0.00,,Y,A,-,Y,LA,7,1,-,-,39.326,I,5,S,Y,3,0,1,2,A,-,11,21106,B,N,G,B,B,A,H,-,C,A,0,Y,,,,Y,,N,60,0,1,0,0,1,0,0,0,0,"- ","- ",,,"LOS ANGELES","LOS ANGELES",-118.55567932128906,34.0384521484375
8542222,2018,2018-02-01,1942,2018-01-16,2145,36537,2046,2,5,7,1942,0,0,0,,0,20A97,"JAMES M WOOD","CATALINA ST",100.00,E,N,-,-,N,,,,,,,,,,N,4,0,1,2,A,-,11,21954,A,F,B,B,-,A,H,-,C,D,0,Y,,,,Y,Y,-,99,0,0,1,0,1,0,0,0,0,"- ","- ",,,"LOS ANGELES","LOS ANGELES",,
8542392,2018,2018-02-13,1942,2018-01-08,1750,36871,0529,1,5,7,1942,0,0,0,E,0,5X64,AVALON,ANAHEIM,0.00,,Y,C,-,N,,,,,,,,,,N,4,0,2,3,A,-,10,21950,A,N,A,B,B,B,H,-,C,A,0,Y,,,,Y,,D,22,0,0,2,0,2,0,0,0,0,"- ","- ",,,"LOS ANGELES","LOS ANGELES",-118.262451171875,33.779979705810547
8542950,2018,2018-02-21,1942,2018-01-09,0630,31092,1245,2,5,7,1942,0,0,0,L,0,12A67,"FLORENCE AV","VERMONT AV",20.00,W,N,B,-,N,,,,,,,,,,N,3,0,1,2,A,-,03,22350,,N,G,B,D,B,H,-,B,A,0,Y,,,,Y,,-,,0,1,0,0,1,0,0,0,0,"- ","- ",,,"LOS ANGELES","LOS ANGELES",-118.29180908203125,33.974628448486328
8544091,2018,2018-02-02,1942,2018-01-11,1100,43010,1842,4,5,7,1942,0,0,0,R,0,,"FIGUEROA ST","COLDEN AV",0.00,,Y,A,-,N,,,,,,,,,,N,3,0,2,3,A,-,11,21950,B,N,G,B,B,A,H,-,A,A,0,Y,,,,Y,,A,01,0,1,1,0,2,0,0,0,0,"- ","- ",,,"LOS ANGELES","LOS ANGELES",-118.28269958496094,33.949161529541016
8544102,2018,2018-01-31,1942,2018-01-18,2245,42338,1842,4,5,7,1942,0,0,0,R,0,18A41,"W 109TH PL","FIGUEROA ST",77.00,E,N,A,-,N,,,,,,,,,,N,4,0,1,2,B,-,22,,,N,G,B,F,A,H,-,C,D,0,Y,,,,Y,Y,A,01,0,0,1,0,1,0,0,0,0,"- ","- ",,,"LOS ANGELES","LOS ANGELES",-118.28236389160156,33.936489105224609
8544159,2018,2018-02-02,1942,2018-01-16,2150,37966,2091,2,5,7,1942,0,0,0,,0,20T59,"GRAMERCY PL","21ST ST",0.00,,Y,A,-,N,,,,,,,,,,N,2,0,1,2,A,-,10,21950,A,F,G,B,B,A,H,-,C,D,0,Y,,,,Y,,-,99,1,0,0,0,1,0,0,0,0,"- ","- ",,,"LOS ANGELES","LOS ANGELES",-118.31334686279297,34.038120269775391
8544181,2018,2018-01-31,1942,2018-01-08,0625,30452,1756,1,5,7,1942,0,0,0,Q,0,17A49,"BALBOA BL","DEVONSHIRE ST",240.00,S,N,C,-,N,,,,,,,,,,N,3,0,1,2,A,-,11,21954,A,N,G,-,D,B,H,-,C,D,0,Y,,,,Y,,N,60,0,1,0,0,1,0,0,0,0,"- ","- ",,,"LOS ANGELES","LOS ANGELES",-118.50234222412109,34.256881713867188
8544199,2018,2018-02-02,1942,2018-01-20,1815,39048,1526,6,5,7,1942,0,0,0,O,0,15A27,"BAKMAN AV","MOORPARK ST",12.00,S,N,A,-,N,,,,,,,,,,N,4,0,1,2,A,-,10,21950,A,F,G,B,B,A,H,-,C,A,0,Y,,,,Y,,-,99,0,0,1,0,1,0,0,0,0,"- ","- ",,,"LOS ANGELES","LOS ANGELES",-118.37789916992188,34.150337219238281
8544201,2018,2018-01-31,1942,2018-01-13,2350,43050,1641,6,5,7,1942,0,0,0,P,0,16A77,"LAUREL CANYON BL","GAGER ST",18.00,S,N,A,-,N,,,,,,,,,,N,2,0,1,2,A,-,11,21954,A,N,G,B,D,A,H,-,D,D,0,Y,,,,Y,,N,60,1,0,0,0,1,0,0,0,0,"- ","- ",,,"LOS ANGELES","LOS ANGELES",-118.42812347412109,34.255031585693359
8544223,2018,2018-02-02,1942,2018-01-20,1310,32372,1078,6,5,7,1942,0,0,0,J,0,10A99,"HAYVENHURST AV","VENTURA BL",16.00,S,N,A,-,N,,,,,,,,,,N,3,0,3,4,A,-,10,21950,A,N,G,B,B,A,H,-,A,A,0,Y,,,,Y,,A,01,0,1,2,0,3,0,0,0,0,"- ","- ",,,"LOS ANGELES","LOS ANGELES",-118.49232482910156,34.157505035400391
8544234,2018,2019-05-02,1942,2018-01-12,1825,38995,1775,5,5,7,1942,0,0,0,Q,0,19TL75,"BALBOA BL","PLUMMER ST",50.00,S,N,A,-,N,,,,,,,,,,Y,1,1,0,2,A,-,11,21954,A,N,G,B,E,A,H,-,C,A,0,Y,,,,Y,,N,60,0,0,0,1,0,0,0,0,0,"- ","- ",,,"LOS ANGELES","LOS ANGELES",-118.50245666503906,34.242874145507812
8545195,2018,2018-02-07,1942,2018-01-10,0830,37450,0356,3,5,7,1942,0,0,0,C,0,3A19,"WESTERN AV","36TH PL",0.00,,Y,A,-,N,,,,,,,,,,N,4,0,1,2,A,-,10,21950,A,N,G,B,B,A,H,-,A,A,0,Y,,,,Y,,A,01,0,0,1,0,1,0,0,0,0,"- ","- ",,,"LOS ANGELES","LOS ANGELES",-118.30890655517578,34.021881103515625
8545840,2018,2018-02-07,1942,2018-01-11,0615,42943,1265,4,5,7,1942,0,0,0,L,0,12A31,"NORMANDIE AV","83RD ST",0.00,,Y,A,-,N,,,,,,,,,,N,3,0,1,2,A,-,10,21950,,N,A,B,B,A,H,-,B,A,0,Y,,,,Y,,A,01,0,1,0,0,1,0,0,0,0,"- ","- ",,,"LOS ANGELES","LOS ANGELES",-118.30027008056641,33.963649749755859
8545865,2018,2018-02-08,1942,2018-01-14,2058,42889,0567,7,5,7,1942,0,0,0,E,0,5A25W3,"PACIFIC AV","22ND ST",0.00,,Y,A,-,N,,,,,,,,,,N,3,0,1,2,A,-,10,21950,A,N,G,B,B,A,H,-,C,A,0,Y,,,,Y,,A,01,0,1,0,0,1,0,0,0,0,"- ","- ",,,"LOS ANGELES","LOS ANGELES",-118.28798675537109,33.724250793457031
8545901,2018,2018-02-07,1942,2018-01-14,0525,35046,1263,7,5,7,1942,0,0,0,L,0,12A69,"WESTERN AV","80TH ST",50.00,S,N,A,-,N,,,,,,,,,,N,4,0,1,2,A,-,10,21954,,N,A,B,E,A,H,-,C,D,0,Y,,,,Y,,N,60,0,0,1,0,1,0,0,0,0,"- ","- ",,,"LOS ANGELES","LOS ANGELES",,
8546164,2018,2018-02-08,1942,2018-01-27,1805,38996,1681,6,5,7,1942,0,0,0,P,0,16A81,"LAUREL CANYON BL","WICKS ST",650.00,S,N,A,-,N,,,,,,,,,,N,2,0,1,2,A,-,11,21955,,N,G,B,D,A,H,-,C,D,0,Y,,,,Y,,N,60,1,0,0,0,1,0,0,0,0,"- ","- ",,,"LOS ANGELES","LOS ANGELES",-118.39915466308594,34.227676391601562
8546192,2018,2020-05-21,1942,2018-01-26,0620,38980,1028,5,5,7,1942,0,0,0,J,0,19TL73,"FORBES AV","SHERMAN WY",7.00,S,N,A,-,N,,,,,,,,,,N,1,1,0,2,A,-,10,21950,A,N,G,B,B,A,H,-,A,D,0,Y,,,,Y,,H,13,0,0,0,1,0,0,0,0,0,"- ","- ",,,"LOS ANGELES","LOS ANGELES",-118.49894714355469,34.201202392578125
8546647,2018,2018-02-07,1942,2018-01-23,1500,39954,1994,2,5,7,1942,0,0,0,,0,19A93,"VAN NUYS BL","ROSCOE BL",100.00,N,N,A,-,N,,,,,,,,,,N,4,0,1,2,B,-,22,,,F,G,B,F,A,H,-,A,D,0,Y,,,,Y,,-,99,0,0,1,0,1,0,0,0,0,"- ","- ",,,"LOS ANGELES","LOS ANGELES",-118.44876861572266,34.221805572509766
8546699,2018,2018-02-07,1942,2018-01-24,1015,38191,1693,3,5,7,1942,0,0,0,P,0,16A81,"STRATHERN ST","WHITSETT AV",140.00,E,N,A,-,N,,,,,,,,,,N,3,0,1,2,A,-,03,22350,,F,G,B,E,A,H,-,A,D,0,Y,,,,Y,Y,-,99,0,1,0,0,1,0,0,0,0,"- ","- ",,,"LOS ANGELES","LOS ANGELES",-118.40480804443359,34.215728759765625
8546707,2018,2018-02-07,1942,2018-01-24,1745,40337,1685,3,5,7,1942,0,0,0,P,0,16A81,"W STRATHERN ST","LANKERSHIM BL",220.00,E,N,A,-,N,,,,,,,,,,N,2,0,1,2,A,-,11,21954,A,F,G,B,C,A,H,-,C,D,0,Y,,,,Y,,N,60,1,0,0,0,1,0,0,0,0,"- ","- ",,,"LOS ANGELES","LOS ANGELES",-118.38707733154297,34.215717315673828
8547442,2018,2018-02-06,1942,2018-01-15,1000,33700,2149,1,5,7,1942,0,0,0,,0,35M35,"SHERMAN WY","MASON AV",400.00,E,N,A,-,N,,,,,,,,,,N,3,0,1,2,A,-,10,21950,A,N,G,B,E,A,H,-,A,A,0,Y,,,,Y,,A,01,0,1,0,0,1,0,0,0,0,"- ","- ",,,"LOS ANGELES","LOS ANGELES",-118.57840728759766,34.201007843017578
8547462,2018,2018-02-06,1942,2018-01-19,1545,38462,1504,5,5,7,1942,0,0,0,O,0,16A1,"RUNNYMEDE ST","LAUREL CANYON BL",200.00,E,N,B,-,N,,,,,,,,,,N,3,0,1,2,A,-,11,21954,A,F,G,B,D,A,H,-,A,D,0,Y,,,,Y,Y,N,60,0,1,0,0,1,0,0,0,0,"- ","- ",,,"LOS ANGELES","LOS ANGELES",-118.39586639404297,34.205745697021484
8547499,2018,2018-02-06,1942,2018-01-19,0640,38980,1969,5,5,7,1942,0,0,0,,0,19TL73,"OSBORNE ST","BARTEE AV",54.00,E,N,A,-,N,,,,,,,,,,N,4,0,1,2,A,-,10,21952,,N,G,B,B,A,H,-,A,D,0,Y,,,,Y,,A,01,0,0,1,0,1,0,0,0,0,"- ","- ",,,"LOS ANGELES","LOS ANGELES",-118.42432403564453,34.243366241455078
8547502,2018,2018-02-06,1942,2018-01-16,1940,42544,,2,5,7,1942,0,0,0,,0,RD1514,"VANOWEN ST","RADFORD ST",0.00,,Y,A,-,N,,,,,,,,,,N,2,0,1,2,A,-,10,21950,A,N,G,B,B,A,H,-,C,A,0,Y,,,,Y,,A,01,1,0,0,0,1,0,0,0,0,"- ","- ",,,"LOS ANGELES","LOS ANGELES",-118.39215850830078,34.193939208984375