CASE_ID,ACCIDENT_YEAR,PROC_DATE,JURIS,COLLISION_DATE,COLLISION_TIME,OFFICER_ID,REPORTING_DISTRICT,DAY_OF_WEEK,CHP_SHIFT,POPULATION,CNTY_CITY_LOC,SPECIAL_COND,BEAT_TYPE,CHP_BEAT_TYPE,CITY_DIVISION_LAPD,CHP_BEAT_CLASS,BEAT_NUMBER,PRIMARY_RD,SECONDARY_RD,DISTANCE,DIRECTION,INTERSECTION,WEATHER_1,WEATHER_2,STATE_HWY_IND,CALTRANS_COUNTY,CALTRANS_DISTRICT,STATE_ROUTE,ROUTE_SUFFIX,POSTMILE_PREFIX,POSTMILE,LOCATION_TYPE,RAMP_INTERSECTION,SIDE_OF_HWY,TOW_AWAY,COLLISION_SEVERITY,NUMBER_KILLED,NUMBER_INJURED,PARTY_COUNT,PRIMARY_COLL_FACTOR,PCF_CODE_OF_VIOL,PCF_VIOL_CATEGORY,PCF_VIOLATION,PCF_VIOL_SUBSECTION,HIT_AND_RUN,TYPE_OF_COLLISION,MVIW,PED_ACTION,ROAD_SURFACE,ROAD_COND_1,ROAD_COND_2,LIGHTING,CONTROL_DEVICE,CHP_ROAD_TYPE,PEDESTRIAN_ACCIDENT,BICYCLE_ACCIDENT,MOTORCYCLE_ACCIDENT,TRUCK_ACCIDENT,NOT_PRIVATE_PROPERTY,ALCOHOL_INVOLVED,STWD_VEHTYPE_AT_FAULT,CHP_VEHTYPE_AT_FAULT,COUNT_SEVERE_INJ,COUNT_VISIBLE_INJ,COUNT_COMPLAINT_PAIN,COUNT_PED_KILLED,COUNT_PED_INJURED,COUNT_BICYCLIST_KILLED,COUNT_BICYCLIST_INJURED,COUNT_MC_KILLED,COUNT_MC_INJURED,PRIMARY_RAMP,SECONDARY_RAMP,LATITUDE,LONGITUDE,COUNTY,CITY,POINT_X,POINT_Y
8547515,2018,2018-02-06,1942,2018-01-22,1359,40574,2185,1,5,7,1942,0,0,0,,0,35M84,"SAN FELICIANO DR","VENTURA BL",0.00,,Y,A,-,N,,,,,,,,,,N,3,0,1,2,A,-,12,21453,A,N,-,B,B,A,A,H,A,A,0,Y,,,,Y,,A,01,0,1,0,0,1,0,0,0,0,"- ","- ",,,"LOS ANGELES","LOS ANGELES",-118.61025238037109,34.168720245361328
8547536,2018,2018-02-07,1942,2018-01-04,1535,41849,1218,4,5,7,1942,0,0,0,L,0,12A69,"HOOVER ST","54TH ST",0.00,,Y,A,-,N,,,,,,,,,,N,4,0,2,3,A,-,00,21050,A,N,G,B,B,A,H,-,A,A,0,Y,,,,Y,,A,01,0,0,2,0,2,0,0,0,0,"- ","- ",,,"LOS ANGELES","LOS ANGELES",-118.28714752197266,33.993251800537109
8547568,2018,2018-02-07,1942,2018-01-10,2032,38721,0898,3,5,7,1942,0,0,0,H,0,20T59,"ROBERTSON BL","BEVERLYWOOD ST",0.00,,Y,A,-,N,,,,,,,,,,N,4,0,1,2,A,-,10,21950,A,F,G,B,B,A,H,-,C,A,0,Y,,,,Y,,-,99,0,0,1,0,1,0,0,0,0,"- ","- ",,,"LOS ANGELES","LOS ANGELES",-118.38842010498047,34.038311004638672
8548772,2018,2018-02-15,1942,2018-02-03,1200,32372,1061,6,5,7,1942,0,0,0,J,0,10A83,"VENTURA BL","OAKDALE AV",0.00,,Y,A,-,N,,,,,,,,,,N,2,0,3,3,A,-,03,22350,,N,D,C,F,A,H,-,A,A,0,Y,,,,Y,,A,01,1,0,2,0,1,0,0,0,0,"- ","- ",,,"LOS ANGELES","LOS ANGELES",-118.56591033935547,34.172271728515625
8548973,2018,2018-02-20,1942,2018-02-03,2045,41921,,6,5,7,1942,0,0,0,,0,5A1,"SEPULVEDA BL","WESTERN AV",250.00,E,N,A,-,N,,,,,,,,,,N,4,0,1,2,B,-,22,,,N,G,B,F,A,H,-,C,D,0,Y,,,,Y,,-,"- ",0,0,1,0,1,0,0,0,0,"- ","- ",,,"LOS ANGELES","LOS ANGELES",-118.30812072753906,33.816814422607422
8548977,2018,2018-02-20,1942,2018-02-03,1730,42293,0517,6,5,7,1942,0,0,0,E,0,25T45,"BANNING BL","DENNI ST",300.00,N,N,A,-,N,,,,,,,,,,N,3,0,1,2,A,-,11,21950,B,F,A,B,D,A,H,-,A,D,0,Y,,,,Y,,N,60,0,1,0,0,1,0,0,0,0,"- ","- ",,,"LOS ANGELES","LOS ANGELES",-118.25838470458984,33.785831451416016
8549055,2018,2018-02-20,1942,2018-01-24,0855,41439,1207,3,5,7,1942,0,0,0,L,0,12A15,"WEST VERNON AV","MENLO AV",8.00,E,N,A,-,N,,,,,,,,,,N,3,0,1,2,A,-,10,21950,A,F,G,B,B,A,H,-,A,A,0,Y,,,,Y,,-,99,0,1,0,0,1,0,0,0,0,"- ","- ",,,"LOS ANGELES","LOS ANGELES",-118.29000091552734,34.003688812255859
8549063,2018,2018-02-20,1942,2018-01-24,1735,30313,0331,3,5,7,1942,0,0,0,C,0,25MQ52,"ADAMS BL","LONGWOOD AV",0.00,,Y,A,-,N,,,,,,,,,,N,4,0,1,2,A,-,03,22350,,F,G,B,D,A,H,-,B,D,0,Y,,,,Y,,-,99,0,0,1,0,1,0,0,0,0,"- ","- ",,,"LOS ANGELES","LOS ANGELES",-118.34967041015625,34.032508850097656
8549556,2018,2018-02-15,1942,2018-01-02,1850,39022,0721,2,5,7,1942,0,0,0,G,0,7T23,"BURTON WY","LA CIENEGA BL",10.00,W,N,A,-,N,,,,,,,,,,N,4,0,1,2,A,-,10,21950,A,F,G,B,B,A,H,-,C,D,0,Y,,,,Y,,-,99,0,0,1,0,1,0,0,0,0,"- ","- ",,,"LOS ANGELES","LOS ANGELES",,
8549764,2018,2018-02-09,1942,2018-01-24,1040,33829,1767,3,5,7,1942,0,0,0,Q,0,17X47,"PLUMMER ST","DARBY AV",500.00,N,N,A,-,N,,,,,,,,,,N,4,0,1,2,A,-,09,21804,A,N,D,C,F,A,H,-,A,D,0,Y,,,,Y,,A,01,0,0,1,0,1,0,0,0,0,"- ","- ",,,"LOS ANGELES","LOS ANGELES",-118.53383636474609,34.242771148681641
8549783,2018,2018-02-08,1942,2018-01-23,2020,36885,1504,2,5,7,1942,0,0,0,O,0,0A3,"LANKERSHIM BL",RUNNYMEDE,25.00,S,N,A,-,N,,,,,,,,,,N,4,0,1,2,A,-,11,21954,A,N,G,B,D,A,H,-,C,D,0,Y,,,,Y,,N,60,0,0,1,0,1,0,0,0,0,"- ","- ",,,"LOS ANGELES","LOS ANGELES",-118.38778686523438,34.205650329589844
8549795,2018,2018-02-08,1942,2018-01-23,1805,36336,1602,2,5,7,1942,0,0,0,P,0,16A11,"VAN NUYS BL","BORDEN AV",623.00,W,N,A,-,N,,,,,,,,,,N,2,0,1,2,A,-,11,21954,A,N,G,B,D,A,H,-,C,A,0,Y,,,,Y,,N,60,1,0,0,0,1,0,0,0,0,"- ","- ",,,"LOS ANGELES","LOS ANGELES",-118.40995788574219,34.274948120117188
8549811,2018,2018-02-08,1942,2018-01-27,1950,38354,1682,6,5,7,1942,0,0,0,P,0,16A81,"LAUREL CANYON BL","WICKS ST",165.00,N,N,A,-,N,,,,,,,,,,N,2,0,1,2,A,-,11,21955,,N,G,B,D,A,H,-,C,A,0,Y,,,,Y,,N,60,1,0,0,0,1,0,0,0,0,"- ","- ",,,"LOS ANGELES","LOS ANGELES",-118.40093994140625,34.229351043701172
8549816,2018,2018-02-09,1942,2018-01-30,1500,40634,0901,2,5,7,1942,0,0,0,I,0,9A5,"SEPULVEDA BL","SATICOY ST",0.00,,Y,A,-,N,,,,,,,,,,N,4,0,1,2,A,-,10,21950,A,N,G,B,B,A,H,-,A,A,0,Y,,,,Y,Y,A,07,0,0,1,0,1,0,0,0,0,"- ","- ",,,"LOS ANGELES","LOS ANGELES",-118.46620941162109,34.208450317382812
8549819,2018,2018-02-08,1942,2018-01-29,0740,38980,1998,1,5,7,1942,0,0,0,,0,19A93,"LANARK ST","SYLMAR AV",0.00,,Y,A,-,N,,,,,,,,,,N,3,0,1,2,A,-,10,21950,A,N,G,B,B,A,H,-,A,A,0,Y,,,,Y,,A,01,0,1,0,0,1,0,0,0,0,"- ","- ",,,"LOS ANGELES","LOS ANGELES",-118.44651031494141,34.217948913574219
8549924,2018,2018-02-12,1942,2018-01-08,1400,41858,0663,1,5,7,1942,0,0,0,F,0,6TL2,"LEXINGTON AV","N JUNE ST",0.00,,Y,C,-,N,,,,,,,,,,N,4,0,1,2,A,-,10,21950,A,F,G,B,B,B,H,-,A,A,0,Y,,,,Y,,-,99,0,0,1,0,1,0,0,0,0,"- ","- ",,,"LOS ANGELES","LOS ANGELES",-118.334228515625,34.09259033203125
8549931,2018,2018-03-06,1942,2018-01-25,0625,41993,1802,4,5,7,1942,0,0,0,R,0,18A1,"S FIGUEROA ST","92ND ST",0.00,,Y,A,-,N,,,,,,,,,,N,4,0,1,2,A,-,10,21950,A,F,G,B,B,A,H,-,A,A,0,Y,,,,Y,,-,99,0,0,1,0,1,0,0,0,0,"- ","- ",,,"LOS ANGELES","LOS ANGELES",-118.28270721435547,33.952808380126953
8549995,2018,2018-02-12,1942,2018-01-02,0640,41003,0646,2,5,7,1942,0,0,0,F,0,6TL7,"HIGHLAND AV","FOUNTAIN AV",6.00,N,N,A,-,N,,,,,,,,,,N,4,0,1,2,A,-,08,22107,,F,G,B,F,A,H,-,A,A,0,Y,,,,Y,,-,99,0,0,1,0,1,0,0,0,0,"- ","- ",,,"LOS ANGELES","LOS ANGELES",-118.33863830566406,34.094387054443359
8550651,2018,2018-02-09,1942,2018-01-25,1515,41034,1207,4,5,7,1942,0,0,0,L,0,12A83,"S HOOVER ST","W 51ST ST",0.00,,Y,A,-,N,,,,,,,,,,N,3,0,1,2,A,-,10,21950,A,N,G,B,B,-,H,-,A,A,0,Y,,,,Y,,A,01,0,1,0,0,1,0,0,0,0,"- ","- ",,,"LOS ANGELES","LOS ANGELES",-118.28716278076172,33.996429443359375
8550701,2018,2018-02-09,1942,2018-01-31,0720,37686,1612,3,5,7,1942,0,0,0,P,0,16A11,"PAXTON ST","GLENOAKS BL",10.00,S,N,A,-,N,,,,,,,,,,N,4,0,1,2,A,-,10,21950,A,N,G,B,B,A,H,-,A,A,0,Y,,,,Y,,A,01,0,0,1,0,1,0,0,0,0,"- ","- ",,,"LOS ANGELES","LOS ANGELES",-118.41803741455078,34.279632568359375
8550730,2018,2018-02-10,1942,2018-01-31,2130,33504,1049,3,5,7,1942,0,0,0,J,0,10A17,"BURBANK BL","WOODLEY AV",181.00,W,N,A,-,N,,,,,,,,,,Y,2,0,1,2,A,-,11,21954,A,N,G,B,D,A,H,-,C,D,0,Y,,,,Y,,N,60,1,0,0,0,1,0,0,0,0,"- ","- ",,,"LOS ANGELES","LOS ANGELES",-118.47632598876953,34.171535491943359
8550766,2018,2018-02-10,1942,2018-01-25,1915,43067,0906,4,5,7,1942,0,0,0,I,0,9A63-W,"LENNOX AV","VALERIO ST",0.00,,Y,A,-,N,,,,,,,,,,N,4,0,1,2,A,-,12,22450,A,F,G,B,B,A,H,-,C,D,0,Y,,,,Y,,-,99,0,0,1,0,1,0,0,0,0,"- ","- ",,,"LOS ANGELES","LOS ANGELES",-118.44551086425781,34.204818725585938
8551507,2018,2018-02-27,1942,2018-01-19,1735,37724,0308,5,5,7,1942,0,0,0,C,0,3A19,"S HOOVER ST","22ND ST",190.00,N,N,A,-,N,,,,,,,,,,N,2,0,1,2,A,-,11,21456,B,N,G,C,B,A,H,-,C,A,0,Y,,,,Y,,-,"- ",1,0,0,0,1,0,0,0,0,"- ","- ",,,"LOS ANGELES","LOS ANGELES",-118.28401184082031,34.036712646484375
8551630,2018,2018-02-15,1942,2018-01-31,1410,39359,"LOS A",3,5,7,1942,0,0,0,,0,2114,"SHOUP AV","ROSCOE BL",0.00,,Y,A,-,N,,,,,,,,,,N,4,0,1,2,A,-,12,21453,A,F,G,B,B,A,H,-,A,A,0,Y,,,,Y,,-,99,0,0,1,0,1,0,0,0,0,"- ","- ",,,"LOS ANGELES","LOS ANGELES",-118.61470794677734,34.219509124755859
8551681,2018,2018-09-25,1942,2018-01-22,1550,42640,0146,1,5,7,1942,0,0,0,A,0,1A84,"LOS ANGELES ST","5TH ST",0.00,,-,A,-,N,,,,,,,,,,N,4,0,1,2,A,-,10,21952,,F,G,B,F,A,H,-,A,D,0,Y,,,,Y,,-,99,0,0,1,0,1,0,0,0,0,"- ","- ",,,"LOS ANGELES","LOS ANGELES",-118.24755,34.046050000000001
8551698,2018,2018-02-14,1942,2018-01-22,2135,40010,2015,1,5,7,1942,0,0,0,,0,20A25,"MARIPOSA AV","3RD ST",5.00,N,N,A,-,N,,,,,,,,,,N,4,0,1,2,A,-,10,21950,A,N,G,B,C,A,H,-,C,A,0,Y,,,,Y,,A,07,0,0,1,0,1,0,0,0,0,"- ","- ",,,"LOS ANGELES","LOS ANGELES",-118.29914855957031,34.069034576416016
8551715,2018,2018-02-14,1942,2018-01-03,1950,30083,0156,3,5,7,1942,0,0,0,A,0,1A35,"6TH ST","SAN PEDRO ST",50.00,W,N,A,-,N,,,,,,,,,,N,3,0,1,2,A,-,11,21954,A,F,G,B,D,A,H,-,C,D,0,Y,,,,Y,,N,60,0,1,0,0,1,0,0,0,0,"- ","- ",,,"LOS ANGELES","LOS ANGELES",-118.24539947509766,34.042343139648438
8551742,2018,2018-02-14,1942,2018-01-04,1335,30380,0164,4,5,7,1942,0,0,0,A,0,1A35,"W 7TH ST","S SPRING ST",0.00,,Y,A,-,N,,,,,,,,,,N,3,0,1,2,A,-,05,21650,1,F,H,-,B,A,H,-,A,A,0,Y,Y,,,Y,,L,04,0,1,0,0,1,0,0,0,0,"- ","- ",,,"LOS ANGELES","LOS ANGELES",-118.25232696533203,34.044540405273438
8551929,2018,2018-02-14,1942,2018-01-19,1430,37411,325,5,5,7,1942,0,0,0,,0,3A99,"DANA ST","VERMONT AV",0.00,,Y,A,-,N,,,,,,,,,,N,3,0,1,2,A,-,11,21461,5,N,H,B,C,A,H,-,A,D,0,Y,,,,Y,,A,07,0,1,0,0,1,0,0,0,0,"- ","- ",,,"LOS ANGELES","LOS ANGELES",-118.29154205322266,34.031589508056641
8551954,2018,2018-02-16,1942,2018-01-22,1615,42960,0392,1,5,7,1942,0,0,0,C,0,3A55,"48TH ST","S ARLINGTON AV",50.00,E,N,A,-,N,,,,,,,,,,N,4,0,1,2,A,-,11,21954,A,F,B,B,D,A,H,-,A,D,0,Y,,,,Y,,N,60,0,0,1,0,1,0,0,0,0,"- ","- ",,,"LOS ANGELES","LOS ANGELES",-118.3179931640625,34.000030517578125
8551958,2018,2018-02-16,1942,2018-01-22,0805,41911,0399,1,5,7,1942,0,0,0,C,0,25725,"S FIGUEROA ST","41ST DR",25.00,N,N,A,-,N,,,,,,,,,,N,3,0,1,2,A,-,11,21954,A,F,G,B,E,A,H,-,A,D,0,Y,,,,Y,,N,60,0,1,0,0,1,0,0,0,0,"- ","- ",,,"LOS ANGELES","LOS ANGELES",-118.28273010253906,34.008808135986328
8553222,2018,2018-02-15,1942,2018-02-03,2245,42293,1824,6,5,7,1942,0,0,0,R,0,18A34,"PALOMA AV","CENTURY BL",50.00,S,N,A,-,N,,,,,,,,,,N,3,0,1,2,A,-,11,21954,A,F,G,B,-,A,H,-,C,D,0,Y,,,,Y,,A,07,0,1,0,0,1,0,0,0,0,"- ","- ",,,"LOS ANGELES","LOS ANGELES",-118.26380920410156,33.945781707763672
8553318,2018,2018-02-14,1942,2018-01-28,1240,39899,0923,7,5,7,1942,0,0,0,I,0,9A19,"VANOWEN ST","VAN NUYS BL",22.00,W,N,A,-,N,,,,,,,,,,N,3,0,1,2,A,-,11,21453,D,N,G,B,B,A,H,-,A,A,0,Y,,,,Y,,N,60,0,1,0,0,1,0,0,0,0,"- ","- ",,,"LOS ANGELES","LOS ANGELES",-118.44881439208984,34.193912506103516
8553443,2018,2018-02-26,1942,2018-01-31,1510,33648,1414,3,5,7,1942,0,0,0,N,0,14A13,"VERNON AV","6TH AV",0.00,,Y,A,-,N,,,,,,,,,,N,3,0,1,2,A,-,11,21954,A,N,G,B,E,A,H,-,A,D,0,Y,,,,Y,,N,60,0,1,0,0,1,0,0,0,0,"- ","- ",,,"LOS ANGELES","LOS ANGELES",-118.46997833251953,33.996871948242188
8553523,2018,2018-02-22,1942,2018-01-17,0942,04604,LOSAN,3,5,7,1942,0,0,0,,0,5M43,"WORLD WAY","EAST WY",396.00,E,N,A,-,N,,,,,,,,,,N,3,0,2,4,A,-,21,22106,,N,H,B,D,A,H,-,A,D,0,Y,,,,Y,,A,01,0,1,1,0,2,0,0,0,0,"- ","- ",,,"LOS ANGELES","LOS ANGELES",-118.40255737304688,33.945297241210938
8553544,2018,2018-02-21,1942,2018-01-13,1930,42154,1433,6,5,7,1942,0,0,0,N,0,14A25,"VENICE BL","LINCOLN BL",25.00,W,N,A,-,N,,,,,,,,,,N,4,0,1,2,A,-,11,21956,A,N,G,B,E,A,H,-,C,A,0,Y,,,,Y,,N,60,0,0,1,0,1,0,0,0,0,"- ","- ",,,"LOS ANGELES","LOS ANGELES",-118.45291900634766,33.994064331054688
8553555,2018,2018-02-22,1942,2018-01-05,0830,42161,1438,5,5,7,1942,0,0,0,N,0,14A27,"VENICE BL","MIDWAY AV",25.00,E,N,A,-,N,,,,,,,,,,N,3,0,1,2,A,-,10,21950,A,F,G,B,B,A,H,-,A,D,0,Y,,,,Y,,-,99,0,1,0,0,1,0,0,0,0,"- ","- ",,,"LOS ANGELES","LOS ANGELES",-118.40876007080078,34.017620086669922
8553583,2018,2018-02-22,1942,2018-01-30,1830,42572,1402,2,5,7,1942,0,0,0,N,0,14A28,"S BARRINGTON AV","SARDIS AV",0.00,,Y,A,-,N,,,,,,,,,,N,3,0,1,2,A,-,10,21950,C,N,G,B,B,A,H,-,C,D,0,Y,,,,Y,,A,01,0,1,0,0,1,0,0,0,0,"- ","- ",,,"LOS ANGELES","LOS ANGELES",-118.4398193359375,34.024139404296875
8553592,2018,2018-02-21,1942,2018-01-19,2200,39844,0782,5,5,7,1942,0,0,0,G,0,7A73,"VENICE BL","S FAIRFAX AV",5.00,E,N,A,-,N,,,,,,,,,,N,4,0,1,2,A,-,10,21950,A,F,G,B,B,A,H,-,C,A,0,Y,,,,Y,,-,99,0,0,1,0,1,0,0,0,0,"- ","- ",,,"LOS ANGELES","LOS ANGELES",-118.36975860595703,34.039958953857422
8553596,2018,2018-02-21,1942,2018-01-20,1220,40059,0765,6,5,7,1942,0,0,0,G,0,7A47,"S LA BREA AV","W PICO BL",0.00,,Y,A,-,N,,,,,,,,,,N,4,0,1,2,A,-,10,21950,A,F,G,B,B,A,H,-,A,A,0,Y,,,,Y,,-,99,0,0,1,0,1,0,0,0,0,"- ","- ",,,"LOS ANGELES","LOS ANGELES",-118.34465789794922,34.047889709472656
8553599,2018,2018-02-22,1942,2018-01-02,1310,41858,1468,2,5,7,1942,0,0,0,N,0,,"BRADDOCK DR","STONER ST",32.00,S,N,A,-,N,,,,,,,,,,N,3,0,1,2,A,-,10,21954,B,N,G,B,D,A,H,-,A,A,0,Y,,,,Y,,N,60,0,1,0,0,1,0,0,0,0,"- ","- ",,,"LOS ANGELES","LOS ANGELES",-118.41331481933594,33.994247436523438
8553609,2018,2018-02-22,1942,2018-02-02,0505,42463,1496,5,5,7,1942,0,0,0,N,0,14A67,"W 96TH ST","VICKSBURG AV",0.00,,Y,A,-,N,,,,,,,,,,N,3,0,1,2,A,-,10,21950,A,N,G,B,B,A,H,-,C,A,0,Y,,,,Y,,A,01,0,1,0,0,1,0,0,0,0,"- ","- ",,,"LOS ANGELES","LOS ANGELES",-118.3939208984375,33.948848724365234
8553613,2018,2018-02-22,1942,2018-02-01,1020,43171,1415,4,5,7,1942,0,0,0,N,0,14A25,"ROSE AV","LINCOLN BL",2.00,E,N,A,-,N,,,,,,,,,,N,4,0,1,2,A,-,10,21950,A,N,A,B,B,A,H,-,A,A,0,Y,,,,Y,,N,60,0,0,1,0,1,0,0,0,0,"- ","- ",,,"LOS ANGELES","LOS ANGELES",-118.46784210205078,34.001354217529297
8553675,2018,2018-02-21,1942,2018-02-05,1820,38354,0923,1,5,7,1942,0,0,0,I,0,9A23,"VANOWEN ST","VAN NUYS BL",15.00,E,N,A,-,N,,,,,,,,,,N,3,0,1,2,A,-,10,21950,A,F,G,B,B,A,H,-,C,A,0,Y,,,,Y,,-,99,0,1,0,0,1,0,0,0,0,"- ","- ",,,"LOS ANGELES","LOS ANGELES",-118.44869232177734,34.193912506103516
8554414,2018,2018-06-20,1942,2018-01-20,2320,42293,1864,6,5,7,1942,0,0,0,R,0,25T45,"IMPERIAL HWY","CENTRAL AV",0.00,,Y,A,-,N,,,,,,,,,,,4,0,1,2,A,-,12,21453,A,F,A,B,B,A,H,-,C,A,0,Y,,,,Y,Y,A,01,0,0,1,0,1,0,0,0,0,"- ","- ",,,"LOS ANGELES","LOS ANGELES",-118.25422668457031,33.929470062255859
8555286,2018,2018-03-06,1942,2018-01-21,1150,41021,"LOS A",7,5,7,1942,0,0,0,,0,1822,"COLDEN AV","MAIN ST",150.00,W,N,A,-,N,,,,,,,,,,N,4,0,1,2,A,-,03,22350,,F,G,B,E,A,A,-,A,D,0,Y,,,,Y,,A,01,0,0,1,0,1,0,0,0,0,"- ","- ",,,"LOS ANGELES","LOS ANGELES",-118.27438354492188,33.949188232421875
8555446,2018,2018-11-27,1942,2018-01-10,1350,43097,1151,3,5,7,1942,0,0,0,K,0,11A51,"W SUNSET BL","VERMONT AV",0.00,,Y,A,-,N,,,,,,,,,,N,4,0,1,2,B,-,22,,,F,A,B,D,A,H,-,A,D,0,Y,,,,Y,,A,01,0,0,1,0,1,0,0,0,0,"- ","- ",,,"LOS ANGELES","LOS ANGELES",-118.29177093505859,34.098148345947266
8555450,2018,2018-02-14,1942,2018-01-27,1500,34426,0105,6,5,7,1942,0,0,0,A,0,1A1,"SOLANO AV",BROADWAY,485.00,N,N,A,-,N,,,,,,,,,,N,4,0,1,2,A,-,21,22106,,N,G,B,F,A,H,-,A,D,0,Y,,,,Y,,A,01,0,0,1,0,1,0,0,0,0,"- ","- ",,,"LOS ANGELES","LOS ANGELES",-118.23067474365234,34.072257995605469
8556202,2018,2018-02-23,1942,2018-02-05,1435,40748,526,1,5,7,1942,0,0,0,,0,5A15,FRIES,"OPP ST",10.00,S,N,A,-,N,,,,,,,,,,N,4,0,1,2,A,-,12,22450,,F,G,B,B,A,H,-,A,A,0,Y,,,,Y,,-,99,0,0,1,0,1,0,0,0,0,"- ","- ",,,"LOS ANGELES","LOS ANGELES",-118.26509857177734,33.782733917236328
8556238,2018,2018-02-23,1942,2018-02-04,1515,35203,2022,7,5,7,1942,0,0,0,,0,20A1,"WESTERN AV","4TH ST",0.00,,Y,A,-,N,,,,,,,,,,N,4,0,1,2,A,-,10,21950,A,N,G,B,B,A,H,-,A,A,0,Y,,,,Y,,A,08,0,0,1,0,1,0,0,0,0,"- ","- ",,,"LOS ANGELES","LOS ANGELES",,
8556239,2018,2018-02-23,1942,2018-01-18,1100,27475,1415,4,5,7,1942,0,0,0,N,0,,"CALIFORNIA AV","LINCOLN BL",156.00,E,N,A,-,N,,,,,,,,,,N,2,0,1,2,A,-,11,21954,A,N,G,B,D,A,H,-,A,D,0,Y,,,,Y,,N,60,1,0,0,0,1,0,0,0,0,"- ","- ",,,"LOS ANGELES","LOS ANGELES",-118.46080780029297,33.998424530029297
8556256,2018,2018-02-22,1942,2018-01-09,0735,42518,2099,2,5,7,1942,0,0,0,,0,20A13,"WASHINGTON BL","NEW ENGLAND ST",0.00,,Y,B,C,N,,,,,,,,,,N,4,0,1,2,A,-,10,21950,A,N,G,B,B,B,H,-,A,A,0,Y,,,,Y,,A,01,0,0,1,0,1,0,0,0,0,"- ","- ",,,"LOS ANGELES","LOS ANGELES",-118.28766632080078,34.040031433105469
8556296,2018,2018-02-22,1942,2018-01-08,0850,34959,0765,1,5,7,1942,0,0,0,G,0,20TL59,"PICO BL","LA BREA AV",0.00,,Y,C,-,N,,,,,,,,,,N,3,0,1,2,A,-,10,21950,A,N,G,B,B,B,H,-,A,A,0,Y,,,,Y,,A,01,0,1,0,0,1,0,0,0,0,"- ","- ",,,"LOS ANGELES","LOS ANGELES",-118.34465789794922,34.047889709472656
8556467,2018,2018-02-22,1942,2018-01-11,1440,34426,1343,4,5,7,1942,0,0,0,M,0,13A43,"CENTRAL AV","41ST PL",0.00,,Y,A,-,N,,,,,,,,,,N,4,0,1,3,A,-,10,21950,A,N,G,B,B,A,H,-,A,A,0,Y,,,,Y,,A,07,0,0,1,0,1,0,0,0,0,"- ","- ",,,"LOS ANGELES","LOS ANGELES",-118.25650787353516,34.008369445800781
8556727,2018,2018-03-01,1942,2018-01-08,2010,42334,0666,1,5,7,1942,0,0,0,F,0,6A67,"WILCOX AV","SUNSET BL",2.00,N,N,A,-,N,,,,,,,,,,N,4,0,1,2,A,-,10,21950,A,N,G,B,B,B,H,-,C,A,0,Y,,,,Y,,A,01,0,0,1,0,1,0,0,0,0,"- ","- ",,,"LOS ANGELES","LOS ANGELES",-118.33100128173828,34.097995758056641
8556731,2018,2018-03-01,1942,2018-01-22,1100,42646,0823,1,5,7,1942,0,0,0,H,0,8A12,"HAVERFORD AV","RADCLIFFE AV",0.00,,Y,A,-,N,,,,,,,,,,N,4,0,1,2,A,-,10,21950,,N,A,B,B,A,H,-,A,D,0,Y,,,,Y,,A,01,0,0,1,0,1,0,0,0,0,"- ","- ",,,"LOS ANGELES","LOS ANGELES",-118.53034210205078,34.040939331054688
8557162,2018,2018-03-14,1942,2018-01-20,0130,42313,0185,6,5,7,1942,0,0,0,A,0,1A85,"OLYMPIC BL",BROADWAY,0.00,,Y,A,-,N,,,,,,,,,,N,3,0,1,2,A,-,08,22100,A,N,G,B,B,A,H,-,C,A,0,Y,,,,Y,,-,,0,1,0,0,1,0,0,0,0,"- ","- ",,,"LOS ANGELES","LOS ANGELES",-118.25740051269531,34.040931701660156
8558892,2018,2018-02-22,1942,2018-01-21,2200,41210,0669,7,5,7,1942,0,0,0,F,0,6T7,"SANTA MONICA BL","KINGSLEY DR",205.00,W,N,A,-,N,,,,,,,,,,N,3,0,1,2,A,-,11,21954,A,N,G,B,E,A,H,-,C,A,0,Y,,,,Y,Y,N,60,0,1,0,0,1,0,0,0,0,"- ","- ",,,"LOS ANGELES","LOS ANGELES",-118.30392456054688,34.090801239013672
8558893,2018,2018-08-10,1942,2018-02-01,0005,30251,0532,4,5,7,1942,0,0,0,E,0,5A15,"RAVENNA AV","PACIFIC COAST HWY",30.00,S,N,A,-,Y,LA,7,1,-,-,10.849,I,6,S,N,3,0,1,2,D,-,00,,,F,G,B,E,A,H,-,D,D,0,Y,,,,Y,Y,-,"- ",0,1,0,0,1,0,0,0,0,"- ","- ",,,"LOS ANGELES","LOS ANGELES",-118.26882934570312,33.790821075439453
8558896,2018,2018-02-22,1942,2018-01-09,1350,39844,0649,2,5,7,1942,0,0,0,F,0,6A49,"W SUNSET BL","N SERRANO AV",5.00,W,N,C,-,N,,,,,,,,,,N,3,0,1,2,A,-,10,21950,A,N,G,B,B,B,H,-,A,-,0,Y,,,,Y,,A,07,0,1,0,0,1,0,0,0,0,"- ","- ",,,"LOS ANGELES","LOS ANGELES",-118.30709838867188,34.098129272460938