CASE_ID,ACCIDENT_YEAR,PROC_DATE,JURIS,COLLISION_DATE,COLLISION_TIME,OFFICER_ID,REPORTING_DISTRICT,DAY_OF_WEEK,CHP_SHIFT,POPULATION,CNTY_CITY_LOC,SPECIAL_COND,BEAT_TYPE,CHP_BEAT_TYPE,CITY_DIVISION_LAPD,CHP_BEAT_CLASS,BEAT_NUMBER,PRIMARY_RD,SECONDARY_RD,DISTANCE,DIRECTION,INTERSECTION,WEATHER_1,WEATHER_2,STATE_HWY_IND,CALTRANS_COUNTY,CALTRANS_DISTRICT,STATE_ROUTE,ROUTE_SUFFIX,POSTMILE_PREFIX,POSTMILE,LOCATION_TYPE,RAMP_INTERSECTION,SIDE_OF_HWY,TOW_AWAY,COLLISION_SEVERITY,NUMBER_KILLED,NUMBER_INJURED,PARTY_COUNT,PRIMARY_COLL_FACTOR,PCF_CODE_OF_VIOL,PCF_VIOL_CATEGORY,PCF_VIOLATION,PCF_VIOL_SUBSECTION,HIT_AND_RUN,TYPE_OF_COLLISION,MVIW,PED_ACTION,ROAD_SURFACE,ROAD_COND_1,ROAD_COND_2,LIGHTING,CONTROL_DEVICE,CHP_ROAD_TYPE,PEDESTRIAN_ACCIDENT,BICYCLE_ACCIDENT,MOTORCYCLE_ACCIDENT,TRUCK_ACCIDENT,NOT_PRIVATE_PROPERTY,ALCOHOL_INVOLVED,STWD_VEHTYPE_AT_FAULT,CHP_VEHTYPE_AT_FAULT,COUNT_SEVERE_INJ,COUNT_VISIBLE_INJ,COUNT_COMPLAINT_PAIN,COUNT_PED_KILLED,COUNT_PED_INJURED,COUNT_BICYCLIST_KILLED,COUNT_BICYCLIST_INJURED,COUNT_MC_KILLED,COUNT_MC_INJURED,PRIMARY_RAMP,SECONDARY_RAMP,LATITUDE,LONGITUDE,COUNTY,CITY,POINT_X,POINT_Y
8558907,2018,2018-05-03,1942,2018-01-09,1435,33169,0778,2,5,7,1942,0,0,0,G,0,7A69,"WEST WASHINGTON BL","8TH AV",75.00,W,N,C,-,N,,,,,,,,,,N,4,0,1,2,B,-,22,,,N,A,B,F,B,H,-,A,D,0,Y,,,,Y,,A,08,0,0,1,0,1,0,0,0,0,"- ","- ",,,"LOS ANGELES","LOS ANGELES",-118.32626342773438,34.039886474609375
8558911,2018,2018-02-22,1942,2018-01-09,0910,41710,0743,2,5,7,1942,0,0,0,G,0,8A29,"WILSHIRE BL","CURSON AV",0.00,,Y,C,-,N,,,,,,,,,,N,4,0,1,2,A,-,10,21950,A,N,G,B,B,B,-,-,A,-,0,Y,,,,Y,,A,01,0,0,1,0,1,0,0,0,0,"- ","- ",,,"LOS ANGELES","LOS ANGELES",-118.35495758056641,34.06243896484375
8558927,2018,2018-02-22,1942,2018-01-12,1000,42879,LOSAN,5,5,7,1942,0,0,0,,0,8A29,"GALAXY WY","AVENUE OF THE STARS",0.00,,N,A,-,N,,,,,,,,,,Y,4,0,1,2,A,-,03,22350,,N,G,B,E,A,H,-,A,A,0,Y,,,,Y,,A,01,0,0,1,0,1,0,0,0,0,"- ","- ",,,"LOS ANGELES","LOS ANGELES",-118.41239929199219,34.054958343505859
8558932,2018,2018-02-22,1942,2018-01-24,1910,39022,0823,3,5,7,1942,0,0,0,H,0,7T23,"CORONA DEL MAR","ALTATA DR",0.00,,Y,A,-,N,,,,,,,,,,N,2,0,1,2,A,-,10,21950,A,N,G,B,B,A,H,-,C,D,0,Y,,,,Y,,A,01,1,0,0,0,1,0,0,0,0,"- ","- ",,,"LOS ANGELES","LOS ANGELES",-118.52458953857422,34.032638549804688
8558933,2018,2018-02-21,1942,2018-02-02,1930,42364,0509,5,5,7,1942,0,0,0,E,0,5A11,"W LOMITA BL","BELLE PORTE AV",0.00,,Y,A,-,N,,,,,,,,,,N,3,0,1,2,A,-,10,21950,A,F,G,B,B,A,H,-,C,A,0,Y,,,,Y,,-,99,0,1,0,0,1,0,0,0,0,"- ","- ",,,"LOS ANGELES","LOS ANGELES",-118.30116271972656,33.797798156738281
8559081,2018,2018-02-23,1942,2018-02-03,1400,38857,1563,6,5,7,1942,0,0,0,O,0,15A85,"SARAH ST","COLFAX AV",100.00,E,N,A,-,N,,,,,,,,,,N,4,0,1,2,A,-,11,21954,A,F,G,B,D,A,H,-,A,D,0,Y,,,,Y,,N,60,0,0,1,0,1,0,0,0,0,"- ","- ",,,"LOS ANGELES","LOS ANGELES",-118.38741302490234,34.153995513916016
8559109,2018,2018-02-23,1942,2018-02-04,1300,42251,1791,7,5,7,1942,0,0,0,Q,0,17A81,"FULLBRIGHT AV","CHASE ST",5.00,N,N,A,-,N,,,,,,,,,,N,2,0,1,2,A,-,12,22450,A,F,G,B,B,A,H,-,A,A,0,Y,,,,Y,,-,99,1,0,0,0,1,0,0,0,0,"- ","- ",,,"LOS ANGELES","LOS ANGELES",-118.57747650146484,34.224594116210938
8559363,2018,2018-03-02,1942,2018-02-12,0750,34370,1205,1,5,7,1942,0,0,0,L,0,25MQ16,"46TH ST","RAYMOND AV",0.00,,Y,A,-,N,,,,,,,,,,N,4,0,2,3,A,-,10,21950,A,F,G,B,B,A,H,-,A,A,0,Y,,,,Y,Y,-,99,0,0,2,0,2,0,0,0,0,"- ","- ",,,"LOS ANGELES","LOS ANGELES",-118.29804992675781,34.001651763916016
8559392,2018,2018-02-26,1942,2018-02-11,0330,41921,0522,7,5,7,1942,0,0,0,E,0,5A25,"OPP ST","RONAN AV",7.00,W,N,A,-,N,,,,,,,,,,N,3,0,1,2,A,-,12,22450,A,F,G,B,B,A,H,-,C,A,0,Y,,,,Y,Y,-,99,0,1,0,0,1,0,0,0,0,"- ","- ",,,"LOS ANGELES","LOS ANGELES",-118.27254486083984,33.782367706298828
8559395,2018,2018-03-06,1942,2018-02-07,0635,42969,1205,3,5,7,1942,0,0,0,L,0,12A31,"49TH ST","RAYMOND AV",0.00,,Y,A,-,N,,,,,,,,,,N,3,0,1,2,A,-,10,21950,C,N,G,B,B,A,H,-,B,A,0,Y,,,,Y,,A,01,0,1,0,0,1,0,0,0,0,"- ","- ",,,"LOS ANGELES","LOS ANGELES",-118.29804992675781,33.998680114746094
8559408,2018,2018-02-26,1942,2018-02-08,1650,43185,522,4,5,7,1942,0,0,0,,0,5A15,"I ST","MCDONALD ST",0.00,,Y,A,-,N,,,,,,,,,,,4,0,1,2,A,-,03,22350,,F,G,B,-,A,H,-,A,A,0,Y,,,,Y,Y,-,99,0,0,1,0,1,0,0,0,0,"- ","- ",,,"LOS ANGELES","LOS ANGELES",-118.27121734619141,33.780929565429688
8559475,2018,2018-02-23,1942,2018-01-28,1730,36072,1126,7,5,7,1942,0,0,0,K,0,11A17,"YORK BL","AVENUE 54",0.00,,Y,A,-,N,,,,,,,,,,,3,0,1,2,A,-,10,21950,A,N,G,B,B,A,-,-,B,A,0,Y,,,,Y,,A,01,0,1,0,0,1,0,0,0,0,"- ","- ",,,"LOS ANGELES","LOS ANGELES",-118.19918823242188,34.119998931884766
8559508,2018,2018-02-23,1942,2018-01-23,1335,34332,0201,2,5,7,1942,0,0,0,B,0,2A1,"MARIPOSA AV","SANTA MONICA BL",0.00,,Y,A,-,N,,,,,,,,,,N,3,0,1,2,A,-,10,21950,A,N,G,B,B,A,H,-,A,A,0,Y,,,,Y,,A,01,0,1,0,0,1,0,0,0,0,"- ","- ",,,"LOS ANGELES","LOS ANGELES",-118.29940795898438,34.090831756591797
8559520,2018,2018-02-23,1942,2018-01-22,2025,42515,0279,1,5,7,1942,0,0,0,B,0,0A1,"W 11TH ST","UNION AV",0.00,,Y,A,-,N,,,,,,,,,,N,3,0,1,2,A,-,03,22350,,F,G,B,B,A,H,-,C,A,0,Y,,,,Y,,-,99,0,1,0,0,1,0,0,0,0,"- ","- ",,,"LOS ANGELES","LOS ANGELES",-118.27513122558594,34.047721862792969
8559681,2018,2018-02-26,1942,2018-01-20,2050,39655,2076,6,5,7,1942,0,0,0,,0,14T47,"VERMONT AV","PICO BL",448.00,S,N,A,-,N,,,,,,,,,,N,3,0,1,2,A,-,11,21955,,N,G,B,D,A,H,-,C,D,0,Y,,,,Y,Y,N,60,0,1,0,0,1,0,0,0,0,"- ","- ",,,"LOS ANGELES","LOS ANGELES",-118.29161071777344,34.046031951904297
8559689,2018,2018-02-26,1942,2018-01-17,1455,31465,2044,3,5,7,1942,0,0,0,,0,34MQ11,"HARVARD BL","JAMES M WOOD BL",5.00,S,N,A,-,N,,,,,,,,,,N,3,0,1,2,A,-,10,21950,A,N,G,B,B,A,H,-,A,A,0,Y,,,,Y,,A,07,0,1,0,0,1,0,0,0,0,"- ","- ",,,"LOS ANGELES","LOS ANGELES",-118.30417,34.055869999999999
8559693,2018,2018-02-26,1942,2018-01-24,0740,34882,2039,3,5,7,1942,0,0,0,,0,34M22W,"WILSHIRE BL","WESTMORELAND AV",16.00,E,N,-,-,N,,,,,,,,,,N,3,0,1,2,A,-,10,21950,A,N,G,B,B,-,-,-,-,A,0,Y,,,,Y,,A,01,0,1,0,0,1,0,0,0,0,"- ","- ",,,"LOS ANGELES","LOS ANGELES",-118.28902435302734,34.061840057373047
8559697,2018,2018-02-26,1942,2018-01-26,1950,41957,2055,5,5,7,1942,0,0,0,,0,6T7,"NORMANDIE AV","12TH ST",0.00,,Y,A,-,N,,,,,,,,,,N,4,0,1,2,A,-,10,21950,A,N,G,B,B,A,H,-,C,D,0,Y,,,,Y,,A,01,0,0,1,0,1,0,0,0,0,"- ","- ",,,"LOS ANGELES","LOS ANGELES",-118.29998016357422,34.049068450927734
8559710,2018,2018-02-26,1942,2018-01-28,0605,34959,2011,7,5,7,1942,0,0,0,,0,20TL59,"WESTERN AV","1ST ST",96.00,N,N,B,-,N,,,,,,,,,,N,4,0,1,2,A,-,10,21954,B,F,G,B,E,A,H,-,C,D,0,Y,,,,Y,,-,99,0,0,1,0,1,0,0,0,0,"- ","- ",,,"LOS ANGELES","LOS ANGELES",,
8559714,2018,2018-02-26,1942,2018-01-22,1520,40059,2076,1,5,7,1942,0,0,0,,0,20A97,"W PICO BL","S NORMANDIE AV",0.00,,Y,A,-,N,,,,,,,,,,N,4,0,1,2,A,-,10,21950,A,F,G,B,B,A,H,-,A,A,0,Y,,,,Y,,-,99,0,0,1,0,1,0,0,0,0,"- ","- ",,,"LOS ANGELES","LOS ANGELES",-118.30000305175781,34.0472412109375
8559758,2018,2018-02-26,1942,2018-01-12,1415,40059,2016,5,5,7,1942,0,0,0,,0,20A25,"S NORMANDIE AV","2ND ST",85.00,S,N,A,-,N,,,,,,,,,,N,3,0,1,2,A,-,11,21955,,N,G,B,D,A,H,-,A,D,0,Y,,Y,,Y,,N,60,0,1,0,0,1,0,0,0,0,"- ","- ",,,"LOS ANGELES","LOS ANGELES",-118.30036926269531,34.070945739746094
8560280,2018,2018-02-27,1942,2018-01-13,0925,33485,0413,6,5,7,1942,0,0,0,D,0,4A71,"AVE 28","WORKMAN AV",0.00,,Y,A,-,N,,,,,,,,,,N,4,0,1,2,A,-,10,21950,A,N,G,B,B,A,H,-,A,A,0,Y,,,,Y,,A,07,0,0,1,0,1,0,0,0,0,"- ","- ",,,"LOS ANGELES","LOS ANGELES",-118.21452331542969,34.079280853271484
8560509,2018,2018-03-20,1942,2018-02-10,2020,38492,RD198,6,5,7,1942,0,0,0,,0,19X84,"WOODMAN AV","CHASE ST",0.00,,Y,A,-,N,,,,,,,,,,N,3,0,1,2,A,-,10,21950,A,N,G,B,B,A,H,-,C,A,0,Y,,,,Y,,A,01,0,1,0,0,1,0,0,0,0,"- ","- ",,,"LOS ANGELES","LOS ANGELES",-118.43438720703125,34.227951049804688
8560525,2018,2018-02-28,1942,2018-02-09,0900,27260,1559,5,5,7,1942,0,0,0,O,0,N129,"FORMAN AV","CAMARILLO ST",0.00,,Y,A,-,N,,,,,,,,,,N,2,0,1,2,A,-,10,21950,A,N,D,B,B,A,H,-,A,A,0,Y,,,,Y,,A,01,1,0,0,0,1,0,0,0,0,"- ","- ",,,"LOS ANGELES","LOS ANGELES",-118.35282135009766,34.157920837402344
8560857,2018,2018-02-28,1942,2018-02-18,1330,31465,2027,7,5,7,1942,0,0,0,,0,34M108,"6TH ST","ALEXANDRIA AV",10.00,E,N,A,-,N,,,,,,,,,,N,3,0,1,2,A,-,12,21453,A,F,G,B,B,A,H,-,A,A,0,Y,,,,Y,,-,99,0,1,0,0,1,0,0,0,0,"- ","- ",,,"LOS ANGELES","LOS ANGELES",-118.29789733886719,34.063610076904297
8561180,2018,2018-02-23,1942,2018-02-09,1355,39048,1983,5,5,7,1942,0,0,0,,0,19A61,"SEPULVEDA BL","CHASE ST",0.00,,Y,A,-,N,,,,,,,,,,N,2,0,1,2,A,-,10,21950,A,N,G,B,B,A,H,-,A,A,0,Y,,,,Y,,D,22,1,0,0,0,1,0,0,0,0,"- ","- ",,,"LOS ANGELES","LOS ANGELES",-118.46771240234375,34.224620819091797
8561260,2018,2018-02-26,1942,2018-02-04,1550,39177,0355,7,5,7,1942,0,0,0,C,0,25T24,"JEFFERSON BL","SAINT ANDREWS PL",0.00,,Y,A,-,N,,,,,,,,,,N,4,0,1,2,A,-,10,21950,A,N,G,B,B,A,H,-,A,A,0,Y,,,,Y,,A,01,0,0,1,0,1,0,0,0,0,"- ","- ",,,"LOS ANGELES","LOS ANGELES",-118.31202697753906,34.025539398193359
8561313,2018,2018-02-27,1942,2018-02-02,1530,43044,358,5,5,7,1942,0,0,0,,0,3A98,JEFFERSON,"VERMONT AV",5.00,W,N,A,-,N,,,,,,,,,,N,4,0,1,2,A,-,10,21950,A,F,G,B,B,A,H,-,A,A,0,Y,,,,Y,,-,99,0,0,1,0,1,0,0,0,0,"- ","- ",,,"LOS ANGELES","LOS ANGELES",-118.29153442382812,34.025508880615234
8561317,2018,2018-08-08,1942,2018-02-07,1145,42929,0317,3,5,7,1942,0,0,0,C,0,3A28,"NORMANDIE AV","RT 10",0.00,,Y,A,-,Y,LA,7,10,-,R,13.436,R,4,W,N,4,0,1,2,A,-,11,21950,B,N,G,B,B,A,H,-,A,A,0,Y,,,,Y,,N,60,0,0,1,0,1,0,0,0,0,"- ","- ",,,"LOS ANGELES","LOS ANGELES",-118.29828643798828,34.037139892578125
8561358,2018,2018-02-27,1942,2018-02-08,1350,34427,1039,4,5,7,1942,0,0,0,J,0,10A39,"WOODLEY ST","VANOWEN AV",18.00,S,N,A,-,N,,,,,,,,,,N,3,0,1,2,A,-,11,21456,B,N,G,B,B,A,H,-,A,A,0,Y,,,,Y,,N,60,0,1,0,0,1,0,0,0,0,"- ","- ",,,"LOS ANGELES","LOS ANGELES",-118.48365783691406,34.193859100341797
8561374,2018,2018-02-27,1942,2018-02-07,1810,38857,1777,3,5,7,1942,0,0,0,Q,0,17A95,"KINZIE ST","BALBOA BL",6.00,E,N,A,-,N,,,,,,,,,,N,4,0,1,2,A,-,10,21952,,N,G,B,B,A,H,-,C,A,0,Y,,,,Y,,A,01,0,0,1,0,1,0,0,0,0,"- ","- ",,,"LOS ANGELES","LOS ANGELES",,
8561392,2018,2018-02-28,1942,2018-02-11,1800,41198,1011,7,5,7,1942,0,0,0,J,0,10A3,"SHERMAN WY","WILBUR AV",0.00,,Y,A,-,N,,,,,,,,,,N,3,0,1,2,A,-,10,21950,A,N,G,B,B,A,H,-,C,A,0,Y,,,,Y,,A,01,0,1,0,0,1,0,0,0,0,"- ","- ",,,"LOS ANGELES","LOS ANGELES",-118.54476165771484,34.201171875
8561433,2018,2018-02-27,1942,2018-02-10,2140,42309,1797,6,5,7,1942,0,0,0,Q,0,17A95,"NORDHOFF ST","HAYVENHURST AV",0.00,,Y,A,-,N,,,,,,,,,,N,3,0,1,2,A,-,11,21954,A,N,G,B,D,A,H,-,C,A,0,Y,,,,Y,,N,60,0,1,0,0,1,0,0,0,0,"- ","- ",,,"LOS ANGELES","LOS ANGELES",-118.49379730224609,34.235691070556641
8561437,2018,2018-02-27,1942,2018-02-02,1730,26347,1774,5,5,7,1942,0,0,0,Q,0,17A23,"LASSEN ST","LINDLEY AV",0.00,,Y,A,-,N,,,,,,,,,,N,3,0,1,2,A,-,10,21950,A,N,B,B,B,A,H,-,C,A,0,Y,,,,Y,,A,07,0,1,0,0,1,0,0,0,0,"- ","- ",,,"LOS ANGELES","LOS ANGELES",-118.52735137939453,34.25
8561497,2018,2018-03-14,1942,2018-02-06,2250,38743,1787,2,5,7,1942,0,0,0,Q,0,17A67,"ZELZAH AV","KINZIE ST",0.00,,Y,A,-,N,,,,,,,,,,N,3,0,1,2,A,-,10,21950,A,F,G,B,D,A,H,-,C,D,0,Y,,,,Y,,-,99,0,1,0,0,1,0,0,0,0,"- ","- ",,,"LOS ANGELES","LOS ANGELES",-118.52332305908203,34.248580932617188
8561956,2018,2018-02-26,1942,2018-01-29,1640,36888,1548,1,5,7,1942,0,0,0,O,0,15A39,"MAGNOLIA BL","VINELAND AV",0.00,,Y,A,-,N,,,,,,,,,,N,4,0,1,2,A,-,11,21954,A,N,A,B,D,A,H,-,A,A,0,Y,,,,Y,Y,N,60,0,0,1,0,1,0,0,0,0,"- ","- ",,,"LOS ANGELES","LOS ANGELES",-118.37046051025391,34.164871215820312
8561987,2018,2018-02-26,1942,2018-01-21,1805,39506,1377,7,5,7,1942,0,0,0,M,0,13X62,ALAMEDA,"55TH ST",0.00,,Y,A,-,N,,,,,,,,,,N,4,0,1,2,A,-,11,21956,A,F,G,B,D,-,H,-,C,A,0,Y,,,,Y,,N,60,0,0,1,0,1,0,0,0,0,"- ","- ",,,"LOS ANGELES","LOS ANGELES",-118.23824999999999,33.99297
8562002,2018,2018-02-27,1942,2018-02-15,2345,37146,1253,4,5,7,1942,0,0,0,L,0,12T45,"W FLORENCE AV","CIMARRON ST",55.00,W,N,A,-,N,,,,,,,,,,N,2,0,1,2,A,-,11,21954,A,N,A,B,D,A,H,-,E,A,0,Y,,,,Y,,N,60,1,0,0,0,1,0,0,0,0,"- ","- ",,,"LOS ANGELES","LOS ANGELES",-118.31607818603516,33.974601745605469
8562009,2018,2018-02-27,1942,2018-02-05,1950,35571,308,1,5,7,1942,0,0,0,,0,3Z2,"S HOOVER ST","24TH ST",80.00,S,N,A,-,N,,,,,,,,,,N,3,0,1,2,A,-,11,21954,A,F,G,B,D,A,H,-,D,D,0,Y,,,,Y,,N,60,0,1,0,0,1,0,0,0,0,"- ","- ",,,"LOS ANGELES","LOS ANGELES",-118.28398895263672,34.034172058105469
8562018,2018,2018-02-27,1942,2018-02-12,0715,38348,1844,1,5,7,1942,0,0,0,R,0,18A35,"111TH ST","AVALON BL",5.00,N,N,A,-,N,,,,,,,,,,N,4,0,1,2,A,-,10,21950,A,N,G,B,B,A,H,-,A,D,0,Y,,,,Y,,-,,0,0,1,0,1,0,0,0,0,"- ","- ",,,"LOS ANGELES","LOS ANGELES",-118.26519012451172,33.934810638427734
8562049,2018,2018-02-27,1942,2018-02-10,1230,37360,333,6,5,7,1942,0,0,0,,0,3X72,"BUCKINGHAM RD","JEFFERSON BL",5.00,N,N,A,-,N,,,,,,,,,,N,4,0,1,2,A,-,09,21453,B,N,G,-,B,A,H,-,A,A,0,Y,,,,Y,,A,01,0,0,1,0,1,0,0,0,0,"- ","- ",,,"LOS ANGELES","LOS ANGELES",-118.34049987792969,34.025585174560547
8562053,2018,2018-02-27,1942,2018-02-09,1540,42929,0373,5,5,7,1942,0,0,0,C,0,3A28,"LA CIENEGA BL","BROWNSFIELD ST",25.00,S,N,A,-,N,,,,,,,,,,N,4,0,1,2,A,-,10,21950,C,N,G,B,E,A,H,-,A,A,0,Y,,,,Y,,A,01,0,0,1,0,1,0,0,0,0,"- ","- ",,,"LOS ANGELES","LOS ANGELES",,
8562069,2018,2018-02-27,1942,2018-02-16,2045,40105,1203,5,5,7,1942,0,0,0,L,0,12A3,"S SAINT ANDREWS PL","W VERNON AV",0.00,,Y,A,-,N,,,,,,,,,,N,4,0,1,2,A,-,10,21950,A,F,G,B,B,A,H,-,C,D,0,Y,,,,Y,,A,01,0,0,1,0,1,0,0,0,0,"- ","- ",,,"LOS ANGELES","LOS ANGELES",-118.31137084960938,34.003719329833984
8562722,2018,2018-03-02,1942,2018-02-17,1530,33947,1656,6,5,7,1942,0,0,0,P,0,35M49,"FOOTHILL BL","APPERSON ST",0.00,,Y,A,-,N,,,,,,,,,,N,3,0,1,2,A,-,10,21950,A,N,G,B,B,A,H,-,A,A,0,Y,,,,Y,,A,01,0,1,0,0,1,0,0,0,0,"- ","- ",,,"LOS ANGELES","LOS ANGELES",-118.29949188232422,34.255989074707031
8562778,2018,2018-03-02,1942,2018-02-15,1115,34634,1781,4,5,7,1942,0,0,0,Q,0,17A81,"INDEPENDENCE AV","PARTHENIA ST",0.00,,Y,A,-,N,,,,,,,,,,N,4,0,1,2,A,-,10,21950,A,N,G,B,B,A,H,-,A,A,0,Y,,,,Y,,A,07,0,0,1,0,1,0,0,0,0,"- ","- ",,,"LOS ANGELES","LOS ANGELES",-118.59071350097656,34.228199005126953
8562782,2018,2018-03-02,1942,2018-02-12,1530,33801,1785,1,5,7,1942,0,0,0,Q,0,17467,"DARBY AV","DEARBORN ST",0.00,,Y,B,-,N,,,,,,,,,,N,3,0,1,2,A,-,09,21804,A,N,A,B,B,A,H,-,A,A,0,Y,,,,Y,,N,60,0,1,0,0,1,0,0,0,0,"- ","- ",,,"LOS ANGELES","LOS ANGELES",-118.53379058837891,34.237308502197266
8563367,2018,2018-03-01,1942,2018-02-08,1215,40315,0676,4,5,7,1942,0,0,0,F,0,6A77,"MELROSE AV","LARCHMONT AV",18.00,W,N,A,-,N,,,,,,,,,,N,3,0,1,2,A,-,11,21950,B,N,G,B,B,A,H,-,A,A,0,Y,,,,Y,,N,60,0,1,0,0,1,0,0,0,0,"- ","- ",,,"LOS ANGELES","LOS ANGELES",-118.32373809814453,34.083499908447266
8563371,2018,2018-02-28,1942,2018-02-07,1940,42893,0678,3,5,7,1942,0,0,0,F,0,6A77,"MELROSE AV","KINGSLEY DR",0.00,,Y,-,-,N,,,,,,,,,,N,4,0,1,2,A,-,10,21950,A,F,G,B,B,-,-,-,C,A,0,Y,,,,Y,,-,"- ",0,0,1,0,1,0,0,0,0,"- ","- ",,,"LOS ANGELES","LOS ANGELES",-118.30345916748047,34.083530426025391
8563384,2018,2018-02-28,1942,2018-02-06,0920,41671,0638,2,5,7,1942,0,0,0,F,0,6T7,"FRANKLIN AV","BEACHWOOD DR",14.00,E,N,A,-,N,,,,,,,,,,N,3,0,1,2,A,-,10,21950,A,N,G,B,B,A,H,-,A,A,0,Y,,,,Y,,A,01,0,1,0,0,1,0,0,0,0,"- ","- ",,,"LOS ANGELES","LOS ANGELES",-118.32121276855469,34.105239868164062
8563456,2018,2018-03-13,1942,2018-01-29,1900,43182,0827,1,5,7,1942,0,0,0,H,0,8A59,"MONTANA AV","SOUTH BARRINGTON AV",600.00,W,N,A,-,N,,,,,,,,,,N,2,0,1,2,A,-,11,21955,,N,G,B,D,A,H,-,C,D,0,Y,,,,Y,,N,60,1,0,0,0,1,0,0,0,0,"- ","- ",,,"LOS ANGELES","LOS ANGELES",-118.46856689453125,34.053787231445312
8563459,2018,2018-03-01,1942,2018-01-20,1320,41370,0638,6,5,7,1942,0,0,0,F,0,,"FRANKLIN AV","CHEREMOYA AV",0.00,,Y,A,-,N,,,,,,,,,,N,4,0,1,2,A,-,11,21954,A,N,G,B,B,A,H,-,A,D,0,Y,,,,Y,Y,N,60,0,0,1,0,1,0,0,0,0,"- ","- ",,,"LOS ANGELES","LOS ANGELES",-118.32045745849609,34.105239868164062
8563485,2018,2018-03-06,1942,2018-01-29,0740,43185,0563,1,5,7,1942,0,0,0,E,0,5A15,"12TH ST","GAFFEY ST",0.00,,Y,A,-,N,,,,,,,,,,N,3,0,1,2,A,-,10,21950,A,N,G,B,B,A,H,-,A,A,0,Y,,,Y,Y,,F,26,0,1,0,0,1,0,0,0,0,"- ","- ",,,"LOS ANGELES","LOS ANGELES",-118.29237365722656,33.733329772949219
8563576,2018,2018-08-08,1942,2018-02-19,1300,40024,0964,1,5,7,1942,0,0,0,I,0,35M86,"VAN NUYS BL","RT 101",2.00,S,N,B,-,Y,LA,7,101,-,-,15.794,R,4,N,N,3,0,1,2,A,-,12,22450,A,F,G,B,B,A,H,-,A,A,0,Y,,,,Y,Y,-,99,0,1,0,0,1,0,0,0,0,"- ",WF,,,"LOS ANGELES","LOS ANGELES",-118.44677734375,34.156272888183594
8563752,2018,2018-03-02,1942,2018-01-16,1118,42981,0727,2,5,7,1942,0,0,0,G,0,7A97,"LA BREA BL","2ND ST",75.00,N,N,A,-,N,,,,,,,,,,N,3,0,1,2,A,-,11,21954,A,N,G,B,D,A,H,-,A,D,0,Y,,,,Y,,N,60,0,1,0,0,1,0,0,0,0,"- ","- ",,,"LOS ANGELES","LOS ANGELES",-118.34403991699219,34.071224212646484
8564718,2018,2018-03-06,1942,2018-02-03,1700,41070,1823,6,5,7,1942,0,0,0,R,0,18A26,"CENTURY BL","AVALON BL",15.00,W,N,A,-,N,,,,,,,,,,N,3,0,1,2,A,-,10,21950,,F,G,B,B,A,H,-,A,A,0,Y,,,,Y,,A,01,0,1,0,0,1,0,0,0,0,"- ","- ",,,"LOS ANGELES","LOS ANGELES",-118.26522827148438,33.945610046386719
8565085,2018,2018-03-02,1942,2018-02-03,1750,38828,0455,6,5,7,1942,0,0,0,D,0,0456,"SOTO ST","CINCINNATI ST",63.00,S,N,A,-,N,,,,,,,,,,N,4,0,1,2,A,-,09,21804,A,N,G,B,F,A,H,-,C,A,0,Y,,,Y,Y,,F,26,0,0,1,0,1,0,0,0,0,"- ","- ",,,"LOS ANGELES","LOS ANGELES",-118.20731353759766,34.047588348388672
8565123,2018,2018-03-01,1942,2018-01-25,1645,42055,1309,4,5,7,1942,0,0,0,M,0,13X17,ALAMEDA,"7TH ST",0.00,,Y,A,-,N,,,,,,,,,,N,4,0,1,2,A,-,10,21950,A,N,A,B,B,A,H,-,C,A,0,Y,,,,Y,,-,,0,0,1,0,1,0,0,0,0,"- ","- ",,,"LOS ANGELES","LOS ANGELES",-118.23864,34.035049999999998
8565127,2018,2018-03-01,1942,2018-01-31,0745,31324,1347,3,5,7,1942,0,0,0,M,0,13A27,"EAST 41ST ST","COMPTON AV",0.00,,Y,A,-,N,,,,,,,,,,N,3,0,1,2,A,-,10,21950,A,F,G,B,B,A,H,-,A,A,0,Y,,,,Y,,-,99,0,1,0,0,1,0,0,0,0,"- ","- ",,,"LOS ANGELES","LOS ANGELES",-118.25064849853516,34.009059906005859
8565140,2018,2018-03-06,1942,2018-02-06,1755,40099,0464,2,5,7,1942,0,0,0,D,0,4A71,"8565140100TH AV","SAINT LOUIS ST",15.00,E,N,A,-,N,,,,,,,,,,N,3,0,1,2,A,-,11,21955,,N,G,B,-,A,H,-,C,A,0,Y,,,,Y,,N,60,0,1,0,0,1,0,0,0,0,"- ","- ",,,"LOS ANGELES","LOS ANGELES",,
8565553,2018,2018-03-08,1942,2018-02-16,1800,36615,0326,5,5,7,1942,0,0,0,C,0,3XL96,"W 29TH ST","S NORMANDIE AV",150.00,W,N,A,-,N,,,,,,,,,,N,4,0,1,2,A,-,03,22350,,F,G,B,E,A,H,-,C,D,0,Y,,,,Y,,-,99,0,0,1,0,1,0,0,0,0,"- ","- ",,,"LOS ANGELES","LOS ANGELES",-118.30072784423828,34.029140472412109
8565585,2018,2018-03-08,1942,2018-02-14,2030,42210,0392,3,5,7,1942,0,0,0,C,0,3A34,"LEIMERT BL","VERNON AV",0.00,,Y,A,-,N,,,,,,,,,,N,4,0,1,2,A,-,12,22450,A,F,A,B,B,A,H,-,C,A,0,Y,,,,Y,,-,99,0,0,1,0,1,0,0,0,0,"- ","- ",,,"LOS ANGELES","LOS ANGELES",-118.33084106445312,34.003658294677734