CASE_ID,ACCIDENT_YEAR,PROC_DATE,JURIS,COLLISION_DATE,COLLISION_TIME,OFFICER_ID,REPORTING_DISTRICT,DAY_OF_WEEK,CHP_SHIFT,POPULATION,CNTY_CITY_LOC,SPECIAL_COND,BEAT_TYPE,CHP_BEAT_TYPE,CITY_DIVISION_LAPD,CHP_BEAT_CLASS,BEAT_NUMBER,PRIMARY_RD,SECONDARY_RD,DISTANCE,DIRECTION,INTERSECTION,WEATHER_1,WEATHER_2,STATE_HWY_IND,CALTRANS_COUNTY,CALTRANS_DISTRICT,STATE_ROUTE,ROUTE_SUFFIX,POSTMILE_PREFIX,POSTMILE,LOCATION_TYPE,RAMP_INTERSECTION,SIDE_OF_HWY,TOW_AWAY,COLLISION_SEVERITY,NUMBER_KILLED,NUMBER_INJURED,PARTY_COUNT,PRIMARY_COLL_FACTOR,PCF_CODE_OF_VIOL,PCF_VIOL_CATEGORY,PCF_VIOLATION,PCF_VIOL_SUBSECTION,HIT_AND_RUN,TYPE_OF_COLLISION,MVIW,PED_ACTION,ROAD_SURFACE,ROAD_COND_1,ROAD_COND_2,LIGHTING,CONTROL_DEVICE,CHP_ROAD_TYPE,PEDESTRIAN_ACCIDENT,BICYCLE_ACCIDENT,MOTORCYCLE_ACCIDENT,TRUCK_ACCIDENT,NOT_PRIVATE_PROPERTY,ALCOHOL_INVOLVED,STWD_VEHTYPE_AT_FAULT,CHP_VEHTYPE_AT_FAULT,COUNT_SEVERE_INJ,COUNT_VISIBLE_INJ,COUNT_COMPLAINT_PAIN,COUNT_PED_KILLED,COUNT_PED_INJURED,COUNT_BICYCLIST_KILLED,COUNT_BICYCLIST_INJURED,COUNT_MC_KILLED,COUNT_MC_INJURED,PRIMARY_RAMP,SECONDARY_RAMP,LATITUDE,LONGITUDE,COUNTY,CITY,POINT_X,POINT_Y
8565626,2018,2018-03-07,1942,2018-01-31,1940,43146,0241,3,5,7,1942,0,0,0,B,0,2A68,"S OCCIDENTAL","S OCCIDENTAL 444",0.00,,N,A,-,N,,,,,,,,,,N,3,0,1,2,A,-,11,21955,,N,G,B,E,A,H,-,C,D,0,Y,,,,Y,,N,60,0,1,0,0,1,0,0,0,0,"- ","- ",,,"LOS ANGELES","LOS ANGELES",,
8565634,2018,2018-03-07,1942,2018-01-30,1455,41661,1151,2,5,7,1942,0,0,0,K,0,11A51,"N NEW HAMPSHIRE AV","HOLLYWOOD BL",0.00,,Y,A,-,N,,,,,,,,,,N,4,0,1,2,A,-,10,21950,A,N,G,B,B,A,H,-,B,A,0,Y,,,,Y,,A,07,0,0,1,0,1,0,0,0,0,"- ","- ",,,"LOS ANGELES","LOS ANGELES",-118.29332733154297,34.101791381835938
8565666,2018,2018-03-08,1942,2018-01-29,2350,42803,0246,1,5,7,1942,0,0,0,B,0,2A75,"ALVARADO ST","WILSHIRE BL",50.00,N,N,A,-,N,,,,,,,,,,N,3,0,1,2,A,-,11,21955,,F,A,B,D,A,H,-,C,D,0,Y,,,,Y,Y,N,60,0,1,0,0,1,0,0,0,0,"- ","- ",,,"LOS ANGELES","LOS ANGELES",-118.27579498291016,34.058059692382812
8565996,2018,2018-03-09,1942,2018-01-28,1840,42812,0409,7,5,7,1942,0,0,0,D,0,4A9,"GUARDIA AV","WADENA ST",0.00,,Y,A,-,N,,,,,,,,,,N,4,0,1,2,A,-,10,21950,A,F,G,B,B,A,H,-,C,D,0,Y,,,,Y,,-,99,0,0,1,0,1,0,0,0,0,"- ","- ",,,"LOS ANGELES","LOS ANGELES",-118.16967010498047,34.092929840087891
8567322,2018,2018-03-09,1942,2018-02-23,1000,39397,0363,5,5,7,1942,0,0,0,C,0,25T27,"W MARTIN LUTHER KING JR BL","CRENSHAW BL",250.00,W,N,A,-,N,,,,,,,,,,N,4,0,1,2,A,-,11,21955,,N,D,B,D,A,H,-,A,D,0,Y,,,,Y,,N,60,0,0,1,0,1,0,0,0,0,"- ","- ",,,"LOS ANGELES","LOS ANGELES",-118.33584594726562,34.011234283447266
8567388,2018,2018-03-14,1942,2018-02-16,0825,40928,1641,5,5,7,1942,0,0,0,P,0,16A23,"TERRA BELLA ST","HADDON AV",0.00,,Y,A,-,N,,,,,,,,,,N,3,0,2,3,A,-,10,21950,A,N,G,B,B,A,H,-,A,A,0,Y,,,,Y,,A,01,0,2,0,0,2,0,0,0,0,"- ","- ",,,"LOS ANGELES","LOS ANGELES",-118.42253112792969,34.255218505859375
8567432,2018,2018-03-14,1942,2018-02-14,1810,38139,1785,3,5,7,1942,0,0,0,Q,0,,"PRAIRIE ST",RESEDA,10.00,W,N,A,-,N,,,,,,,,,,N,4,0,1,2,A,-,10,21950,A,F,G,B,B,A,H,-,B,A,0,Y,,,,Y,Y,-,99,0,0,1,0,1,0,0,0,0,"- ","- ",,,"LOS ANGELES","LOS ANGELES",-118.53612518310547,34.239128112792969
8567436,2018,2019-01-17,1942,2018-02-15,1225,42615,1596,4,5,7,1942,0,0,0,O,0,15A21,"VENTURA BL","ARCH DR",30.00,S,N,A,-,N,,,,,,,,,,N,4,0,1,2,A,-,10,21950,A,F,G,B,D,A,H,-,A,D,0,Y,,,,Y,,-,,0,0,1,0,1,0,0,0,0,"- ","- ",,,"LOS ANGELES","LOS ANGELES",-118.37422943115234,34.141887664794922
8567774,2018,2018-03-14,1942,2018-02-15,1820,41433,2035,4,5,7,1942,0,0,0,,0,20A58,"7TH ST",IROLO,0.00,,Y,A,-,N,,,,,,,,,,N,3,0,1,2,A,-,12,21453,A,F,D,B,B,A,H,-,B,A,0,Y,,,,Y,,-,99,0,1,0,0,1,0,0,0,0,"- ","- ",,,"LOS ANGELES","LOS ANGELES",-118.3009033203125,34.059741973876953
8567785,2018,2018-03-14,1942,2018-02-07,1920,39930,2019,3,5,7,1942,0,0,0,,0,20TL56,"N VIRGIL AV","BEVERLY BL",0.00,,Y,A,-,N,,,,,,,,,,N,2,0,1,2,A,-,10,21950,A,N,G,B,B,A,H,-,C,A,0,Y,,,,Y,,A,08,1,0,0,0,1,0,0,0,0,"- ","- ",,,"LOS ANGELES","LOS ANGELES",-118.28681945800781,34.0748291015625
8567789,2018,2018-03-14,1942,2018-02-08,1800,40476,2097,4,5,7,1942,0,0,0,,0,20A44,"WASHINGTON BL","BUDLONG AV",5.00,E,N,A,-,N,,,,,,,,,,N,3,0,2,3,A,-,10,21950,A,N,G,B,B,A,H,-,C,A,0,Y,,,,Y,,A,07,0,1,1,0,2,0,0,0,0,"- ","- ",,,"LOS ANGELES","LOS ANGELES",-118.29621124267578,34.040000915527344
8567801,2018,2018-03-14,1942,2018-02-12,1230,38333,2019,1,5,7,1942,0,0,0,,0,34M134,"VIRGIL AV","SILVER LAKE BL",0.00,,Y,A,-,N,,,,,,,,,,Y,4,0,1,2,A,-,10,21950,C,N,G,B,B,A,H,-,A,A,0,Y,,,,Y,,A,01,0,0,1,0,1,0,0,0,0,"- ","- ",,,"LOS ANGELES","LOS ANGELES",-118.28681945800781,34.076351165771484
8567809,2018,2018-03-14,1942,2018-02-12,1705,40947,2074,1,5,7,1942,0,0,0,,0,20A88,"NORMANDIE AV","VENICE BL",0.00,,Y,A,-,N,,,,,,,,,,N,4,0,1,2,A,-,10,21950,A,N,G,B,B,A,H,-,B,A,0,Y,,,,Y,,A,01,0,0,1,0,1,0,0,0,0,"- ","- ",,,"LOS ANGELES","LOS ANGELES",-118.30101776123047,34.043670654296875
8567813,2018,2018-03-14,1942,2018-02-18,2010,37575,2035,7,5,7,1942,0,0,0,,0,6T7,"S NORMANDIE AV","WILSHIRE BL",0.00,,Y,A,-,N,,,,,,,,,,N,4,0,1,2,A,-,10,21950,A,N,G,B,B,A,H,-,C,A,0,Y,,,,Y,,A,01,0,0,1,0,1,0,0,0,0,"- ","- ",,,"LOS ANGELES","LOS ANGELES",-118.30039215087891,34.061740875244141
8567817,2018,2018-03-14,1942,2018-02-18,2120,37966,2025,7,5,7,1942,0,0,0,,0,20T59,"S ALEXANDRIA AV","4TH ST",300.00,S,N,A,-,N,,,,,,,,,,N,4,0,1,2,D,-,00,,,N,G,B,F,A,H,-,C,D,0,Y,,,,Y,,-,"- ",0,0,1,0,1,0,0,0,0,"- ","- ",,,"LOS ANGELES","LOS ANGELES",-118.29793548583984,34.066387176513672
8567833,2018,2018-07-17,1942,2018-02-16,2130,40877,2034,5,5,7,1942,0,0,0,,0,20Z25,"S ARDMORE AV","W 8TH ST",0.00,,Y,A,-,N,,,,,,,,,,N,4,0,2,3,A,-,11,21954,A,N,G,B,D,A,H,-,C,D,0,Y,,,,Y,,N,60,0,0,2,0,2,0,0,0,0,"- ","- ",,,"LOS ANGELES","LOS ANGELES",-118.30200958251953,34.057701110839844
8567843,2018,2018-03-14,1942,2018-01-15,1410,36940,1446,1,5,7,1942,0,0,0,N,0,14A49,"GRAND VIEW BL","PACIFIC AV",400.00,S,N,A,-,N,,,,,,,,,,Y,3,0,2,5,A,-,03,22350,,N,F,B,E,A,H,-,A,D,0,Y,,,,Y,,A,01,0,1,1,0,1,0,0,0,0,"- ","- ",,,"LOS ANGELES","LOS ANGELES",-118.42980194091797,34.003044128417969
8567852,2018,2018-03-14,1942,2018-02-15,0805,40487,2046,4,5,7,1942,0,0,0,,0,20A53,"JAMES M WOOD BL","CATALINA ST",50.00,E,N,A,-,N,,,,,,,,,,N,4,0,1,2,A,-,11,21954,A,N,G,B,D,A,H,-,A,A,0,Y,,,,Y,,N,60,0,0,1,0,1,0,0,0,0,"- ","- ",,,"LOS ANGELES","LOS ANGELES",,
8567855,2018,2018-03-14,1942,2018-01-09,1700,36553,1433,2,5,7,1942,0,0,0,N,0,,"VENICE BL","LINCOLN BL",7.00,E,N,B,-,N,,,,,,,,,,N,3,0,1,2,A,-,11,21456,B,N,G,B,B,B,H,-,C,A,0,Y,,,,Y,,N,60,0,1,0,0,1,0,0,0,0,"- ","- ",,,"LOS ANGELES","LOS ANGELES",-118.45282745361328,33.994110107421875
8568491,2018,2018-03-22,1942,2018-02-26,1650,36940,2093,1,5,7,1942,0,0,0,,0,20A71,"WASHINGTON BLVD","WESTERN AV",0.00,,Y,A,-,N,,,,,,,,,,N,4,0,1,2,B,-,22,,,N,G,B,-,A,H,-,A,D,0,Y,,,,Y,,A,01,0,0,1,0,1,0,0,0,0,"- ","- ",,,"LOS ANGELES","LOS ANGELES",-118.30899047851562,34.039920806884766
8568499,2018,2018-03-19,1942,2018-02-20,1704,37556,20129,2,5,7,1942,0,0,0,,0,20A58,VERMONT,"3RD ST",100.00,S,N,A,-,N,,,,,,,,,,N,4,0,1,2,A,-,11,21955,,N,G,B,-,A,H,-,A,D,0,Y,,,,Y,,N,60,0,0,1,0,1,0,0,0,0,"- ","- ",,,"LOS ANGELES","LOS ANGELES",,
8568523,2018,2018-03-19,1942,2018-02-17,1350,39746,1411,6,5,7,1942,0,0,0,N,0,14TL52,"ROSE AV","OCEAN FRONT WALK",0.00,,Y,A,-,N,,,,,,,,,,N,2,0,1,2,A,-,09,21804,A,N,G,B,-,A,H,-,A,D,0,Y,,,,Y,,A,07,1,0,0,0,1,0,0,0,0,"- ","- ",,,"LOS ANGELES","LOS ANGELES",-118.48052978515625,33.994621276855469
8568802,2018,2018-03-15,1942,2018-02-15,2115,42610,0891,4,5,7,1942,0,0,0,H,0,8A36,"PICO BL","BUNDY DR",0.00,,N,A,-,N,,,,,,,,,,N,4,0,1,2,A,-,10,21954,,N,G,B,D,A,H,-,C,A,0,Y,,,,Y,,N,60,0,0,1,0,1,0,0,0,0,"- ","- ",,,"LOS ANGELES","LOS ANGELES",-118.45020294189453,34.029369354248047
8568809,2018,2018-03-16,1942,2018-02-22,2010,39022,0832,4,5,7,1942,0,0,0,H,0,6T1,"BARRY AV","BARRINGTON AV",2.00,W,N,A,-,N,,,,,,,,,,N,4,0,1,2,A,-,10,21950,A,F,G,B,B,A,H,-,C,D,0,Y,,,,Y,,-,99,0,0,1,0,1,0,0,0,0,"- ","- ",,,"LOS ANGELES","LOS ANGELES",,
8568821,2018,2018-03-16,1942,2018-02-20,1240,41671,0828,2,5,7,1942,0,0,0,H,0,8TL6,"LINDBROOK DR","GLENDON AV",17.00,S,N,A,-,N,,,,,,,,,,N,3,0,1,2,A,-,10,21950,A,N,G,B,B,A,H,-,A,A,0,Y,,,,Y,,A,01,0,1,0,0,1,0,0,0,0,"- ","- ",,,"LOS ANGELES","LOS ANGELES",-118.44353485107422,34.059906005859375
8568849,2018,2018-03-16,1942,2018-02-19,1015,42879,802,1,5,7,1942,0,0,0,,0,8A1,"SUNSET BL","SWARTHMORE AV",0.00,,Y,A,-,N,,,,,,,,,,Y,3,0,1,3,A,-,10,21950,,N,G,B,B,A,H,-,A,A,0,Y,,,,Y,,A,01,0,1,0,0,1,0,0,0,0,"- ","- ",,,"LOS ANGELES","LOS ANGELES",-118.52580261230469,34.047389984130859
8568857,2018,2018-03-16,1942,2018-02-17,0230,42979,0666,6,5,7,1942,0,0,0,F,0,6A49,"SUNSET BL","MORNINGSIDE CT",0.00,,Y,A,-,N,,,,,,,,,,N,3,0,1,2,A,-,09,21801,A,N,G,B,D,A,H,-,C,A,0,Y,,,,Y,,A,01,0,1,0,0,1,0,0,0,0,"- ","- ",,,"LOS ANGELES","LOS ANGELES",-118.3277587890625,34.097999572753906
8568892,2018,2018-03-20,1942,2018-02-10,1610,42816,0211,6,5,7,1942,0,0,0,B,0,2A42,"VIRGIL AV","SANTA MONICA BL",20.00,S,N,A,-,N,,,,,,,,,,N,4,0,1,2,A,-,21,22106,,F,G,B,C,A,H,-,A,D,0,Y,,,,Y,Y,-,99,0,0,1,0,1,0,0,0,0,"- ","- ",,,"LOS ANGELES","LOS ANGELES",-118.28675079345703,34.090816497802734
8569252,2018,2018-03-22,1942,2018-03-03,2000,42338,1823,6,5,7,1942,0,0,0,R,0,18A3,"E CENTURY BL","AVALON BL",0.00,,Y,A,-,N,,,,,,,,,,N,4,0,1,2,A,-,10,21950,A,F,G,B,B,A,H,-,C,A,0,Y,,,,Y,,-,99,0,0,1,0,1,0,0,0,0,"- ","- ",,,"LOS ANGELES","LOS ANGELES",-118.26518249511719,33.945610046386719
8569268,2018,2018-03-23,1942,2018-03-02,2100,41858,0841,5,5,7,1942,0,0,0,H,0,8A53,"WELLESLEY AV","WILSHIRE BL",60.00,S,N,A,-,N,,,,,,,,,,N,4,0,1,2,A,-,11,21954,A,F,G,C,E,A,H,-,C,D,0,Y,,,,Y,,N,60,0,0,1,0,1,0,0,0,0,"- ","- ",,,"LOS ANGELES","LOS ANGELES",-118.46902465820312,34.042621612548828
8569361,2018,2018-03-21,1942,2018-03-02,1110,42646,0139,5,5,7,1942,0,0,0,A,0,1A84,"ALEMEDA ST","4TH ST",0.00,,Y,C,-,N,,,,,,,,,,N,4,0,1,2,A,-,10,21950,A,N,G,B,B,B,H,-,A,A,0,Y,,,,Y,,A,01,0,0,1,0,1,0,0,0,0,"- ","- ",,,"LOS ANGELES","LOS ANGELES",-118.23813,34.043300000000002
8569422,2018,2019-05-02,1942,2018-03-03,2110,40606,0295,6,5,7,1942,0,0,0,B,0,2A91,"PICO BL","BURLINGTON AV",0.00,,-,A,-,N,,,,,,,,,,N,1,1,0,2,D,-,00,,,F,G,B,D,A,H,-,C,D,0,Y,,,,Y,,-,"- ",0,0,0,1,0,0,0,0,0,"- ","- ",,,"LOS ANGELES","LOS ANGELES",-118.27893829345703,34.045551300048828
8569461,2018,2018-03-21,1942,2018-02-24,1910,39986,2134,6,5,7,1942,0,0,0,,0,21Z22,"SHOUP AV","CARLSON CIR",0.00,,Y,A,-,N,,,,,,,,,,N,4,0,1,2,A,-,10,21950,A,N,G,B,-,A,H,-,C,D,0,Y,,,,Y,,N,60,0,0,1,0,1,0,0,0,0,"- ","- ",,,"LOS ANGELES","LOS ANGELES",-118.61466979980469,34.199550628662109
8569486,2018,2018-03-21,1942,2018-03-06,1635,42344,0984,2,5,7,1942,0,0,0,I,0,9A89,"VAN NUYS BL","MILBANK ST",0.00,,Y,A,-,N,,,,,,,,,,N,4,0,1,2,A,-,10,21950,A,N,A,B,B,A,H,-,A,A,0,Y,,,,Y,,A,01,0,0,1,0,1,0,0,0,0,"- ","- ",,,"LOS ANGELES","LOS ANGELES",-118.44869995117188,34.153030395507812
8569488,2018,2018-03-22,1942,2018-03-02,1200,39899,0987,5,5,7,1942,0,0,0,I,0,9A19,"VENTURA BL","CEDROS AV",5.00,E,N,C,-,N,,,,,,,,,,N,4,0,1,2,A,-,10,21950,A,N,G,B,B,B,H,-,A,A,0,Y,,,,Y,,A,01,0,0,1,0,1,0,0,0,0,"- ","- ",,,"LOS ANGELES","LOS ANGELES",-118.45303344726562,34.151638031005859
8569492,2018,2018-03-22,1942,2018-03-01,1130,38471,0985,4,5,7,1942,0,0,0,I,0,9A41W2,"VENTURA BL","BEVERLY GLEN BL",4.00,S,N,A,-,N,,,,,,,,,,,4,0,1,2,A,-,10,21950,A,N,A,B,B,A,H,-,A,A,0,Y,,,,Y,Y,A,01,0,0,1,0,1,0,0,0,0,"- ","- ",,,"LOS ANGELES","LOS ANGELES",-118.44582366943359,34.150447845458984
8569548,2018,2018-03-22,1942,2018-02-27,1050,34634,1988,2,5,7,1942,0,0,0,,0,19A79,"WOODMAN AV","VENTURA CANYON AV",0.00,,Y,B,-,N,,,,,,,,,,N,4,0,1,2,A,-,11,21954,A,N,-,D,-,-,H,-,A,D,0,Y,,,,Y,,N,60,0,0,1,0,1,0,0,0,0,"- ","- ",,,"LOS ANGELES","LOS ANGELES",-118.43280792236328,34.226020812988281
8569725,2018,2018-03-23,1942,2018-02-26,2329,41977,0326,1,5,7,1942,0,0,0,C,0,,"SOUTH NORMANDIE AV","ADAMS BL",12.00,E,N,A,C,N,,,,,,,,,,N,2,0,1,2,A,-,11,21453,D,N,G,B,B,B,H,-,C,A,0,Y,,,,Y,,N,60,1,0,0,0,1,0,0,0,0,"- ","- ",,,"LOS ANGELES","LOS ANGELES",-118.30023956298828,34.032718658447266
8569854,2018,2018-03-26,1942,2018-03-10,2050,42469,1503,6,5,7,1942,0,0,0,O,0,15A3,"BELLINGHAM AV","VANOWEN ST",15.00,S,N,C,-,N,,,,,,,,,,N,4,0,1,2,A,-,09,21453,B,F,G,B,B,B,H,-,C,A,0,Y,,,,Y,,-,99,0,0,1,0,1,0,0,0,0,"- ","- ",,,"LOS ANGELES","LOS ANGELES",-118.39871215820312,34.193897247314453
8569910,2018,2018-03-28,1942,2018-03-14,1920,40383,0904,3,5,7,1942,0,0,0,I,0,9A5,"RAYMER ST","NOBLE AV",96.00,W,N,C,-,N,,,,,,,,,,N,2,0,1,2,A,-,"- ",,,F,G,B,F,B,H,-,C,D,0,Y,,,,Y,,-,"- ",1,0,0,0,1,0,0,0,0,"- ","- ",,,"LOS ANGELES","LOS ANGELES",-118.46207427978516,34.213813781738281
8570578,2018,2018-03-29,1942,2018-02-27,1250,32973,1151,2,5,7,1942,0,0,0,K,0,11A51,"N VERMONT AV","N MAUBERT AV",33.00,,N,B,-,N,,,,,,,,,,N,4,0,2,3,A,-,17,22517,,N,B,C,E,A,H,-,A,D,0,Y,,,,Y,,N,60,0,0,2,0,1,0,0,0,0,"- ","- ",,,"LOS ANGELES","LOS ANGELES",-118.29177856445312,34.099079132080078
8570580,2018,2018-03-29,1942,2018-02-10,1715,34426,1183,6,5,7,1942,0,0,0,K,0,11A95,"LOGAN ST","MONTANA ST",320.00,N,N,A,-,N,,,,,,,,,,N,4,0,1,3,A,-,21,22106,,N,G,-,E,A,H,-,A,D,0,Y,,,,Y,,A,01,0,0,1,0,1,0,0,0,0,"- ","- ",,,"LOS ANGELES","LOS ANGELES",-118.25723266601562,34.079170227050781
8570627,2018,2018-03-29,1942,2018-03-02,1205,36460,0248,5,5,7,1942,0,0,0,B,0,2A69,"LOMA DR","W 3RD ST",0.00,,Y,C,-,N,,,,,,,,,,N,4,0,1,2,A,-,10,21950,A,N,G,B,B,B,H,-,A,A,0,Y,,,,Y,,D,22,0,0,1,0,1,0,0,0,0,"- ","- ",,,"LOS ANGELES","LOS ANGELES",-118.26557159423828,34.059898376464844
8570643,2018,2018-04-19,1942,2018-03-11,2235,39062,1307,7,5,7,1942,0,0,0,M,0,13A9,"EAST 7TH ST","S SAN PEDRO ST",0.00,,Y,A,-,N,,,,,,,,,,N,3,0,1,2,A,-,10,21950,A,F,G,B,B,A,H,-,C,A,0,Y,,,,Y,,-,"- ",0,1,0,0,1,0,0,0,0,"- ","- ",,,"LOS ANGELES","LOS ANGELES",-118.24678039550781,34.040699005126953
8570672,2018,2018-03-29,1942,2018-03-12,1710,39481,0235,1,5,7,1942,0,0,0,B,0,2A56,"ROSELAKE AV","TEMPLE ST",0.00,,Y,B,-,N,,,,,,,,,,N,4,0,1,2,A,-,08,22107,,N,A,B,B,A,H,-,A,A,0,Y,,,,Y,,A,01,0,0,1,0,1,0,0,0,0,"- ","- ",,,"LOS ANGELES","LOS ANGELES",-118.27011108398438,34.070960998535156
8570676,2018,2018-03-29,1942,2018-03-15,1405,38218,0453,4,5,7,1942,0,0,0,D,0,4A97/W,"CESAR CHAVEZ","BOYLE AV",0.00,,Y,A,-,N,,,,,,,,,,N,3,0,1,2,A,-,12,21453,A,N,G,B,B,A,H,-,A,A,0,Y,,,,Y,,A,01,0,1,0,0,1,0,0,0,0,"- ","- ",,,"LOS ANGELES","LOS ANGELES",-118.21760999999999,34.051200000000001
8570682,2018,2018-03-28,1942,2018-03-19,0642,36664,2029,1,5,7,1942,0,0,0,,0,20A39,"COMMONWEALTH AV","6TH ST",0.00,,Y,A,-,N,,,,,,,,,,N,2,0,1,2,A,-,10,21950,A,F,G,B,-,A,H,-,B,A,0,Y,,,,Y,,-,99,1,0,0,0,1,0,0,0,0,"- ","- ",,,"LOS ANGELES","LOS ANGELES",-118.28566741943359,34.063709259033203
8570686,2018,2018-03-28,1942,2018-03-06,2315,42338,1203,2,5,7,1942,0,0,0,L,0,12A3,"WESTERN AV","45TH ST",0.00,,Y,A,-,N,,,,,,,,,,N,4,0,1,2,A,-,10,21950,A,F,G,B,-,A,H,-,C,A,0,Y,,,,Y,,A,07,0,0,1,0,1,0,0,0,0,"- ","- ",,,"LOS ANGELES","LOS ANGELES",,
8570691,2018,2018-03-30,1942,2018-03-15,0655,33130,,4,5,7,1942,0,0,0,,0,A35,"VIGNES ST","I ST",10.00,N,N,C,-,N,,,,,,,,,,N,3,0,1,2,A,-,21,22106,,F,B,B,E,B,H,-,B,D,0,Y,,,,Y,Y,-,99,0,1,0,0,1,0,0,0,0,"- ","- ",,,"LOS ANGELES","LOS ANGELES",,
8570702,2018,2018-03-28,1942,2018-03-11,1025,39624,2038,7,5,7,1942,0,0,0,,0,20TL59,"S VERMONT AV","8TH ST",0.00,,Y,A,-,N,,,,,,,,,,N,4,0,1,2,A,-,10,21950,A,F,G,B,-,A,H,-,A,A,0,Y,,,,Y,,-,99,0,0,1,0,1,0,0,0,0,"- ","- ",,,"LOS ANGELES","LOS ANGELES",-118.29164886474609,34.057758331298828
8570714,2018,2018-03-28,1942,2018-03-09,1920,25495,0858,5,5,7,1942,0,0,0,H,0,8A95,"PICKFORD ST","LIVONIA AV",5.00,E,N,A,-,N,,,,,,,,,,N,3,0,1,2,A,-,12,22450,A,F,G,B,-,A,H,-,A,A,0,Y,,,,Y,,-,99,0,1,0,0,1,0,0,0,0,"- ","- ",,,"LOS ANGELES","LOS ANGELES",-118.38646697998047,34.050807952880859
8571367,2018,2018-03-12,1942,2018-02-21,1320,38192,509,3,5,7,1942,0,0,0,,0,55L11,"240TH ST","PRESIDENT AV",5.00,W,N,A,-,N,,,,,,,,,,N,4,0,1,2,A,-,12,22450,A,N,G,B,B,A,H,-,A,D,0,Y,,,,Y,,A,07,0,0,1,0,1,0,0,0,0,"- ","- ",,,"LOS ANGELES","LOS ANGELES",-118.30311584472656,33.807281494140625
8571377,2018,2018-03-14,1942,2018-02-13,1050,31324,0158,2,5,7,1942,0,0,0,A,0,1A29,"EAST 7TH ST","CERES AV",0.00,,-,A,-,N,,,,,,,,,,N,3,0,1,2,A,-,21,22106,,F,G,B,B,A,H,-,A,A,0,Y,,,,Y,,-,99,0,1,0,0,1,0,0,0,0,"- ","- ",,,"LOS ANGELES","LOS ANGELES",-118.24318695068359,34.038181304931641
8571381,2018,2018-03-14,1942,2018-02-13,1830,40730,0201,2,5,7,1942,0,0,0,B,0,2A1,"SANTA MONICA BL","N NORMANDIE AV",0.00,,Y,A,-,N,,,,,,,,,,N,4,0,1,2,A,-,10,21950,A,N,G,B,B,A,H,-,C,A,0,Y,,,,Y,,A,01,0,0,1,0,1,0,0,0,0,"- ","- ",,,"LOS ANGELES","LOS ANGELES",-118.30049133300781,34.090831756591797
8571414,2018,2018-03-14,1942,2018-02-14,0015,39529,489,3,5,7,1942,0,0,0,,0,4A97,"SOTO ST","8TH ST",5.00,N,N,A,-,N,,,,,,,,,,Y,4,0,1,2,A,-,11,21955,,N,A,B,B,A,H,-,C,A,0,Y,,,,Y,Y,N,60,0,0,1,0,1,0,0,0,0,"- ","- ",,,"LOS ANGELES","LOS ANGELES",-118.21942138671875,34.028091430664062
8571492,2018,2018-03-15,1942,2018-02-26,1350,32372,1548,1,5,7,1942,0,0,0,O,0,15A39,"LANKERSHIM BL","MAGNOLIA BL",10.00,S,N,A,-,N,,,,,,,,,,N,4,0,1,2,A,-,10,21950,A,N,G,B,B,A,H,-,A,D,0,Y,,,,Y,,A,01,0,0,1,0,1,0,0,0,0,"- ","- ",,,"LOS ANGELES","LOS ANGELES",-118.3746337890625,34.164875030517578
8571512,2018,2018-03-15,1942,2018-02-21,1945,37304,1785,3,5,7,1942,0,0,0,Q,0,17T171,"RESEDA BL","DEARBORN ST",10.00,S,N,A,-,N,,,,,,,,,,N,4,0,1,2,A,-,10,21950,A,N,G,B,B,A,H,-,C,A,0,Y,,,,Y,,A,01,0,0,1,0,1,0,0,0,0,"- ","- ",,,"LOS ANGELES","LOS ANGELES",-118.53607940673828,34.237281799316406
8571832,2018,2018-03-13,1942,2018-02-20,1625,41911,0325,2,5,7,1942,0,0,0,C,0,25T41,"WEST ADAMS BL","SOUTH CATALINA ST",0.00,,Y,A,-,N,,,,,,,,,,N,3,0,1,2,A,-,11,21950,B,N,G,B,B,A,H,-,A,A,0,Y,,,,Y,,N,60,0,1,0,0,1,0,0,0,0,"- ","- ",,,"LOS ANGELES","LOS ANGELES",-118.29422760009766,34.032760620117188
8573908,2018,2018-03-16,1942,2018-02-13,1530,42004,1268,2,5,7,1942,0,0,0,L,0,12A57,"MAIN ST","83RD ST",0.00,,Y,A,-,N,,,,,,,,,,N,3,0,1,2,A,-,10,21950,A,N,A,B,B,A,H,-,A,A,0,Y,,,,Y,,A,01,0,1,0,0,1,0,0,0,0,"- ","- ",,,"LOS ANGELES","LOS ANGELES",-118.27388763427734,33.964149475097656
8574277,2018,2019-01-17,1942,2018-02-22,0745,36406,2149,4,5,7,1942,0,0,0,,0,35M64,"VANOWEN ST","CORBIN AV",10.00,W,N,A,-,N,,,,,,,,,,N,4,0,2,3,A,-,12,21453,A,F,G,B,B,A,H,-,A,A,0,Y,,,,Y,,-,99,0,0,2,0,2,0,0,0,0,"- ","- ",,,"LOS ANGELES","LOS ANGELES",-118.56228637695312,34.193820953369141