CASE_ID,ACCIDENT_YEAR,PROC_DATE,JURIS,COLLISION_DATE,COLLISION_TIME,OFFICER_ID,REPORTING_DISTRICT,DAY_OF_WEEK,CHP_SHIFT,POPULATION,CNTY_CITY_LOC,SPECIAL_COND,BEAT_TYPE,CHP_BEAT_TYPE,CITY_DIVISION_LAPD,CHP_BEAT_CLASS,BEAT_NUMBER,PRIMARY_RD,SECONDARY_RD,DISTANCE,DIRECTION,INTERSECTION,WEATHER_1,WEATHER_2,STATE_HWY_IND,CALTRANS_COUNTY,CALTRANS_DISTRICT,STATE_ROUTE,ROUTE_SUFFIX,POSTMILE_PREFIX,POSTMILE,LOCATION_TYPE,RAMP_INTERSECTION,SIDE_OF_HWY,TOW_AWAY,COLLISION_SEVERITY,NUMBER_KILLED,NUMBER_INJURED,PARTY_COUNT,PRIMARY_COLL_FACTOR,PCF_CODE_OF_VIOL,PCF_VIOL_CATEGORY,PCF_VIOLATION,PCF_VIOL_SUBSECTION,HIT_AND_RUN,TYPE_OF_COLLISION,MVIW,PED_ACTION,ROAD_SURFACE,ROAD_COND_1,ROAD_COND_2,LIGHTING,CONTROL_DEVICE,CHP_ROAD_TYPE,PEDESTRIAN_ACCIDENT,BICYCLE_ACCIDENT,MOTORCYCLE_ACCIDENT,TRUCK_ACCIDENT,NOT_PRIVATE_PROPERTY,ALCOHOL_INVOLVED,STWD_VEHTYPE_AT_FAULT,CHP_VEHTYPE_AT_FAULT,COUNT_SEVERE_INJ,COUNT_VISIBLE_INJ,COUNT_COMPLAINT_PAIN,COUNT_PED_KILLED,COUNT_PED_INJURED,COUNT_BICYCLIST_KILLED,COUNT_BICYCLIST_INJURED,COUNT_MC_KILLED,COUNT_MC_INJURED,PRIMARY_RAMP,SECONDARY_RAMP,LATITUDE,LONGITUDE,COUNTY,CITY,POINT_X,POINT_Y
8574492,2018,2018-03-27,1942,2018-02-14,2145,39586,0473,3,5,7,1942,0,0,0,D,0,4A71,"SOTO ST","7TH ST",447.00,S,N,A,-,N,,,,,,,,,,Y,3,0,3,3,A,-,11,21954,A,N,C,C,E,A,D,-,E,D,0,Y,,,,Y,,N,60,0,1,2,0,0,0,0,0,0,"- ","- ",,,"LOS ANGELES","LOS ANGELES",-118.21766662597656,34.031215667724609
8574788,2018,2018-03-26,1942,2018-03-04,2320,43189,139,7,5,7,1942,0,0,0,M,0,1;60,"ALAMEDA ST","N 2ND ST",6.00,N,N,B,-,N,,,,,,,,,,N,4,0,1,2,A,-,10,21950,A,N,G,B,B,A,H,-,C,A,0,Y,,,,Y,Y,A,01,0,0,1,0,1,0,0,0,0,"- ","- ",,,"LOS ANGELES","LOS ANGELES",-118.23810899999999,34.047182999999997
8575121,2018,2018-06-28,1942,2018-02-21,1800,42487,,3,5,7,1942,0,0,0,,0,,"SHERMAN WY","CANBY AV",0.00,,Y,A,-,N,,,,,,,,,,N,2,0,1,2,A,-,10,21950,,F,G,B,B,A,H,-,B,A,0,Y,,,,Y,,-,99,1,0,0,0,1,0,0,0,0,"- ","- ",,,"LOS ANGELES","LOS ANGELES",-118.53478240966797,34.201179504394531
8575449,2018,2018-03-20,1942,2018-03-02,1310,41125,0906,5,5,7,1942,0,0,0,I,0,9A5,"VALERIO ST","LENNOX AV",0.00,,Y,C,-,N,,,,,,,,,,N,4,0,1,2,A,-,10,21950,A,N,G,B,B,B,H,-,A,D,0,Y,,,,Y,,A,01,0,0,1,0,1,0,0,0,0,"- ","- ",,,"LOS ANGELES","LOS ANGELES",-118.44551086425781,34.204818725585938
8575518,2018,2018-03-20,1942,2018-02-28,0815,30947,0985,3,5,7,1942,0,0,0,I,0,9A5,"VENTURA BL","BEVERLY GLEN BL",25.00,E,N,A,-,N,,,,,,,,,,N,4,0,1,2,A,-,08,22107,,N,G,B,E,A,G,-,A,A,0,Y,,,,Y,,A,01,0,0,1,0,1,0,0,0,0,"- ","- ",,,"LOS ANGELES","LOS ANGELES",-118.44576263427734,34.150436401367188
8575716,2018,2018-03-21,1942,2018-02-22,1515,40290,1067,4,5,7,1942,0,0,0,J,0,10A3,"WHITE OAK AV","VENTURA BL",420.00,N,N,A,-,N,,,,,,,,,,N,3,0,1,2,A,-,11,21956,A,N,A,B,E,A,H,-,A,D,0,Y,,,,Y,,N,60,0,1,0,0,1,0,0,0,0,"- ","- ",,,"LOS ANGELES","LOS ANGELES",-118.51853179931641,34.163570404052734
8575743,2018,2018-05-09,1942,2018-02-26,1310,40232,RD174,1,5,7,1942,0,0,0,,0,,CHATSWORTH,ETIWANDA,0.00,,Y,A,-,N,,,,,,,,,,Y,4,0,1,2,A,-,10,21950,,M,A,B,B,A,H,-,A,A,0,Y,,,,Y,,A,01,0,0,1,0,1,0,0,0,0,"- ","- ",,,"LOS ANGELES","LOS ANGELES",-118.53173065185547,34.264541625976562
8577383,2018,2018-03-22,1942,2018-03-02,0800,43231,1147,5,5,7,1942,0,0,0,K,0,11A17,"DIVISION ST","AVENUE 30",0.00,,Y,B,C,N,,,,,,,,,,N,3,0,1,2,B,-,22,,,N,G,B,B,B,H,-,A,-,0,Y,,,,Y,,-,"- ",0,1,0,0,1,0,0,0,0,"- ","- ",,,"LOS ANGELES","LOS ANGELES",-118.23576354980469,34.102920532226562
8577403,2018,2018-03-22,1942,2018-03-03,1505,42961,1102,6,5,7,1942,0,0,0,K,0,11A37,"GLENDALE BL","LA CLEDE",0.00,,Y,B,-,N,,,,,,,,,,N,3,0,1,2,A,-,10,21950,,N,B,B,B,A,H,-,A,D,0,Y,,,,Y,,A,01,0,1,0,0,1,0,0,0,0,"- ","- ",,,"LOS ANGELES","LOS ANGELES",-118.25833129882812,34.120231628417969
8577439,2018,2018-03-22,1942,2018-03-03,0620,42961,1148,6,5,7,1942,0,0,0,K,0,11A37,"MONTE VISTA ST","AVE 50",0.00,,Y,B,C,N,,,,,,,,,,N,3,0,2,3,D,-,00,,,N,G,B,D,B,H,-,A,A,0,Y,,,,Y,,-,"- ",0,1,1,0,2,0,0,0,0,"- ","- ",,,"LOS ANGELES","LOS ANGELES",-118.20372772216797,34.107170104980469
8577818,2018,2018-03-27,1942,2018-02-09,1250,40514,1307,5,5,7,1942,0,0,0,M,0,13X71,"7TH ST",ALAMEDA,150.00,W,N,A,-,N,,,,,,,,,,N,3,0,1,2,A,-,10,21950,,N,G,B,D,A,H,-,A,D,0,Y,,,,Y,,A,01,0,1,0,0,1,0,0,0,0,"- ","- ",,,"LOS ANGELES","LOS ANGELES",-118.239007,34.035255999999997
8577859,2018,2018-03-30,1942,2018-03-08,1505,37560,0334,4,5,7,1942,0,0,0,C,0,3X72,"NORTON AV","30TH ST",0.00,,Y,A,-,N,,,,,,,,,,N,4,0,1,2,A,-,12,22450,A,N,G,B,B,A,-,-,A,A,0,Y,,,,Y,,I,12,0,0,1,0,1,0,0,0,0,"- ","- ",,,"LOS ANGELES","LOS ANGELES",-118.33274078369141,34.027618408203125
8578497,2018,2018-03-19,1942,2018-02-23,1905,37575,0806,5,5,7,1942,0,0,0,H,0,14T47,"BEVERLY GLEN BL","SAINT PIERRE RD",86.00,S,N,A,-,N,,,,,,,,,,N,3,0,1,2,A,-,11,21954,A,N,G,B,E,A,H,-,C,D,0,Y,,,,Y,,N,60,0,1,0,0,1,0,0,0,0,"- ","- ",,,"LOS ANGELES","LOS ANGELES",-118.43519592285156,34.085163116455078
8578517,2018,2018-03-19,1942,2018-02-13,0945,40157,1457,2,5,7,1942,0,0,0,N,0,8TL35,"STONER AV","CULVER BL",8.00,S,N,A,-,N,,,,,,,,,,N,3,0,1,2,A,-,10,21950,A,N,G,B,B,A,H,-,A,D,0,Y,,,,Y,,A,07,0,1,0,0,1,0,0,0,0,"- ","- ",,,"LOS ANGELES","LOS ANGELES",-118.41664886474609,33.996246337890625
8578554,2018,2018-05-09,1942,2018-02-17,0930,34882,0632,6,5,7,1942,0,0,0,F,0,34M22W,"SUNSET BL","HAYWORTH AV",20.00,W,N,A,-,N,,,,,,,,,,N,3,0,1,2,A,-,10,21950,A,N,G,B,B,A,H,-,A,A,0,Y,,,,Y,,A,01,0,1,0,0,1,0,0,0,0,"- ","- ",,,"LOS ANGELES","LOS ANGELES",-118.36299896240234,34.098030090332031
8580333,2018,2018-03-21,1942,2018-01-19,1215,26129,0171,5,5,7,1942,0,0,0,A,0,24W14,"FRANCISCO ST","JAMES M WOOD BL",0.00,,Y,B,-,N,,,,,,,,,,N,4,0,1,2,A,-,10,21950,A,N,G,B,B,A,H,-,A,A,0,Y,,,,Y,,A,01,0,0,1,0,1,0,0,0,0,"- ","- ",,,"LOS ANGELES","LOS ANGELES",-118.26467895507812,34.047000885009766
8580345,2018,2018-03-21,1942,2018-02-18,1640,42975,0409,7,5,7,1942,0,0,0,D,0,4A9,"HUNTINGTON DR N","KENDALL AV",0.00,,Y,A,-,N,,,,,,,,,,,3,0,1,2,A,-,10,21950,C,N,G,B,B,A,H,-,A,A,0,Y,,,,Y,,A,01,0,1,0,0,1,0,0,0,0,"- ","- ",,,"LOS ANGELES","LOS ANGELES",-118.15541076660156,34.09857177734375
8580352,2018,2018-03-22,1942,2018-03-08,1845,37540,1148,4,5,7,1942,0,0,0,K,0,11A37,"NORTH FIGUEROA ST","E AVENUE 45",0.00,,Y,A,-,N,,,,,,,,,,N,3,0,1,2,A,-,10,21950,A,N,G,B,B,A,H,-,C,A,0,Y,,,,Y,Y,A,07,0,1,0,0,1,0,0,0,0,"- ","- ",,,"LOS ANGELES","LOS ANGELES",-118.20716094970703,34.096149444580078
8580355,2018,2018-03-21,1942,2018-03-07,1700,39741,0929,3,5,7,1942,0,0,0,I,0,9X6,"VICTORY BL","VENTURA CANYON BL",30.00,W,N,A,-,N,,,,,,,,,,N,4,0,1,2,A,-,11,21954,A,N,A,B,D,A,H,-,A,D,0,Y,,,,Y,,N,60,0,0,1,0,1,0,0,0,0,"- ","- ",,,"LOS ANGELES","LOS ANGELES",-118.42914581298828,34.186679840087891
8580373,2018,2018-03-21,1942,2018-02-18,1205,41493,1181,7,5,7,1942,0,0,0,K,0,11A81,"LIBERTY ST",RESERVOIR,110.00,N,N,A,-,N,,,,,,,,,,N,4,0,1,2,A,-,03,22350,,F,A,B,D,A,H,-,A,D,0,Y,,,,Y,,-,99,0,0,1,0,1,0,0,0,0,"- ","- ",,,"LOS ANGELES","LOS ANGELES",-118.2613525390625,34.078849792480469
8581527,2018,2018-03-29,1942,2018-03-05,1915,39586,0295,1,5,7,1942,0,0,0,B,0,2A91,"BONNIE BRAE ST","VENICE BL",175.00,S,N,A,-,N,,,,,,,,,,N,4,0,1,2,C,-,18,,,F,H,B,F,A,H,-,C,A,0,Y,,,,Y,,-,"- ",0,0,1,0,1,0,0,0,0,"- ","- ",,,"LOS ANGELES","LOS ANGELES",-118.28199768066406,34.042839050292969
8581535,2018,2018-03-30,1942,2018-03-09,0955,35769,0192,5,5,7,1942,0,0,0,A,0,1A61,"OLIVE ST","14TH ST",21.00,N,N,A,-,N,,,,,,,,,,N,4,0,2,3,A,-,10,21950,A,N,G,B,B,A,H,-,A,D,0,Y,,,,Y,,A,01,0,0,2,0,2,0,0,0,0,"- ","- ",,,"LOS ANGELES","LOS ANGELES",-118.26425933837891,34.036617279052734
8581540,2018,2018-03-30,1942,2018-03-10,2150,42656,0645,6,5,7,1942,0,0,0,F,0,,"N CAHUENGA BL","SELMA AV",0.00,,Y,C,-,N,,,,,,,,,,N,4,0,1,3,A,-,10,21950,A,N,G,-,B,B,H,-,C,A,0,Y,,,,Y,,A,01,0,0,1,0,1,0,0,0,0,"- ","- ",,,"LOS ANGELES","LOS ANGELES",-118.32952880859375,34.099769592285156
8581555,2018,2018-03-29,1942,2018-03-10,2340,42607,1151,6,5,7,1942,0,0,0,K,0,11A62,VERMONT,HOLLYWOOD,0.00,,Y,C,-,N,,,,,,,,,,N,2,0,1,2,A,-,11,21453,D,N,G,B,B,B,H,-,C,A,0,Y,,,,Y,,N,60,1,0,0,0,1,0,0,0,0,"- ","- ",,,"LOS ANGELES","LOS ANGELES",-118.29177093505859,34.101169586181641
8581560,2018,2018-03-30,1942,2018-03-07,1045,42984,0647,3,5,7,1942,0,0,0,F,0,6A31,"HOLLYWOOD BL","VINE ST",300.00,E,N,A,-,N,,,,,,,,,,N,2,0,1,2,A,-,11,21955,,N,G,B,D,A,H,-,A,D,0,Y,,,,Y,,N,60,1,0,0,0,1,0,0,0,0,"- ","- ",,,"LOS ANGELES","LOS ANGELES",-118.32566833496094,34.101627349853516
8581572,2018,2018-03-30,1942,2018-03-03,0445,39024,0622,6,5,7,1942,0,0,0,F,0,6A31,"LAUREL CANYON BL","PERCIVAL LN",300.00,N,N,C,-,N,,,,,,,,,,N,3,0,1,2,A,-,03,22350,,N,G,B,F,B,-,-,B,D,0,Y,,,,Y,,A,01,0,1,0,0,1,0,0,0,0,"- ","- ",,,"LOS ANGELES","LOS ANGELES",-118.37168121337891,34.110031127929688
8581576,2018,2018-03-30,1942,2018-03-07,1605,31465,0678,3,5,7,1942,0,0,0,F,0,6A77,"WESTERN AV","SANTA MONICA BL",10.00,S,N,A,-,N,,,,,,,,,,N,3,0,1,2,A,-,10,21950,A,N,G,B,B,A,H,-,A,A,0,Y,,,,Y,,A,08,0,1,0,0,1,0,0,0,0,"- ","- ",,,"LOS ANGELES","LOS ANGELES",-118.30917358398438,34.090744018554688
8581718,2018,2018-03-30,1942,2018-02-26,0050,42330,0644,1,5,7,1942,0,0,0,F,0,6A15,SUNSET,POINSETTIA,15.00,E,N,A,-,N,,,,,,,,,,N,4,0,1,2,A,-,10,21950,A,F,G,B,B,A,H,-,C,A,0,Y,,,,Y,,-,99,0,0,1,0,1,0,0,0,0,"- ","- ",,,"LOS ANGELES","LOS ANGELES",-118.34828948974609,34.097999572753906
8583417,2018,2018-03-26,1942,2018-02-06,0945,43103,1321,2,5,7,1942,0,0,0,M,0,13A9,"OLIVE ST","23RD ST",0.00,,Y,A,-,N,,,,,,,,,,N,4,0,1,2,A,-,08,22107,,N,G,B,B,A,H,-,A,A,0,Y,,,,Y,,A,01,0,0,1,0,1,0,0,0,0,"- ","- ",,,"LOS ANGELES","LOS ANGELES",-118.26907348632812,34.028530120849609
8583683,2018,2018-04-03,1942,2018-01-22,1520,39395,1116,1,5,7,1942,0,0,0,K,0,11A37,"HUB ST","AVENUE 51",75.00,W,N,A,-,N,,,,,,,,,,N,4,0,1,2,A,-,11,21954,A,N,G,B,E,A,H,-,A,D,0,Y,,,,Y,,N,60,0,0,1,0,1,0,0,0,0,"- ","- ",,,"LOS ANGELES","LOS ANGELES",-118.20524597167969,34.117336273193359
8583712,2018,2018-04-03,1942,2018-03-20,0230,27865,0377,2,5,7,1942,0,0,0,C,0,35L19,"BROWNING BL","BUDLONG AV",30.00,E,N,F,-,N,,,,,,,,,,N,3,0,1,2,A,-,21,22106,,F,G,B,E,A,H,-,C,D,0,Y,,,,Y,,-,99,0,1,0,0,1,0,0,0,0,"- ","- ",,,"LOS ANGELES","LOS ANGELES",-118.29579162597656,34.012111663818359
8584349,2018,2018-03-29,1942,2018-03-09,0935,36636,NHWD,5,5,7,1942,0,0,0,,0,1523,"VICTORY BL",WHITSETT,6.00,W,N,A,-,N,,,,,,,,,,N,4,0,1,2,A,-,10,21950,A,F,G,B,B,A,H,-,A,A,0,Y,,,,Y,,-,99,0,0,1,0,1,0,0,0,0,"- ","- ",,,"LOS ANGELES","LOS ANGELES",-118.40528106689453,34.186679840087891
8584353,2018,2018-03-29,1942,2018-03-10,0955,43215,1545,6,5,7,1942,0,0,0,O,0,15A85,"MAGNOLIA BL","S LAUREL CANYON",15.00,S,N,B,C,N,,,,,,,,,,N,3,0,1,2,A,-,11,21950,B,F,G,B,B,B,F,-,C,A,0,Y,,,,Y,,-,99,0,1,0,0,1,0,0,0,0,"- ","- ",,,"LOS ANGELES","LOS ANGELES",-118.39649963378906,34.164878845214844
8584354,2018,2018-03-28,1942,2018-03-10,0100,39402,1012,6,5,7,1942,0,0,0,J,0,10X18,"SHERMAN WY","SHERMAN WY 18701",0.00,,-,A,-,N,,,,,,,,,,N,3,0,1,2,D,-,00,,,F,G,B,F,A,H,-,D,D,0,Y,,,,Y,Y,-,"- ",0,1,0,0,1,0,0,0,0,"- ","- ",,,"LOS ANGELES","LOS ANGELES",,
8584508,2018,2018-03-29,1942,2018-02-08,1930,34269,0409,4,5,7,1942,0,0,0,D,0,4A9,"HUNTINGTON DR","MAYCREST AV",0.00,,Y,A,-,N,,,,,,,,,,N,2,0,1,2,A,-,09,21453,B,N,G,B,-,A,H,-,C,A,0,Y,,,,Y,,N,60,1,0,0,0,1,0,0,0,0,"- ","- ",,,"LOS ANGELES","LOS ANGELES",-118.16114044189453,34.093429565429688
8584528,2018,2018-03-29,1942,2018-02-02,0750,37540,0285,5,5,7,1942,0,0,0,B,0,2A92,"BEACON AV","11TH ST",0.00,,Y,A,-,N,,,,,,,,,,N,4,0,1,2,A,-,10,21950,A,F,G,B,-,A,H,-,A,D,0,Y,,,,Y,,-,99,0,0,1,0,1,0,0,0,0,"- ","- ",,,"LOS ANGELES","LOS ANGELES",-118.27633666992188,34.048271179199219
8584940,2018,2018-04-10,1942,2018-03-09,1810,42707,,5,5,7,1942,0,0,0,,0,4A4,"OLYMPIC BL","LEMON ST",100.00,W,N,A,-,N,,,,,,,,,,N,2,0,1,2,A,-,11,21954,A,N,G,B,D,A,H,-,D,A,0,Y,,,,Y,,N,60,1,0,0,0,1,0,0,0,0,"- ","- ",,,"LOS ANGELES","LOS ANGELES",-118.23378753662109,34.026275634765625
8585170,2018,2018-04-09,1942,2018-03-15,0905,27475,2053,4,5,7,1942,0,0,0,,0,,"OLYMPIC BL","HARVARD BL",45.00,E,N,A,-,N,,,,,,,,,,N,3,0,1,2,A,-,10,21954,B,N,G,B,D,A,H,-,A,A,0,Y,,,,Y,,N,60,0,1,0,0,1,0,0,0,0,"- ","- ",,,"LOS ANGELES","LOS ANGELES",-118.30402374267578,34.0526123046875
8585308,2018,2018-04-06,1942,2018-03-05,1730,39930,0721,1,5,7,1942,0,0,0,G,0,7A21,"S SHERBOURNE DR","W 3RD ST",0.00,,Y,A,-,N,,,,,,,,,,N,4,0,1,2,A,-,10,21950,A,F,G,B,B,A,H,-,B,A,0,Y,,,,Y,,-,99,0,0,1,0,1,0,0,0,0,"- ","- ",,,"LOS ANGELES","LOS ANGELES",-118.3795166015625,34.073581695556641
8585336,2018,2018-04-06,1942,2018-03-10,2310,42666,0628,6,5,7,1942,0,0,0,F,0,6A15,"FRANKLIN AV","BEACHWOOD DR",10.00,S,N,C,-,N,,,,,,,,,,N,4,0,1,2,A,-,08,22107,,F,G,B,C,B,H,-,C,A,0,Y,,,,Y,,-,99,0,0,1,0,1,0,0,0,0,"- ","- ",,,"LOS ANGELES","LOS ANGELES",-118.32125854492188,34.105239868164062
8585769,2018,2018-04-25,1942,2018-03-21,1600,39655,0721,3,5,7,1942,0,0,0,G,0,7A21,"GRACIE ALLEN DR","GEORGE BURNS RD",0.00,E,N,B,C,N,,,,,,,,,,N,4,0,1,2,A,-,10,21950,A,N,G,B,C,B,H,-,A,A,0,Y,,,,Y,,I,09,0,0,1,0,1,0,0,0,0,"- ","- ",,,"LOS ANGELES","LOS ANGELES",-118.38163757324219,34.075309753417969
8585923,2018,2018-04-11,1942,2018-03-27,1410,39655,1444,2,5,7,1942,0,0,0,N,0,14A45,"CARTER AV","WASHINGTON BL",130.00,S,N,A,-,N,,,,,,,,,,N,2,0,1,2,A,-,11,21956,A,N,G,B,E,A,H,-,A,D,0,Y,,,,Y,,N,60,1,0,0,0,1,0,0,0,0,"- ","- ",,,"LOS ANGELES","LOS ANGELES",-118.44805908203125,33.989944458007812
8585941,2018,2018-04-10,1942,2018-01-17,1750,40275,0204,3,5,7,1942,0,0,0,B,0,2A12,"N HOOVER ST","CLINTON ST",5.00,W,N,A,-,N,,,,,,,,,,N,4,0,1,2,A,-,10,21950,A,N,G,B,B,A,H,-,C,A,0,Y,,,,Y,,A,01,0,0,1,0,1,0,0,0,0,"- ","- ",,,"LOS ANGELES","LOS ANGELES",-118.28444671630859,34.081760406494141
8585942,2018,2018-04-13,1942,2018-02-26,1345,40099,0164,1,5,7,1942,0,0,0,A,0,1A35,"S SPRING ST","6TH ST",30.00,S,N,A,-,N,,,,,,,,,,N,4,0,1,3,A,-,21,22106,,F,C,E,E,-,H,-,-,D,0,Y,,,,Y,,-,99,0,0,1,0,1,0,0,0,0,"- ","- ",,,"LOS ANGELES","LOS ANGELES",-118.25105285644531,34.045894622802734
8585945,2018,2018-04-10,1942,2018-01-07,1725,34269,0266,7,5,7,1942,0,0,0,B,0,2A75,"W 7TH ST","BONNIE BRAE ST",5.00,E,N,A,-,N,,,,,,,,,,N,3,0,2,2,A,-,12,21453,A,N,H,-,B,A,H,-,C,A,0,Y,Y,,,Y,,L,04,0,1,1,0,1,0,1,0,0,"- ","- ",,,"LOS ANGELES","LOS ANGELES",-118.27455902099609,34.055442810058594
8585959,2018,2018-04-11,1942,2018-03-29,2000,38090,0723,4,5,7,1942,0,0,0,G,0,6T7,"EDINBURGH AV","BEVERLY BL",5.00,S,N,A,-,N,,,,,,,,,,N,4,0,1,2,A,-,10,21950,A,N,G,B,B,A,H,-,C,A,0,Y,,,,Y,,A,01,0,0,1,0,1,0,0,0,0,"- ","- ",,,"LOS ANGELES","LOS ANGELES",-118.36373138427734,34.076087951660156
8585969,2018,2018-04-10,1942,2018-01-25,2055,39062,0237,4,5,7,1942,0,0,0,B,0,2A39,"3RD ST","WITMER ST",175.00,E,N,A,-,N,,,,,,,,,,N,4,0,1,2,A,-,11,21954,A,N,G,B,E,A,H,-,C,A,0,Y,,,,Y,Y,N,60,0,0,1,0,1,0,0,0,0,"- ","- ",,,"LOS ANGELES","LOS ANGELES",-118.26296997070312,34.058853149414062
8585977,2018,2018-04-10,1942,2018-01-25,1930,25115,0275,4,5,7,1942,0,0,0,B,0,2A75,"OLYMPIC BL","BURLINGTON AV",0.00,,Y,A,-,N,,,,,,,,,,N,3,0,1,2,A,-,10,21950,A,N,G,B,B,A,H,-,C,A,0,Y,,,,Y,,A,01,0,1,0,0,1,0,0,0,0,"- ","- ",,,"LOS ANGELES","LOS ANGELES",-118.27654266357422,34.050239562988281
8585984,2018,2018-04-10,1942,2018-03-23,2305,25495,0759,5,5,7,1942,0,0,0,G,0,7A69,"PICO BL","VICTORIA AV",60.00,E,N,A,-,N,,,,,,,,,,N,2,0,1,2,A,-,11,21954,A,N,G,B,D,A,H,-,C,A,0,Y,,,,Y,,N,60,1,0,0,0,1,0,0,0,0,"- ","- ",,,"LOS ANGELES","LOS ANGELES",-118.32786560058594,34.047935485839844
8586462,2018,2018-04-17,1942,2018-02-16,2355,40730,0159,5,5,7,1942,0,0,0,A,0,1A29,"MATEO ST","7TH ST",0.00,,Y,A,-,N,,,,,,,,,,N,4,0,1,2,A,-,10,21950,A,N,G,B,B,A,H,-,C,A,0,Y,,,,Y,,D,22,0,0,1,0,1,0,0,0,0,"- ","- ",,,"LOS ANGELES","LOS ANGELES",-118.2322998046875,34.034599304199219
8586500,2018,2018-05-01,1942,2018-03-22,1349,38256,,4,5,7,1942,0,0,0,,0,1X83,"FIGUEROA ST","5TH ST",3.00,N,N,C,-,N,,,,,,,,,,N,4,0,1,2,A,-,10,21950,A,F,G,B,B,B,H,-,A,A,0,Y,,,,Y,,-,99,0,0,1,0,1,0,0,0,0,"- ","- ",,,"LOS ANGELES","LOS ANGELES",-118.25711059570312,34.052288055419922
8586504,2018,2018-05-07,1942,2018-03-08,0900,43033,0271,4,5,7,1942,0,0,0,B,0,2A91,"JAMES M WOOD BL","SUNBURY ST",0.00,,Y,A,-,N,,,,,,,,,,N,4,0,1,2,A,-,10,21950,A,F,G,B,B,A,H,-,A,A,0,Y,,,,Y,Y,-,99,0,0,1,0,1,0,0,0,0,"- ","- ",,,"LOS ANGELES","LOS ANGELES",-118.26766000000001,34.048360000000002
8586521,2018,2018-04-25,1942,2018-03-21,0635,41536,1842,3,5,7,1942,0,0,0,R,0,18A41,"S SAN PEDRO ST","E 109TH ST",0.00,,Y,A,-,N,,,,,,,,,,N,2,0,1,2,A,-,10,21950,A,N,A,B,B,A,H,-,B,A,0,Y,,,,Y,,D,22,1,0,0,0,1,0,0,0,0,"- ","- ",,,"LOS ANGELES","LOS ANGELES",-118.26953887939453,33.937389373779297
8586541,2018,2018-04-25,1942,2018-04-02,1439,36678,2115,1,5,7,1942,0,0,0,,0,21A5,"ROSCOE BL","REMMET AV",190.00,W,N,A,-,N,,,,,,,,,,N,3,0,1,2,A,-,11,21954,A,N,G,B,E,A,H,-,A,D,0,Y,,,Y,Y,Y,N,60,0,1,0,0,1,0,0,0,0,"- ","- ",,,"LOS ANGELES","LOS ANGELES",-118.60092926025391,34.219741821289062
8586550,2018,2018-04-24,1942,2018-02-12,0730,38502,0129,1,5,7,1942,0,0,0,A,0,1A29,"COMMERCIAL ST","CENTER ST",4.00,W,N,A,-,N,,,,,,,,,,N,4,0,1,2,A,-,10,21950,A,N,G,E,B,A,H,-,A,D,0,Y,,,,Y,,-,"- ",0,0,1,0,1,0,0,0,0,"- ","- ",,,"LOS ANGELES","LOS ANGELES",-118.23139190673828,34.05267333984375
8586806,2018,2018-03-30,1942,2018-03-11,1345,41852,1643,7,5,7,1942,0,0,0,P,0,A37,"VAN NUYS","SAN FERNANDO",0.00,,Y,B,-,N,,,,,,,,,,N,4,0,1,2,A,-,10,21950,A,F,G,B,E,A,H,-,A,A,0,Y,,,,Y,,-,,0,0,1,0,1,0,0,0,0,"- ","- ",,,"LOS ANGELES","LOS ANGELES",-118.42211151123047,34.266101837158203
8586853,2018,2018-04-02,1942,2018-03-14,1610,32850,0509,3,5,7,1942,0,0,0,E,0,5A11,"252ND ST","WESTERN AV",65.00,W,N,B,-,N,,,,,,,,,,N,3,0,1,2,A,-,11,21954,A,N,G,B,D,A,H,-,A,D,0,Y,,,,Y,,N,60,0,1,0,0,1,0,0,0,0,"- ","- ",,,"LOS ANGELES","LOS ANGELES",-118.30787658691406,33.795787811279297
8587965,2018,2018-05-03,1942,2018-03-24,2045,40643,0497,6,5,7,1942,0,0,0,D,0,4A97,"GRANDE VISTA AV","OLYMPIC BL",87.00,S,N,A,-,N,,,,,,,,,,Y,4,0,1,3,A,-,21,22106,,N,C,E,E,A,H,-,C,A,0,Y,,,,Y,,J,48,0,0,1,0,1,0,0,0,0,"- ","- ",,,"LOS ANGELES","LOS ANGELES",-118.21047210693359,34.019889831542969
8588653,2018,2018-04-02,1942,2018-01-11,0010,34332,0154,4,5,7,1942,0,0,0,A,0,1A35,"LOS ANGELES ST","6TH ST",182.00,N,N,A,-,N,,,,,,,,,,N,3,0,1,2,A,-,11,21955,,N,D,B,D,A,H,-,C,A,0,Y,,,,Y,Y,N,60,0,1,0,0,1,0,0,0,0,"- ","- ",,,"LOS ANGELES","LOS ANGELES",,
8589041,2018,2018-04-10,1942,2018-03-12,2235,99395,1494,1,5,7,1942,0,0,0,N,0,LAX,"WORLD WY","WEST WY",0.00,,Y,A,-,N,,,,,,,,,,N,4,0,1,2,A,-,10,21950,A,N,G,B,B,A,H,-,B,A,0,Y,,,,Y,,A,07,0,0,1,0,1,0,0,0,0,"- ","- ",,,"LOS ANGELES","LOS ANGELES",-118.40605926513672,33.944839477539062