CASE_ID,ACCIDENT_YEAR,PROC_DATE,JURIS,COLLISION_DATE,COLLISION_TIME,OFFICER_ID,REPORTING_DISTRICT,DAY_OF_WEEK,CHP_SHIFT,POPULATION,CNTY_CITY_LOC,SPECIAL_COND,BEAT_TYPE,CHP_BEAT_TYPE,CITY_DIVISION_LAPD,CHP_BEAT_CLASS,BEAT_NUMBER,PRIMARY_RD,SECONDARY_RD,DISTANCE,DIRECTION,INTERSECTION,WEATHER_1,WEATHER_2,STATE_HWY_IND,CALTRANS_COUNTY,CALTRANS_DISTRICT,STATE_ROUTE,ROUTE_SUFFIX,POSTMILE_PREFIX,POSTMILE,LOCATION_TYPE,RAMP_INTERSECTION,SIDE_OF_HWY,TOW_AWAY,COLLISION_SEVERITY,NUMBER_KILLED,NUMBER_INJURED,PARTY_COUNT,PRIMARY_COLL_FACTOR,PCF_CODE_OF_VIOL,PCF_VIOL_CATEGORY,PCF_VIOLATION,PCF_VIOL_SUBSECTION,HIT_AND_RUN,TYPE_OF_COLLISION,MVIW,PED_ACTION,ROAD_SURFACE,ROAD_COND_1,ROAD_COND_2,LIGHTING,CONTROL_DEVICE,CHP_ROAD_TYPE,PEDESTRIAN_ACCIDENT,BICYCLE_ACCIDENT,MOTORCYCLE_ACCIDENT,TRUCK_ACCIDENT,NOT_PRIVATE_PROPERTY,ALCOHOL_INVOLVED,STWD_VEHTYPE_AT_FAULT,CHP_VEHTYPE_AT_FAULT,COUNT_SEVERE_INJ,COUNT_VISIBLE_INJ,COUNT_COMPLAINT_PAIN,COUNT_PED_KILLED,COUNT_PED_INJURED,COUNT_BICYCLIST_KILLED,COUNT_BICYCLIST_INJURED,COUNT_MC_KILLED,COUNT_MC_INJURED,PRIMARY_RAMP,SECONDARY_RAMP,LATITUDE,LONGITUDE,COUNTY,CITY,POINT_X,POINT_Y
8610237,2018,2018-05-04,1942,2018-04-19,1830,38321,0923,4,5,7,1942,0,0,0,I,0,9X16,"VAN NUYS BL","KITTRIDGE ST",320.00,N,N,A,-,N,,,,,,,,,,N,4,0,1,2,B,-,22,,,N,G,B,F,A,H,-,A,D,0,Y,,,,Y,,A,01,0,0,1,0,1,0,0,0,0,"- ","- ",,,"LOS ANGELES","LOS ANGELES",-118.44873809814453,34.191535949707031
8610285,2018,2018-05-03,1942,2018-04-20,0945,38996,1685,5,5,7,1942,0,0,0,P,0,16A81,"TUXFORD ST","N GOLDEN STATE FWY",0.00,,Y,A,-,N,,,,,,,,,,N,4,0,1,2,A,-,10,21950,A,F,G,B,B,A,H,-,A,A,0,Y,,,,Y,,-,99,0,0,1,0,1,0,0,0,0,"- ","- ",,,"LOS ANGELES","LOS ANGELES",,
8610328,2018,2018-05-14,1942,2018-04-15,1535,42998,LA100,7,5,7,1942,0,0,0,,0,10A3,"TAMPA AV","STRATHERN ST",0.00,,Y,A,-,N,,,,,,,,,,N,3,0,1,2,A,-,10,21950,A,N,A,B,B,A,H,-,A,A,0,Y,,,,Y,,A,07,0,1,0,0,1,0,0,0,0,"- ","- ",,,"LOS ANGELES","LOS ANGELES",-118.55352020263672,34.215641021728516
8610344,2018,2018-05-08,1942,2018-04-19,1815,41125,,4,5,7,1942,0,0,0,,0,,"VENTURA BL","WOODLEY AV",5.00,W,N,A,-,N,,,,,,,,,,N,4,0,1,2,A,-,10,21950,A,F,G,B,B,A,H,-,A,A,0,Y,,,,Y,,-,99,0,0,1,0,1,0,0,0,0,"- ","- ",,,"LOS ANGELES","LOS ANGELES",-118.48367309570312,34.156360626220703
8610704,2018,2018-05-15,1942,2018-04-21,1445,43125,1342,6,5,7,1942,0,0,0,M,0,13A41,"MARTIN LUTHER KING JR BL","CRAWFORD ST",50.00,E,N,A,-,N,,,,,,,,,,N,4,0,1,2,A,-,21,22106,,N,G,B,F,A,H,-,A,D,0,Y,,,,Y,,A,01,0,0,1,0,1,0,0,0,0,"- ","- ",,,"LOS ANGELES","LOS ANGELES",-118.27102661132812,34.011150360107422
8611159,2018,2018-05-11,1942,2018-04-23,1650,35687,1785,1,5,7,1942,0,0,0,Q,0,10L90,"NORDHOFF ST","RESEDA BL",200.00,E,N,A,-,N,,,,,,,,,,N,4,0,1,2,A,-,00,20015,,M,D,B,F,A,H,-,A,D,0,Y,,,,Y,,-,"- ",0,0,1,0,1,0,0,0,0,"- ","- ",,,"LOS ANGELES","LOS ANGELES",-118.53543090820312,34.235450744628906
8611619,2018,2018-04-20,1942,2018-04-11,2120,41198,1766,3,5,7,1942,0,0,0,Q,0,17A67,"SUPERIOR ST","DONNA AV",150.00,W,N,A,-,N,,,,,,,,,,N,3,0,1,2,A,-,11,21954,A,N,G,B,E,A,H,-,C,A,0,Y,,,,Y,,N,60,0,1,0,0,1,0,0,0,0,"- ","- ",,,"LOS ANGELES","LOS ANGELES",-118.54798889160156,34.246387481689453
8612053,2018,2018-05-10,1942,2018-04-05,1410,38137,1377,4,5,7,1942,0,0,0,M,0,13A27,"55TH ST","COMPTON AV",3.00,E,N,A,-,N,,,,,,,,,,N,4,0,1,2,A,-,11,21956,A,N,-,-,-,A,H,-,A,-,0,Y,,,Y,Y,,N,60,0,0,1,0,1,0,0,0,0,"- ","- ",,,"LOS ANGELES","LOS ANGELES",-118.24775695800781,33.993000030517578
8612192,2018,2018-04-27,1942,2018-04-14,0920,42118,1215,6,5,7,1942,0,0,0,L,0,12A15,"NORMANDIE AV","54TH ST",130.00,S,N,A,-,N,,,,,,,,,,N,4,0,1,2,A,-,03,22350,,N,G,B,E,A,H,-,A,D,0,Y,,,,Y,,A,08,0,0,1,0,1,0,0,0,0,"- ","- ",,,"LOS ANGELES","LOS ANGELES",-118.30020904541016,33.992874145507812
8612195,2018,2018-04-26,1942,2018-04-06,1230,41686,1142,5,5,7,1942,0,0,0,K,0,1142,VERMONT,MELBOURNE,0.00,,Y,A,-,N,,,,,,,,,,N,3,0,1,2,A,-,10,21950,A,N,-,B,B,-,H,-,A,A,0,Y,,,,Y,,-,,0,1,0,0,1,0,0,0,0,"- ","- ",,,"LOS ANGELES","LOS ANGELES",-118.29177093505859,34.103580474853516
8612314,2018,2018-05-09,1942,2018-04-12,1530,33947,1918,4,5,7,1942,0,0,0,,0,,"SAYRE ST","FOOTHILL ST",3.00,W,N,A,-,N,,,,,,,,,,N,3,0,1,2,A,-,10,21950,A,N,G,C,B,A,H,-,A,A,0,Y,,,,Y,,D,22,0,1,0,0,1,0,0,0,0,"- ","- ",,,"LOS ANGELES","LOS ANGELES",-118.43378448486328,34.310123443603516
8612323,2018,2018-04-27,1942,2018-04-12,1355,31688,1008,4,5,7,1942,0,0,0,J,0,10A39,"VANOWEN ST","HAYVENHURST AV",276.00,E,N,G,-,N,,,,,,,,,,Y,3,0,2,2,B,-,22,,,N,E,I,F,A,H,-,A,D,0,Y,,,,Y,,A,01,0,1,1,0,1,0,0,0,0,"- ","- ",,,"LOS ANGELES","LOS ANGELES",-118.49148559570312,34.193912506103516
8612379,2018,2018-04-27,1942,2018-04-10,1700,32372,1794,2,5,7,1942,0,0,0,Q,0,17A67,"CHASE ST","AMIGO AV",132.00,E,N,A,-,N,,,,,,,,,,N,4,0,1,2,A,-,11,21954,A,N,G,B,E,A,H,-,A,D,0,Y,,,,Y,,N,60,0,0,1,0,1,0,0,0,0,"- ","- ",,,"LOS ANGELES","LOS ANGELES",-118.53786468505859,34.224590301513672
8613045,2018,2018-05-11,1942,2018-04-16,1715,38805,1142,1,5,7,1942,0,0,0,K,0,11A12,"LOS FELIZ BL","HILLHURST AV",0.00,,Y,A,-,N,,,,,,,,,,N,3,0,1,2,A,-,12,21453,A,N,A,B,B,A,H,-,A,A,0,Y,,,,Y,,A,01,0,1,0,0,1,0,0,0,0,"- ","- ",,,"LOS ANGELES","LOS ANGELES",-118.28743743896484,34.111888885498047
8613963,2018,2019-01-29,1942,2018-02-13,1340,32416,0488,2,5,7,1942,0,0,0,D,0,4A97,"S CONCORD ST","8TH ST",111.00,S,N,A,-,N,,,,,,,,,,N,1,1,0,2,A,-,11,21954,A,N,G,B,D,A,H,-,A,D,0,Y,,,,Y,,N,60,0,0,0,1,0,0,0,0,0,"- ","- ",,,"LOS ANGELES","LOS ANGELES",-118.20718383789062,34.022300720214844
8614005,2018,2018-04-26,1942,2018-04-02,1845,42364,1267,1,5,7,1942,0,0,0,L,0,25T23,"W MANCHESTER AV","S BROADWAY",136.00,E,N,A,-,N,,,,,,,,,,N,3,0,1,2,A,-,09,21804,A,N,G,B,E,A,H,-,C,-,0,Y,,,,Y,,N,60,0,1,0,0,1,0,0,0,0,"- ","- ",,,"LOS ANGELES","LOS ANGELES",-118.27783203125,33.960079193115234
8614811,2018,2018-05-08,1942,2018-03-21,1530,41376,0666,3,5,7,1942,0,0,0,F,0,6T4,"VINE ST","SELMA AV",0.00,,Y,C,-,N,,,,,,,,,,N,4,0,1,2,A,-,11,21954,A,N,G,B,E,B,H,-,A,A,0,Y,,,,Y,,N,60,0,0,1,0,1,0,0,0,0,"- ","- ",,,"LOS ANGELES","LOS ANGELES",-118.32666778564453,34.099800109863281
8614952,2018,2018-05-10,1942,2018-04-22,0220,41474,0909,7,5,7,1942,0,0,0,I,0,009,"WOODMAN PL","WOODMAN AV",0.00,,-,A,-,N,,,,,,,,,,N,4,0,1,2,A,-,01,23152,A,F,G,B,E,-,H,-,C,D,0,Y,,,,Y,Y,D,22,0,0,1,0,1,0,0,0,0,"- ","- ",,,"LOS ANGELES","LOS ANGELES",-118.43125915527344,34.207160949707031
8616291,2018,2018-05-21,1942,2018-04-25,1250,43108,1139,3,5,7,1942,0,0,0,K,0,11A25,"ARROYO GLEN",FIGUEROA,0.00,,Y,A,-,N,,,,,,,,,,N,3,0,1,2,A,-,10,21950,A,N,A,A,B,A,H,-,A,D,0,Y,,,,Y,,D,22,0,1,0,0,0,0,0,0,0,"- ","- ",,,"LOS ANGELES","LOS ANGELES",-118.18620300292969,34.113658905029297
8616295,2018,2018-05-21,1942,2018-04-29,0100,42008,1116,7,5,7,1942,0,0,0,K,0,11A71,"EL PASO DR","AVENUE 50",0.00,,Y,A,-,N,,,,,,,,,,N,4,0,1,2,A,-,10,21950,A,N,G,B,B,A,H,-,C,A,0,Y,,,,Y,,D,22,0,0,1,0,1,0,0,0,0,"- ","- ",,,"LOS ANGELES","LOS ANGELES",-118.20796203613281,34.113090515136719
8616323,2018,2018-05-17,1942,2018-03-23,1025,38357,0245,5,5,7,1942,0,0,0,B,0,2A45,"PARK VIEW ST","N 7TH ST",261.00,S,N,A,-,N,,,,,,,,,,N,4,0,1,2,A,-,11,21956,A,N,G,B,E,A,H,-,A,D,0,Y,,,,Y,,N,60,0,0,1,0,1,0,0,0,0,"- ","- ",,,"LOS ANGELES","LOS ANGELES",-118.280517578125,34.058120727539062
8616327,2018,2018-05-17,1942,2018-03-22,2220,40730,0266,4,5,7,1942,0,0,0,B,0,2A75,"BURLINGTON AV","8TH ST",0.00,,Y,C,-,N,,,,,,,,,,N,3,0,1,2,A,-,10,21950,A,N,G,B,B,B,H,-,C,A,0,Y,,,,Y,Y,A,07,0,1,0,0,1,0,0,0,0,"- ","- ",,,"LOS ANGELES","LOS ANGELES",-118.27451324462891,34.053379058837891
8616343,2018,2018-05-17,1942,2018-03-26,1520,40099,0245,1,5,7,1942,0,0,0,B,0,2A45,"W 6TH ST","GRAND VIEW ST",2.00,W,N,A,-,N,,,,,,,,,,Y,3,0,1,2,A,-,10,21950,A,N,G,B,B,A,H,-,A,A,0,Y,,,,Y,,A,01,0,1,0,0,1,0,0,0,0,"- ","- ",,,"LOS ANGELES","LOS ANGELES",-118.27698516845703,34.060482025146484
8616746,2018,2018-05-15,1942,2018-03-30,2115,41719,721,5,5,7,1942,0,0,0,,0,7A21,"SHERBOURNE DR","3RD ST",0.00,,Y,A,-,N,,,,,,,,,,N,4,0,1,2,A,-,10,21950,A,N,A,B,B,A,H,-,C,A,0,Y,,,,Y,,A,01,0,0,1,0,1,0,0,0,0,"- ","- ",,,"LOS ANGELES","LOS ANGELES",-118.3795166015625,34.073581695556641
8616841,2018,2018-05-16,1942,2018-02-16,1510,40099,1363,5,5,7,1942,0,0,0,M,0,13A61,"AVALON BL","48TH ST",2.00,N,N,A,-,N,,,,,,,,,,N,4,0,1,2,A,-,12,21453,A,N,G,B,B,A,H,-,A,A,0,Y,,,,Y,,A,01,0,0,1,0,1,0,0,0,0,"- ","- ",,,"LOS ANGELES","LOS ANGELES",-118.26525115966797,33.999736785888672
8617195,2018,2018-05-24,1942,2018-04-16,0002,41629,1147,1,5,7,1942,0,0,0,K,0,11A89,"CYPRESS AV","MACON ST",68.00,N,N,A,-,N,,,,,,,,,,Y,2,0,4,6,A,-,01,23152,A,N,C,C,E,A,H,-,C,D,0,Y,,,,Y,Y,D,22,2,2,0,0,3,0,0,0,0,"- ","- ",,,"LOS ANGELES","LOS ANGELES",-118.23484039306641,34.1009521484375
8617199,2018,2018-05-29,1942,2018-03-31,1630,42418,203,6,5,7,1942,0,0,0,,0,2A56,"MARATHON ST","MADISON AV",150.00,W,N,A,-,N,,,,,,,,,,N,3,0,1,2,A,-,03,22350,A,N,G,B,-,A,H,-,A,D,0,Y,,,,Y,,D,22,0,1,0,0,1,0,0,0,0,"- ","- ",,,"LOS ANGELES","LOS ANGELES",-118.28969573974609,34.084617614746094
8617320,2018,2018-05-24,1942,2018-05-01,2030,40235,0705,2,5,7,1942,0,0,0,G,0,6T7,"MELROSE AV","FORMOSA AV",4.00,E,N,A,-,N,,,,,,,,,,N,4,0,1,2,A,-,10,21950,A,N,G,B,B,A,H,-,C,A,0,Y,,,,Y,,A,01,0,0,1,0,1,0,0,0,0,"- ","- ",,,"LOS ANGELES","LOS ANGELES",-118.34623718261719,34.083499908447266
8617502,2018,2018-05-24,1942,2018-03-20,1225,32973,0265,2,5,7,1942,0,0,0,B,0,2A75,"WEST 8TH ST","LAKE ST",65.00,W,N,B,-,N,,,,,,,,,,N,3,0,1,2,A,-,11,21954,A,N,G,B,D,A,H,-,A,A,0,Y,,,,Y,,N,60,0,1,0,0,1,0,0,0,0,"- ","- ",,,"LOS ANGELES","LOS ANGELES",-118.27912139892578,34.055461883544922
8618028,2018,2018-05-23,1942,2018-05-10,2115,36589,0563,4,5,7,1942,0,0,0,E,0,5A58,"GAFFEY ST","12TH ST",0.00,,Y,A,-,N,,,,,,,,,,N,3,0,1,2,A,-,01,23152,A,N,G,B,B,A,H,-,C,A,0,Y,,,,Y,Y,A,01,0,1,0,0,1,0,0,0,0,"- ","- ",,,"LOS ANGELES","LOS ANGELES",-118.29237365722656,33.733329772949219
8618721,2018,2018-05-18,1942,2018-04-21,2150,40325,0256,6,5,7,1942,0,0,0,B,0,2A56,"WILSHIRE BL","UNION AV",80.00,W,N,A,-,N,,,,,,,,,,N,4,0,1,2,A,-,11,21954,A,N,G,B,D,A,H,-,C,A,0,Y,,,,Y,,N,60,0,0,1,0,1,0,0,0,0,"- ","- ",,,"LOS ANGELES","LOS ANGELES",-118.27041625976562,34.05548095703125
8618980,2018,2018-05-18,1942,2018-04-05,2205,42804,0398,4,5,7,1942,0,0,0,C,0,3A99,"FIGUEROA ST","41ST PL",10.00,N,N,A,-,N,,,,,,,,,,N,2,0,1,2,A,-,11,21954,A,N,G,B,D,A,H,-,C,A,0,Y,,,,Y,Y,N,60,1,0,0,0,1,0,0,0,0,"- ","- ",,,"LOS ANGELES","LOS ANGELES",-118.28273010253906,34.008327484130859
8619334,2018,2018-05-22,1942,2018-05-02,1720,43194,1705,3,5,7,1942,0,0,0,Q,0,17A74,"SESNON BL","BALBOA BL",5.00,,N,B,-,N,,,,,,,,,,N,4,0,1,2,A,-,11,21456,B,N,G,B,E,A,H,-,A,A,0,Y,,,,Y,,N,60,0,0,1,0,1,0,0,0,0,"- ","- ",,,"LOS ANGELES","LOS ANGELES",-118.50179290771484,34.310359954833984
8619452,2018,2018-05-23,1942,2018-05-06,1325,38471,0926,7,5,7,1942,0,0,0,I,0,9A41W2,"VICTORY BL","SYLMAR AV",6.00,E,N,A,-,N,,,,,,,,,,N,4,0,1,2,A,-,10,21950,A,F,A,B,B,A,H,-,A,A,0,Y,,,,Y,,-,99,0,0,1,0,1,0,0,0,0,"- ","- ",,,"LOS ANGELES","LOS ANGELES",-118.44651031494141,34.186668395996094
8619854,2018,2018-05-23,1942,2018-05-14,1510,37614,0721,1,5,7,1942,0,0,0,G,0,7A21,"GRACIE ALLEN DR","GEORGE BURNS RD",320.00,E,N,A,-,N,,,,,,,,,,N,3,0,1,2,A,-,00,20015,A,F,G,B,C,A,H,-,A,A,0,Y,,,,Y,,-,"- ",0,1,0,0,1,0,0,0,0,"- ","- ",,,"LOS ANGELES","LOS ANGELES",-118.38058471679688,34.075294494628906
8619907,2018,2018-05-23,1942,2018-05-09,2030,37304,1728,3,5,7,1942,0,0,0,Q,0,17T17,"CHIMINEAS AV","RINALDI ST",15.00,N,N,A,-,N,,,,,,,,,,N,4,0,1,2,A,-,10,21950,A,N,G,B,B,A,H,-,C,A,0,Y,,,,Y,,A,01,0,0,1,0,1,0,0,0,0,"- ","- ",,,"LOS ANGELES","LOS ANGELES",-118.53026580810547,34.278030395507812
8619918,2018,2018-05-23,1942,2018-05-02,0800,31573,0676,3,5,7,1942,0,0,0,F,0,6A77,"WARING AV","W HUDSON AV",0.00,,Y,A,-,N,,,,,,,,,,N,3,0,1,2,A,-,11,21954,A,N,B,B,B,A,H,-,A,-,0,Y,,,,Y,,N,60,0,1,0,0,1,0,0,0,0,"- ","- ",,,"LOS ANGELES","LOS ANGELES",-118.33206176757812,34.085281372070312
8619945,2018,2018-05-23,1942,2018-05-10,2225,40634,0984,4,5,7,1942,0,0,0,I,0,9A89,"VENTURA BL","CEDROS AV",0.00,,Y,A,-,N,,,,,,,,,,N,3,0,1,2,A,-,11,21456,B,N,G,B,B,A,H,-,C,A,0,Y,,,,Y,,N,60,0,1,0,0,1,0,0,0,0,"- ","- ",,,"LOS ANGELES","LOS ANGELES",-118.45304870605469,34.151641845703125
8620038,2018,2018-06-07,1942,2018-04-09,0735,31674,1213,1,5,7,1942,0,0,0,L,0,25MQ14,"RUTHELEN ST","SLAUSON AV",120.00,N,N,A,-,N,,,,,,,,,,N,3,0,1,2,A,-,03,22350,,F,B,B,-,A,H,-,A,D,0,Y,,,,Y,,-,99,0,1,0,0,1,0,0,0,0,"- ","- ",,,"LOS ANGELES","LOS ANGELES",-118.31260681152344,33.989448547363281
8620826,2018,2018-05-23,1942,2018-05-09,0925,41179,2093,3,5,7,1942,0,0,0,,0,20A71,"WASHINGTON BL","KINGSLEY DR",5.00,W,N,A,-,N,,,,,,,,,,N,3,0,1,2,A,-,10,21950,A,F,G,B,B,A,H,-,A,A,0,Y,,,,Y,,-,99,0,1,0,0,1,0,0,0,0,"- ","- ",,,"LOS ANGELES","LOS ANGELES",-118.30338287353516,34.039981842041016
8621092,2018,2018-05-22,1942,2018-04-28,0735,36553,1424,6,5,7,1942,0,0,0,N,0,14A25,"INGLEWOOD BL","NAVY ST",0.00,,Y,A,-,N,,,,,,,,,,N,4,0,1,2,A,-,12,22450,A,F,G,B,B,A,H,-,A,A,0,Y,,,,Y,,-,99,0,0,1,0,1,0,0,0,0,"- ","- ",,,"LOS ANGELES","LOS ANGELES",-118.43962097167969,34.019680023193359
8621202,2018,2018-05-24,1942,2018-05-12,1300,37636,0237,6,5,7,1942,0,0,0,B,0,2A1,"3RD ST","WITMER ST",0.00,,Y,B,-,N,,,,,,,,,,N,4,0,2,2,A,-,10,21950,A,N,G,B,B,A,H,-,A,A,0,Y,,,,Y,,A,01,0,0,2,0,1,0,0,0,0,"- ","- ",,,"LOS ANGELES","LOS ANGELES",-118.26348114013672,34.059070587158203
8621326,2018,2018-05-24,1942,2018-05-07,2110,42417,1543,1,5,7,1942,0,0,0,O,0,15A03,"LAUREL CANYON BL","SHERMAN WY",0.00,,Y,A,-,N,,,,,,,,,,N,4,0,1,2,A,-,11,21950,B,N,G,B,B,A,H,-,C,A,0,Y,,,,Y,Y,N,60,0,0,1,0,1,0,0,0,0,"- ","- ",,,"LOS ANGELES","LOS ANGELES",-118.39650726318359,34.200660705566406
8621334,2018,2018-05-24,1942,2018-05-06,1310,36320,NHWD,7,5,7,1942,0,0,0,,0,1511,"SHERMAN WY","ETHAN AV",10.00,E,N,A,-,N,,,,,,,,,,N,3,0,2,3,A,-,11,21950,B,N,G,B,B,A,H,-,A,A,0,Y,,,,Y,,N,60,0,2,0,0,2,0,0,0,0,"- ","- ",,,"LOS ANGELES","LOS ANGELES",,
8621437,2018,2018-05-23,1942,2018-04-24,1315,34458,0407,2,5,7,1942,0,0,0,D,0,4A3,"HUNTINGTON DR","MONTEREY RD",9.00,W,N,A,-,N,,,,,,,,,,N,4,0,1,2,A,-,10,21950,A,N,G,B,B,A,H,-,A,A,0,Y,,,,Y,,A,01,0,0,1,0,1,0,0,0,0,"- ","- ",,,"LOS ANGELES","LOS ANGELES",-118.18753051757812,34.086212158203125
8621458,2018,2018-05-23,1942,2018-05-12,1010,34482,1961,6,5,7,1942,0,0,0,,0,19A61,"NORDHOFF ST","LANGDON AV",0.00,,Y,C,-,N,,,,,,,,,,Y,3,0,2,4,A,-,12,21453,A,N,D,C,B,B,H,-,A,A,0,Y,,,,Y,,A,01,0,1,1,0,1,0,0,0,0,"- ","- ",,,"LOS ANGELES","LOS ANGELES",-118.46977996826172,34.235549926757812
8621623,2018,2018-05-30,1942,2018-04-03,1104,38233,1313,2,5,7,1942,0,0,0,M,0,13A13,"EAST WASHINGTON BL","MAPLE AV",14.00,E,N,A,-,N,,,,,,,,,,N,3,0,1,2,A,-,10,21950,A,N,G,B,B,A,H,-,A,A,0,Y,,,,Y,,A,08,0,1,0,0,1,0,0,0,0,"- ","- ",,,"LOS ANGELES","LOS ANGELES",-118.26143646240234,34.029472351074219
8621678,2018,2018-05-31,1942,2018-04-12,0810,32973,1321,4,5,7,1942,0,0,0,M,0,13A13,"S GRAND AV",23RD,100.00,S,N,A,-,N,,,,,,,,,,N,4,0,1,2,A,-,21,22106,,N,G,B,E,A,H,-,-,D,0,Y,,,,Y,,A,01,0,0,1,0,1,0,0,0,0,"- ","- ",,,"LOS ANGELES","LOS ANGELES",-118.29026031494141,33.723075866699219
8622583,2018,2018-06-04,1942,2018-05-12,0840,39395,0165,6,5,7,1942,0,0,0,A,0,1A35,"WALL ST","7TH ST",280.00,S,N,A,B,N,,,,,,,,,,N,3,0,1,2,A,-,11,21955,,N,G,B,D,A,G,-,A,D,0,Y,,,,Y,,N,60,0,1,0,0,1,0,0,0,0,"- ","- ",,,"LOS ANGELES","LOS ANGELES",-118.24909210205078,34.041351318359375
8622698,2018,2018-06-06,1942,2018-05-15,2100,41571,1327,2,5,7,1942,0,0,0,M,0,13A27,41ST,"COMPTON AV",0.00,,Y,A,-,N,,,,,,,,,,N,4,0,1,2,A,-,09,21801,A,N,G,B,B,A,-,-,B,A,0,Y,,,,Y,,D,22,0,0,1,0,1,0,0,0,0,"- ","- ",,,"LOS ANGELES","LOS ANGELES",-118.25064849853516,34.009059906005859
8622793,2018,2018-06-04,1942,2018-05-04,1500,39759,0135,5,5,7,1942,0,0,0,A,0,1A35,"S SPRING ST","W 4TH ST",0.00,,Y,A,-,N,,,,,,,,,,N,4,0,2,3,A,-,10,21950,A,N,G,-,B,A,H,-,A,A,0,Y,,,,Y,,-,"- ",0,0,2,0,2,0,0,0,0,"- ","- ",,,"LOS ANGELES","LOS ANGELES",-118.24830627441406,34.048839569091797
8623248,2018,2018-06-08,1942,2018-05-09,1240,35769,0119,3,5,7,1942,0,0,0,A,0,1A35,"VIGNES ST","RAMIREZ ST",27.00,N,N,A,-,N,,,,,,,,,,N,3,0,1,2,A,-,10,21950,,N,-,B,B,A,H,-,A,A,0,Y,,,,Y,,I,20,0,1,0,0,1,0,0,0,0,"- ","- ",,,"LOS ANGELES","LOS ANGELES",-118.23221588134766,34.055152893066406
8623549,2018,2018-05-29,1942,2018-03-26,1045,36460,0452,1,5,7,1942,0,0,0,D,0,4A71,"PLEASANT AV","PROGRESS PL",26.00,N,N,A,-,N,,,,,,,,,,N,3,0,1,2,A,-,11,21954,A,N,G,B,E,A,H,-,A,D,0,Y,,,,Y,,N,60,0,1,0,0,1,0,0,0,0,"- ","- ",,,"LOS ANGELES","LOS ANGELES",-118.22261047363281,34.052669525146484
8624382,2018,2018-05-31,1942,2018-04-18,1610,40476,2014,3,5,7,1942,0,0,0,,0,20A44,"ARDMORE AV","2ND ST",8.00,S,N,A,-,N,,,,,,,,,,N,3,0,1,2,A,-,11,21950,B,N,G,B,B,A,H,-,A,A,0,Y,,,,Y,,N,60,0,1,0,0,1,0,0,0,0,"- ","- ",,,"LOS ANGELES","LOS ANGELES",-118.30165100097656,34.071159362792969
8624782,2018,2018-06-20,1942,2018-05-12,2025,40275,0157,6,5,7,1942,0,0,0,A,0,1A29,"CROCKER ST","EAST 6TH ST",0.00,,Y,A,-,N,,,,,,,,,,Y,3,0,5,3,A,-,00,21056,,N,D,C,F,A,H,-,C,A,0,Y,,,,Y,,J,48,0,2,3,0,1,0,0,0,0,"- ","- ",,,"LOS ANGELES","LOS ANGELES",-118.24436187744141,34.041709899902344
8625099,2018,2018-05-29,1942,2018-04-27,1600,34968,1331,5,5,7,1942,0,0,0,M,0,13A63,"JEFFERSON BL","S GRAND AV",0.00,,Y,A,-,N,,,,,,,,,,N,4,0,1,2,A,-,10,21950,A,N,G,B,B,A,H,-,A,A,0,Y,,,,Y,,A,01,0,0,1,0,1,0,0,0,0,"- ","- ",,,"LOS ANGELES","LOS ANGELES",-118.27619171142578,34.020248413085938
8625115,2018,2018-05-29,1942,2018-04-17,0805,38233,1362,2,5,7,1942,0,0,0,M,0,13A61,"S MAIN ST","52ND ST",9.00,W,N,A,-,N,,,,,,,,,,N,4,0,1,2,A,-,00,21952,A,N,H,-,F,A,H,-,A,D,0,Y,Y,,,Y,,L,04,0,0,1,0,1,0,0,0,0,"- ","- ",,,"LOS ANGELES","LOS ANGELES",-118.27397155761719,33.995571136474609
8625147,2018,2018-06-05,1942,2018-03-23,2230,41129,1488,5,5,7,1942,0,0,0,N,0,14A56,"AIRPORT BL","98TH ST",31.00,N,N,A,-,N,,,,,,,,,,N,4,0,1,2,A,-,11,21954,A,N,G,B,D,A,H,-,C,A,0,Y,,,,Y,,N,60,0,0,1,0,1,0,0,0,0,"- ","- ",,,"LOS ANGELES","LOS ANGELES",-118.385986328125,33.947425842285156
8625237,2018,2018-05-30,1942,2018-05-08,1805,37631,1118,2,5,7,1942,0,0,0,K,0,11A42,"NORTH FIGUEROA ST","AVENUE 59",0.00,,Y,A,-,N,,,,,,,,,,N,2,0,1,2,A,-,10,21950,A,N,G,B,B,A,H,-,A,A,0,Y,,,,Y,,A,01,1,0,0,0,1,0,0,0,0,"- ","- ",,,"LOS ANGELES","LOS ANGELES",-118.19098663330078,34.110488891601562
8625635,2018,2018-06-01,1942,2018-03-22,2015,42987,1487,4,5,7,1942,0,0,0,N,0,14A67,"SEPULVEDA BL","MANCHESTER AV",0.00,,N,C,-,N,,,,,,,,,,N,4,0,1,2,A,-,10,21950,A,N,G,B,B,B,H,-,C,A,0,Y,,,,Y,,A,07,0,0,1,0,1,0,0,0,0,"- ","- ",,,"LOS ANGELES","LOS ANGELES",-118.39623260498047,33.959918975830078