CASE_ID,ACCIDENT_YEAR,PROC_DATE,JURIS,COLLISION_DATE,COLLISION_TIME,OFFICER_ID,REPORTING_DISTRICT,DAY_OF_WEEK,CHP_SHIFT,POPULATION,CNTY_CITY_LOC,SPECIAL_COND,BEAT_TYPE,CHP_BEAT_TYPE,CITY_DIVISION_LAPD,CHP_BEAT_CLASS,BEAT_NUMBER,PRIMARY_RD,SECONDARY_RD,DISTANCE,DIRECTION,INTERSECTION,WEATHER_1,WEATHER_2,STATE_HWY_IND,CALTRANS_COUNTY,CALTRANS_DISTRICT,STATE_ROUTE,ROUTE_SUFFIX,POSTMILE_PREFIX,POSTMILE,LOCATION_TYPE,RAMP_INTERSECTION,SIDE_OF_HWY,TOW_AWAY,COLLISION_SEVERITY,NUMBER_KILLED,NUMBER_INJURED,PARTY_COUNT,PRIMARY_COLL_FACTOR,PCF_CODE_OF_VIOL,PCF_VIOL_CATEGORY,PCF_VIOLATION,PCF_VIOL_SUBSECTION,HIT_AND_RUN,TYPE_OF_COLLISION,MVIW,PED_ACTION,ROAD_SURFACE,ROAD_COND_1,ROAD_COND_2,LIGHTING,CONTROL_DEVICE,CHP_ROAD_TYPE,PEDESTRIAN_ACCIDENT,BICYCLE_ACCIDENT,MOTORCYCLE_ACCIDENT,TRUCK_ACCIDENT,NOT_PRIVATE_PROPERTY,ALCOHOL_INVOLVED,STWD_VEHTYPE_AT_FAULT,CHP_VEHTYPE_AT_FAULT,COUNT_SEVERE_INJ,COUNT_VISIBLE_INJ,COUNT_COMPLAINT_PAIN,COUNT_PED_KILLED,COUNT_PED_INJURED,COUNT_BICYCLIST_KILLED,COUNT_BICYCLIST_INJURED,COUNT_MC_KILLED,COUNT_MC_INJURED,PRIMARY_RAMP,SECONDARY_RAMP,LATITUDE,LONGITUDE,COUNTY,CITY,POINT_X,POINT_Y
8625639,2018,2018-06-01,1942,2018-03-23,1630,43251,1437,5,5,7,1942,0,0,0,N,0,,"SEPULVEDA BL","VENICE AV",5.00,S,N,A,-,N,,,,,,,,,,N,3,0,1,3,A,-,10,21950,A,N,G,B,B,A,H,-,A,A,0,Y,,,,Y,,A,01,0,1,0,0,1,0,0,0,0,"- ","- ",,,"LOS ANGELES","LOS ANGELES",-118.41725158691406,34.012981414794922
8625747,2018,2018-06-05,1942,2018-04-18,0750,36184,0312,3,5,7,1942,0,0,0,C,0,3A1,"REDONDO BL","WESTHAVEN AV",0.00,,Y,A,-,N,,,,,,,,,,N,4,0,1,2,A,-,10,21950,A,N,G,B,B,A,H,-,A,A,0,Y,,,,Y,,-,,0,0,1,0,1,0,0,0,0,"- ","- ",,,"LOS ANGELES","LOS ANGELES",-118.3572998046875,34.030078887939453
8625831,2018,2018-06-07,1942,2018-05-04,1650,42373,0854,5,5,7,1942,0,0,0,H,0,8A98W7,"PONTIUS AV","SANTA MONICA BL",5.00,N,N,A,-,N,,,,,,,,,,N,4,0,1,2,A,-,08,22107,,N,G,B,B,A,H,-,A,A,0,Y,,,,Y,,D,22,0,0,1,0,1,0,0,0,0,"- ","- ",,,"LOS ANGELES","LOS ANGELES",-118.44502258300781,34.047451019287109
8625857,2018,2018-05-30,1942,2018-04-27,1745,42793,2035,5,5,7,1942,0,0,0,,0,20A34,"WILSHIRE BL","NORMANDIE AV",0.00,,Y,A,-,N,,,,,,,,,,N,3,0,1,2,A,-,10,21950,A,N,G,B,B,A,H,-,A,A,0,Y,,,,Y,,A,01,0,1,0,0,1,0,0,0,0,"- ","- ",,,"LOS ANGELES","LOS ANGELES",-118.30039215087891,34.061740875244141
8625929,2018,2018-05-31,1942,2018-05-21,2220,41977,0335,1,5,7,1942,0,0,0,C,0,3A31,"ARLINGTON AV","W 31ST ST",0.00,,Y,A,-,N,,,,,,,,,,N,2,0,1,2,A,-,10,21950,A,F,G,B,B,A,H,-,C,A,0,Y,,,,Y,,-,99,1,0,0,0,1,0,0,0,0,"- ","- ",,,"LOS ANGELES","LOS ANGELES",-118.31766,34.02646
8625966,2018,2018-06-01,1942,2018-05-16,0945,39022,0849,3,5,7,1942,0,0,0,H,0,8TL35,"PICO BL","CORNING ST",100.00,E,N,A,-,N,,,,,,,,,,N,3,0,1,2,A,-,09,21804,A,F,G,B,F,A,H,-,A,D,0,Y,,,,Y,,-,99,0,1,0,0,1,0,0,0,0,"- ","- ",,,"LOS ANGELES","LOS ANGELES",-118.37703704833984,34.053504943847656
8625982,2018,2018-06-01,1942,2018-05-17,0842,38721,1443,4,5,7,1942,0,0,0,N,0,7T23,"JEFFERSON BL","PLAYA VISTA DR",450.00,E,N,A,-,N,,,,,,,,,,N,4,0,1,2,A,-,11,21954,A,F,G,B,D,A,H,-,A,D,0,Y,,,,Y,,N,60,0,0,1,0,1,0,0,0,0,"- ","- ",,,"LOS ANGELES","LOS ANGELES",-118.42642974853516,33.973884582519531
8625990,2018,2018-06-01,1942,2018-05-03,1420,35729,2044,4,5,7,1942,0,0,0,,0,20A13,"IROLO ST","JAMES M WOOD",175.00,S,N,A,-,N,,,,,,,,,,N,4,0,1,2,B,-,22,,,N,H,B,F,A,H,-,A,D,0,Y,Y,,,Y,,L,04,0,0,1,0,1,0,0,0,0,"- ","- ",,,"LOS ANGELES","LOS ANGELES",,
8626004,2018,2018-06-06,1942,2018-05-17,0745,42565,0943,4,5,7,1942,0,0,0,I,0,9A41,"BURBANK BL","VAN NUYS BL",7.00,W,N,A,-,N,,,,,,,,,,N,4,0,1,2,A,-,10,21950,A,F,G,B,B,A,H,-,A,D,0,Y,,,,Y,Y,-,99,0,0,1,0,1,0,0,0,0,"- ","- ",,,"LOS ANGELES","LOS ANGELES",-118.44876098632812,34.172111511230469
8626055,2018,2018-06-06,1942,2018-05-20,1735,40165,1034,7,5,7,1942,0,0,0,J,0,10A21,"RESEDA BL","ERWIN ST",278.00,N,N,B,-,N,,,,,,,,,,N,3,0,1,2,A,-,11,21956,A,F,G,B,D,A,H,-,A,D,0,Y,,,,Y,,N,60,0,1,0,0,1,0,0,0,0,"- ","- ",,,"LOS ANGELES","LOS ANGELES",-118.53603363037109,34.184654235839844
8626492,2018,2018-06-06,1942,2018-05-17,1720,37770,0727,4,5,7,1942,0,0,0,G,0,7A17,"1ST ST","HIGHLAND AV",47.00,E,N,A,-,N,,,,,,,,,,N,3,0,1,2,A,-,11,21954,A,N,G,B,D,A,H,-,A,D,0,Y,,,,Y,,N,60,0,1,0,0,1,0,0,0,0,"- ","- ",,,"LOS ANGELES","LOS ANGELES",-118.33849334716797,34.073581695556641
8626513,2018,2018-06-04,1942,2018-04-12,1645,40690,0727,4,5,7,1942,0,0,0,G,0,7A17,"S HIGHLAND AV","3RD ST",60.00,N,N,A,-,N,,,,,,,,,,N,4,0,1,3,A,-,13,22515,B,F,G,C,E,A,H,-,A,D,0,Y,,,,Y,,-,99,0,0,1,0,1,0,0,0,0,"- ","- ",,,"LOS ANGELES","LOS ANGELES",-118.33863830566406,34.069072723388672
8626554,2018,2018-06-06,1942,2018-04-14,2357,43117,1383,6,5,7,1942,0,0,0,M,0,4A9W3,"W 59TH PL","S BROADWAY",0.00,,Y,A,-,N,,,,,,,,,,N,4,0,1,2,A,-,10,21950,A,F,G,B,B,A,-,-,C,A,0,Y,,,,Y,,-,99,0,0,1,0,1,0,0,0,0,"- ","- ",,,"LOS ANGELES","LOS ANGELES",-118.27828979492188,33.986000061035156
8626592,2018,2018-06-04,1942,2018-03-16,2000,41747,0514,5,5,7,1942,0,0,0,E,0,5A15,"WILMINGTON BL","W ANAHEIM ST",0.00,,Y,C,-,N,,,,,,,,,,N,3,0,4,5,A,-,10,21950,A,N,G,B,B,B,H,-,C,A,0,Y,,,,Y,,A,01,0,1,3,0,4,0,0,0,0,"- ","- ",,,"LOS ANGELES","LOS ANGELES",-118.274169921875,33.779331207275391
8626604,2018,2018-06-06,1942,2018-04-09,1300,35267,0337,1,5,7,1942,0,0,0,C,0,3A15,"W 29TH ST","RAYMOND AV",10.00,W,N,A,-,N,,,,,,,,,,N,3,0,1,2,A,-,10,21950,A,F,G,B,B,A,H,-,A,D,0,Y,,,,Y,,-,99,0,1,0,0,1,0,0,0,0,"- ","- ",,,"LOS ANGELES","LOS ANGELES",-118.29807281494141,34.029148101806641
8627361,2018,2018-06-05,1942,2018-05-14,2040,35024,0457,1,5,7,1942,0,0,0,D,0,4A53,"EAST CESAR E CHAVEZ AV","MOTT ST",5.00,W,N,A,-,N,,,,,,,,,,N,3,0,1,2,A,-,10,21950,A,F,G,B,D,A,H,-,C,A,0,Y,,,,Y,,-,99,0,1,0,0,1,0,0,0,0,"- ","- ",,,"LOS ANGELES","LOS ANGELES",-118.20408630371094,34.045185089111328
8627785,2018,2018-06-12,1942,2018-05-09,1840,43212,0647,3,5,7,1942,0,0,0,F,0,6A48,"CARLTON WY","GORDON ST",42.00,E,N,A,-,N,,,,,,,,,,N,3,0,1,2,A,-,11,21954,A,N,G,B,D,A,H,-,A,A,0,Y,,,,Y,,N,60,0,1,0,0,1,0,0,0,0,"- ","- ",,,"LOS ANGELES","LOS ANGELES",-118.31950378417969,34.100467681884766
8627790,2018,2018-06-12,1942,2018-05-12,2145,41514,1063,6,5,7,1942,0,0,0,J,0,10A83,"YOLANDA AV","VENTURA BL",16.00,N,N,A,-,N,,,,,,,,,,N,3,0,1,2,A,-,10,21954,B,N,G,B,D,A,H,-,C,A,0,Y,,,,Y,,A,07,0,1,0,0,1,0,0,0,0,"- ","- ",,,"LOS ANGELES","LOS ANGELES",-118.54073333740234,34.170722961425781
8627801,2018,2018-06-12,1942,2018-05-22,1320,47966,0622,2,5,7,1942,0,0,0,F,0,6A31,"FRANKLIN AV","VISTA ST",105.00,E,N,A,-,N,,,,,,,,,,Y,3,0,2,4,A,-,05,21460,A,N,G,B,E,A,H,-,A,D,0,Y,,,,Y,,A,07,0,2,0,0,1,0,0,0,0,"- ","- ",,,"LOS ANGELES","LOS ANGELES",-118.35154724121094,34.103458404541016
8627841,2018,2018-06-13,1942,2018-05-01,0730,26281,0859,2,5,7,1942,0,0,0,H,0,8A59,"ALCOTT ST","HOLT AV",110.00,E,N,B,-,N,,,,,,,,,,N,3,0,1,3,A,-,21,22106,,N,G,B,E,A,H,-,A,D,0,Y,,,,Y,,D,22,0,1,0,0,1,0,0,0,0,"- ","- ",,,"LOS ANGELES","LOS ANGELES",-118.37825775146484,34.052806854248047
8628022,2018,2018-09-24,1942,2018-05-09,2125,39062,0299,3,5,7,1942,0,0,0,B,0,2A92,"W PICO BL","TOBERMAN ST",20.00,E,N,A,-,N,,,,,,,,,,N,3,0,1,2,A,-,11,21954,A,F,G,B,D,A,H,-,C,D,0,Y,,,,Y,,N,60,0,1,0,0,1,0,0,0,0,"- ","- ",,,"LOS ANGELES","LOS ANGELES",-118.27582550048828,34.044155120849609
8628325,2018,2018-06-08,1942,2018-05-16,2323,42344,0929,3,5,7,1942,0,0,0,I,0,9A19,"ETHEL AV","VICTORY BL",10.00,E,N,A,-,N,,,,,,,,,,N,3,0,1,2,A,-,10,21950,A,N,G,B,B,A,H,-,C,A,0,Y,,,,Y,,A,01,0,1,0,0,1,0,0,0,0,"- ","- ",,,"LOS ANGELES","LOS ANGELES",-118.41813659667969,34.186679840087891
8628431,2018,2018-06-21,1942,2018-05-01,0455,38357,,2,5,7,1942,0,0,0,,0,,"BAUCHET ST","VEGNES ST",500.00,E,N,A,-,N,,,,,,,,,,N,4,0,1,2,A,-,10,21950,,F,G,B,C,A,H,-,C,D,0,Y,,,,Y,,-,"- ",0,0,1,0,1,0,0,0,0,"- ","- ",,,"LOS ANGELES","LOS ANGELES",-118.23077392578125,34.059337615966797
8628601,2018,2018-06-13,1942,2018-05-08,2005,39410,1513,2,5,7,1942,0,0,0,O,0,9T53W3,"VANOWEN ST","RHODES AV",40.00,W,N,A,-,N,,,,,,,,,,,4,0,1,2,A,-,11,21950,B,N,G,B,D,A,H,-,C,A,0,Y,,,,Y,,N,60,0,0,1,0,1,0,0,0,0,"- ","- ",,,"LOS ANGELES","LOS ANGELES",-118.40322875976562,34.193943023681641
8628613,2018,2018-08-01,1942,2018-05-15,1745,42251,1651,2,5,7,1942,0,0,0,P,0,16A23,"LAUREL CANYON BL","MONTAGUE ST",0.00,,Y,A,-,N,,,,,,,,,,Y,2,0,2,4,A,-,03,22350,,F,C,D,B,A,H,-,A,A,0,Y,,,,Y,,-,99,1,0,1,0,2,0,0,0,0,"- ","- ",,,"LOS ANGELES","LOS ANGELES",-118.41632843017578,34.243881225585938
8628714,2018,2018-06-13,1942,2018-05-12,1320,43098,2079,6,5,7,1942,0,0,0,,0,2A91,"PICO BL",HOOVER,70.00,W,N,B,-,N,,,,,,,,,,N,4,0,1,2,A,-,11,21954,A,N,G,B,D,A,H,-,A,D,0,Y,,,,Y,,A,01,0,0,1,0,1,0,0,0,0,"- ","- ",,,"LOS ANGELES","LOS ANGELES",-118.28443908691406,34.047286987304688
8628886,2018,2018-06-15,1942,2018-05-18,1035,42924,0379,5,5,7,1942,0,0,0,C,0,3A99,"38TH ST","BUDLONG AV",15.00,,N,B,-,N,,,,,,,,,,N,4,0,1,2,A,-,11,21954,A,N,H,B,E,A,H,-,A,D,0,Y,,,,Y,,N,60,0,0,1,0,1,0,0,0,0,"- ","- ",,,"LOS ANGELES","LOS ANGELES",-118.29585266113281,34.017330169677734
8629126,2018,2018-06-18,1942,2018-05-29,1125,34634,1039,2,5,7,1942,0,0,0,J,0,10A39,"VICTORY BL","WOODLEY AV",200.00,W,N,A,-,N,,,,,,,,,,N,3,0,1,2,C,-,18,,,N,G,B,F,A,H,-,A,D,0,Y,,,,Y,,-,"- ",0,1,0,0,1,0,0,0,0,"- ","- ",,,"LOS ANGELES","LOS ANGELES",-118.48431396484375,34.186618804931641
8629846,2018,2018-06-07,1942,2018-03-23,2145,41666,RD67,5,5,7,1942,0,0,0,,0,6A15,"SUNSET BL","GOWER ST",0.00,,-,A,-,N,,,,,,,,,,N,4,0,1,3,A,-,11,21950,B,N,A,B,D,A,H,-,C,A,0,Y,,,,Y,Y,N,60,0,0,1,0,1,0,0,0,0,"- ","- ",,,"LOS ANGELES","LOS ANGELES",-118.32231140136719,34.098011016845703
8629948,2018,2018-06-12,1942,2018-04-12,1835,41595,0658,4,5,7,1942,0,0,0,F,0,6A22W4,"HOLLYWOOD BL","VAN NESS AV",15.00,E,N,A,-,N,,,,,,,,,,N,4,0,1,2,A,-,10,21950,A,N,G,B,B,A,H,-,B,A,0,Y,,,,Y,,-,"- ",0,0,1,0,1,0,0,0,0,"- ","- ",,,"LOS ANGELES","LOS ANGELES",-118.31581115722656,34.101699829101562
8630325,2018,2018-06-06,1942,2018-05-06,0135,42511,1346,7,5,7,1942,0,0,0,M,0,13A41,"VERNON AV","ASCOT AV",150.00,E,N,A,-,N,,,,,,,,,,,4,0,1,2,A,-,10,21950,A,F,A,B,E,A,H,-,C,D,0,Y,,,,Y,,N,60,0,0,1,0,1,0,0,0,0,"- ","- ",,,"LOS ANGELES","LOS ANGELES",-118.24948883056641,34.003890991210938
8630354,2018,2018-06-05,1942,2018-05-04,2230,41056,0351,5,5,7,1942,0,0,0,C,0,3A31,"RODEO DR","EAST MARTIN LUTHER KING BL",150.00,,N,A,-,N,,,,,,,,,,N,3,0,1,2,A,-,03,22350,,N,G,B,E,A,H,-,C,D,0,Y,,,,Y,,A,01,0,1,0,0,1,0,0,0,0,"- ","- ",,,"LOS ANGELES","LOS ANGELES",-118.35238647460938,34.021511077880859
8630371,2018,2018-06-05,1942,2018-05-08,0550,40164,0442,2,5,7,1942,0,0,0,D,0,24TL41,"POMEROY AV","KINGSTON AV",0.00,,Y,A,-,N,,,,,,,,,,N,4,0,1,2,A,-,10,21950,A,N,G,B,B,A,H,-,A,A,0,Y,,,,Y,,A,01,0,0,1,0,1,0,0,0,0,"- ","- ",,,"LOS ANGELES","LOS ANGELES",-118.21018981933594,34.056041717529297
8630386,2018,2018-06-05,1942,2018-05-10,1235,32996,1331,4,5,7,1942,0,0,0,M,0,13A41,"SOUTH BROADWAY","31ST ST",6.00,N,N,A,-,N,,,,,,,,,,N,2,0,1,2,A,-,10,21950,A,N,G,B,B,A,H,-,A,A,0,Y,,,,Y,,A,01,1,0,0,0,1,0,0,0,0,"- ","- ",,,"LOS ANGELES","LOS ANGELES",-118.27230834960938,34.021453857421875
8630387,2018,2018-06-05,1942,2018-05-04,0615,38502,1171,5,5,7,1942,0,0,0,K,0,11A71,"SUNSET BL","FOUNTAIN AV",0.00,,N,A,-,N,,,,,,,,,,N,3,0,1,2,A,-,11,21955,,N,G,B,D,A,H,-,A,D,0,Y,,,,Y,,N,60,0,1,0,0,1,0,0,0,0,"- ","- ",,,"LOS ANGELES","LOS ANGELES",-118.28411865234375,34.095821380615234
8630390,2018,2018-06-05,1942,2018-05-06,1855,42069,0317,7,5,7,1942,0,0,0,C,0,3A15,"WEST 25TH ST","VERMONT AV",80.00,W,N,A,-,N,,,,,,,,,,N,2,0,1,4,A,-,21,22106,,F,A,B,D,A,H,-,A,D,0,Y,,,,Y,Y,-,99,1,0,0,0,1,0,0,0,0,"- ","- ",,,"LOS ANGELES","LOS ANGELES",-118.29180145263672,34.033660888671875
8630489,2018,2018-06-04,1942,2018-04-18,2030,30083,1151,3,5,7,1942,0,0,0,K,0,11A51,"FOUNTAIN AV","N CATALINA ST",0.00,,Y,A,-,N,,,,,,,,,,N,3,0,1,2,A,-,10,21950,A,N,G,B,B,A,H,-,C,D,0,Y,,,,Y,,A,01,0,1,0,0,1,0,0,0,0,"- ","- ",,,"LOS ANGELES","LOS ANGELES",-118.29502868652344,34.095420837402344
8630880,2018,2018-06-06,1942,2018-05-17,1220,30380,0202,4,5,7,1942,0,0,0,B,0,2A1,"BURNS AV","N VERMONT AV",0.00,,Y,A,-,N,,,,,,,,,,N,2,0,1,2,A,-,10,21950,A,N,G,B,B,A,H,-,A,A,0,Y,,,,Y,,A,01,1,0,0,0,1,0,0,0,0,"- ","- ",,,"LOS ANGELES","LOS ANGELES",-118.29173278808594,34.087680816650391
8630930,2018,2018-06-07,1942,2018-05-20,1500,39759,1133,7,5,7,1942,0,0,0,K,0,11A1,"PERLITA AV","FLETCHER DR",135.00,E,N,A,-,N,,,,,,,,,,N,4,0,1,3,A,-,11,21954,A,N,G,B,E,A,H,-,A,D,0,Y,,,,Y,,N,60,0,0,1,0,1,0,0,0,0,"- ","- ",,,"LOS ANGELES","LOS ANGELES",-118.24952697753906,34.111415863037109
8631051,2018,2018-06-12,1942,2018-05-09,1450,40690,2027,3,5,7,1942,0,0,0,,0,20A45,"6TH ST","NEW HAMPSHIRE AV",75.00,W,N,A,-,N,,,,,,,,,,Y,4,0,1,3,A,-,03,22350,,N,G,B,-,A,H,-,A,D,0,Y,,,Y,Y,,F,26,0,0,1,0,1,0,0,0,0,"- ","- ",,,"LOS ANGELES","LOS ANGELES",-118.29314422607422,34.063617706298828
8631179,2018,2018-06-06,1942,2018-05-22,0045,43260,2081,2,5,7,1942,0,0,0,,0,20A53,"VENICE BL","GRAMERCY PL",9.00,E,N,B,-,N,,,,,,,,,,N,3,0,1,2,A,-,11,21954,A,F,G,B,D,A,H,-,C,D,0,Y,,,,Y,,N,60,0,1,0,0,1,0,0,0,0,"- ","- ",,,"LOS ANGELES","LOS ANGELES",-118.31301116943359,34.043560028076172
8631186,2018,2018-06-07,1942,2018-05-08,1515,42317,0391,2,5,7,1942,0,0,0,C,0,3XL94,"SOMERSET ST","SANTO TOMAS DR",100.00,N,N,A,-,N,,,,,,,,,,N,4,0,1,2,A,-,05,21650,,F,G,B,E,A,H,-,A,D,0,Y,,,,Y,Y,-,99,0,0,1,0,1,0,0,0,0,"- ","- ",,,"LOS ANGELES","LOS ANGELES",-118.34352874755859,34.009490966796875
8631285,2018,2018-06-08,1942,2018-05-23,1530,42469,1523,3,5,7,1942,0,0,0,O,0,15A33,"COLDWATER CANYON AV","KITTRIDGE ST",0.00,,Y,A,-,N,,,,,,,,,,N,3,0,1,3,A,-,09,21801,A,F,D,C,B,A,H,-,A,A,0,Y,,,,Y,,A,01,0,1,0,0,1,0,0,0,0,"- ","- ",,,"LOS ANGELES","LOS ANGELES",-118.41380310058594,34.190319061279297
8631344,2018,2018-06-12,1942,2018-05-21,1445,43129,1981,1,5,7,1942,0,0,0,,0,19A79,"LANGDALE AV",NORDHOFF,300.00,S,N,A,-,N,,,,,,,,,,N,4,0,1,3,A,-,13,22500,H,N,B,C,E,A,H,-,A,D,0,Y,,,,Y,,A,07,0,0,1,0,1,0,0,0,0,"- ","- ",,,"LOS ANGELES","LOS ANGELES",,
8631349,2018,2018-06-08,1942,2018-05-26,2110,37760,1983,6,5,7,1942,0,0,0,,0,19A61,"PARTHENIA ST","COLUMBUS AV",5.00,E,N,A,-,N,,,,,,,,,,N,4,0,1,2,A,-,10,21950,A,N,A,B,B,A,H,-,C,A,0,Y,,,,Y,,A,01,0,0,1,0,1,0,0,0,0,"- ","- ",,,"LOS ANGELES","LOS ANGELES",-118.46541595458984,34.228260040283203
8631782,2018,2018-06-06,1942,2018-05-07,1650,40059,0722,1,5,7,1942,0,0,0,G,0,7A21,"W 3RD ST","ORLANDO AV",20.00,E,N,A,-,N,,,,,,,,,,N,3,0,1,2,A,-,11,21954,A,N,G,B,D,A,H,-,A,A,0,Y,,,,Y,,N,60,0,1,0,0,1,0,0,0,0,"- ","- ",,,"LOS ANGELES","LOS ANGELES",-118.37313079833984,34.073001861572266
8631830,2018,2018-06-06,1942,2018-05-16,1755,41087,0724,3,5,7,1942,0,0,0,G,0,7A33,"THE GROVE DR","BEVERLY BL",275.00,S,N,A,-,N,,,,,,,,,,N,3,0,1,2,A,-,21,22106,,N,G,B,E,A,H,-,A,D,0,Y,,,,Y,,A,01,0,1,0,0,1,0,0,0,0,"- ","- ",,,"LOS ANGELES","LOS ANGELES",-118.35631561279297,34.075374603271484
8631995,2018,2018-06-28,1942,2018-05-22,1930,42585,0645,2,5,7,1942,0,0,0,F,0,,"HOLLYWOOD BL","WHITLEY AV",0.00,,Y,A,-,N,,,,,,,,,,N,4,0,1,2,A,-,10,21950,A,M,G,B,B,A,H,-,B,A,0,Y,,,,Y,,-,99,0,0,1,0,1,0,0,0,0,"- ","- ",,,"LOS ANGELES","LOS ANGELES",-118.33335113525391,34.101581573486328
8632115,2018,2018-06-14,1942,2018-05-18,1835,41908,2013,5,5,7,1942,0,0,0,,0,20A34W,"BEVERLY BL","OXFORD AV",0.00,,Y,A,-,N,,,,,,,,,,,3,0,1,2,A,-,11,21456,B,N,G,B,B,A,H,-,A,A,0,Y,,,,Y,,N,60,0,1,0,0,1,0,0,0,0,"- ","- ",,,"LOS ANGELES","LOS ANGELES",-118.30793762207031,34.076259613037109
8633150,2018,2018-06-18,1942,2018-05-26,2200,39397,1805,6,5,7,1942,0,0,0,R,0,25T29,"AVALON BL","93RD ST",115.00,N,N,A,-,N,,,,,,,,,,N,3,0,1,3,A,-,11,21953,,F,A,B,E,A,H,-,C,D,0,Y,,,,Y,Y,N,60,0,1,0,0,1,0,0,0,0,"- ","- ",,,"LOS ANGELES","LOS ANGELES",-118.26515960693359,33.952323913574219
8633282,2018,2018-06-18,1942,2018-05-29,1020,40398,1622,2,5,7,1942,0,0,0,P,0,16A11,"PAXTON ST","EL DORADO AV",0.00,,Y,A,-,N,,,,,,,,,,N,3,0,1,2,A,-,12,22450,A,N,G,B,B,A,H,-,A,A,0,Y,,,,Y,,A,08,0,1,0,0,1,0,0,0,0,"- ","- ",,,"LOS ANGELES","LOS ANGELES",-118.43009948730469,34.270828247070312
8633309,2018,2018-06-18,1942,2018-05-26,0220,38692,1981,6,5,7,1942,0,0,0,,0,19A61,"SEPULVEDA BL","CHASE ST",250.00,S,N,A,-,N,,,,,,,,,,N,3,0,1,2,A,-,11,21955,,N,G,B,D,A,H,-,C,D,0,Y,,,,Y,,N,60,0,1,0,0,1,0,0,0,0,"- ","- ",,,"LOS ANGELES","LOS ANGELES",-118.46771240234375,34.223934173583984
8633344,2018,2018-06-20,1942,2018-06-03,1310,41129,1269,7,5,7,1942,0,0,0,L,0,12A69,"SAN PEDRO ST","82ND ST",0.00,,Y,A,-,N,,,,,,,,,,N,2,0,1,2,A,-,11,21954,A,F,G,B,E,A,H,-,A,A,0,Y,,,,Y,Y,N,60,1,0,0,0,1,0,0,0,0,"- ","- ",,,"LOS ANGELES","LOS ANGELES",-118.26953887939453,33.965389251708984
8633938,2018,2018-06-07,1942,2018-05-07,1630,32319,2133,1,5,7,1942,0,0,0,,0,21A1,"SHERMAN WY","WOODLAKE AV",0.00,,Y,A,-,N,,,,,,,,,,N,4,0,1,2,D,-,00,,,N,G,B,B,A,H,-,A,A,0,Y,,,,Y,,-,"- ",0,0,1,0,1,0,0,0,0,"- ","- ",,,"LOS ANGELES","LOS ANGELES",-118.63211822509766,34.198661804199219
8633984,2018,2018-06-07,1942,2018-05-19,0350,42364,,6,5,7,1942,0,0,0,,0,,"IMPERIAL HWY","SLATER AV",144.00,E,N,A,-,N,,,,,,,,,,N,2,0,1,2,A,-,11,21956,A,F,G,B,D,A,H,-,C,A,0,Y,,,,Y,Y,N,60,1,0,0,0,1,0,0,0,0,"- ","- ",,,"LOS ANGELES","LOS ANGELES",,
8633992,2018,2018-06-07,1942,2018-05-16,2245,40634,1962,3,5,7,1942,0,0,0,,0,19A61,"LASSEN ST","KESTER AV",17.00,W,N,D,-,N,,,,,,,,,,N,2,0,1,2,A,-,11,21954,A,N,G,B,D,D,H,-,A,D,0,Y,,,,Y,,N,60,1,0,0,0,1,0,0,0,0,"- ","- ",,,"LOS ANGELES","LOS ANGELES",-118.45659637451172,34.249961853027344
8633996,2018,2018-06-07,1942,2018-05-13,2145,42242,1916,7,5,7,1942,0,0,0,,0,19A7,"GLENOAKS BL","POLK ST",0.00,,Y,A,-,N,,,,,,,,,,N,4,0,1,2,A,-,10,21950,A,N,G,B,B,A,H,-,C,A,0,Y,,,,Y,,A,07,0,0,1,0,1,0,0,0,0,"- ","- ",,,"LOS ANGELES","LOS ANGELES",-118.44969177246094,34.307609558105469
8634409,2018,2018-09-25,1942,2018-05-28,2300,41520,0422,1,5,7,1942,0,0,0,D,0,4G5,"GRIFFIN AV","NORTH BROADWAY",20.00,N,N,A,-,N,,,,,,,,,,N,2,0,1,2,A,-,10,21950,C,F,G,B,B,A,H,-,C,A,0,Y,,,,Y,,-,99,1,0,0,0,1,0,0,0,0,"- ","- ",,,"LOS ANGELES","LOS ANGELES",-118.21173095703125,34.073745727539062
8634415,2018,2018-06-12,1942,2018-05-12,2120,41056,0569,6,5,7,1942,0,0,0,E,0,5A59,"NAGOYA WY","SAMPSON WY",400.00,S,N,A,-,N,,,,,,,,,,N,3,0,2,3,A,-,10,21950,A,N,G,B,B,A,H,-,C,D,0,Y,,,,Y,,A,01,0,1,1,0,2,0,0,0,0,"- ","- ",,,"LOS ANGELES","LOS ANGELES",-118.27813720703125,33.734516143798828
8634457,2018,2018-06-12,1942,2018-05-17,1840,42338,1208,4,5,7,1942,0,0,0,L,0,12A15,"SOUTH FIGUEROA ST","WEST 51ST ST",0.00,,Y,A,-,N,,,,,,,,,,N,4,0,1,2,A,-,10,21950,A,N,G,B,B,A,H,-,A,A,0,Y,,,,Y,,A,01,0,0,1,0,1,0,0,0,0,"- ","- ",,,"LOS ANGELES","LOS ANGELES",-118.28270721435547,33.996479034423828