CASE_ID,ACCIDENT_YEAR,PROC_DATE,JURIS,COLLISION_DATE,COLLISION_TIME,OFFICER_ID,REPORTING_DISTRICT,DAY_OF_WEEK,CHP_SHIFT,POPULATION,CNTY_CITY_LOC,SPECIAL_COND,BEAT_TYPE,CHP_BEAT_TYPE,CITY_DIVISION_LAPD,CHP_BEAT_CLASS,BEAT_NUMBER,PRIMARY_RD,SECONDARY_RD,DISTANCE,DIRECTION,INTERSECTION,WEATHER_1,WEATHER_2,STATE_HWY_IND,CALTRANS_COUNTY,CALTRANS_DISTRICT,STATE_ROUTE,ROUTE_SUFFIX,POSTMILE_PREFIX,POSTMILE,LOCATION_TYPE,RAMP_INTERSECTION,SIDE_OF_HWY,TOW_AWAY,COLLISION_SEVERITY,NUMBER_KILLED,NUMBER_INJURED,PARTY_COUNT,PRIMARY_COLL_FACTOR,PCF_CODE_OF_VIOL,PCF_VIOL_CATEGORY,PCF_VIOLATION,PCF_VIOL_SUBSECTION,HIT_AND_RUN,TYPE_OF_COLLISION,MVIW,PED_ACTION,ROAD_SURFACE,ROAD_COND_1,ROAD_COND_2,LIGHTING,CONTROL_DEVICE,CHP_ROAD_TYPE,PEDESTRIAN_ACCIDENT,BICYCLE_ACCIDENT,MOTORCYCLE_ACCIDENT,TRUCK_ACCIDENT,NOT_PRIVATE_PROPERTY,ALCOHOL_INVOLVED,STWD_VEHTYPE_AT_FAULT,CHP_VEHTYPE_AT_FAULT,COUNT_SEVERE_INJ,COUNT_VISIBLE_INJ,COUNT_COMPLAINT_PAIN,COUNT_PED_KILLED,COUNT_PED_INJURED,COUNT_BICYCLIST_KILLED,COUNT_BICYCLIST_INJURED,COUNT_MC_KILLED,COUNT_MC_INJURED,PRIMARY_RAMP,SECONDARY_RAMP,LATITUDE,LONGITUDE,COUNTY,CITY,POINT_X,POINT_Y
8634460,2018,2018-06-12,1942,2018-05-12,1255,43220,0563,6,5,7,1942,0,0,0,E,0,5A84,"GAFFEY ST","11TH ST",12.00,S,N,A,-,N,,,,,,,,,,N,4,0,1,2,A,-,10,21950,A,F,G,B,B,A,H,-,A,D,0,Y,,,,Y,,-,99,0,0,1,0,1,0,0,0,0,"- ","- ",,,"LOS ANGELES","LOS ANGELES",-118.2923583984375,33.734195709228516
8634473,2018,2018-06-12,1942,2018-05-14,2050,40440,1269,1,5,7,1942,0,0,0,L,0,12A69,"EAST 79TH ST","MCKINLEY AV",0.00,,Y,A,-,N,,,,,,,,,,N,2,0,1,2,A,-,12,21453,A,F,G,B,B,A,H,-,C,A,0,Y,,,,Y,,-,99,1,0,0,0,1,0,0,0,0,"- ","- ",,,"LOS ANGELES","LOS ANGELES",-118.26080322265625,33.967449188232422
8635462,2018,2018-06-21,1942,2018-05-13,2220,42096,1245,7,5,7,1942,0,0,0,L,0,12A31,"GAGE AV","NORMANDIE AV",5.00,E,N,A,-,N,,,,,,,,,,N,3,0,1,2,A,-,03,22350,,N,G,B,B,A,H,-,C,A,0,Y,,,,Y,,A,01,0,1,0,0,1,0,0,0,0,"- ","- ",,,"LOS ANGELES","LOS ANGELES",-118.30024719238281,33.982349395751953
8635499,2018,2018-06-21,1942,2018-05-29,0730,42989,1208,2,5,7,1942,0,0,0,L,0,18A17,"50TH ST",FIGUEROA,8.00,E,N,B,-,N,,,,,,,,,,N,3,0,1,2,A,-,09,21453,C,F,G,B,B,A,H,-,A,A,0,Y,,,,Y,,-,99,0,1,0,0,1,0,0,0,0,"- ","- ",,,"LOS ANGELES","LOS ANGELES",-118.28268432617188,33.997390747070312
8635516,2018,2018-06-25,1942,2018-05-17,1622,38503,1268,4,5,7,1942,0,0,0,L,0,25TL24,"MANCHESTER AV","SAN PEDRO ST",7.00,E,N,A,-,N,,,,,,,,,,N,3,0,2,2,C,-,18,,,N,G,B,B,A,H,-,A,A,0,Y,,,,Y,,-,"- ",0,1,1,0,1,0,0,0,0,"- ","- ",,,"LOS ANGELES","LOS ANGELES",-118.26947784423828,33.960109710693359
8635519,2018,2018-06-21,1942,2018-05-25,0815,41027,1823,5,5,7,1942,0,0,0,R,0,18A1,AVALON,"CENTURY BL",0.00,,N,A,-,N,,,,,,,,,,Y,4,0,2,3,A,-,09,21801,A,N,A,B,-,A,H,-,A,D,0,Y,,,,Y,,A,01,0,0,2,0,1,0,0,0,0,"- ","- ",,,"LOS ANGELES","LOS ANGELES",-118.26518249511719,33.945610046386719
8635570,2018,2018-07-13,1942,2018-05-25,2240,37928,1203,5,5,7,1942,0,0,0,L,0,12A93,"WESTERN AV","W 48TH ST",0.00,,Y,A,-,N,,,,,,,,,,N,4,0,1,2,A,-,10,21950,A,N,G,B,B,A,H,-,C,A,0,Y,,,,Y,,A,08,0,0,1,0,1,0,0,0,0,"- ","- ",,,"LOS ANGELES","LOS ANGELES",,
8637303,2018,2018-06-20,1942,2018-05-30,0840,33169,0727,3,5,7,1942,0,0,0,G,0,7A17,"HIGHLAND AV","2ND ST",425.00,S,N,A,B,N,,,,,,,,,,N,3,0,1,3,A,-,03,22350,,N,B,E,F,A,H,-,A,D,0,Y,,,Y,Y,,F,26,0,1,0,0,1,0,0,0,0,"- ","- ",,,"LOS ANGELES","LOS ANGELES",,
8637464,2018,2018-06-12,1942,2018-05-21,2025,43057,1916,1,5,7,1942,0,0,0,,0,19A1,"RAVEN ST","BORDEN AV",500.00,E,N,A,-,N,,,,,,,,,,N,3,0,1,3,A,-,03,22350,,F,G,B,E,A,H,-,C,D,0,Y,,,,Y,,-,99,0,1,0,0,1,0,0,0,0,"- ","- ",,,"LOS ANGELES","LOS ANGELES",-118.43942260742188,34.306446075439453
8637618,2018,2018-06-19,1942,2018-05-13,1000,34959,0829,7,5,7,1942,0,0,0,H,0,8A29,"COMSTOCK AV","WILSHIRE BL",0.00,,Y,B,-,N,,,,,,,,,,N,4,0,1,2,A,-,10,21950,A,N,G,B,B,A,H,-,A,A,0,Y,,,,Y,,A,01,0,0,1,0,1,0,0,0,0,"- ","- ",,,"LOS ANGELES","LOS ANGELES",-118.42542266845703,34.067989349365234
8637955,2018,2019-02-14,1942,2018-06-06,2200,32372,1638,3,5,7,1942,0,0,0,P,0,16A59,"FOOTHILL BL","MACHREA ST",375.00,E,N,A,-,N,,,,,,,,,,N,1,1,0,2,A,-,11,21954,A,N,G,B,D,A,H,-,C,A,0,Y,,,,Y,Y,N,60,0,0,0,1,0,0,0,0,0,"- ","- ",,,"LOS ANGELES","LOS ANGELES",-118.30146026611328,34.257862091064453
8638160,2018,2018-06-28,1942,2018-06-02,1455,40858,0143,6,5,7,1942,0,0,0,A,0,1A41,"SPRING ST","5TH ST",10.00,W,N,A,-,N,,,,,,,,,,N,3,0,1,2,A,-,10,21950,A,N,G,B,B,A,H,-,A,A,0,Y,,,,Y,,D,22,0,1,0,0,1,0,0,0,0,"- ","- ",,,"LOS ANGELES","LOS ANGELES",-118.24964904785156,34.047367095947266
8638901,2018,2018-08-22,1942,2018-05-27,1855,36336,1065,7,5,7,1942,0,0,0,J,0,10A99,"VENTURA FWY","WHITE OAK AV",8.00,W,N,A,-,Y,LA,7,101,-,-,20.375,R,3,N,N,3,0,1,2,A,-,03,22350,,N,G,B,B,A,H,-,A,A,0,Y,,,,Y,,A,01,0,1,0,0,1,0,0,0,0,NO,"- ",,,"LOS ANGELES","LOS ANGELES",-118.52099609375,34.171287536621094
8639446,2018,2018-06-27,1942,2018-05-29,1735,36841,1162,2,5,7,1942,0,0,0,K,0,11X74,SUNSET,EDGEMONT,0.00,,Y,A,-,N,,,,,,,,,,N,4,0,1,2,A,-,10,21950,A,F,G,B,B,A,H,-,A,A,0,Y,,,,Y,,-,99,0,0,1,0,1,0,0,0,0,"- ","- ",,,"LOS ANGELES","LOS ANGELES",-118.296142578125,34.098148345947266
8639463,2018,2018-06-22,1942,2018-06-04,1900,41489,1283,1,5,7,1942,0,0,0,L,0,12A83W,"94TH ST","WESTERN AV",5.00,W,N,A,-,N,,,,,,,,,,N,3,0,1,2,A,-,10,21950,A,F,G,B,B,A,H,-,A,A,0,Y,,,,Y,,-,99,0,1,0,0,1,0,0,0,0,"- ","- ",,,"LOS ANGELES","LOS ANGELES",-118.30902862548828,33.951118469238281
8639798,2018,2018-06-25,1942,2018-02-14,1405,41849,1215,3,5,7,1942,0,0,0,L,0,12A69,"VERMONT AV","54TH ST",0.00,,Y,A,-,N,,,,,,,,,,N,3,0,2,4,A,-,12,21453,A,N,D,B,F,A,H,-,A,A,0,Y,,,,Y,,A,01,0,1,1,0,1,0,0,0,0,"- ","- ",,,"LOS ANGELES","LOS ANGELES",,
8640481,2018,2018-06-27,1942,2018-06-07,1330,41924,,4,5,7,1942,0,0,0,,0,,"KING BL","HOOVER ST",0.00,,Y,A,-,N,,,,,,,,,,N,4,0,1,2,A,-,10,21950,A,F,D,B,B,A,G,-,A,A,0,Y,,,,Y,,-,99,0,0,1,0,1,0,0,0,0,"- ","- ",,,"LOS ANGELES","LOS ANGELES",-118.28725,34.01108
8640909,2018,2018-06-29,1942,2018-06-13,1350,41553,1029,3,5,7,1942,0,0,0,J,0,10A39,"VALJEAN AV","VANOWEN ST",600.00,N,N,A,-,N,,,,,,,,,,N,3,0,1,2,A,-,11,21954,A,N,B,B,E,A,H,-,A,D,0,Y,,,,Y,,N,60,0,1,0,0,1,0,0,0,0,"- ","- ",,,"LOS ANGELES","LOS ANGELES",-118.48586273193359,34.195556640625
8641340,2018,2018-07-10,1942,2018-03-22,1920,42436,1501,4,5,7,1942,0,0,0,O,0,15A67,"COLDWATER CANYON BL","STRATHERN ST",0.00,,Y,B,C,N,,,,,,,,,,N,4,0,1,2,A,-,11,21950,B,N,A,B,B,B,H,-,C,A,0,Y,,,,Y,,A,07,0,0,1,0,1,0,0,0,0,"- ","- ",,,"LOS ANGELES","LOS ANGELES",-118.41442108154297,34.215789794921875
8641659,2018,2018-06-21,1942,2018-06-10,2030,41514,1621,7,5,7,1942,0,0,0,P,0,16A11,"PAXTON ST","AMBOY AV",56.00,W,N,A,-,N,,,,,,,,,,Y,2,0,2,5,A,-,01,23152,A,N,E,I,F,A,H,-,B,A,0,Y,,,,Y,Y,A,01,1,1,0,0,1,0,0,0,0,"- ","- ",,,"LOS ANGELES","LOS ANGELES",-118.43692779541016,34.265850067138672
8641668,2018,2018-06-22,1942,2018-06-10,0125,38687,1591,7,5,7,1942,0,0,0,O,0,15A85,"MULHOLLAND DR","SKYLINE DR",625.00,N,N,A,-,N,,,,,,,,,,Y,2,0,1,3,A,-,01,23152,A,F,B,E,F,A,H,-,D,A,0,Y,,,,Y,Y,A,01,1,0,0,0,1,0,0,0,0,"- ","- ",,,"LOS ANGELES","LOS ANGELES",-118.38753509521484,34.123439788818359
8641683,2018,2018-06-21,1942,2018-06-04,1230,40141,1795,1,5,7,1942,0,0,0,Q,0,17A95,"CHASE ST","NEWCASTLE AV",50.00,E,N,A,-,N,,,,,,,,,,N,4,0,1,2,A,-,11,21954,A,N,G,B,D,-,H,-,A,D,0,Y,,,,Y,,N,60,0,0,1,0,1,0,0,0,0,"- ","- ",,,"LOS ANGELES","LOS ANGELES",-118.52570343017578,34.224597930908203
8641737,2018,2018-06-22,1942,2018-06-03,1040,42768,"LOS A",7,5,7,1942,0,0,0,,0,19A75,"WOODMAN AV","OSBORNE ST",0.00,,Y,A,-,N,,,,,,,,,,N,4,0,1,2,A,-,10,21950,A,N,D,B,B,A,H,-,A,A,0,Y,,,,Y,,A,01,0,0,1,0,1,0,0,0,0,"- ","- ",,,"LOS ANGELES","LOS ANGELES",-118.43865966796875,34.232929229736328
8642152,2018,2018-07-02,1942,2018-04-24,1935,38942,1426,2,5,7,1942,0,0,0,N,0,,"NATIONAL BL","SAWTELLE BL",0.00,,Y,A,-,N,,,,,,,,,,N,4,0,1,2,A,-,08,22107,,N,G,B,B,A,H,-,C,D,0,Y,,,,Y,,D,22,0,0,1,0,1,0,0,0,0,"- ","- ",,,"LOS ANGELES","LOS ANGELES",-118.43141937255859,34.026248931884766
8642183,2018,2018-06-28,1942,2018-06-09,0300,38838,0275,6,5,7,1942,0,0,0,B,0,2A75,"BEACON AV","11TH ST",0.00,,Y,A,-,N,,,,,,,,,,N,2,0,1,2,A,-,10,21950,A,N,G,B,E,A,H,-,C,D,0,Y,,,,Y,,A,01,1,0,0,0,1,0,0,0,0,"- ","- ",,,"LOS ANGELES","LOS ANGELES",-118.27633666992188,34.048271179199219
8642238,2018,2019-03-01,1942,2018-06-10,0815,30380,1151,7,5,7,1942,0,0,0,K,0,11A51,"N VERMONT AV","W SUNSET BL",18.00,N,N,A,-,N,,,,,,,,,,N,1,1,0,2,A,-,10,21950,A,N,G,B,B,A,H,-,A,A,0,Y,,,,Y,,A,01,0,0,0,1,0,0,0,0,0,"- ","- ",,,"LOS ANGELES","LOS ANGELES",-118.29177093505859,34.098197937011719
8642629,2018,2018-07-02,1942,2018-06-06,1655,40899,0724,3,5,7,1942,0,0,0,G,0,7A33,"S FAIRFAX AV","FARMERS MARKET PL",0.00,,Y,A,-,N,,,,,,,,,,N,3,0,1,2,A,-,11,21956,A,N,G,B,E,A,H,-,A,A,0,Y,,,,Y,,N,60,0,1,0,0,1,0,0,0,0,"- ","- ",,,"LOS ANGELES","LOS ANGELES",-118.36142730712891,34.072990417480469
8643456,2018,2018-06-28,1942,2018-05-17,2020,03573,1494,4,5,7,1942,0,0,0,N,0,5M38,"WORLD WAY","WEST WY",490.00,E,N,A,-,N,,,,,,,,,,N,4,0,1,2,A,-,11,21954,A,N,G,B,E,A,H,-,C,D,0,Y,,,,Y,,N,60,0,0,1,0,1,0,0,0,0,"- ","- ",,,"LOS ANGELES","LOS ANGELES",-118.40445709228516,33.944999694824219
8643640,2018,2018-07-03,1942,2018-05-26,0800,26281,1401,6,5,7,1942,0,0,0,N,0,14A25,"BARRINGTON AV","PEARL ST",20.00,N,N,A,-,N,,,,,,,,,,N,4,0,1,2,A,-,12,22450,A,F,G,B,B,A,H,-,A,A,0,Y,,,,Y,,-,99,0,0,1,0,1,0,0,0,0,"- ","- ",,,"LOS ANGELES","LOS ANGELES",-118.44367980957031,34.029014587402344
8643672,2018,2018-06-28,1942,2018-06-08,1805,40899,1494,5,5,7,1942,0,0,0,N,0,LAX,"WORLD WY","SEBULVEDA BL",2500.00,W,N,A,-,N,,,,,,,,,,N,4,0,1,2,A,-,21,22106,,F,G,B,E,A,H,-,A,D,0,Y,,,,Y,,-,99,0,0,1,0,1,0,0,0,0,"- ","- ",,,"LOS ANGELES","LOS ANGELES",-118.404618,33.944963000000001
8644525,2018,2018-06-26,1942,2018-04-28,2200,4634,1959,6,5,7,1942,0,0,0,,0,MSN,"TERRA BELLA ST",BARTEE,150.00,W,N,A,-,N,,,,,,,,,,N,3,0,1,2,A,-,10,21954,B,F,B,B,E,A,H,-,C,D,0,Y,,,,Y,,-,99,0,1,0,0,1,0,0,0,0,"- ","- ",,,"LOS ANGELES","LOS ANGELES",-118.43115234375,34.248924255371094
8644619,2018,2018-06-27,1942,2018-06-04,1455,40602,0514,1,5,7,1942,0,0,0,E,0,5A1,"LOMITA BL","WILMINGTON BL",0.00,,Y,A,-,N,,,,,,,,,,N,4,0,2,3,A,-,10,21950,A,N,-,B,B,A,H,-,A,A,0,Y,,,,Y,,A,01,0,0,2,0,2,0,0,0,0,"- ","- ",,,"LOS ANGELES","LOS ANGELES",-118.27536773681641,33.798580169677734
8644635,2018,2018-06-27,1942,2018-06-14,1120,38503,0397,4,5,7,1942,0,0,0,C,0,25TL22,"BUDLONG AV","MARTIN LUTHER KING JR BL",5.00,N,N,A,-,N,,,,,,,,,,N,4,0,2,3,A,-,10,21950,A,N,G,B,B,A,H,-,A,A,0,Y,,,,Y,,A,01,0,0,2,0,2,0,0,0,0,"- ","- ",,,"LOS ANGELES","LOS ANGELES",-118.2958984375,34.010883331298828
8644734,2018,2018-06-27,1942,2018-05-26,1936,43260,2054,6,5,7,1942,0,0,0,,0,20A53,"SAN MARINO ST","HARVARD BL",0.00,,Y,A,-,N,,,,,,,,,,N,4,0,1,2,A,-,11,21954,A,N,G,B,D,A,H,-,A,D,0,Y,,,,Y,,N,60,0,0,1,0,1,0,0,0,0,"- ","- ",,,"LOS ANGELES","LOS ANGELES",-118.30416107177734,34.054489135742188
8644751,2018,2018-06-27,1942,2018-05-30,1200,39058,0835,3,5,7,1942,0,0,0,H,0,8A35,"SANTA MONICA BL","VETERAN AV",90.00,W,N,A,-,N,,,,,,,,,,N,4,0,1,2,A,-,10,21952,,F,G,B,F,A,H,-,A,D,0,Y,,,,Y,,-,99,0,0,1,0,1,0,0,0,0,"- ","- ",,,"LOS ANGELES","LOS ANGELES",-118.44040679931641,34.048839569091797
8644768,2018,2018-06-27,1942,2018-05-18,1320,33869,0855,5,5,7,1942,0,0,0,H,0,8A29,"MASSACHUSETTS AV","WESTWOOD BL",0.00,,Y,A,-,N,,,,,,,,,,N,3,0,1,2,A,-,10,21950,A,N,G,B,B,A,H,-,A,A,0,Y,,,,Y,,A,08,0,1,0,0,1,0,0,0,0,"- ","- ",,,"LOS ANGELES","LOS ANGELES",-118.43878936767578,34.051841735839844
8644779,2018,2018-06-27,1942,2018-05-24,1605,39127,2069,4,5,7,1942,0,0,0,,0,20A69,"MENLO AV","OLYMPIC BL",15.00,S,N,B,-,N,,,,,,,,,,N,2,0,1,2,A,-,10,21950,A,N,G,B,B,A,H,-,A,D,0,Y,,,,Y,,A,08,1,0,0,0,1,0,0,0,0,"- ","- ",,,"LOS ANGELES","LOS ANGELES",-118.29071807861328,34.0523681640625
8644840,2018,2018-06-27,1942,2018-06-07,0710,42962,1273,4,5,7,1942,0,0,0,L,0,12A73,"WESTERN AV","MANCHESTER AV",0.00,,Y,A,-,N,,,,,,,,,,N,2,0,1,2,A,-,12,21453,A,F,A,B,B,A,H,-,A,A,0,Y,,,,Y,,-,99,1,0,0,0,1,0,0,0,0,"- ","- ",,,"LOS ANGELES","LOS ANGELES",-118.30901336669922,33.959968566894531
8644905,2018,2018-10-12,1942,2018-05-08,0900,40777,1993,2,5,7,1942,0,0,0,,0,19A93,SEPULVEDA,LANARK,560.00,S,N,A,-,N,,,,,,,,,,N,4,0,1,3,A,-,10,21954,B,N,G,B,E,A,H,-,A,D,0,Y,,,Y,Y,,A,01,0,0,1,0,1,0,0,0,0,"- ","- ",,,"LOS ANGELES","LOS ANGELES",-118.46616363525391,34.216533660888672
8645009,2018,2018-07-06,1942,2018-06-01,0845,43120,2136,5,5,7,1942,0,0,0,,0,21A5,"OWENSMOUTH AV","VALERIO ST",0.00,,Y,A,-,N,,,,,,,,,,N,4,0,1,2,A,-,10,21950,A,N,G,B,B,A,H,-,A,D,0,Y,,,,Y,,A,01,0,0,1,0,1,0,0,0,0,"- ","- ",,,"LOS ANGELES","LOS ANGELES",-118.60157775878906,34.20465087890625
8645073,2018,2018-07-03,1942,2018-06-18,1512,40065,0937,1,5,7,1942,0,0,0,I,0,9A37,"VICTORY BL","HAZELTINE AV",16.00,N,N,A,-,N,,,,,,,,,,N,4,0,1,2,A,-,10,21950,A,N,G,B,B,A,H,-,A,A,0,Y,,,,Y,,A,01,0,0,1,0,1,0,0,0,0,"- ","- ",,,"LOS ANGELES","LOS ANGELES",-118.43997955322266,34.186660766601562
8645144,2018,2018-07-05,1942,2018-05-13,2142,40105,0397,7,5,7,1942,0,0,0,C,0,25T21,"W 42ND ST","WALTON AV",51.00,W,N,B,-,N,,,,,,,,,,N,2,0,2,3,A,-,03,22350,,F,G,B,D,A,H,-,C,D,0,Y,,,,Y,,-,99,1,1,0,0,2,0,0,0,0,"- ","- ",,,"LOS ANGELES","LOS ANGELES",-118.29499053955078,34.007301330566406
8645155,2018,2018-07-05,1942,2018-06-03,2020,38804,1267,7,5,7,1942,0,0,0,L,0,,"WEST 83RD ST","VERMONT AV",388.00,E,N,A,-,N,,,,,,,,,,N,4,0,1,2,A,-,11,21956,A,N,G,B,E,A,H,-,C,D,0,Y,,,,Y,,N,60,0,0,1,0,1,0,0,0,0,"- ","- ",,,"LOS ANGELES","LOS ANGELES",-118.29055023193359,33.963645935058594
8645158,2018,2018-06-29,1942,2018-06-02,2055,41745,0362,6,5,7,1942,0,0,0,C,0,3A63,"COLISEUM ST","NICOLET ST",0.00,,Y,A,-,N,,,,,,,,,,N,3,0,1,2,A,-,10,21950,A,N,G,B,B,A,H,-,C,A,0,Y,,,,Y,,A,01,0,1,0,0,1,0,0,0,0,"- ","- ",,,"LOS ANGELES","LOS ANGELES",-118.35044097900391,34.018268585205078
8645191,2018,2018-07-05,1942,2018-06-17,1520,41844,0362,7,5,7,1942,0,0,0,C,0,3A63,"FARMDALE AV","RODEO RD",0.00,,Y,A,-,N,,,,,,,,,,N,4,0,1,2,A,-,10,21950,A,N,G,B,B,A,H,-,A,D,0,Y,,,,Y,,A,01,0,0,1,0,1,0,0,0,0,"- ","- ",,,"LOS ANGELES","LOS ANGELES",-118.34604644775391,34.021480560302734
8645294,2018,2018-07-03,1942,2018-05-12,2055,41914,1801,6,5,7,1942,0,0,0,R,0,18A1,"BARING CROSS","92ND ST",0.00,,Y,A,-,N,,,,,,,,,,N,3,0,2,3,A,-,12,22450,A,F,G,B,B,A,H,-,D,A,0,Y,,,,Y,,-,99,0,2,0,0,2,0,0,0,0,"- ","- ",,,"LOS ANGELES","LOS ANGELES",-118.28933715820312,33.952789306640625
8645384,2018,2018-07-02,1942,2018-06-15,1930,43241,1824,5,5,7,1942,0,0,0,R,0,18A1,"CENTURY BL",CENTRAL,0.00,,Y,A,-,N,,,,,,,,,,N,4,0,1,2,A,-,12,21453,A,F,B,B,B,A,H,-,A,A,0,Y,,,,Y,,-,99,0,0,1,0,1,0,0,0,0,"- ","- ",,,"LOS ANGELES","LOS ANGELES",-118.25408172607422,33.945659637451172
8645925,2018,2018-07-19,1942,2018-07-01,2100,39217,1715,7,5,7,1942,0,0,0,Q,0,17A35,"RINALDI ST","SHOSHONE AV",0.00,,Y,A,-,N,,,,,,,,,,N,2,0,1,2,A,-,10,21950,A,F,G,B,B,A,H,-,C,A,0,Y,,,,Y,,-,99,1,0,0,0,1,0,0,0,0,"- ","- ",,,"LOS ANGELES","LOS ANGELES",-118.51654815673828,34.279388427734375
8646114,2018,2018-07-13,1942,2018-06-24,1030,32199,1745,7,5,7,1942,0,0,0,Q,0,17L90,"BALBOA BL",DEVONSHIRE,0.00,,N,A,-,N,,,,,,,,,,N,4,0,1,2,A,-,00,20015,,F,G,B,F,A,H,-,A,D,0,Y,,,,Y,,-,99,0,0,1,0,1,0,0,0,0,"- ","- ",,,"LOS ANGELES","LOS ANGELES",-118.50232696533203,34.257541656494141
8646129,2018,2018-07-12,1942,2018-06-24,1720,41171,1722,7,5,7,1942,0,0,0,Q,0,17X96,"TOPANGA CYN","DEVONSHIRE ST",150.00,S,N,A,-,N,,,,,,,,,,N,3,0,1,2,A,-,11,21955,,N,G,B,D,A,H,-,A,A,0,Y,,,,Y,,N,60,0,1,0,0,1,0,0,0,0,"- ","- ",,,"LOS ANGELES","LOS ANGELES",-118.60604858398438,34.256790161132812
8646176,2018,2018-07-06,1942,2018-06-08,2235,33757,2081,5,5,7,1942,0,0,0,,0,20A71,"18TH ST","SAINT ANDREWS PL",6.00,E,N,A,-,N,,,,,,,,,,N,4,0,1,2,A,-,10,21950,A,F,G,B,C,A,H,-,C,D,0,Y,,,,Y,,-,99,0,0,1,0,1,0,0,0,0,"- ","- ",,,"LOS ANGELES","LOS ANGELES",-118.31155395507812,34.041698455810547
8646184,2018,2018-08-21,1942,2018-06-02,0200,41938,0813,6,5,7,1942,0,0,0,H,0,8A13,"NORTH CHURCH LN","RT 405",130.00,N,N,A,-,Y,LA,7,405,-,-,33.105,R,4,S,N,3,0,1,2,A,-,17,21663,,F,G,B,F,A,H,-,C,D,0,Y,,,,Y,,-,99,0,1,0,0,1,0,0,0,0,"- ",SF,,,"LOS ANGELES","LOS ANGELES",-118.4677734375,34.074108123779297
8646188,2018,2018-07-06,1942,2018-06-09,0925,37614,0838,6,5,7,1942,0,0,0,H,0,8A29,"GAYLEY AV","LEVERING AV",117.00,N,N,A,-,N,,,,,,,,,,N,4,0,1,2,A,-,21,22106,,F,G,B,F,A,H,-,A,D,0,Y,,,,Y,,-,99,0,0,1,0,1,0,0,0,0,"- ","- ",,,"LOS ANGELES","LOS ANGELES",-118.44830322265625,34.063056945800781
8646208,2018,2018-07-06,1942,2018-06-12,0445,38942,2071,2,5,7,1942,0,0,0,,0,7T23,"PICO BL","WESTERN AV",158.00,E,N,A,-,N,,,,,,,,,,N,2,0,1,2,A,-,11,21954,A,N,G,B,D,A,H,-,C,D,0,Y,,,,Y,,N,60,1,0,0,0,1,0,0,0,0,"- ","- ",,,"LOS ANGELES","LOS ANGELES",-118.30851745605469,34.047199249267578
8646212,2018,2018-07-06,1942,2018-06-01,1640,40690,2017,5,5,7,1942,0,0,0,,0,20A25,"NORTH BERENDO ST","WEST 1ST ST",0.00,,Y,A,-,N,,,,,,,,,,N,3,0,1,2,A,-,11,21954,A,N,G,B,B,A,H,-,A,A,0,Y,,,,Y,,N,60,0,1,0,0,1,0,0,0,0,"- ","- ",,,"LOS ANGELES","LOS ANGELES",-118.29415893554688,34.072719573974609
8646232,2018,2018-07-06,1942,2018-06-10,1350,42570,0734,7,5,7,1942,0,0,0,G,0,7X52,"3RD ST","BURNSIDE AV",0.00,,Y,A,-,N,,,,,,,,,,N,4,0,1,2,A,-,10,21950,C,F,G,B,B,A,H,-,A,A,0,Y,,,,Y,,-,99,0,0,1,0,1,0,0,0,0,"- ","- ",,,"LOS ANGELES","LOS ANGELES",-118.35518646240234,34.070659637451172
8647208,2018,2018-07-09,1942,2018-06-19,1450,38191,1642,2,5,7,1942,0,0,0,P,0,16A23,"VAN NUYS BL","TELFAIR AV",34.00,S,N,A,-,N,,,,,,,,,,N,3,0,1,2,A,-,10,21950,A,N,D,B,B,A,H,-,A,A,0,Y,,,,Y,,A,01,0,1,0,0,1,0,0,0,0,"- ","- ",,,"LOS ANGELES","LOS ANGELES",-118.42565155029297,34.263519287109375
8647216,2018,2018-07-09,1942,2018-06-24,0005,25907,1918,7,5,7,1942,0,0,0,,0,19A7,"FOOTHILL BL","SAYRE ST",0.00,,Y,A,-,N,,,,,,,,,,N,2,0,1,2,A,-,11,21954,A,N,-,B,D,A,H,-,C,A,0,Y,,,,Y,Y,N,60,1,0,0,0,1,0,0,0,0,"- ","- ",,,"LOS ANGELES","LOS ANGELES",-118.43377685546875,34.310131072998047
8647423,2018,2018-07-10,1942,2018-06-11,0435,42402,1525,1,5,7,1942,0,0,0,O,0,15A67,"LANKERSHIM BL","HAMLIN ST",60.00,S,N,A,-,N,,,,,,,,,,N,3,0,1,2,A,-,11,21955,,N,-,-,-,A,H,-,C,-,0,Y,,,,Y,,N,60,0,1,0,0,1,0,0,0,0,"- ","- ",,,"LOS ANGELES","LOS ANGELES",-118.38778686523438,34.188594818115234
8648058,2018,2020-05-22,1942,2018-06-04,1540,38503,1251,1,5,7,1942,0,0,0,L,0,25TL24,"FLORENCE AV","8TH AV",0.00,,Y,A,-,N,,,,,,,,,,Y,1,1,4,6,A,-,12,21453,A,N,D,C,F,A,H,-,A,A,0,Y,,,,Y,Y,A,01,2,0,2,1,2,0,0,0,0,"- ","- ",,,"LOS ANGELES","LOS ANGELES",-118.32652282714844,33.97454833984375