CASE_ID,ACCIDENT_YEAR,PROC_DATE,JURIS,COLLISION_DATE,COLLISION_TIME,OFFICER_ID,REPORTING_DISTRICT,DAY_OF_WEEK,CHP_SHIFT,POPULATION,CNTY_CITY_LOC,SPECIAL_COND,BEAT_TYPE,CHP_BEAT_TYPE,CITY_DIVISION_LAPD,CHP_BEAT_CLASS,BEAT_NUMBER,PRIMARY_RD,SECONDARY_RD,DISTANCE,DIRECTION,INTERSECTION,WEATHER_1,WEATHER_2,STATE_HWY_IND,CALTRANS_COUNTY,CALTRANS_DISTRICT,STATE_ROUTE,ROUTE_SUFFIX,POSTMILE_PREFIX,POSTMILE,LOCATION_TYPE,RAMP_INTERSECTION,SIDE_OF_HWY,TOW_AWAY,COLLISION_SEVERITY,NUMBER_KILLED,NUMBER_INJURED,PARTY_COUNT,PRIMARY_COLL_FACTOR,PCF_CODE_OF_VIOL,PCF_VIOL_CATEGORY,PCF_VIOLATION,PCF_VIOL_SUBSECTION,HIT_AND_RUN,TYPE_OF_COLLISION,MVIW,PED_ACTION,ROAD_SURFACE,ROAD_COND_1,ROAD_COND_2,LIGHTING,CONTROL_DEVICE,CHP_ROAD_TYPE,PEDESTRIAN_ACCIDENT,BICYCLE_ACCIDENT,MOTORCYCLE_ACCIDENT,TRUCK_ACCIDENT,NOT_PRIVATE_PROPERTY,ALCOHOL_INVOLVED,STWD_VEHTYPE_AT_FAULT,CHP_VEHTYPE_AT_FAULT,COUNT_SEVERE_INJ,COUNT_VISIBLE_INJ,COUNT_COMPLAINT_PAIN,COUNT_PED_KILLED,COUNT_PED_INJURED,COUNT_BICYCLIST_KILLED,COUNT_BICYCLIST_INJURED,COUNT_MC_KILLED,COUNT_MC_INJURED,PRIMARY_RAMP,SECONDARY_RAMP,LATITUDE,LONGITUDE,COUNTY,CITY,POINT_X,POINT_Y
8648075,2018,2018-08-13,1942,2018-07-27,0720,30452,0923,5,5,7,1942,0,0,0,I,0,9A23,"VICTORY BL","COLUMBUS AV",88.00,W,N,A,-,N,,,,,,,,,,Y,1,1,0,4,A,-,08,22102,,N,D,C,E,A,H,-,A,D,0,Y,,,,Y,,A,01,0,0,0,1,0,0,0,0,0,"- ","- ",,,"LOS ANGELES","LOS ANGELES",-118.46430206298828,34.186656951904297
8648139,2018,2018-10-29,1942,2018-07-26,2115,39127,1403,4,5,7,1942,0,0,0,N,0,14A27,"SEPULVEDA BL","NATIONAL BL",0.00,,Y,B,-,N,,,,,,,,,,Y,1,1,1,3,A,-,01,23152,A,N,D,C,B,A,H,-,C,A,0,Y,,,,Y,Y,A,07,0,0,1,1,0,0,0,0,0,"- ","- ",,,"LOS ANGELES","LOS ANGELES",-118.42865753173828,34.027359008789062
8648147,2018,2020-05-21,1942,2018-08-10,0505,37611,0247,5,5,7,1942,0,0,0,B,0,2A47,"3RD ST","W UNION AV",0.00,,Y,A,-,N,,,,,,,,,,N,1,1,0,2,A,-,12,21453,A,F,G,B,B,A,H,-,C,A,0,Y,,,,Y,,-,99,0,0,0,1,0,0,0,0,0,"- ","- ",,,"LOS ANGELES","LOS ANGELES",-118.26795959472656,34.060901641845703
8648148,2018,2018-10-29,1942,2018-08-11,2051,40325,1333,6,5,7,1942,0,0,0,M,0,13A43,"JEFFERSON BL","MCKINLEY AV",10.00,W,N,A,-,N,,,,,,,,,,Y,1,1,0,2,C,-,18,,,F,G,B,E,A,H,-,C,A,0,Y,,,,Y,Y,-,"- ",0,0,0,1,0,0,0,0,0,"- ","- ",,,"LOS ANGELES","LOS ANGELES",-118.26033782958984,34.013233184814453
8648152,2018,2018-10-29,1942,2018-08-20,0545,38273,1663,1,5,7,1942,0,0,0,P,0,16A77,"SAN FERNANDO RD","TRUESDALE ST",1184.00,N,N,B,-,N,,,,,,,,,,N,1,1,0,2,A,-,11,21954,A,F,G,B,E,A,H,-,C,A,0,Y,,,,Y,,N,60,0,0,0,1,0,0,0,0,0,"- ","- ",,,"LOS ANGELES","LOS ANGELES",-118.39945220947266,34.244678497314453
8648154,2018,2020-05-21,1942,2018-09-01,2200,34599,1737,6,5,7,1942,0,0,0,Q,0,17A35,"BALBOA BL","SAN FERNANDO MISSION BL",400.00,N,N,A,-,N,,,,,,,,,,N,1,1,0,2,A,-,11,21954,A,N,G,B,D,A,H,-,C,A,0,Y,,,,Y,,N,60,0,0,0,1,0,0,0,0,0,"- ","- ",,,"LOS ANGELES","LOS ANGELES",-118.50218963623047,34.273147583007812
8648202,2018,2020-05-26,1942,2018-02-23,2315,39010,1307,5,5,7,1942,0,0,0,M,0,13A9,"OLYMPIC BL","CENTRAL AV",8.00,W,N,A,-,N,,,,,,,,,,N,1,1,0,2,A,-,09,21804,A,F,G,B,F,A,H,-,C,D,0,Y,,,,Y,Y,-,99,0,0,0,1,0,0,0,0,0,"- ","- ",,,"LOS ANGELES","LOS ANGELES",-118.24417877197266,34.032054901123047
8648208,2018,2018-10-01,1942,2018-09-14,2140,33504,0904,5,5,7,1942,0,0,0,I,0,9A5,"SEPULVEDA BL","CANTLAY ST",41.00,N,N,A,-,N,,,,,,,,,,Y,1,1,0,2,A,-,11,21955,,F,G,B,D,A,H,-,C,D,0,Y,,,,Y,Y,N,60,0,0,0,1,0,0,0,0,0,"- ","- ",,,"LOS ANGELES","LOS ANGELES",-118.46620178222656,34.202281951904297
8648219,2018,2019-01-16,1942,2018-04-26,2240,36733,1529,4,5,7,1942,0,0,0,O,0,15A27,"VICTORY BL","VINELAND AV",20.00,E,N,A,-,N,,,,,,,,,,Y,1,1,0,2,A,-,11,21456,B,F,G,B,D,A,H,-,C,A,0,Y,,,,Y,,N,60,0,0,0,1,0,0,0,0,0,"- ","- ",,,"LOS ANGELES","LOS ANGELES",-118.37024688720703,34.186691284179688
8648234,2018,2018-10-09,1942,2018-09-18,1900,37353,1779,2,5,7,1942,0,0,0,Q,0,17A95,"PLUMMER ST","HASKELL AV",0.00,,Y,A,-,N,,,,,,,,,,Y,1,1,2,4,A,-,09,21801,A,N,A,C,F,A,H,-,A,A,0,Y,,,,Y,,A,07,1,0,1,1,1,0,0,0,0,"- ","- ",,,"LOS ANGELES","LOS ANGELES",-118.47625732421875,34.242851257324219
8648255,2018,2020-05-26,1942,2018-08-21,1845,37560,0583,2,5,7,1942,0,0,0,E,0,25T24,"S WESTERN AV","25TH ST",508.00,S,N,A,-,N,,,,,,,,,,Y,1,1,3,3,A,-,03,22350,,N,E,I,F,A,H,-,A,D,0,Y,,,,Y,Y,A,01,0,1,2,0,2,0,0,0,0,"- ","- ",,,"LOS ANGELES","LOS ANGELES",-118.31413269042969,33.722049713134766
8648260,2018,2020-05-22,1942,2018-09-29,0620,40404,0566,6,5,7,1942,0,0,0,E,0,5A59,"W 9TH ST","PACIFIC AV",68.00,W,N,B,-,N,,,,,,,,,,N,1,1,0,2,A,-,11,21954,A,N,G,B,D,A,H,-,C,D,0,Y,,,,Y,,N,60,0,0,0,1,0,0,0,0,0,"- ","- ",,,"LOS ANGELES","LOS ANGELES",-118.28815460205078,33.736038208007812
8648286,2018,2018-10-25,1942,2018-10-01,1925,40576,2162,1,5,7,1942,0,0,0,,0,21A73,"FALLBROOK AV","CALIFA ST",72.00,N,N,A,-,N,,,,,,,,,,Y,1,1,1,3,A,-,11,21954,A,N,G,B,D,A,H,-,D,D,0,Y,,,,Y,,N,60,0,0,1,1,0,0,0,0,0,"- ","- ",,,"LOS ANGELES","LOS ANGELES",-118.62333679199219,34.177566528320312
8648290,2018,2020-05-26,1942,2018-10-08,0240,42309,1993,1,5,7,1942,0,0,0,,0,19A93,"BURNET AV","BURTON ST",28.00,N,N,B,-,N,,,,,,,,,,Y,1,1,0,2,A,-,11,21954,A,N,A,B,D,A,H,-,D,A,0,Y,,,,Y,Y,N,60,0,0,0,1,0,0,0,0,0,"- ","- ",,,"LOS ANGELES","LOS ANGELES",-118.46385192871094,34.220554351806641
8648292,2018,2018-10-25,1942,2018-10-24,0550,37505,,3,5,7,1942,0,0,0,,0,,"54 AV","YORK BL",11.00,S,N,A,-,N,,,,,,,,,,Y,1,1,0,2,A,-,11,21950,B,F,D,B,E,A,H,-,C,A,0,Y,,,,Y,,-,"- ",0,0,0,1,0,0,0,0,0,"- ","- ",,,"LOS ANGELES","LOS ANGELES",-118.199197,34.119959999999999
8648297,2018,2020-05-21,1942,2018-08-06,2028,41977,0362,1,5,7,1942,0,0,0,C,0,3A63,"W RODEO RD","FARMDALE AV",328.00,W,N,A,-,N,,,,,,,,,,Y,1,1,0,3,C,-,18,,,N,A,B,E,A,H,-,C,D,0,Y,,,,Y,Y,-,"- ",0,0,0,1,0,0,0,0,0,"- ","- ",,,"LOS ANGELES","LOS ANGELES",-118.34712982177734,34.021495819091797
8648306,2018,2020-05-21,1942,2018-09-26,2140,39062,1372,3,5,7,1942,0,0,0,M,0,13A85,"E 52ND ST","AVALON BL",0.00,,Y,A,-,N,,,,,,,,,,Y,1,1,0,2,A,-,11,21954,A,N,G,B,E,A,H,-,C,A,0,Y,,,,Y,,N,60,0,0,0,1,0,0,0,0,0,"- ","- ",,,"LOS ANGELES","LOS ANGELES",-118.26522827148438,33.995738983154297
8648308,2018,2020-05-26,1942,2018-10-15,2015,39299,0393,1,5,7,1942,0,0,0,C,0,3A73,"CRENSHAW BL","STOCKER ST",140.00,S,N,A,-,N,,,,,,,,,,N,1,1,0,2,A,-,11,21955,,N,G,B,D,A,H,-,C,A,0,Y,,,,Y,Y,N,60,0,0,0,1,0,0,0,0,0,"- ","- ",,,"LOS ANGELES","LOS ANGELES",-118.3350830078125,34.008045196533203
8648368,2018,2020-05-26,1942,2018-11-08,2125,40388,1757,4,5,7,1942,0,0,0,Q,0,17A49,"DEVONSHIRE ST","BALBOA BL",86.00,E,N,A,-,N,,,,,,,,,,N,1,1,0,2,A,-,11,21956,A,F,G,B,D,A,H,-,C,A,0,Y,,,,Y,Y,N,60,0,0,0,1,0,0,0,0,0,"- ","- ",,,"LOS ANGELES","LOS ANGELES",-118.50204467773438,34.257541656494141
8648376,2018,2018-11-30,1942,2018-10-15,2250,41129,0563,1,5,7,1942,0,0,0,E,0,5A85,"GAFFEY ST","14TH ST",5.00,,N,A,-,N,,,,,,,,,,N,1,1,1,2,A,-,11,21950,B,N,G,B,C,-,H,-,C,A,0,Y,,Y,,Y,Y,N,60,0,0,1,1,0,0,0,0,1,"- ","- ",,,"LOS ANGELES","LOS ANGELES",-118.29237365722656,33.731540679931641
8648392,2018,2018-12-05,1942,2018-10-26,1858,41072,0301,5,5,7,1942,0,0,0,C,0,25T21,"ADAMS BL","BURNSIDE AV",23.00,W,N,A,-,N,,,,,,,,,,N,2,0,1,2,A,-,11,21954,A,N,G,-,D,A,H,-,C,A,0,Y,,,,Y,,N,60,1,0,0,0,1,0,0,0,0,"- ","- ",,,"LOS ANGELES","LOS ANGELES",-118.36057281494141,34.032478332519531
8648406,2018,2020-05-21,1942,2018-11-10,0105,39022,2019,6,5,7,1942,0,0,0,,0,20A39,"N VIRGIL AV","1ST ST",120.00,S,N,A,-,N,,,,,,,,,,N,1,1,0,2,A,-,11,21956,A,F,G,B,E,A,H,-,C,D,0,Y,,,,Y,,N,60,0,0,0,1,0,0,0,0,0,"- ","- ",,,"LOS ANGELES","LOS ANGELES",-118.28678131103516,34.073471069335938
8648436,2018,2020-05-21,1942,2018-11-07,2150,42069,1219,3,5,7,1942,0,0,0,L,0,12A15,"FIGUEROA ST","57TH ST",0.00,,Y,A,-,N,,,,,,,,,,N,1,1,0,2,A,-,10,21950,A,F,G,B,B,A,H,-,C,A,0,Y,,,,Y,,-,99,0,0,0,1,0,0,0,0,0,"- ","- ",,,"LOS ANGELES","LOS ANGELES",-118.28267669677734,33.990550994873047
8648449,2018,2020-05-26,1942,2018-11-22,2245,38090,2076,4,5,7,1942,0,0,0,,0,20A97,"S VERMONT AV","17TH PL",32.00,N,N,A,-,N,,,,,,,,,,N,1,1,0,2,A,-,11,21954,A,F,G,B,D,A,H,-,C,A,0,Y,,,,Y,Y,N,60,0,0,0,1,0,0,0,0,0,"- ","- ",,,"LOS ANGELES","LOS ANGELES",-118.29158020019531,34.042778015136719
8648492,2018,2020-05-22,1942,2018-12-20,1850,42364,0343,4,5,7,1942,0,0,0,C,0,3A41,"S LA BREA AV","RODEO RD",477.00,S,N,A,-,N,,,,,,,,,,N,1,1,1,3,A,-,11,21955,,N,G,B,D,A,H,-,C,A,0,Y,,,,Y,,N,60,0,0,1,1,1,0,0,0,0,"- ","- ",,,"LOS ANGELES","LOS ANGELES",-118.35559844970703,34.020221710205078
8648510,2018,2020-05-26,1942,2018-12-15,2215,42451,0819,6,5,7,1942,0,0,0,H,0,8A29,"SUNSET BL","MAPLETON DR",276.00,E,N,A,-,N,,,,,,,,,,N,1,1,0,2,A,-,11,21954,A,F,G,B,D,A,H,-,C,D,0,Y,,,,Y,Y,N,60,0,0,0,1,0,0,0,0,0,"- ","- ",,,"LOS ANGELES","LOS ANGELES",-118.43186187744141,34.082309722900391
8648531,2018,2020-05-26,1942,2018-12-24,2105,41129,1841,1,5,7,1942,0,0,0,R,0,18A41,"S FIGUEROA ST","W 108TH ST",0.00,,Y,A,-,N,,,,,,,,,,N,1,1,0,2,A,-,10,21950,A,F,G,B,B,A,H,-,C,A,0,Y,,,,Y,Y,-,99,0,0,0,1,0,0,0,0,0,"- ","- ",,,"LOS ANGELES","LOS ANGELES",-118.28260803222656,33.938251495361328
8648562,2018,2020-05-22,1942,2018-12-11,2310,35393,0528,2,5,7,1942,0,0,0,E,0,5A17,"ALAMEDA ST","M ST",66.00,N,N,A,-,N,,,,,,,,,,N,1,1,0,2,A,-,11,21954,A,N,G,B,D,A,G,-,C,D,0,Y,,,,Y,Y,N,60,0,0,0,1,0,0,0,0,0,"- ","- ",,,"LOS ANGELES","LOS ANGELES",-118.24143981933594,33.789760589599609
8648593,2018,2019-02-14,1942,2018-11-10,1800,39177,1251,6,5,7,1942,0,0,0,L,0,25TL22,"CRENSHAW BL","W 78TH ST",0.00,,Y,A,-,N,,,,,,,,,,Y,1,1,0,2,A,-,10,21950,A,N,G,B,B,A,H,-,C,D,0,Y,,,,Y,,A,01,0,0,0,1,0,0,0,0,0,"- ","- ",,,"LOS ANGELES","LOS ANGELES",-118.33086,33.969070000000002
8648598,2018,2020-05-22,1942,2018-12-31,0215,36814,0211,1,5,7,1942,0,0,0,B,0,2A1,"N VERMONT AV","SANTA MONICA BL",170.00,S,N,A,-,N,,,,,,,,,,Y,1,1,0,2,A,-,01,23152,A,N,G,B,D,A,H,-,C,A,0,Y,,,,Y,Y,A,07,0,0,0,1,0,0,0,0,0,"- ","- ",,,"LOS ANGELES","LOS ANGELES",-118.29174041748047,34.090404510498047
8649369,2018,2018-07-26,1942,2018-07-01,1310,30380,1101,7,5,7,1942,0,0,0,K,0,11A1,"N VERMONT CANYON RD","N VERMONT CANYON RD 2800",0.00,,-,A,-,N,,,,,,,,,,Y,3,0,1,2,A,-,01,23153,A,N,E,I,E,A,H,-,A,D,0,Y,,,,Y,Y,A,01,0,1,0,0,1,0,0,0,0,"- ","- ",,,"LOS ANGELES","LOS ANGELES",,
8649549,2018,2018-08-27,1942,2018-07-03,2230,32372,0941,2,5,7,1942,0,0,0,I,0,9A41,"SEPULVEDA BL","HATTERAS AV",8.00,N,N,A,-,N,,,,,,,,,,N,2,0,1,2,A,-,12,21453,A,N,G,B,B,A,H,-,C,A,0,Y,,,,Y,,A,01,1,0,0,0,1,0,0,0,0,"- ","- ",,,"LOS ANGELES","LOS ANGELES",-118.46616363525391,34.175750732421875
8650321,2018,2018-09-10,1942,2018-07-15,1340,40690,0637,7,5,7,1942,0,0,0,F,0,6A49,"HOLLYWOOD BL","VINE ST",210.00,W,N,A,-,N,,,,,,,,,,N,3,0,1,2,A,-,11,21954,A,N,G,B,E,A,H,-,A,D,0,Y,,,,Y,,N,60,0,1,0,0,1,0,0,0,0,"- ","- ",,,"LOS ANGELES","LOS ANGELES",-118.32735443115234,34.101604461669922
8650408,2018,2018-09-18,1942,2018-07-23,0825,32973,1181,1,5,7,1942,0,0,0,K,0,11A71,"N ALVARADO ST","MONTANA ST",10.00,S,N,A,-,N,,,,,,,,,,N,3,0,1,2,A,-,08,22107,,N,E,I,F,A,H,-,A,D,0,Y,,,,Y,,I,20,0,1,0,0,1,0,0,0,0,"- ","- ",,,"LOS ANGELES","LOS ANGELES",-118.26169586181641,34.080535888671875
8650450,2018,2018-09-11,1942,2018-07-19,1645,40690,2071,4,5,7,1942,0,0,0,,0,20A71,"S WESTERN AV","VENICE BL",40.00,S,N,A,-,N,,,,,,,,,,N,3,0,1,2,A,-,17,21663,,N,G,B,F,A,H,-,A,D,0,Y,,,,Y,,A,01,0,1,0,0,1,0,0,0,0,"- ","- ",,,"LOS ANGELES","LOS ANGELES",-118.30902862548828,34.043460845947266
8650566,2018,2018-09-17,1942,2018-08-02,2213,40579,0249,4,5,7,1942,0,0,0,B,0,2A39,BIXEL,WILSHIRE,0.00,,Y,A,-,N,,,,,,,,,,N,3,0,1,2,A,-,10,21950,A,N,B,B,B,A,H,-,C,A,0,Y,,,,Y,Y,A,01,0,1,0,0,1,0,0,0,0,"- ","- ",,,"LOS ANGELES","LOS ANGELES",-118.26332092285156,34.052330017089844
8650809,2018,2018-10-10,1942,2018-07-29,1130,42770,1801,7,5,7,1942,0,0,0,R,0,18A17,"HICKORY ST","103RD ST",15.00,S,N,A,-,N,,,,,,,,,,,4,0,1,2,A,-,08,22107,,N,G,B,D,A,H,-,A,D,0,Y,,,,Y,,A,01,0,0,1,0,1,0,0,0,0,"- ","- ",,,"LOS ANGELES","LOS ANGELES",-118.23588562011719,33.943088531494141
8651973,2018,2018-10-09,1942,2018-09-03,0520,36537,2069,1,5,7,1942,0,0,0,,0,20A53,"MENLO AV","OLYMPIC BL",0.00,,Y,A,-,N,,,,,,,,,,N,3,0,1,2,A,-,10,21950,A,N,A,B,B,A,H,-,C,D,0,Y,,,,Y,,A,01,0,1,0,0,1,0,0,0,0,"- ","- ",,,"LOS ANGELES","LOS ANGELES",-118.29071807861328,34.052410125732422
8652575,2018,2018-07-31,1942,2018-06-25,1855,40366,1585,1,5,7,1942,0,0,0,O,0,0W4,"VINELAND AV","AQUA VISTA ST",0.00,,-,A,-,N,,,,,,,,,,N,4,0,1,2,A,-,10,21950,A,N,G,B,B,A,G,-,A,A,0,Y,,,,Y,,-,,0,0,1,0,1,0,0,0,0,"- ","- ",,,"LOS ANGELES","LOS ANGELES",-118.37055206298828,34.14495849609375
8652903,2018,2018-07-12,1942,2018-06-08,1635,43016,449,5,5,7,1942,0,0,0,,0,4A56,"EVERGREEN AV","WABASH AV",0.00,,Y,A,-,N,,,,,,,,,,N,2,0,2,3,A,-,10,21950,A,N,G,B,B,A,H,-,A,A,0,Y,,,,Y,,D,22,1,0,1,0,2,0,0,0,0,"- ","- ",,,"LOS ANGELES","LOS ANGELES",-118.197021484375,34.050060272216797
8653437,2018,2018-07-13,1942,2018-06-11,0705,39010,1117,1,5,7,1942,0,0,0,K,0,11A17,"YOSEMITE DR","EAGLE ROCK BL",26.00,W,N,A,-,N,,,,,,,,,,N,4,0,1,2,A,-,09,21801,A,N,G,B,B,A,H,-,A,A,0,Y,,,,Y,,A,01,0,0,1,0,1,0,0,0,0,"- ","- ",,,"LOS ANGELES","LOS ANGELES",-118.21538543701172,34.135147094726562
8653438,2018,2018-07-12,1942,2018-06-12,0710,35945,0645,2,5,7,1942,0,0,0,F,0,6A45,"ORANGE DR","FOUNTAIN AV",0.00,,Y,A,-,N,,,,,,,,,,N,4,0,1,2,A,-,10,21950,A,N,G,B,B,A,H,-,A,A,0,Y,,,,Y,,A,07,0,0,1,0,1,0,0,0,0,"- ","- ",,,"LOS ANGELES","LOS ANGELES",-118.34162902832031,34.094329833984375
8653543,2018,2018-07-06,1942,2018-06-26,1300,40165,1964,2,5,7,1942,0,0,0,,0,19A75,"VAN NUYS BL","NORDHOFF ST",0.00,,Y,A,-,N,,,,,,,,,,N,4,0,1,2,A,-,10,21950,A,F,G,B,B,A,H,-,A,D,0,Y,,,,Y,,-,99,0,0,1,0,1,0,0,0,0,"- ","- ",,,"LOS ANGELES","LOS ANGELES",-118.45024871826172,34.235408782958984
8653588,2018,2018-08-21,1942,2018-06-13,0100,43143,2187,3,5,7,1942,0,0,0,,0,21A97,"DE SOTO AV","RT 101",0.00,,Y,A,-,Y,LA,7,101,-,-,24.134,R,1,N,N,4,0,1,2,A,-,10,21950,A,F,G,B,B,A,H,-,C,A,0,Y,,,,Y,,-,99,0,0,1,0,1,0,0,0,0,"- ","- ",,,"LOS ANGELES","LOS ANGELES",-118.5849609375,34.168041229248047
8653777,2018,2018-07-09,1942,2018-06-10,0001,42608,1804,7,5,7,1942,0,0,0,R,0,18A43,"S CENTRAL AV","MANCHESTER AV",2.00,S,N,A,-,N,,,,,,,,,,N,4,0,1,2,A,-,10,21950,A,F,G,B,B,A,H,-,C,A,0,Y,,,,Y,,-,99,0,0,1,0,1,0,0,0,0,"- ","- ",,,"LOS ANGELES","LOS ANGELES",-118.25641632080078,33.960155487060547
8653864,2018,2018-07-11,1942,2018-06-04,1550,37952,1144,1,5,7,1942,0,0,0,K,0,1A71,"SILVER LAKE BL","EARL ST",0.00,,Y,A,-,N,,,,,,,,,,N,4,0,1,2,A,-,10,21950,A,N,G,B,B,A,H,-,A,A,0,Y,,,,Y,,A,07,0,0,1,0,1,0,0,0,0,"- ","- ",,,"LOS ANGELES","LOS ANGELES",-118.26125335693359,34.097061157226562
8653896,2018,2018-07-12,1942,2018-06-06,0720,32973,0162,3,5,7,1942,0,0,0,A,0,1A61,"S HOPE ST","W HOPE ST",0.00,,Y,A,-,N,,,,,,,,,,N,4,0,1,2,A,-,11,21456,B,N,G,B,B,A,H,-,A,A,0,Y,,Y,,Y,,N,60,0,0,1,0,1,0,0,0,0,"- ","- ",,,"LOS ANGELES","LOS ANGELES",-118.28025054931641,34.015651702880859
8654272,2018,2018-08-30,1942,2018-06-14,2105,33251,2105,4,5,7,1942,0,0,0,,0,21X98,"TOPANGA CANYON BL","SCHOENBORN ST",0.00,,Y,A,-,N,,,,,,,,,,N,2,0,1,2,A,-,10,21950,A,N,A,B,B,A,H,-,C,A,0,Y,,,,Y,,-,,1,0,0,0,1,0,0,0,0,"- ","- ",,,"LOS ANGELES","LOS ANGELES",-118.60600280761719,34.220920562744141
8654280,2018,2018-07-18,1942,2018-06-19,1110,35647,1586,2,5,7,1942,0,0,0,O,0,15A33,"VALLEYHEART DR","BLUFFSIDE DR",0.00,,Y,A,-,N,,,,,,,,,,N,3,0,1,2,A,-,11,21956,A,N,-,B,D,A,H,-,A,D,0,Y,,,,Y,,N,60,0,1,0,0,1,0,0,0,0,"- ","- ",,,"LOS ANGELES","LOS ANGELES",-118.36145782470703,34.141960144042969
8654588,2018,2018-07-17,1942,2018-04-14,1745,42210,0308,6,5,7,1942,0,0,0,C,0,3A92W7,"23RD ST","UNION AV",0.00,,Y,A,-,N,,,,,,,,,,N,2,0,1,2,A,-,11,21456,B,N,H,B,B,A,H,-,A,A,0,Y,,,,Y,,N,60,1,0,0,0,1,0,0,0,0,"- ","- ",,,"LOS ANGELES","LOS ANGELES",-118.28341674804688,34.034938812255859
8654617,2018,2018-07-16,1942,2018-03-24,0150,40921,1204,6,5,7,1942,0,0,0,L,0,12X52,"VERNON AV","NORMANDIE AV",30.00,E,N,A,-,N,,,,,,,,,,N,2,0,1,2,A,-,11,21954,A,F,G,B,E,A,H,-,C,A,0,Y,,,,Y,,N,60,1,0,0,0,1,0,0,0,0,"- ","- ",,,"LOS ANGELES","LOS ANGELES",-118.30009460449219,34.003700256347656
8654792,2018,2018-07-16,1942,2018-06-23,0230,43276,0152,6,5,7,1942,0,0,0,A,0,1A61,"7TH ST",FLOWER,150.00,E,N,A,-,N,,,,,,,,,,N,3,0,1,2,A,-,11,21954,A,N,G,B,E,A,H,-,C,D,0,Y,,,,Y,Y,N,60,0,1,0,0,1,0,0,0,0,"- ","- ",,,"LOS ANGELES","LOS ANGELES",-118.46872711181641,33.999233245849609
8654974,2018,2018-07-17,1942,2018-06-01,0640,38502,0478,5,5,7,1942,0,0,0,D,0,4A97,"LORENA ST","WHITTIER BL",4.00,N,N,A,-,N,,,,,,,,,,N,3,0,1,2,A,-,10,21950,A,N,G,B,B,A,H,-,A,A,0,Y,,,,Y,,A,01,0,1,0,0,1,0,0,0,0,"- ","- ",,,"LOS ANGELES","LOS ANGELES",-118.20098114013672,34.027797698974609
8654976,2018,2018-07-17,1942,2018-06-11,1720,35686,1143,1,5,7,1942,0,0,0,K,0,1143,"GRIFFITH PARK BL","ROWENA AV",0.00,,Y,A,-,N,,,,,,,,,,N,3,0,1,2,A,-,10,21950,A,N,G,B,B,A,H,-,A,D,0,Y,,,,Y,,A,01,0,1,0,0,1,0,0,0,0,"- ","- ",,,"LOS ANGELES","LOS ANGELES",-118.27687072753906,34.1109619140625
8654991,2018,2018-07-17,1942,2018-06-23,1540,41054,2038,6,5,7,1942,0,0,0,,0,20A39,"VERMONT AV","8TH ST",90.00,N,N,A,-,N,,,,,,,,,,N,3,0,1,2,A,-,10,21954,B,F,G,B,E,A,H,-,A,D,0,Y,,,,Y,,-,99,0,1,0,0,1,0,0,0,0,"- ","- ",,,"LOS ANGELES","LOS ANGELES",,
8654992,2018,2018-07-16,1942,2018-06-13,1225,38050,1123,3,5,7,1942,0,0,0,K,0,11A1,"LOS FELIZ BL","PERLITA AV",20.00,S,N,A,-,N,,,,,,,,,,N,4,0,1,2,A,-,10,21950,A,N,G,B,B,A,H,-,A,D,0,Y,,,,Y,,A,01,0,0,1,0,1,0,0,0,0,"- ","- ",,,"LOS ANGELES","LOS ANGELES",-118.264892578125,34.125392913818359
8654996,2018,2018-07-17,1942,2018-06-21,1100,41376,1494,4,5,7,1942,0,0,0,N,0,20TL56,"WORLD WY","WEST WY",200.00,E,N,A,-,N,,,,,,,,,,Y,4,0,1,3,C,-,18,,,N,B,C,B,A,H,-,A,D,0,Y,,,,Y,,-,"- ",0,0,1,0,1,0,0,0,0,"- ","- ",,,"LOS ANGELES","LOS ANGELES",-118.40541076660156,33.944911956787109
8655020,2018,2018-07-17,1942,2018-06-24,1145,41671,1469,7,5,7,1942,0,0,0,N,0,14A67,"KITTYHAWK AV","RAMSGATE PL",145.00,N,N,A,-,N,,,,,,,,,,N,3,0,1,2,A,-,11,21954,A,N,G,B,E,A,H,-,A,D,0,Y,,,,Y,,N,60,0,1,0,0,1,0,0,0,0,"- ","- ",,,"LOS ANGELES","LOS ANGELES",-118.37322235107422,33.974628448486328
8655971,2018,2018-07-17,1942,2018-06-12,1545,43033,0251,2,5,7,1942,0,0,0,B,0,2A17,"RAMPART BL",4TH,558.00,S,N,A,-,N,,,,,,,,,,N,4,0,1,2,A,-,11,21950,B,N,C,A,E,A,H,-,A,D,0,Y,,Y,,Y,,N,60,0,0,1,0,1,0,0,0,0,"- ","- ",,,"LOS ANGELES","LOS ANGELES",-118.28060150146484,34.063579559326172
8655972,2018,2018-07-19,1942,2018-07-02,1820,40388,1675,1,5,7,1942,0,0,0,P,0,16A77,"TUXFORD ST","BRADLEY AV",0.00,,Y,A,-,N,,,,,,,,,,N,3,0,1,2,A,-,10,21950,A,F,G,B,B,A,H,-,A,A,0,Y,,,,Y,,-,99,0,1,0,0,1,0,0,0,0,"- ","- ",,,"LOS ANGELES","LOS ANGELES",-118.3768310546875,34.230518341064453