CASE_ID,ACCIDENT_YEAR,PROC_DATE,JURIS,COLLISION_DATE,COLLISION_TIME,OFFICER_ID,REPORTING_DISTRICT,DAY_OF_WEEK,CHP_SHIFT,POPULATION,CNTY_CITY_LOC,SPECIAL_COND,BEAT_TYPE,CHP_BEAT_TYPE,CITY_DIVISION_LAPD,CHP_BEAT_CLASS,BEAT_NUMBER,PRIMARY_RD,SECONDARY_RD,DISTANCE,DIRECTION,INTERSECTION,WEATHER_1,WEATHER_2,STATE_HWY_IND,CALTRANS_COUNTY,CALTRANS_DISTRICT,STATE_ROUTE,ROUTE_SUFFIX,POSTMILE_PREFIX,POSTMILE,LOCATION_TYPE,RAMP_INTERSECTION,SIDE_OF_HWY,TOW_AWAY,COLLISION_SEVERITY,NUMBER_KILLED,NUMBER_INJURED,PARTY_COUNT,PRIMARY_COLL_FACTOR,PCF_CODE_OF_VIOL,PCF_VIOL_CATEGORY,PCF_VIOLATION,PCF_VIOL_SUBSECTION,HIT_AND_RUN,TYPE_OF_COLLISION,MVIW,PED_ACTION,ROAD_SURFACE,ROAD_COND_1,ROAD_COND_2,LIGHTING,CONTROL_DEVICE,CHP_ROAD_TYPE,PEDESTRIAN_ACCIDENT,BICYCLE_ACCIDENT,MOTORCYCLE_ACCIDENT,TRUCK_ACCIDENT,NOT_PRIVATE_PROPERTY,ALCOHOL_INVOLVED,STWD_VEHTYPE_AT_FAULT,CHP_VEHTYPE_AT_FAULT,COUNT_SEVERE_INJ,COUNT_VISIBLE_INJ,COUNT_COMPLAINT_PAIN,COUNT_PED_KILLED,COUNT_PED_INJURED,COUNT_BICYCLIST_KILLED,COUNT_BICYCLIST_INJURED,COUNT_MC_KILLED,COUNT_MC_INJURED,PRIMARY_RAMP,SECONDARY_RAMP,LATITUDE,LONGITUDE,COUNTY,CITY,POINT_X,POINT_Y
8656412,2018,2018-07-23,1942,2018-06-30,0430,36120,269,6,5,7,1942,0,0,0,,0,2A45,"8TH ST","GARLAND AV",6.00,E,N,A,-,N,,,,,,,,,,N,2,0,1,2,A,-,11,21456,B,N,G,B,B,A,H,-,C,A,0,Y,,,,Y,Y,N,60,1,0,0,0,1,0,0,0,0,"- ","- ",,,"LOS ANGELES","LOS ANGELES",-118.26767730712891,34.049640655517578
8656514,2018,2018-08-01,1942,2018-06-29,1020,43291,0773,5,5,7,1942,0,0,0,G,0,7A69,"MARVIN AVE","VENICE BL",15.00,S,N,A,-,N,,,,,,,,,,N,3,0,1,2,A,-,11,21954,A,N,G,B,B,A,H,-,A,A,0,Y,,,,Y,,N,60,0,1,0,0,1,0,0,0,0,"- ","- ",,,"LOS ANGELES","LOS ANGELES",-118.36109924316406,34.0435791015625
8656546,2018,2018-07-30,1942,2018-06-12,1305,42236,0881,2,5,7,1942,0,0,0,H,0,8A53,"BUNDY DR","OLYMPIC BL",0.00,,Y,A,-,N,,,,,,,,,,N,4,0,1,2,A,-,17,21100,3,N,G,B,E,A,D,-,A,B,0,Y,,,,Y,,A,01,0,0,1,0,1,0,0,0,0,"- ","- ",,,"LOS ANGELES","LOS ANGELES",-118.45375823974609,34.032379150390625
8656643,2018,2018-08-13,1942,2018-07-07,1900,36504,0881,6,5,7,1942,0,0,0,H,0,6T7,"OLYMPIC BL","BARRINGTON AV",0.00,,Y,A,-,N,,,,,,,,,,Y,3,0,2,3,A,-,10,21950,A,N,D,B,B,A,H,-,A,A,0,Y,,,,Y,,A,01,0,2,0,0,2,0,0,0,0,"- ","- ",,,"LOS ANGELES","LOS ANGELES",-118.44785308837891,34.034229278564453
8656660,2018,2018-08-13,1942,2018-07-13,1040,41376,2041,5,5,7,1942,0,0,0,,0,6TL7,"W OCEAN BLVD","4TH AV",0.00,,Y,A,-,N,,,,,,,,,,N,4,0,1,2,A,-,10,21950,A,N,G,B,B,A,H,-,A,A,0,Y,,,,Y,,A,01,0,0,1,0,1,0,0,0,0,"- ","- ",,,"LOS ANGELES","LOS ANGELES",-118.17870330810547,33.765830993652344
8656741,2018,2018-08-14,1942,2018-04-25,1800,41080,1826,3,5,7,1942,0,0,0,R,0,18X96,"COMPTON AV","CENTURY BL",50.00,S,N,A,-,N,,,,,,,,,,N,3,0,1,2,A,-,03,22350,,F,G,B,E,A,H,-,A,A,0,Y,,,,Y,,-,99,0,1,0,0,1,0,0,0,0,"- ","- ",,,"LOS ANGELES","LOS ANGELES",-118.24623107910156,33.945621490478516
8657015,2018,2018-09-05,1942,2018-07-05,2138,40730,1361,4,5,7,1942,0,0,0,M,0,13A61,BROADWAY,"47TH ST",185.00,S,N,A,-,N,,,,,,,,,,Y,3,0,3,4,A,-,08,22107,,N,B,E,F,A,H,-,C,D,0,Y,,,,Y,,A,01,0,1,2,0,1,0,0,0,0,"- ","- ",,,"LOS ANGELES","LOS ANGELES",,
8657040,2018,2018-09-05,1942,2018-07-17,2145,41858,0585,2,5,7,1942,0,0,0,E,0,5A85,"25TH ST","WALKER ST",51.00,W,N,A,-,N,,,,,,,,,,N,3,0,1,2,A,-,11,21956,,N,G,B,D,A,H,-,C,D,0,Y,,,Y,Y,,N,60,0,1,0,0,1,0,0,0,0,"- ","- ",,,"LOS ANGELES","LOS ANGELES",-118.30366516113281,33.721580505371094
8657064,2018,2018-09-24,1942,2018-07-02,1915,42665,1252,1,5,7,1942,0,0,0,L,0,12A51,"76TH ST","3RD AV",150.00,E,N,A,-,N,,,,,,,,,,Y,4,0,1,3,A,-,03,22350,,N,B,C,E,A,H,-,B,D,0,Y,,,,Y,Y,A,01,0,0,1,0,1,0,0,0,0,"- ","- ",,,"LOS ANGELES","LOS ANGELES",-118.31944274902344,33.970920562744141
8657161,2018,2018-09-11,1942,2018-06-25,1918,39072,1367,1,5,7,1942,0,0,0,M,0,13A75,"49TH ST","COMPTON AV",285.00,E,N,A,-,N,,,,,,,,,,N,3,0,1,2,A,-,11,21956,A,N,A,B,E,A,H,-,B,D,0,Y,,,,Y,,N,60,0,1,0,0,1,0,0,0,0,"- ","- ",,,"LOS ANGELES","LOS ANGELES",-118.24684143066406,33.998420715332031
8657180,2018,2018-09-24,1942,2018-07-14,2000,41661,1395,6,5,7,1942,0,0,0,M,0,13A93,"71ST ST","SAN PEDRO ST",497.00,E,N,A,-,N,,,,,,,,,,N,4,0,1,2,A,-,11,21955,,N,G,B,D,A,H,-,A,D,0,Y,,,,Y,,N,60,0,0,1,0,1,0,0,0,0,"- ","- ",,,"LOS ANGELES","LOS ANGELES",-118.2679443359375,33.975452423095703
8657192,2018,2019-05-02,1942,2018-07-09,2100,31476,1353,1,5,7,1942,0,0,0,M,0,13A43,"AVALON BL","43RD ST",0.00,,Y,A,-,N,,,,,,,,,,N,1,1,0,2,A,-,10,21950,A,N,-,B,D,-,H,-,A,D,0,Y,,,,Y,,A,08,0,0,0,1,0,0,0,0,0,"- ","- ",,,"LOS ANGELES","LOS ANGELES",-118.26526641845703,34.005680084228516
8657681,2018,2018-10-04,1942,2018-07-26,2220,40388,1088,4,5,7,1942,0,0,0,J,0,10A99,"VENTURA BL","HAYVENHURST AV",23.00,E,N,A,-,N,,,,,,,,,,N,2,0,1,2,A,-,11,21955,,F,G,B,D,A,H,-,C,A,0,Y,,,,Y,Y,N,60,1,0,0,0,1,0,0,0,0,"- ","- ",,,"LOS ANGELES","LOS ANGELES",-118.49224853515625,34.157539367675781
8657737,2018,2018-10-25,1942,2018-07-24,1546,5462,,2,5,7,1942,0,0,0,,0,,"7TH ST",JUNIPERO,0.00,,Y,A,-,N,,,,,,,,,,N,4,0,1,2,A,-,10,21950,A,N,G,B,-,A,H,-,A,A,0,Y,,,,Y,,D,,0,0,1,0,1,0,0,0,0,"- ","- ",,,"LOS ANGELES","LOS ANGELES",-118.16335296630859,33.775348663330078
8658159,2018,2018-09-24,1942,2018-07-28,2200,37146,0589,6,5,7,1942,0,0,0,E,0,25T21,"PACIFIC AV","STEPHEN M WHITE",26.00,N,N,A,-,N,,,,,,,,,,N,3,0,1,2,A,-,11,21954,A,N,G,B,D,A,H,-,C,A,0,Y,,,,Y,Y,N,60,0,1,0,0,1,0,0,0,0,"- ","- ",,,"LOS ANGELES","LOS ANGELES",-118.28794860839844,33.711589813232422
8658160,2018,2018-10-30,1942,2018-07-20,1226,40275,0478,5,5,7,1942,0,0,0,D,0,4A97,"SABINA ST","SPENCE ST",500.00,W,N,A,-,N,,,,,,,,,,N,4,0,1,8,A,-,03,22350,,F,G,B,E,A,H,-,A,D,0,Y,,,,Y,,-,99,0,0,1,0,1,0,0,0,0,"- ","- ",,,"LOS ANGELES","LOS ANGELES",-118.19827270507812,34.029289245605469
8658507,2018,2018-07-18,1942,2018-05-31,1615,41911,1241,4,5,7,1942,0,0,0,L,0,12A51,"CRENSHAW BL","HYDE PARK BL",7.00,N,N,A,-,N,,,,,,,,,,N,3,0,1,2,A,-,11,21950,B,N,G,B,B,A,D,-,A,A,0,Y,,,,Y,,N,60,0,1,0,0,1,0,0,0,0,"- ","- ",,,"LOS ANGELES","LOS ANGELES",-118.33087921142578,33.980640411376953
8658588,2018,2018-07-11,1942,2018-06-11,0030,42501,0646,1,5,7,1942,0,0,0,F,0,6EL1,"CAHUENGA BL","SELMA AV",100.00,N,N,A,-,N,,,,,,,,,,N,3,0,1,2,A,-,11,21955,,N,G,B,E,A,H,-,C,A,0,Y,,,,Y,,N,60,0,1,0,0,1,0,0,0,0,"- ","- ",,,"LOS ANGELES","LOS ANGELES",-118.32952880859375,34.100044250488281
8658589,2018,2018-07-11,1942,2018-06-18,0135,41832,1209,1,5,7,1942,0,0,0,L,0,12A93,"FIGUEROA ST","48TH ST",50.00,N,N,A,-,N,,,,,,,,,,N,2,0,1,2,A,-,11,21955,,N,G,B,D,A,H,-,C,D,0,Y,,,,Y,,A,01,1,0,0,0,1,0,0,0,0,"- ","- ",,,"LOS ANGELES","LOS ANGELES",-118.28272247314453,33.999786376953125
8658592,2018,2018-07-11,1942,2018-06-16,0810,34959,0645,6,5,7,1942,0,0,0,F,0,6A45,"HOLLYWOOD BL","HIGHLAND AV",335.00,W,N,B,-,N,,,,,,,,,,N,3,0,1,2,A,-,11,21954,A,N,G,B,D,A,H,-,A,D,0,Y,,,,Y,,N,60,0,1,0,0,1,0,0,0,0,"- ","- ",,,"LOS ANGELES","LOS ANGELES",-118.33979797363281,34.101551055908203
8658617,2018,2018-07-11,1942,2018-06-26,2055,42665,1253,2,5,7,1942,0,0,0,L,0,12A53,"FLORENCE AV","HOBART BL",100.00,E,N,B,-,N,,,,,,,,,,N,4,0,1,2,A,-,11,21954,A,F,G,B,D,A,H,-,A,D,0,Y,,,,Y,,N,60,0,0,1,0,1,0,0,0,0,"- ","- ",,,"LOS ANGELES","LOS ANGELES",-118.30756378173828,33.974571228027344
8658632,2018,2018-07-20,1942,2018-06-08,1415,38374,0659,5,5,7,1942,0,0,0,F,0,6A79,"W FOUNTAIN AV","N NORMANDIE AV",0.00,,Y,A,-,N,,,,,,,,,,N,4,0,1,2,A,-,10,21950,,N,G,B,B,A,H,-,A,A,0,Y,,,,Y,,-,"- ",0,0,1,0,1,0,0,0,0,"- ","- ",,,"LOS ANGELES","LOS ANGELES",-118.30049896240234,34.095199584960938
8659043,2018,2018-08-13,1942,2018-06-17,1425,41376,0835,7,5,7,1942,0,0,0,H,0,8TL26,"SANTA MONICA BL","VETERAN AV",75.00,W,N,A,-,N,,,,,,,,,,N,4,0,1,2,A,-,17,21663,,N,G,B,F,A,H,-,A,D,0,Y,,,,Y,,A,07,0,0,1,0,1,0,0,0,0,"- ","- ",,,"LOS ANGELES","LOS ANGELES",-118.44036102294922,34.048851013183594
8659044,2018,2018-08-21,1942,2018-06-18,1215,40235,0858,1,5,7,1942,0,0,0,H,0,8A95,"PICO BL","W ROBERTSON BL",105.00,,N,A,-,N,,,,,,,,,,N,4,0,1,2,A,-,21,22106,,N,G,B,E,A,H,-,A,D,0,Y,,,,Y,,A,01,0,0,1,0,1,0,0,0,0,"- ","- ",,,"LOS ANGELES","LOS ANGELES",-118.38372039794922,34.054779052734375
8659099,2018,2018-08-10,1942,2018-06-16,1910,41856,0817,6,5,7,1942,0,0,0,H,0,8A29,"WESTWOOD BL","KINROSS AV",78.00,S,N,A,-,N,,,,,,,,,,Y,4,0,3,5,A,-,03,22350,,N,C,E,E,A,H,-,B,D,0,Y,,,,Y,,A,07,0,0,3,0,1,0,0,0,0,"- ","- ",,,"LOS ANGELES","LOS ANGELES",-118.44544982910156,34.060577392578125
8659137,2018,2018-07-20,1942,2018-07-04,2100,42338,1239,3,5,7,1942,0,0,0,L,0,12A49,"BONSALLO AV","59TH ST",224.00,N,N,A,-,N,,,,,,,,,,N,2,0,1,2,A,-,11,21954,A,N,G,B,E,A,H,-,C,D,0,Y,,,,Y,,N,60,1,0,0,0,1,0,0,0,0,"- ","- ",,,"LOS ANGELES","LOS ANGELES",-118.28595733642578,33.988132476806641
8659150,2018,2018-07-23,1942,2018-06-30,2325,39410,0904,6,5,7,1942,0,0,0,I,0,10T35W,"RAYMER ST","VAN NUYS BL",860.00,W,N,A,-,N,,,,,,,,,,N,3,0,1,2,A,-,03,22350,,F,G,B,D,A,H,-,C,D,0,Y,,,,Y,,-,99,0,1,0,0,1,0,0,0,0,"- ","- ",,,"LOS ANGELES","LOS ANGELES",,
8659151,2018,2018-07-26,1942,2018-06-30,1345,26947,1025,6,5,7,1942,0,0,0,J,0,10A21,"VANOWEN ST","DARBY AV",0.00,,Y,A,-,N,,,,,,,,,,N,4,0,1,2,A,-,10,21952,,N,G,B,C,A,H,-,A,D,0,Y,,,,Y,,A,01,0,0,1,0,1,0,0,0,0,"- ","- ",,,"LOS ANGELES","LOS ANGELES",-118.53353118896484,34.193840026855469
8659154,2018,2018-07-23,1942,2018-06-30,0620,42818,1663,6,5,7,1942,0,0,0,P,0,16A77,"TELFAIR AV","ALLEGHENY ST",134.00,S,N,B,-,N,,,,,,,,,,N,2,0,1,2,A,-,11,21954,A,N,G,B,D,A,H,-,A,D,0,Y,,,,Y,,N,60,1,0,0,0,1,0,0,0,0,"- ","- ",,,"LOS ANGELES","LOS ANGELES",-118.39539337158203,34.23504638671875
8659264,2018,2018-07-20,1942,2018-07-04,0910,41497,1001,3,5,7,1942,0,0,0,J,0,10A3,"TAMPA AV","KESWICK ST",325.00,N,N,A,-,N,,,,,,,,,,N,3,0,1,2,A,-,10,21954,B,F,G,B,E,A,H,-,A,D,0,Y,,,,Y,,-,99,0,1,0,0,1,0,0,0,0,"- ","- ",,,"LOS ANGELES","LOS ANGELES",-118.55351257324219,34.211063385009766
8659449,2018,2018-07-20,1942,2018-06-01,0815,26281,0745,5,5,7,1942,0,0,0,G,0,7A33,"HAUSER BL","WILSHIRE BL",0.00,,Y,A,-,N,,,,,,,,,,N,3,0,1,2,A,-,10,21950,A,N,G,B,B,A,H,-,A,A,0,Y,,,,Y,,A,07,0,1,0,0,1,0,0,0,0,"- ","- ",,,"LOS ANGELES","LOS ANGELES",-118.3514404296875,34.062370300292969
8659510,2018,2018-07-19,1942,2018-06-05,1045,26281,0745,2,5,7,1942,0,0,0,G,0,7A33,"WILSHIRE BL","RIDGELEY DR",0.00,,Y,B,-,N,,,,,,,,,,N,4,0,1,2,A,-,11,21456,B,N,G,B,B,A,H,-,A,A,0,Y,,,,Y,,N,60,0,0,1,0,1,0,0,0,0,"- ","- ",,,"LOS ANGELES","LOS ANGELES",-118.3504638671875,34.062351226806641
8659540,2018,2018-08-01,1942,2018-06-26,1918,42988,0784,2,5,7,1942,0,0,0,G,0,7X14W7,"REDONDO BL","WASHINGTON BL",0.00,,Y,A,-,N,,,,,,,,,,N,3,0,1,2,A,-,10,21950,A,N,G,B,B,A,H,-,A,A,0,Y,,,,Y,,-,"- ",0,1,0,0,1,0,0,0,0,"- ","- ",,,"LOS ANGELES","LOS ANGELES",-118.35281372070312,34.041210174560547
8659576,2018,2018-07-23,1942,2018-06-18,1720,41579,0361,1,5,7,1942,0,0,0,C,0,3A1,"LA BREA","RODEO RD",0.00,,Y,A,-,N,,,,,,,,,,N,2,0,1,2,A,-,11,21955,,F,G,B,D,A,H,-,A,A,0,Y,,,,Y,,-,99,1,0,0,0,1,0,0,0,0,"- ","- ",,,"LOS ANGELES","LOS ANGELES",-118.35561370849609,34.021530151367188
8659617,2018,2018-07-24,1942,2018-07-06,1000,41198,0904,5,5,7,1942,0,0,0,I,0,9A5,"RAYMER ST","KESTER AV",1400.00,E,N,A,-,N,,,,,,,,,,N,4,0,1,2,A,-,10,21954,B,F,G,B,E,A,H,-,A,A,0,Y,,,,Y,,-,99,0,0,1,0,1,0,0,0,0,"- ","- ",,,"LOS ANGELES","LOS ANGELES",-118.45391845703125,34.212478637695312
8659994,2018,2018-07-17,1942,2018-06-12,2300,40325,0236,2,5,7,1942,0,0,0,B,0,2A56,"3RD ST","WESTLAKE AV",0.00,,Y,A,-,N,,,,,,,,,,N,2,0,1,2,A,-,11,21950,B,N,G,B,D,A,H,-,C,A,0,Y,,,,Y,,A,08,1,0,0,0,1,0,0,0,0,"- ","- ",,,"LOS ANGELES","LOS ANGELES",-118.27146148681641,34.062450408935547
8660889,2018,2018-09-24,1942,2018-06-14,1850,38233,0295,4,5,7,1942,0,0,0,B,0,2A91,"W 17TH ST","BURLINGTON AV",155.00,E,N,A,-,N,,,,,,,,,,N,3,0,1,2,A,-,11,21954,A,N,G,B,D,A,H,-,A,D,0,Y,,,,Y,,N,60,0,1,0,0,1,0,0,0,0,"- ","- ",,,"LOS ANGELES","LOS ANGELES",-118.28105926513672,34.041122436523438
8661619,2018,2018-07-31,1942,2018-06-27,2230,42608,1266,3,5,7,1942,0,0,0,L,0,25T25,"80TH ST","FIGUEROA ST",340.00,W,N,A,-,N,,,,,,,,,,N,3,0,2,4,A,-,17,22517,,F,B,E,E,A,H,-,C,D,0,Y,,,,Y,,D,22,0,2,0,0,2,0,0,0,0,"- ","- ",,,"LOS ANGELES","LOS ANGELES",-118.28272247314453,33.966899871826172
8661650,2018,2018-07-31,1942,2018-06-29,0905,43206,0237,5,5,7,1942,0,0,0,B,0,2A39,"WITMER ST","3RD ST",15.00,N,N,A,-,N,,,,,,,,,,N,3,0,1,2,A,-,10,21950,A,N,G,B,B,A,H,-,A,A,0,Y,,,,Y,,D,22,0,1,0,0,1,0,0,0,0,"- ","- ",,,"LOS ANGELES","LOS ANGELES",-118.26345825195312,34.059104919433594
8661681,2018,2018-07-25,1942,2018-06-18,2100,41470,1142,1,5,7,1942,0,0,0,K,0,11A1,"HILLHURST AV","AVOCADO ST",60.00,N,N,A,-,N,,,,,,,,,,Y,2,0,2,2,A,-,10,21954,,N,G,B,D,A,H,-,C,D,0,Y,,,,Y,,N,60,1,0,1,0,1,0,0,0,0,"- ","- ",,,"LOS ANGELES","LOS ANGELES",-118.28742218017578,34.110885620117188
8661685,2018,2018-07-25,1942,2018-06-16,2200,30083,1129,6,5,7,1942,0,0,0,K,0,11A25,"N AVENUE 64","GARVANZA AV",70.00,S,N,A,-,N,,,,,,,,,,N,4,0,1,2,A,-,08,22107,,F,G,B,E,A,H,-,C,D,0,Y,,,,Y,,-,99,0,0,1,0,1,0,0,0,0,"- ","- ",,,"LOS ANGELES","LOS ANGELES",-118.18098449707031,34.115226745605469
8661702,2018,2018-07-23,1942,2018-07-10,1440,39177,1208,2,5,7,1942,0,0,0,L,0,,"S FIGUEROA ST","S 49TH PL",81.00,S,N,A,-,N,,,,,,,,,,N,4,0,1,2,A,-,11,21954,A,N,G,B,D,A,H,-,A,D,0,Y,,,,Y,,N,60,0,0,1,0,1,0,0,0,0,"- ","- ",,,"LOS ANGELES","LOS ANGELES",-118.28270721435547,33.997787475585938
8661713,2018,2018-07-25,1942,2018-06-15,1350,43374,1330,5,5,7,1942,0,0,0,M,0,13A27,"GRAND AV","28TH ST",0.00,,Y,A,-,N,,,,,,,,,,N,4,0,1,2,A,-,00,21958,,N,G,B,C,A,H,-,A,D,0,Y,,,,Y,,A,07,0,0,1,0,1,0,0,0,0,"- ","- ",,,"LOS ANGELES","LOS ANGELES",-118.27340698242188,34.024700164794922
8661714,2018,2018-07-30,1942,2018-07-02,1400,31465,2076,1,5,7,1942,0,0,0,,0,20A97,"BERENDO ST","WASHINGTON BL",309.00,N,N,A,-,N,,,,,,,,,,N,3,0,1,3,A,-,03,22350,,F,E,J,E,A,H,-,A,D,0,Y,,,,Y,,A,01,0,1,0,0,1,0,0,0,0,"- ","- ",,,"LOS ANGELES","LOS ANGELES",-118.29340362548828,34.040859222412109
8661721,2018,2018-07-25,1942,2018-06-03,1415,34426,1353,7,5,7,1942,0,0,0,M,0,13A43,"AVALON BL","43RD ST",0.00,,Y,A,-,N,,,,,,,,,,Y,3,0,3,4,A,-,09,21801,A,N,A,C,F,A,H,-,A,D,0,Y,,,,Y,,A,08,0,1,2,0,1,0,0,0,0,"- ","- ",,,"LOS ANGELES","LOS ANGELES",-118.26526641845703,34.005680084228516
8661753,2018,2018-07-23,1942,2018-07-02,2055,36504,1488,1,5,7,1942,0,0,0,N,0,14A67,"BELLANCA AV","CENTURY BL",60.00,N,N,B,-,N,,,,,,,,,,N,2,0,1,2,A,-,11,21954,A,N,G,B,D,A,H,-,C,A,0,Y,,,,Y,,N,60,1,0,0,0,1,0,0,0,0,"- ","- ",,,"LOS ANGELES","LOS ANGELES",-118.37995910644531,33.945743560791016
8661757,2018,2018-07-23,1942,2018-07-01,1950,40209,1415,7,5,7,1942,0,0,0,N,0,7T23,"LAKE ST","GLENAVON AV",39.00,E,N,A,-,N,,,,,,,,,,N,4,0,1,2,D,-,00,,,N,G,B,E,A,H,-,A,D,0,Y,,,,Y,,-,"- ",0,0,1,0,1,0,0,0,0,"- ","- ",,,"LOS ANGELES","LOS ANGELES",-118.45539855957031,34.006378173828125
8661805,2018,2018-07-24,1942,2018-06-26,1735,37613,1465,2,5,7,1942,0,0,0,N,0,14A49,"JEFFERSON BL","MESMER AV",283.00,W,N,A,-,N,,,,,,,,,,N,3,0,1,2,A,-,11,21954,A,N,G,B,D,A,H,-,A,A,0,Y,,,,Y,,N,60,0,1,0,0,1,0,0,0,0,"- ","- ",,,"LOS ANGELES","LOS ANGELES",-118.40196990966797,33.985889434814453
8661809,2018,2018-07-24,1942,2018-06-15,1315,41917,1251,5,5,7,1942,0,0,0,L,0,18A26,"FLORENCE AV","10TH AV",0.00,,Y,A,-,N,,,,,,,,,,N,3,0,1,2,A,-,10,21950,A,N,G,B,B,A,H,-,A,A,0,Y,,,,Y,,A,01,0,1,0,0,1,0,0,0,0,"- ","- ",,,"LOS ANGELES","LOS ANGELES",-118.32862854003906,33.974540710449219
8661826,2018,2018-07-24,1942,2018-06-29,1700,40354,0236,5,5,7,1942,0,0,0,B,0,2A1,"BEVERLY BL","LAKE ST",0.00,,Y,A,-,N,,,,,,,,,,N,4,0,1,2,A,-,11,21955,,N,G,B,C,A,H,-,A,A,0,Y,,,,Y,,N,60,0,0,1,0,1,0,0,0,0,"- ","- ",,,"LOS ANGELES","LOS ANGELES",-118.27137756347656,34.067119598388672
8661834,2018,2018-07-24,1942,2018-06-26,1600,41952,0261,2,5,7,1942,0,0,0,B,0,2A17,"8TH ST","CORONADO ST",20.00,E,N,A,-,N,,,,,,,,,,N,4,0,1,2,A,-,10,21950,A,N,G,B,D,A,H,-,A,D,0,Y,,,,Y,,A,01,0,0,1,0,1,0,0,0,0,"- ","- ",,,"LOS ANGELES","LOS ANGELES",-118.28310394287109,34.057235717773438
8662215,2018,2018-07-24,1942,2018-05-27,1140,42451,0785,7,5,7,1942,0,0,0,G,0,7A85,"CLAUDINA AV","21ST ST",146.00,N,N,A,-,N,,,,,,,,,,N,4,0,1,2,A,-,11,21954,A,N,G,B,E,A,H,-,A,D,0,Y,,,,Y,,N,60,0,0,1,0,1,0,0,0,0,"- ","- ",,,"LOS ANGELES","LOS ANGELES",-118.34135437011719,34.037502288818359
8662361,2018,2018-07-25,1942,2018-06-30,0135,42925,1844,6,5,7,1942,0,0,0,R,0,18A3,"AVALON BL","111TH PL",0.00,,Y,A,-,N,,,,,,,,,,N,2,0,1,3,A,-,03,22350,,F,G,B,B,A,H,-,C,A,0,Y,,,,Y,,-,99,1,0,0,0,1,0,0,0,0,"- ","- ",,,"LOS ANGELES","LOS ANGELES",-118.26519012451172,33.933921813964844
8662577,2018,2019-01-08,1942,2018-01-18,1855,42151,1218,4,5,7,1942,0,0,0,L,0,12XL7,"56TH ST",HOOVER,345.00,E,N,A,-,N,,,,,,,,,,N,3,0,1,2,A,-,11,21950,B,N,G,B,D,A,H,-,A,D,0,Y,,,,Y,,N,60,0,1,0,0,1,0,0,0,0,"- ","- ",,,"LOS ANGELES","LOS ANGELES",-118.28600311279297,33.991436004638672
8663652,2018,2018-07-20,1942,2018-06-25,1820,35410,2149,1,5,7,1942,0,0,0,,0,21X44,"PENFIELD AV","HART ST",175.00,S,N,A,-,N,,,,,,,,,,N,4,0,1,3,A,-,13,22502,A,N,G,B,D,A,H,-,A,D,0,Y,,,,Y,,A,07,0,0,1,0,1,0,0,0,0,"- ","- ",,,"LOS ANGELES","LOS ANGELES",-118.56878662109375,34.196949005126953
8663693,2018,2018-07-19,1942,2018-06-12,1550,38351,2128,2,5,7,1942,0,0,0,,0,21Z6,WINNETKA,SATICOY,0.00,,N,A,-,N,,,,,,,,,,N,3,0,1,2,A,-,10,21952,,N,G,B,D,A,H,-,A,D,0,Y,,,,Y,,-,,0,1,0,0,1,0,0,0,0,"- ","- ",,,"LOS ANGELES","LOS ANGELES",-118.57099914550781,34.208370208740234
8665398,2018,2018-07-31,1942,2018-06-24,1422,42656,2025,7,5,7,1942,0,0,0,,0,20A25,"W 4TH ST","S ALEXANDRIA AV",160.00,W,N,A,-,N,,,,,,,,,,N,3,0,1,2,A,-,10,21954,B,N,G,B,E,A,H,-,A,D,0,Y,,,,Y,,A,01,0,1,0,0,1,0,0,0,0,"- ","- ",,,"LOS ANGELES","LOS ANGELES",-118.29846954345703,34.067207336425781
8665513,2018,2018-08-01,1942,2018-07-01,1415,43009,0835,7,5,7,1942,0,0,0,H,0,8A35,OVERLAND,OLYMPIC,0.00,,Y,A,-,N,,,,,,,,,,N,4,0,1,2,A,-,10,21950,A,N,G,B,B,A,H,-,A,A,0,Y,,,,Y,,A,01,0,0,1,0,1,0,0,0,0,"- ","- ",,,"LOS ANGELES","LOS ANGELES",-118.42816925048828,34.046001434326172
8666123,2018,2018-09-12,1942,2018-06-27,2100,41858,0504,3,5,7,1942,0,0,0,E,0,5A1,"213TH ST","DENKER AV",0.00,,Y,A,-,N,,,,,,,,,,N,3,0,1,2,A,-,11,21956,A,N,G,B,E,A,H,-,C,D,0,Y,,,,Y,,N,60,0,1,0,0,1,0,0,0,0,"- ","- ",,,"LOS ANGELES","LOS ANGELES",-118.30390930175781,33.835491180419922
8666359,2018,2018-08-03,1942,2018-06-29,1515,42372,1134,5,5,7,1942,0,0,0,K,0,11A89,"EAGLE ROCK","ESTARA AV",30.00,N,N,A,-,N,,,,,,,,,,N,3,0,1,2,A,-,10,21950,,N,G,B,B,A,H,-,A,D,0,Y,,,,Y,Y,A,01,0,1,0,0,1,0,0,0,0,"- ","- ",,,"LOS ANGELES","LOS ANGELES",-118.23653411865234,34.113197326660156