CASE_ID,ACCIDENT_YEAR,PROC_DATE,JURIS,COLLISION_DATE,COLLISION_TIME,OFFICER_ID,REPORTING_DISTRICT,DAY_OF_WEEK,CHP_SHIFT,POPULATION,CNTY_CITY_LOC,SPECIAL_COND,BEAT_TYPE,CHP_BEAT_TYPE,CITY_DIVISION_LAPD,CHP_BEAT_CLASS,BEAT_NUMBER,PRIMARY_RD,SECONDARY_RD,DISTANCE,DIRECTION,INTERSECTION,WEATHER_1,WEATHER_2,STATE_HWY_IND,CALTRANS_COUNTY,CALTRANS_DISTRICT,STATE_ROUTE,ROUTE_SUFFIX,POSTMILE_PREFIX,POSTMILE,LOCATION_TYPE,RAMP_INTERSECTION,SIDE_OF_HWY,TOW_AWAY,COLLISION_SEVERITY,NUMBER_KILLED,NUMBER_INJURED,PARTY_COUNT,PRIMARY_COLL_FACTOR,PCF_CODE_OF_VIOL,PCF_VIOL_CATEGORY,PCF_VIOLATION,PCF_VIOL_SUBSECTION,HIT_AND_RUN,TYPE_OF_COLLISION,MVIW,PED_ACTION,ROAD_SURFACE,ROAD_COND_1,ROAD_COND_2,LIGHTING,CONTROL_DEVICE,CHP_ROAD_TYPE,PEDESTRIAN_ACCIDENT,BICYCLE_ACCIDENT,MOTORCYCLE_ACCIDENT,TRUCK_ACCIDENT,NOT_PRIVATE_PROPERTY,ALCOHOL_INVOLVED,STWD_VEHTYPE_AT_FAULT,CHP_VEHTYPE_AT_FAULT,COUNT_SEVERE_INJ,COUNT_VISIBLE_INJ,COUNT_COMPLAINT_PAIN,COUNT_PED_KILLED,COUNT_PED_INJURED,COUNT_BICYCLIST_KILLED,COUNT_BICYCLIST_INJURED,COUNT_MC_KILLED,COUNT_MC_INJURED,PRIMARY_RAMP,SECONDARY_RAMP,LATITUDE,LONGITUDE,COUNTY,CITY,POINT_X,POINT_Y
8692178,2018,2018-10-01,1942,2018-08-10,2340,25115,0152,5,5,7,1942,0,0,0,A,0,1A41,"W 6TH ST","GRAND AV",100.00,E,N,A,-,N,,,,,,,,,,N,4,0,1,2,A,-,11,21954,A,F,G,B,E,A,H,-,C,D,0,Y,,,,Y,,N,60,0,0,1,0,1,0,0,0,0,"- ","- ",,,"LOS ANGELES","LOS ANGELES",-118.28983306884766,33.738780975341797
8692198,2018,2018-10-01,1942,2018-08-04,2200,42811,1907,6,5,7,1942,0,0,0,,0,19A7,"HUBBARD ST","GLADSTONE AV",0.00,,Y,A,-,N,,,,,,,,,,Y,3,0,1,2,A,-,10,21950,A,N,G,B,B,A,H,-,C,A,0,Y,,,,Y,,A,01,0,1,0,0,1,0,0,0,0,"- ","- ",,,"LOS ANGELES","LOS ANGELES",-118.42733001708984,34.310070037841797
8692229,2018,2018-09-28,1942,2018-08-11,0050,41467,1915,6,5,7,1942,0,0,0,,0,19X8,GLENOAK,SAYRE,15.00,N,N,A,-,N,,,,,,,,,,N,3,0,1,2,A,-,08,22107,,N,G,B,B,A,H,-,C,A,0,Y,,,,Y,,A,01,0,1,0,0,1,0,0,0,0,"- ","- ",,,"LOS ANGELES","LOS ANGELES",-118.44272613525391,34.302207946777344
8692352,2018,2018-09-25,1942,2018-08-04,2321,43386,1964,6,5,7,1942,0,0,0,,0,F1085,"NORDHOFF ST",CEDRUS,1584.00,E,N,A,-,N,,,,,,,,,,N,3,0,1,2,A,-,11,21955,,N,G,B,D,A,H,-,C,D,0,Y,,,,Y,Y,N,60,0,1,0,0,1,0,0,0,0,"- ","- ",,,"LOS ANGELES","LOS ANGELES",-118.44831848144531,34.235401153564453
8692380,2018,2018-09-26,1942,2018-08-23,0745,41497,1916,4,5,7,1942,0,0,0,,0,19A7,"HUBBARD ST","DRONFIELD AV",0.00,,Y,A,-,N,,,,,,,,,,N,3,0,1,2,A,-,10,21950,A,N,G,B,B,A,H,-,A,A,0,Y,,,,Y,,A,01,0,1,0,0,1,0,0,0,0,"- ","- ",,,"LOS ANGELES","LOS ANGELES",-118.43327331542969,34.304779052734375
8693557,2018,2018-10-02,1942,2018-07-11,2215,43027,2137,3,5,7,1942,0,0,0,,0,21A2,"VARIEL ST","WYANDOTTE AV",0.00,,Y,A,-,N,,,,,,,,,,N,4,0,1,2,-,-,"- ",,,F,C,C,-,A,H,-,C,D,0,Y,,,,Y,Y,-,"- ",0,0,1,0,1,0,0,0,0,"- ","- ",,,"LOS ANGELES","LOS ANGELES",-118.59282684326172,34.202861785888672
8693620,2018,2018-10-09,1942,2018-08-18,2228,42344,2134,6,5,7,1942,0,0,0,,0,21A1,"TOPANGA CANYON BL","CHASE ST",28.00,N,N,A,-,N,,,,,,,,,,N,3,0,1,2,A,-,21,22106,,F,G,B,E,A,H,-,C,D,0,Y,,,,Y,,-,99,0,1,0,0,1,0,0,0,0,"- ","- ",,,"LOS ANGELES","LOS ANGELES",-118.60604858398438,34.224319458007812
8694033,2018,2018-09-10,1942,2018-07-31,1625,39177,0565,2,5,7,1942,0,0,0,E,0,25T22,CABRILLO,"8TH ST",8.00,N,N,A,-,N,,,,,,,,,,N,3,0,1,2,A,-,10,21950,C,F,A,B,B,A,H,-,A,A,0,Y,,,,Y,,-,99,0,1,0,0,1,0,0,0,0,"- ","- ",,,"LOS ANGELES","LOS ANGELES",-118.29458618164062,33.737010955810547
8694251,2018,2018-09-18,1942,2018-08-05,2030,36698,1345,7,5,7,1942,0,0,0,M,0,13A27,"S CENTRAL AV","42ND ST",28.00,S,N,A,-,N,,,,,,,,,,Y,2,0,2,3,A,-,01,23152,A,N,G,B,E,A,H,-,C,D,0,Y,,,,Y,Y,D,22,1,0,1,0,1,0,0,0,0,"- ","- ",,,"LOS ANGELES","LOS ANGELES",-118.25649261474609,34.007442474365234
8694337,2018,2018-09-17,1942,2018-08-28,1825,35230,1343,2,5,7,1942,0,0,0,M,0,13A43,"STANFORD AV","33RD ST",120.00,S,N,A,-,N,,,,,,,,,,N,4,0,1,2,A,-,08,22107,,F,G,B,E,A,H,-,A,D,0,Y,,,,Y,,-,99,0,0,1,0,1,0,0,0,0,"- ","- ",,,"LOS ANGELES","LOS ANGELES",-118.26309204101562,34.015148162841797
8694349,2018,2018-09-17,1942,2018-08-14,0825,42290,1303,2,5,7,1942,0,0,0,M,0,13A43,"12TH ST","CROCKER ST",0.00,,Y,A,-,N,,,,,,,,,,N,3,0,1,2,A,-,10,21950,A,N,G,B,B,A,H,-,A,D,0,Y,,,,Y,,A,01,0,1,0,0,1,0,0,0,0,"- ","- ",,,"LOS ANGELES","LOS ANGELES",-118.25177001953125,34.032939910888672
8694436,2018,2018-09-12,1942,2018-07-28,2105,42186,1361,6,5,7,1942,0,0,0,M,0,1A35,"WEST TEMPLE AV",BROADWAY,581.00,E,N,A,-,N,,,,,,,,,,N,4,0,1,3,A,-,03,22350,,F,B,B,E,A,H,-,D,D,0,Y,,,,Y,,-,99,0,0,1,0,1,0,0,0,0,"- ","- ",,,"LOS ANGELES","LOS ANGELES",-118.24228668212891,34.054595947265625
8694563,2018,2018-10-03,1942,2018-08-08,1850,39062,1317,3,5,7,1942,0,0,0,M,0,13A9,"E 14TH ST","MCGARRY ST",10.00,E,N,A,-,N,,,,,,,,,,N,3,0,1,2,A,-,11,21954,A,F,G,B,E,A,H,-,A,D,0,Y,,,,Y,,N,60,0,1,0,0,1,0,0,0,0,"- ","- ",,,"LOS ANGELES","LOS ANGELES",-118.24018096923828,34.025733947753906
8694646,2018,2018-09-17,1942,2018-08-20,0630,39473,1599,1,5,7,1942,0,0,0,O,0,15A67,"MULHOLLAND DR","FLOYE DR",96.00,N,N,A,-,N,,,,,,,,,,N,3,0,1,2,A,-,11,21956,A,F,G,B,E,A,H,-,A,D,0,Y,,,,Y,,N,60,0,1,0,0,1,0,0,0,0,"- ","- ",,,"LOS ANGELES","LOS ANGELES",-118.36124420166016,34.128189086914062
8694674,2018,2018-09-17,1942,2018-08-30,0015,42344,1009,4,5,7,1942,0,0,0,J,0,10A39,"ROSCOE BL","WOODLEY AV",6.00,W,N,A,-,N,,,,,,,,,,N,3,0,1,2,A,-,10,21950,A,F,G,B,B,A,H,-,C,A,0,Y,,,,Y,,A,01,0,1,0,0,1,0,0,0,0,"- ","- ",,,"LOS ANGELES","LOS ANGELES",-118.48368835449219,34.221340179443359
8694683,2018,2018-09-17,1942,2018-08-22,0130,42565,0923,3,5,7,1942,0,0,0,I,0,9A23,"VAN NUYS BL","HARTLAND ST",156.00,S,N,A,-,N,,,,,,,,,,N,3,0,1,2,A,-,11,21954,A,N,G,B,D,A,D,H,C,A,0,Y,,,,Y,,N,60,0,1,0,0,1,0,0,0,0,"- ","- ",,,"LOS ANGELES","LOS ANGELES",-118.44874572753906,34.194713592529297
8695202,2018,2018-09-21,1942,2018-07-02,1605,40476,2033,1,5,7,1942,0,0,0,,0,20A44,"JAMES M WOOD BL","WESTERN AV",200.00,E,N,A,-,N,,,,,,,,,,N,4,0,1,2,A,-,10,21952,,N,G,B,F,A,H,-,A,D,0,Y,,,,Y,,A,01,0,0,1,0,1,0,0,0,0,"- ","- ",,,"LOS ANGELES","LOS ANGELES",,
8695213,2018,2018-09-19,1942,2018-06-29,0505,41353,2027,5,5,7,1942,0,0,0,,0,20A45,"6TH ST","BERENDO ST",0.00,,Y,A,-,N,,,,,,,,,,N,4,0,1,2,A,-,08,22107,,N,G,B,B,A,H,-,C,A,0,Y,,,,Y,,A,01,0,0,1,0,1,0,0,0,0,"- ","- ",,,"LOS ANGELES","LOS ANGELES",-118.29412841796875,34.063610076904297
8695246,2018,2018-09-21,1942,2018-07-18,2250,43099," LOSA",3,5,7,1942,0,0,0,,0,7A54,"WASHINGTON BL","12TH AV",0.00,,Y,A,-,N,,,,,,,,,,Y,2,0,1,2,A,-,10,21950,C,N,G,B,C,A,H,-,C,D,0,Y,,,,Y,,A,01,1,0,0,0,1,0,0,0,0,"- ","- ",,,"LOS ANGELES","LOS ANGELES",-118.32850646972656,34.039871215820312
8695281,2018,2018-09-20,1942,2018-08-17,1443,39226,1241,5,5,7,1942,0,0,0,L,0,12A45,"WEST BL","HYDE PARK BL",10.00,S,N,A,-,N,,,,,,,,,,N,3,0,1,2,A,-,10,21950,A,N,G,B,B,A,H,-,A,A,0,Y,,,,Y,,D,22,0,1,0,0,1,0,0,0,0,"- ","- ",,,"LOS ANGELES","LOS ANGELES",-118.33518981933594,33.980564117431641
8695339,2018,2018-10-02,1942,2018-09-06,1645,42608,0558,4,5,7,1942,0,0,0,E,0,25TL47,"PACIFIC AV","FRONT ST",500.00,S,N,A,-,N,,,,,,,,,,N,4,0,1,2,A,-,10,21950,A,F,G,-,C,A,H,-,A,D,0,Y,,,,Y,,-,99,0,0,1,0,1,0,0,0,0,"- ","- ",,,"LOS ANGELES","LOS ANGELES",-118.28729248046875,33.749832153320312
8695676,2018,2018-09-26,1942,2018-07-19,1950,41870,1849,4,5,7,1942,0,0,0,R,0,18A49,"114TH ST","GRAPE ST",80.00,W,N,A,-,N,,,,,,,,,,N,4,0,1,3,A,-,06,21750,A,F,B,E,E,A,H,-,A,D,0,Y,,,,Y,,-,99,0,0,1,0,1,0,0,0,0,"- ","- ",,,"LOS ANGELES","LOS ANGELES",-118.23661041259766,33.931472778320312
8695800,2018,2018-10-11,1942,2018-08-29,0825,33294,1675,3,5,7,1942,0,0,0,P,0,16A77,"GLENOAKS BL","PENROSE ST",120.00,N,N,A,-,N,,,,,,,,,,N,3,0,1,2,A,-,11,21955,,N,G,B,D,A,H,-,A,A,0,Y,,,,Y,,N,60,0,1,0,0,1,0,0,0,0,"- ","- ",,,"LOS ANGELES","LOS ANGELES",-118.36847686767578,34.231796264648438
8696430,2018,2018-09-25,1942,2018-06-27,1840,36460,1321,3,5,7,1942,0,0,0,M,0,13A13,"S LOS ANGELES ST",23RD,130.00,N,N,A,-,N,,,,,,,,,,N,4,0,1,2,A,-,11,21954,A,F,G,B,D,A,H,-,A,D,0,Y,,,,Y,,N,60,0,0,1,0,1,0,0,0,0,"- ","- ",,,"LOS ANGELES","LOS ANGELES",-118.26575469970703,34.027095794677734
8696448,2018,2018-09-25,1942,2018-07-30,2230,40325,1313,1,5,7,1942,0,0,0,M,0,13A13,"SAN PEDRO ST","WASHINGTON BL",26.00,S,N,A,-,N,,,,,,,,,,N,3,0,1,2,A,-,21,22106,,F,G,B,E,A,H,-,C,A,0,Y,,,,Y,Y,-,99,0,1,0,0,1,0,0,0,0,"- ","- ",,,"LOS ANGELES","LOS ANGELES",-118.25749206542969,34.027557373046875
8696533,2018,2018-09-14,1942,2018-07-31,2215,42557,1395,2,5,7,1942,0,0,0,M,0,13X93,AVALON,FLORENCE,75.00,N,N,A,-,N,,,,,,,,,,Y,3,0,1,2,C,-,18,,,N,G,B,F,A,A,-,C,D,0,Y,,,,Y,,-,"- ",0,1,0,0,1,0,0,0,0,"- ","- ",,,"LOS ANGELES","LOS ANGELES",-118.26518249511719,33.97491455078125
8696999,2018,2018-12-18,1942,2018-06-06,1530,43174,0778,3,5,7,1942,0,0,0,G,0,7A22,"CRENSHAW BL","RT 10",0.00,,Y,A,-,Y,LA,7,10,-,R,11.561,R,1,W,N,4,0,1,2,A,-,10,21950,A,N,G,B,B,A,H,-,A,A,0,Y,,,,Y,,A,01,0,0,1,0,1,0,0,0,0,"- ",WF,,,"LOS ANGELES","LOS ANGELES",-118.33078002929688,34.035312652587891
8697003,2018,2018-09-26,1942,2018-06-08,1355,43321,0734,5,5,7,1942,0,0,0,G,0,7A1,"SOUTH OGDEN DR","3RD ST",25.00,S,N,A,-,N,,,,,,,,,,N,4,0,1,2,A,-,21,22106,,N,G,B,F,A,H,-,A,D,0,Y,,,,Y,,A,01,0,0,1,0,1,0,0,0,0,"- ","- ",,,"LOS ANGELES","LOS ANGELES",-118.35901641845703,34.071140289306641
8697940,2018,2018-10-03,1942,2018-08-28,2245,36504,1494,2,5,7,1942,0,0,0,N,0,14TL47,"WORLD WAY","EAST WY",700.00,E,N,A,-,N,,,,,,,,,,N,4,0,1,2,A,-,07,21658,A,N,G,B,E,A,H,-,C,D,0,Y,,,,Y,,A,01,0,0,1,0,1,0,0,0,0,"- ","- ",,,"LOS ANGELES","LOS ANGELES",-118.40354919433594,33.9451904296875
8698031,2018,2018-10-02,1942,2018-09-11,0150,43031,1441,2,5,7,1942,0,0,0,N,0,14A67,"WASHINGTON BL","DELL AV",75.00,E,N,A,-,N,,,,,,,,,,N,3,0,1,2,A,-,11,21955,,N,G,B,D,A,H,-,C,D,0,Y,,,,Y,Y,N,60,0,1,0,0,1,0,0,0,0,"- ","- ",,,"LOS ANGELES","LOS ANGELES",-118.46332550048828,33.981174468994141
8698035,2018,2018-10-02,1942,2018-09-03,1640,41671,147,1,5,7,1942,0,0,0,N,0,14A67,"LA TIJERA BL","MANCHESTER AV",0.00,,Y,B,-,N,,,,,,,,,,N,3,0,1,2,A,-,10,21950,A,N,G,B,B,A,H,-,A,A,0,Y,,,,Y,,A,08,0,1,0,0,1,0,0,0,0,"- ","- ",,,"LOS ANGELES","LOS ANGELES",-118.39151000976562,33.959800720214844
8698113,2018,2018-10-04,1942,2018-08-28,1210,38957,2062,2,5,7,1942,0,0,0,,0,20A53,"WESTERN AV","12TH ST PL",0.00,,Y,A,-,N,,,,,,,,,,N,4,0,1,2,A,-,10,21950,A,F,G,B,B,A,H,-,A,A,0,Y,,,,Y,,-,99,0,0,1,0,1,0,0,0,0,"- ","- ",,,"LOS ANGELES","LOS ANGELES",,
8698138,2018,2018-10-03,1942,2018-08-18,2330,38613,0915,6,5,7,1942,0,0,0,I,0,9A19,"SEPULVEDA BL","KITTRIDGE ST",70.00,N,N,A,-,N,,,,,,,,,,N,3,0,1,2,A,-,11,21954,A,N,G,B,D,A,H,-,C,A,0,Y,,,,Y,,N,60,0,1,0,0,1,0,0,0,0,"- ","- ",,,"LOS ANGELES","LOS ANGELES",-118.46617889404297,34.190471649169922
8698146,2018,2018-10-26,1942,2018-08-29,2005,38125,0926,3,5,7,1942,0,0,0,I,0,9X16,"VICTORY BL","SYLMAR AV",5.00,E,N,A,-,N,,,,,,,,,,N,4,0,1,2,A,-,11,21456,B,N,G,B,B,A,H,-,C,A,0,Y,,,,Y,Y,N,60,0,0,1,0,1,0,0,0,0,"- ","- ",,,"LOS ANGELES","LOS ANGELES",-118.44651031494141,34.186668395996094
8698506,2018,2018-10-01,1942,2018-07-03,1530,41003,1401,2,5,7,1942,0,0,0,N,0,7TL38,"NATIONAL BL","DAHLGREN AV",250.00,W,N,A,-,N,,,,,,,,,,N,4,0,1,3,A,-,17,22517,,N,B,E,E,A,H,-,A,D,0,Y,,,,Y,,N,60,0,0,1,0,1,0,0,0,0,"- ","- ",,,"LOS ANGELES","LOS ANGELES",-118.44359588623047,34.020458221435547
8698939,2018,2018-09-27,1942,2018-08-30,1720,41685,1972,4,5,7,1942,0,0,0,,0,1972,"NORDHOFF ST","NOBLE AV",0.00,,Y,A,-,N,,,,,,,,,,N,4,0,1,2,A,-,08,22107,,N,G,B,B,A,H,-,A,A,0,Y,,,,Y,,A,01,0,0,1,0,1,0,0,0,0,"- ","- ",,,"LOS ANGELES","LOS ANGELES",-118.46096801757812,34.235481262207031
8699126,2018,2018-09-27,1942,2018-08-27,0800,42818,1623,1,5,7,1942,0,0,0,P,0,16A23,"HERRICK AV","VAN NUYS BL",340.00,S,N,A,-,N,,,,,,,,,,N,3,0,1,2,A,-,11,21954,A,N,G,B,D,A,H,-,-,D,0,Y,,,,Y,,N,60,0,1,0,0,1,0,0,0,0,"- ","- ",,,"LOS ANGELES","LOS ANGELES",-118.41423797607422,34.270591735839844
8699139,2018,2018-10-10,1942,2018-09-13,2140,34561,1656,4,5,7,1942,0,0,0,P,0,16A35,"FOOTHILL BL","ORO VISTA AV",55.00,W,N,A,-,N,,,,,,,,,,Y,2,0,1,2,A,-,11,21955,,N,G,B,E,-,H,-,C,A,0,Y,,,,Y,,N,60,1,0,0,0,1,0,0,0,0,"- ","- ",,,"LOS ANGELES","LOS ANGELES",-118.31594085693359,34.259689331054688
8699628,2018,2018-10-10,1942,2018-08-21,2035,41357,RD037,2,5,7,1942,0,0,0,,0,3FB83,"S WESTERN AV","W MARTIN LUTHER KING JR BL",0.00,,Y,A,-,N,,,,,,,,,,N,4,0,1,2,A,-,10,21950,A,N,G,B,B,A,H,-,C,A,0,Y,,,,Y,,A,01,0,0,1,0,1,0,0,0,0,"- ","- ",,,"LOS ANGELES","LOS ANGELES",-118.30892944335938,34.010848999023438
8700511,2018,2018-11-08,1942,2018-09-05,2030,42251,0952,3,5,7,1942,0,0,0,I,0,9A41,"BURBANK BL","SEPULVEDA BL",0.00,,Y,A,-,N,,,,,,,,,,N,4,0,1,2,A,-,12,21453,A,F,G,B,B,A,H,-,C,A,0,Y,,,,Y,,-,99,0,0,1,0,1,0,0,0,0,"- ","- ",,,"LOS ANGELES","LOS ANGELES",-118.46614837646484,34.172088623046875
8701286,2018,2018-09-20,1942,2018-08-17,1550,39058,2162,5,5,7,1942,0,0,0,,0,21A73,"PLATT AV","OXNARD ST",2.00,S,N,A,-,N,,,,,,,,,,N,4,0,1,2,A,-,10,21950,A,N,G,B,B,A,H,-,A,A,0,Y,,,,Y,,A,01,0,0,1,0,1,0,0,0,0,"- ","- ",,,"LOS ANGELES","LOS ANGELES",-118.64299774169922,34.179203033447266
8701350,2018,2018-09-20,1942,2018-08-06,1730,40165,2146,1,5,7,1942,0,0,0,,0,21A57,"VASSAR AV","SHERMAN WY",10.00,S,N,A,-,N,,,,,,,,,,N,2,0,1,2,A,-,10,21950,A,N,G,B,B,A,H,-,A,A,0,Y,,,,Y,,A,01,1,0,0,0,1,0,0,0,0,"- ","- ",,,"LOS ANGELES","LOS ANGELES",-118.60437774658203,34.200992584228516
8701366,2018,2018-09-21,1942,2018-08-28,2250,39217,1768,2,5,7,1942,0,0,0,Q,0,17A95,"LASSEN ST","WHITE OAK AV",664.00,E,N,A,-,N,,,,,,,,,,Y,3,0,2,2,A,-,11,21955,,N,G,-,D,A,H,-,C,D,0,Y,,Y,,Y,,N,60,0,2,0,0,1,0,0,0,1,"- ","- ",,,"LOS ANGELES","LOS ANGELES",-118.51765441894531,34.250339508056641
8701418,2018,2018-09-21,1942,2018-08-26,1946,42665,1824,7,5,7,1942,0,0,0,R,0,18A34,"AVALON BL","94TH ST",0.00,N,N,A,-,N,,,,,,,,,,N,3,0,1,2,A,-,11,21954,A,N,G,B,D,A,H,-,C,D,0,Y,,,,Y,,N,60,0,1,0,0,1,0,0,0,0,"- ","- ",,,"LOS ANGELES","LOS ANGELES",-118.26516723632812,33.951099395751953
8701422,2018,2018-09-21,1942,2018-08-02,2215,43433,1826,4,5,7,1942,0,0,0,R,0,14A3,COMPTON,"96TH ST",430.00,N,N,A,-,N,,,,,,,,,,N,2,0,1,2,A,-,00,21854,A,N,G,B,D,A,H,-,C,D,0,Y,,,,Y,,N,60,1,0,0,0,1,0,0,0,0,"- ","- ",,,"LOS ANGELES","LOS ANGELES",-118.24613952636719,33.950176239013672
8701427,2018,2018-09-21,1942,2018-08-23,2315,40355,1767,4,5,7,1942,0,0,0,Q,0,17A67,"RESEDA BL","PLUMMER ST",500.00,N,N,A,-,N,,,,,,,,,,N,2,0,1,2,A,-,09,21804,A,N,G,B,F,A,H,-,D,D,0,Y,,,,Y,,A,07,1,0,0,0,1,0,0,0,0,"- ","- ",,,"LOS ANGELES","LOS ANGELES",-118.53608703613281,34.244110107421875
8701439,2018,2018-09-21,1942,2018-08-22,0900,42818,1737,3,5,7,1942,0,0,0,Q,0,17A35,"LOS ALIMOS ST","PETIT AV",0.00,,Y,A,-,N,,,,,,,,,,Y,2,0,2,3,A,-,12,22450,A,N,D,C,F,A,H,-,A,A,0,Y,,,,Y,,A,01,1,1,0,0,1,0,0,0,0,"- ","- ",,,"LOS ANGELES","LOS ANGELES",-118.49790191650391,34.265598297119141
8701620,2018,2018-09-21,1942,2018-08-12,0825,43263,1149,7,5,7,1942,0,0,0,K,0,11A25,"NORTH FIGUEROA ST","NORTH AVE 52",0.00,,Y,A,-,N,,,,,,,,,,N,3,0,1,2,A,-,10,21950,A,N,G,B,B,A,H,-,A,A,0,Y,,,,Y,,A,08,0,1,0,0,1,0,0,0,0,"- ","- ",,,"LOS ANGELES","LOS ANGELES",-118.19950866699219,34.106281280517578
8701626,2018,2018-11-06,1942,2018-08-02,0340,42516,1307,4,5,7,1942,0,0,0,M,0,1307,"CENTRAL AV","8TH ST",0.00,,Y,A,-,N,,,,,,,,,,N,4,0,1,2,A,-,10,21950,A,N,G,B,B,A,H,-,C,A,0,Y,,,,Y,,D,22,0,0,1,0,1,0,0,0,0,"- ","- ",,,"LOS ANGELES","LOS ANGELES",-118.24327087402344,34.033599853515625
8701796,2018,2018-09-24,1942,2018-09-09,0025,36698,1343,7,5,7,1942,0,0,0,M,0,13A43,"E MARTIN LUTHER KING JR BL","AVALON BL",81.00,E,N,A,-,N,,,,,,,,,,Y,3,0,1,2,D,-,00,,,F,G,B,E,A,H,-,C,A,0,Y,,,,Y,Y,-,"- ",0,1,0,0,1,0,0,0,0,"- ","- ",,,"LOS ANGELES","LOS ANGELES",-118.26499176025391,34.011058807373047
8701800,2018,2018-09-24,1942,2018-09-10,1055,31476,1351,1,5,7,1942,0,0,0,M,0,13A41,"N BROADWAY ST",41ST,12.00,S,N,A,-,N,,,,,,,,,,N,3,0,1,2,A,-,03,22350,,F,B,B,B,A,H,-,A,D,0,Y,,,,Y,,-,99,0,1,0,0,1,0,0,0,0,"- ","- ",,,"LOS ANGELES","LOS ANGELES",-118.27837371826172,34.00921630859375
8701802,2018,2018-09-27,1942,2018-08-05,1550,43126,1351,7,5,7,1942,0,0,0,M,0,1A61,"S BROADWAY","W 41ST PL",30.00,,N,A,-,N,,,,,,,,,,N,4,0,1,2,A,-,21,22106,,F,G,B,D,A,H,-,A,D,0,Y,,,,Y,Y,-,99,0,0,1,0,1,0,0,0,0,"- ","- ",,,"LOS ANGELES","LOS ANGELES",-118.27837371826172,34.008258819580078
8701816,2018,2018-09-24,1942,2018-09-03,2020,40289,1362,1,5,7,1942,0,0,0,M,0,13A61,"S MAIN ST","E 48TH ST",133.00,N,N,A,-,N,,,,,,,,,,Y,2,0,1,2,A,-,11,21954,A,N,G,B,D,A,H,-,C,A,0,Y,,,,Y,,N,60,1,0,0,0,1,0,0,0,0,"- ","- ",,,"LOS ANGELES","LOS ANGELES",-118.27397918701172,33.999603271484375
8701900,2018,2018-09-24,1942,2018-08-08,0730,40235,0833,3,5,7,1942,0,0,0,H,0,14T49,"WILSHIRE BL","VETERAN AV",0.00,,Y,A,-,N,,,,,,,,,,N,3,0,1,2,A,-,10,21950,A,N,G,B,B,A,H,-,A,A,0,Y,,,,Y,,A,07,0,1,0,0,1,0,0,0,0,"- ","- ",,,"LOS ANGELES","LOS ANGELES",-118.44774627685547,34.057758331298828
8702044,2018,2018-10-12,1942,2018-09-09,1130,34959,2069,7,5,7,1942,0,0,0,,0,20A69,"WESTMORELAND AV","OLYMPIC BL",0.00,,Y,A,-,N,,,,,,,,,,N,4,0,1,2,A,-,10,21950,A,F,G,B,-,A,H,-,A,A,0,Y,,,,Y,,-,99,0,0,1,0,1,0,0,0,0,"- ","- ",,,"LOS ANGELES","LOS ANGELES",-118.28909301757812,34.052410125732422
8702198,2018,2018-10-02,1942,2018-08-31,0836,31152,0154,5,5,7,1942,0,0,0,A,0,1A35,"LOS ANGELES ST","6TH ST",10.00,N,N,A,-,N,,,,,,,,,,N,4,0,2,3,A,-,10,21950,A,N,G,B,B,A,H,-,A,A,0,Y,,,,Y,,A,01,0,0,2,0,2,0,0,0,0,"- ","- ",,,"LOS ANGELES","LOS ANGELES",,
8702224,2018,2018-10-02,1942,2018-08-28,1535,40008,0162,2,5,7,1942,0,0,0,A,0,1A61,"S FIGUEROA ST","7TH ST",180.00,S,N,A,-,N,,,,,,,,,,N,3,0,1,2,A,-,11,21956,A,N,D,B,D,A,H,-,A,D,0,Y,,,,Y,,N,60,0,1,0,0,1,0,0,0,0,"- ","- ",,,"LOS ANGELES","LOS ANGELES",-118.26026153564453,34.049018859863281
8702249,2018,2018-10-12,1942,2018-08-28,1120,34467,1767,2,5,7,1942,0,0,0,Q,0,35M31,"PLUMMER ST","RESEDA BL",0.00,,Y,A,-,N,,,,,,,,,,N,4,0,1,2,A,-,10,21950,A,N,G,B,B,A,H,-,A,A,0,Y,,,,Y,,D,22,0,0,1,0,1,0,0,0,0,"- ","- ",,,"LOS ANGELES","LOS ANGELES",-118.53607940673828,34.242740631103516
8702323,2018,2018-10-02,1942,2018-08-23,0725,33829,1791,4,5,7,1942,0,0,0,Q,0,17X91,"MASON AV","CHASE ST",5.00,N,N,A,-,N,,,,,,,,,,Y,4,0,1,2,A,-,10,21950,A,N,G,B,B,A,H,-,A,A,0,Y,,,,Y,,-,"- ",0,0,1,0,1,0,0,0,0,"- ","- ",,,"LOS ANGELES","LOS ANGELES",-118.57977294921875,34.224582672119141
8702341,2018,2018-10-02,1942,2018-09-06,1820,37357,2025,4,5,7,1942,0,0,0,,0,20A34,"ALEXANDRA AV","4TH ST",0.00,,Y,A,-,N,,,,,,,,,,N,3,0,1,2,A,-,10,21950,A,N,G,B,B,A,H,-,A,D,0,Y,,,,Y,,A,01,0,1,0,0,1,0,0,0,0,"- ","- ",,,"LOS ANGELES","LOS ANGELES",-118.29794311523438,34.067211151123047