CASE_ID,ACCIDENT_YEAR,PROC_DATE,JURIS,COLLISION_DATE,COLLISION_TIME,OFFICER_ID,REPORTING_DISTRICT,DAY_OF_WEEK,CHP_SHIFT,POPULATION,CNTY_CITY_LOC,SPECIAL_COND,BEAT_TYPE,CHP_BEAT_TYPE,CITY_DIVISION_LAPD,CHP_BEAT_CLASS,BEAT_NUMBER,PRIMARY_RD,SECONDARY_RD,DISTANCE,DIRECTION,INTERSECTION,WEATHER_1,WEATHER_2,STATE_HWY_IND,CALTRANS_COUNTY,CALTRANS_DISTRICT,STATE_ROUTE,ROUTE_SUFFIX,POSTMILE_PREFIX,POSTMILE,LOCATION_TYPE,RAMP_INTERSECTION,SIDE_OF_HWY,TOW_AWAY,COLLISION_SEVERITY,NUMBER_KILLED,NUMBER_INJURED,PARTY_COUNT,PRIMARY_COLL_FACTOR,PCF_CODE_OF_VIOL,PCF_VIOL_CATEGORY,PCF_VIOLATION,PCF_VIOL_SUBSECTION,HIT_AND_RUN,TYPE_OF_COLLISION,MVIW,PED_ACTION,ROAD_SURFACE,ROAD_COND_1,ROAD_COND_2,LIGHTING,CONTROL_DEVICE,CHP_ROAD_TYPE,PEDESTRIAN_ACCIDENT,BICYCLE_ACCIDENT,MOTORCYCLE_ACCIDENT,TRUCK_ACCIDENT,NOT_PRIVATE_PROPERTY,ALCOHOL_INVOLVED,STWD_VEHTYPE_AT_FAULT,CHP_VEHTYPE_AT_FAULT,COUNT_SEVERE_INJ,COUNT_VISIBLE_INJ,COUNT_COMPLAINT_PAIN,COUNT_PED_KILLED,COUNT_PED_INJURED,COUNT_BICYCLIST_KILLED,COUNT_BICYCLIST_INJURED,COUNT_MC_KILLED,COUNT_MC_INJURED,PRIMARY_RAMP,SECONDARY_RAMP,LATITUDE,LONGITUDE,COUNTY,CITY,POINT_X,POINT_Y
8702349,2018,2018-10-02,1942,2018-09-15,0747,42834,2046,6,5,7,1942,0,0,0,,0,20A4,"SAN MARINO ST","NEW HAMPSHIRE AV",0.00,,Y,A,-,N,,,,,,,,,,N,4,0,1,2,A,-,10,21950,A,N,G,B,B,A,H,-,A,D,0,Y,,,,Y,,A,01,0,0,1,0,1,0,0,0,0,"- ","- ",,,"LOS ANGELES","LOS ANGELES",-118.29289245605469,34.054508209228516
8702356,2018,2018-10-02,1942,2018-08-27,2245,41216,0833,1,5,7,1942,0,0,0,H,0,8A29,WILSHIRE,WESTWOOD,0.00,,Y,A,-,N,,,,,,,,,,N,4,0,1,2,A,-,06,21951,,N,A,B,B,A,H,-,C,A,0,Y,,,,Y,,A,01,0,0,1,0,1,0,0,0,0,"- ","- ",,,"LOS ANGELES","LOS ANGELES",-118.44391632080078,34.058780670166016
8702361,2018,2018-10-02,1942,2018-09-13,0010,41210,2024,4,5,7,1942,0,0,0,,0,14T47,"6TH ST","KINGSLEY DR",18.00,W,N,A,-,N,,,,,,,,,,N,3,0,2,3,A,-,12,21453,A,N,G,B,B,A,H,-,C,A,0,Y,,,,Y,,A,08,0,2,0,0,2,0,0,0,0,"- ","- ",,,"LOS ANGELES","LOS ANGELES",-118.30291748046875,34.063568115234375
8702365,2018,2018-10-02,1942,2018-09-14,1720,41110,2027,5,5,7,1942,0,0,0,,0,20A34,"6TH ST","VERMONT AV",150.00,W,N,A,-,N,,,,,,,,,,N,3,0,1,2,A,-,09,21804,A,N,G,B,F,A,H,-,A,D,0,Y,,,,Y,,A,01,0,1,0,0,1,0,0,0,0,"- ","- ",,,"LOS ANGELES","LOS ANGELES",-118.29213714599609,34.063632965087891
8702394,2018,2018-10-02,1942,2018-09-12,1035,39835,0817,3,5,7,1942,0,0,0,H,0,8A29,"KINROSS AV","WESTWOOD BL",0.00,,Y,A,-,N,,,,,,,,,,N,4,0,1,2,A,-,10,21950,A,N,G,B,B,A,H,-,A,A,0,Y,,,,Y,,A,01,0,0,1,0,1,0,0,0,0,"- ","- ",,,"LOS ANGELES","LOS ANGELES",-118.44547271728516,34.060791015625
8702396,2018,2018-10-02,1942,2018-08-23,1420,40415,0666,4,5,7,1942,0,0,0,F,0,6A36,"FOUNTAIN AV","VINE ST",16.00,W,N,A,-,N,,,,,,,,,,N,3,0,1,2,A,-,11,21456,B,N,G,B,B,A,H,-,A,D,0,Y,,,,Y,,N,60,0,1,0,0,1,0,0,0,0,"- ","- ",,,"LOS ANGELES","LOS ANGELES",-118.32667541503906,34.094367980957031
8702425,2018,2018-10-02,1942,2018-08-22,0430,35464,1668,3,5,7,1942,0,0,0,P,0,16A77W,"FOOTHILL BL","DAY ST",10.00,N,N,-,-,N,,,,,,,,,,N,3,0,1,2,A,-,11,21955,,N,G,B,D,A,H,-,C,A,0,Y,,,,Y,,N,60,0,1,0,0,1,0,0,0,0,"- ","- ",,,"LOS ANGELES","LOS ANGELES",-118.29795837402344,34.254562377929688
8702436,2018,2018-10-02,1942,2018-07-29,2220,43343,0724,7,5,7,1942,0,0,0,G,0,7A33,"BEVERLY BL","STANLEY AV",0.00,,Y,A,-,N,,,,,,,,,,N,2,0,1,2,A,-,11,21954,A,F,G,B,D,A,H,-,C,A,0,Y,,,,Y,,N,60,1,0,0,0,1,0,0,0,0,"- ","- ",,,"LOS ANGELES","LOS ANGELES",-118.35633850097656,34.076129913330078
8703125,2018,2018-10-30,1942,2018-09-06,0920,39395,1134,4,5,7,1942,0,0,0,K,0,11A89,"N SAN FERNANDO RD","HALLETT AV",0.00,,Y,A,-,N,,,,,,,,,,N,3,0,1,2,A,-,10,21950,A,N,G,B,B,A,H,-,A,A,0,Y,,,,Y,,A,01,0,1,0,0,1,0,0,0,0,"- ","- ",,,"LOS ANGELES","LOS ANGELES",-118.24156188964844,34.108421325683594
8703203,2018,2018-10-12,1942,2018-09-25,1810,35433,,2,5,7,1942,0,0,0,,0,E02669,APPERSON,"TUJUNGA CANYON BL",0.00,,Y,A,-,N,,,,,,,,,,N,3,0,1,2,A,-,10,21950,A,F,G,B,B,A,H,-,A,D,0,Y,,,,Y,,-,99,0,1,0,0,1,0,0,0,0,"- ","- ",,,"LOS ANGELES","LOS ANGELES",-118.29105377197266,34.255939483642578
8703227,2018,2018-10-12,1942,2018-09-16,1415,40008,0121,7,5,7,1942,0,0,0,A,0,1A1,"W TEMPLE ST",FREMONT,5.00,E,N,A,-,N,,,,,,,,,,N,4,0,1,2,A,-,10,21950,A,N,G,B,B,-,H,-,A,A,0,Y,,,,Y,,A,01,0,0,1,0,1,0,0,0,0,"- ","- ",,,"LOS ANGELES","LOS ANGELES",-118.24936676025391,34.060649871826172
8703239,2018,2018-10-12,1942,2018-09-20,2130,43079,0157,4,5,7,1942,0,0,0,A,0,1A29,"SAN PEDRO ST","6TH ST",0.00,,Y,A,-,N,,,,,,,,,,Y,3,0,1,2,A,-,11,21955,,N,A,B,D,A,H,-,C,A,0,Y,,,,Y,,N,60,0,1,0,0,1,0,0,0,0,"- ","- ",,,"LOS ANGELES","LOS ANGELES",-118.24526977539062,34.042259216308594
8703280,2018,2018-10-12,1942,2018-09-23,1830,40542,1795,7,5,7,1942,0,0,0,Q,0,17A95,"BALBOA BL","ROSCOE BL",500.00,N,N,A,-,N,,,,,,,,,,N,3,0,1,2,A,-,11,21956,A,F,G,B,E,A,H,-,B,A,0,Y,,,,Y,,N,60,0,1,0,0,1,0,0,0,0,"- ","- ",,,"LOS ANGELES","LOS ANGELES",-118.50263977050781,34.222572326660156
8703673,2018,2018-11-05,1942,2018-08-04,2045,43338,1824,6,5,7,1942,0,0,0,R,0,18A49,"CENTRAL AV","CENTURY BL",0.00,,N,A,-,N,,,,,,,,,,N,4,0,1,2,A,-,11,21955,,F,G,B,C,A,H,-,C,A,0,Y,,,,Y,,N,60,0,0,1,0,1,0,0,0,0,"- ","- ",,,"LOS ANGELES","LOS ANGELES",-118.25408172607422,33.945659637451172
8703877,2018,2018-10-26,1942,2018-08-30,1705,41592,2146,4,5,7,1942,0,0,0,,0,21A42,"SHERMAN WY","JORDAN AV",0.00,,N,A,-,N,,,,,,,,,,Y,3,0,5,4,A,-,09,21801,A,N,D,B,F,A,H,-,A,A,0,Y,,,,Y,,A,01,0,5,0,0,2,0,0,0,0,"- ","- ",,,"LOS ANGELES","LOS ANGELES",-118.60285186767578,34.201019287109375
8704640,2018,2018-10-11,1942,2018-09-05,0630,39835,0211,3,5,7,1942,0,0,0,B,0,2A1,"NORMANDIE AV","ROSEWOOD AV",26.00,N,N,B,-,N,,,,,,,,,,N,3,0,1,2,A,-,00,21654,B,N,G,B,D,A,H,-,A,A,0,Y,,,,Y,,D,22,0,1,0,0,1,0,0,0,0,"- ","- ",,,"LOS ANGELES","LOS ANGELES",-118.30043792724609,34.079082489013672
8704965,2018,2018-11-01,1942,2018-09-01,1340,43063,0216,6,5,7,1942,0,0,0,B,0,2A47,WATERLOO,CLINTON,0.00,,-,A,-,N,,,,,,,,,,N,4,0,1,2,A,-,03,22350,,N,G,B,F,A,H,-,A,D,0,Y,,,,Y,,A,07,0,0,1,0,1,0,0,0,0,"- ","- ",,,"LOS ANGELES","LOS ANGELES",-118.2686767578125,34.074981689453125
8704973,2018,2018-11-01,1942,2018-09-06,1735,40931,1942,4,5,7,1942,0,0,0,,0,0256,"LITTLE ST","7TH ST",0.00,,-,A,-,N,,,,,,,,,,N,4,0,1,2,A,-,10,21950,,N,A,B,B,A,H,-,A,A,0,Y,,,,Y,,-,"- ",0,0,1,0,0,0,0,0,0,"- ","- ",,,"LOS ANGELES","LOS ANGELES",-118.27288818359375,34.054698944091797
8705089,2018,2018-10-03,1942,2018-06-28,1420,37560,1259,4,5,7,1942,0,0,0,L,0,25TL24,"FLORENCE AV","VAN NESS AV",50.00,E,N,A,-,N,,,,,,,,,,N,4,0,1,2,A,-,03,22350,,F,G,B,D,A,H,-,A,D,0,Y,,,,Y,,-,99,0,0,1,0,1,0,0,0,0,"- ","- ",,,"LOS ANGELES","LOS ANGELES",-118.31756591796875,33.974601745605469
8705156,2018,2018-10-09,1942,2018-09-15,0900,43157,0529,6,5,7,1942,0,0,0,E,0,5A85,"MCFARLAND AV","F ST",30.00,N,N,A,-,N,,,,,,,,,,N,3,0,1,2,A,-,11,21954,A,F,G,B,D,A,A,G,A,D,0,Y,,,,Y,Y,N,60,0,1,0,0,1,0,0,0,0,"- ","- ",,,"LOS ANGELES","LOS ANGELES",-118.25315856933594,33.777591705322266
8705158,2018,2018-10-09,1942,2018-09-23,0135,42063,0519,7,5,7,1942,0,0,0,E,0,5A15,"WARDLOW RD","HESPERIAN AV",150.00,W,N,A,-,N,,,,,,,,,,N,3,0,1,2,A,-,08,22107,,N,G,B,E,A,H,-,C,A,0,Y,,,,Y,,-,99,0,1,0,0,1,0,0,0,0,"- ","- ",,,"LOS ANGELES","LOS ANGELES",-118.22463226318359,33.824321746826172
8705378,2018,2018-10-09,1942,2018-09-22,1435,38857,1099,6,5,7,1942,0,0,0,J,0,10A99,"VALLEY MEADOW RD","CASTLEWOOD DR",181.00,E,N,A,-,N,,,,,,,,,,N,3,0,1,3,A,-,03,22350,,F,G,B,E,A,H,-,A,D,0,Y,,,,Y,,-,99,0,1,0,0,1,0,0,0,0,"- ","- ",,,"LOS ANGELES","LOS ANGELES",-118.47734832763672,34.135196685791016
8705638,2018,2018-10-10,1942,2018-08-03,0255,41167,0526,5,5,7,1942,0,0,0,E,0,5A85,"ANAHEIM ST","FRIES AV",40.00,E,N,A,-,N,,,,,,,,,,N,2,0,1,2,A,-,03,22350,,F,G,B,D,A,H,-,C,D,0,Y,,,,Y,,-,99,1,0,0,0,1,0,0,0,0,"- ","- ",,,"LOS ANGELES","LOS ANGELES",-118.26496124267578,33.779830932617188
8705861,2018,2018-10-19,1942,2018-09-18,0605,42059,1444,2,5,7,1942,0,0,0,N,0,14A45,"LINCOLN BL","MAXELLA AV",6.00,N,N,A,-,N,,,,,,,,,,N,2,0,1,2,A,-,11,21456,B,N,G,B,B,A,H,-,A,A,0,Y,,,,Y,,N,60,1,0,0,0,1,0,0,0,0,"- ","- ",,,"LOS ANGELES","LOS ANGELES",-118.4434814453125,33.985633850097656
8705914,2018,2018-10-23,1942,2018-08-22,1930,99395,1494,3,5,7,1942,0,0,0,N,0,5M26,"WORLD WAY NORTH","WEST WY",155.00,W,N,A,-,N,,,,,,,,,,N,4,0,1,2,A,-,21,22106,,N,G,B,E,A,H,-,A,A,0,Y,,,,Y,,D,22,0,0,1,0,1,0,0,0,0,"- ","- ",,,"LOS ANGELES","LOS ANGELES",-118.40657043457031,33.944789886474609
8706769,2018,2018-09-28,1942,2018-09-11,1045,41548,0394,2,5,7,1942,0,0,0,C,0,3A15,"WEST MLK BL","4TH AV",0.00,,Y,A,-,N,,,,,,,,,,N,4,0,1,2,A,-,10,21950,A,N,G,B,B,A,H,-,A,A,0,Y,,,,Y,,A,01,0,0,1,0,1,0,0,0,0,"- ","- ",,,"LOS ANGELES","LOS ANGELES",-118.32144165039062,34.010768890380859
8707295,2018,2018-10-12,1942,2018-09-16,2025,42393,1037,7,5,7,1942,0,0,0,J,0,10X18,"VANOWEN ST","BALBOA BL",6.00,E,N,A,-,N,,,,,,,,,,N,4,0,1,2,A,-,10,21950,A,N,A,B,B,A,H,-,C,D,0,Y,,,,Y,,A,01,0,0,1,0,1,0,0,0,0,"- ","- ",,,"LOS ANGELES","LOS ANGELES",-118.5010986328125,34.193901062011719
8707408,2018,2018-10-10,1942,2018-08-29,0930,41629,0237,3,5,7,1942,0,0,0,B,0,2A39,"2ND ST","TOLUCA ST",65.00,W,N,A,-,N,,,,,,,,,,N,3,0,1,2,A,-,10,21950,A,N,G,B,C,A,D,-,A,A,0,Y,,,,Y,,D,22,0,1,0,0,1,0,0,0,0,"- ","- ",,,"LOS ANGELES","LOS ANGELES",-118.25904846191406,34.061325073242188
8707521,2018,2018-10-12,1942,2018-09-20,0825,39395,0291,4,5,7,1942,0,0,0,B,0,2A92,"S HOOVER ST","WASHINGTON BL",100.00,N,N,A,-,N,,,,,,,,,,Y,4,0,1,2,A,-,11,21955,,N,G,B,D,A,H,-,A,D,0,Y,,,,Y,,N,60,0,0,1,0,1,0,0,0,0,"- ","- ",,,"LOS ANGELES","LOS ANGELES",-118.28412628173828,34.040122985839844
8707524,2018,2018-10-10,1942,2018-09-03,1910,42928,1824,1,5,7,1942,0,0,0,R,0,18A34,"103RD ST","CLOVIS AV",0.00,,Y,A,-,N,,,,,,,,,,N,3,0,1,2,A,-,10,21950,,F,A,B,B,A,-,-,C,D,0,Y,,,,Y,,-,99,0,1,0,0,1,0,0,0,0,"- ","- ",,,"LOS ANGELES","LOS ANGELES",-118.25653076171875,33.943271636962891
8707575,2018,2018-10-10,1942,2018-08-19,1400,40611,,7,5,7,1942,0,0,0,,0,13A75,"MAPLE AV","PICO BL",80.00,N,N,A,-,N,,,,,,,,,,N,4,0,1,2,A,-,10,21950,C,F,G,B,E,A,H,-,A,D,0,Y,,,,Y,Y,-,99,0,0,1,0,1,0,0,0,0,"- ","- ",,,"LOS ANGELES","LOS ANGELES",-118.25711059570312,34.034732818603516
8707587,2018,2018-10-10,1942,2018-08-24,1100,43311,18A63,5,5,7,1942,0,0,0,R,0,18A63,"120TH ST","AVALON BL",150.00,W,N,A,-,N,,,,,,,,,,N,4,0,1,2,A,-,10,21950,C,F,G,B,D,A,H,-,A,D,0,Y,,,,Y,,-,99,0,0,1,0,1,0,0,0,0,"- ","- ",,,"LOS ANGELES","LOS ANGELES",-118.26573181152344,33.923709869384766
8707681,2018,2018-10-10,1942,2018-08-23,2100,30083,1324,4,5,7,1942,0,0,0,M,0,13A27,"S CENTRAL AV","S 23RD ST",15.00,S,N,A,-,N,,,,,,,,,,N,3,0,1,2,A,-,11,21954,A,N,G,B,E,A,H,-,C,D,0,Y,,,,Y,,N,60,0,1,0,0,1,0,0,0,0,"- ","- ",,,"LOS ANGELES","LOS ANGELES",-118.25389099121094,34.020805358886719
8707737,2018,2018-10-10,1942,2018-08-20,1755,38052,1393,1,5,7,1942,0,0,0,M,0,13A3,"FLORENCE AV",BROADWAY,200.00,E,N,A,-,N,,,,,,,,,,N,3,0,1,2,A,-,11,21955,,N,G,B,D,A,G,-,A,D,0,Y,,,,Y,,N,60,0,1,0,0,1,0,0,0,0,"- ","- ",,,"LOS ANGELES","LOS ANGELES",-118.27767181396484,33.974658966064453
8708236,2018,2018-10-10,1942,2018-09-20,1840,43468,0139,4,5,7,1942,0,0,0,A,0,1A12,TRACTION,"HEWITT ST",0.00,,Y,A,-,N,,,,,,,,,,N,4,0,1,2,A,-,10,21950,A,N,G,B,E,A,H,-,A,A,0,Y,,,,Y,,I,20,0,0,1,0,1,0,0,0,0,"- ","- ",,,"LOS ANGELES","LOS ANGELES",-118.23600006103516,34.045318603515625
8708871,2018,2018-10-12,1942,2018-09-02,2200,40325,0236,7,5,7,1942,0,0,0,B,0,2A56,"BEVERLY BL","BONNIE BRAE ST",70.00,E,N,A,-,N,,,,,,,,,,N,4,0,1,2,A,-,11,21954,A,N,G,B,D,A,H,-,C,A,0,Y,,,,Y,Y,A,01,0,0,1,0,1,0,0,0,0,"- ","- ",,,"LOS ANGELES","LOS ANGELES",-118.26779174804688,34.065528869628906
8708879,2018,2018-10-12,1942,2018-09-02,0910,30380,0236,7,5,7,1942,0,0,0,B,0,2A47,"BEVERLY BL","N ALVARADO ST",0.00,,Y,B,-,N,,,,,,,,,,N,3,0,1,2,A,-,11,21956,A,N,G,B,D,-,H,-,A,A,0,Y,,,,Y,,N,60,0,1,0,0,1,0,0,0,0,"- ","- ",,,"LOS ANGELES","LOS ANGELES",-118.27031707763672,34.066669464111328
8709248,2018,2018-10-11,1942,2018-08-20,1120,39010,1303,1,5,7,1942,0,0,0,M,0,13A13,"11TH ST","CENTRAL AV",975.00,W,N,A,-,N,,,,,,,,,,N,4,0,1,2,A,-,11,21954,A,N,G,B,E,A,H,-,A,D,0,Y,,,,Y,,A,01,0,0,1,0,1,0,0,0,0,"- ","- ",,,"LOS ANGELES","LOS ANGELES",-118.24765777587891,34.032176971435547
8709310,2018,2018-10-10,1942,2018-09-07,0745,39473,1798,5,5,7,1942,0,0,0,Q,0,17A95,"NORDHOFF ST","SAN DIEGO FRWY",0.00,,Y,A,-,N,,,,,,,,,,Y,3,0,2,3,A,-,10,21950,A,N,G,B,B,A,H,-,A,A,0,Y,,,,Y,,A,08,0,1,1,0,2,0,0,0,0,"- ","- ",,,"LOS ANGELES","LOS ANGELES",,
8709376,2018,2018-10-09,1942,2018-09-06,1725,39759,0174,4,5,7,1942,0,0,0,A,0,1A85,"S MAIN ST","EAST 7TH ST",0.00,,Y,A,-,N,,,,,,,,,,N,3,0,1,2,A,-,09,21801,A,N,G,B,B,A,H,-,A,D,0,Y,,,,Y,,A,01,0,1,0,0,1,0,0,0,0,"- ","- ",,,"LOS ANGELES","LOS ANGELES",-118.25138092041016,34.043930053710938
8709406,2018,2018-10-10,1942,2018-08-31,2020,43451,1822,5,5,7,1942,0,0,0,R,0,18A17,"CENTURY BL","MAIN ST",200.00,W,N,A,-,N,,,,,,,,,,N,2,0,1,2,A,-,11,21954,A,F,G,B,D,A,H,-,C,A,0,Y,,,,Y,Y,-,99,1,0,0,0,1,0,0,0,0,"- ","- ",,,"LOS ANGELES","LOS ANGELES",-118.27455139160156,33.945560455322266
8709414,2018,2018-10-10,1942,2018-08-30,2230,43042,1341,4,5,7,1942,0,0,0,M,0,11A51,"BROADWAY ST","W 38TH ST",67.00,S,N,A,-,N,,,,,,,,,,N,3,0,1,2,B,-,22,,,F,A,B,B,A,H,-,C,D,0,Y,,,,Y,,-,99,0,1,0,0,1,0,0,0,0,"- ","- ",,,"LOS ANGELES","LOS ANGELES",-118.27631378173828,34.012863159179688
8709727,2018,2018-10-15,1942,2018-08-26,1950,41977,1268,7,5,7,1942,0,0,0,L,0,12A67,BROADWAY,"N 85TH ST",0.00,,Y,A,-,N,,,,,,,,,,N,2,0,1,2,A,-,10,21950,A,N,G,B,B,A,H,-,C,A,0,Y,,,,Y,,A,01,1,0,0,0,1,0,0,0,0,"- ","- ",,,"LOS ANGELES","LOS ANGELES",-118.2783,33.96152
8709731,2018,2018-10-15,1942,2018-08-23,1410,26101,1256,4,5,7,1942,0,0,0,L,0,25T21,"62ND ST","HALLDALE AV",8.00,E,N,A,-,N,,,,,,,,,,N,2,0,1,2,A,-,10,21950,A,F,A,B,B,A,H,-,A,A,0,Y,,,,Y,,-,,1,0,0,0,1,0,0,0,0,"- ","- ",,,"LOS ANGELES","LOS ANGELES",-118.30238342285156,33.983238220214844
8709747,2018,2018-10-15,1942,2018-08-13,0800,40404,1871,1,5,7,1942,0,0,0,R,0,18A97,"S FIGUEROA ST","140TH ST",130.00,S,N,A,-,N,,,,,,,,,,N,3,0,1,2,A,-,11,21954,A,N,G,B,D,A,H,-,A,D,0,Y,,,,Y,,N,60,0,1,0,0,1,0,0,0,0,"- ","- ",,,"LOS ANGELES","LOS ANGELES",-118.28275299072266,33.904262542724609
8710056,2018,2018-10-17,1942,2018-08-11,0040,40844,0677,6,5,7,1942,0,0,0,F,0,6A77,"MELROSE AV","WILTON PL",100.00,W,N,A,-,N,,,,,,,,,,N,3,0,1,2,A,-,11,21956,A,N,A,B,E,A,H,-,C,A,0,Y,,,,Y,,N,60,0,1,0,0,1,0,0,0,0,"- ","- ",,,"LOS ANGELES","LOS ANGELES",-118.31388092041016,34.083511352539062
8710232,2018,2018-11-05,1942,2018-10-01,1321,41671,2011,1,5,7,1942,0,0,0,,0,20A1,"W 1ST ST","WILTON PL",80.00,E,N,A,-,N,,,,,,,,,,N,4,0,1,2,A,-,10,21954,B,N,G,B,E,A,H,-,A,D,0,Y,,,,Y,,A,07,0,0,1,0,1,0,0,0,0,"- ","- ",,,"LOS ANGELES","LOS ANGELES",-118.31331634521484,34.073040008544922
8710365,2018,2018-11-14,1942,2018-09-06,0605,08906,1494,4,5,7,1942,0,0,0,N,0,5M37,"CENTURY BL","VICKSBURG AV",0.00,,Y,A,-,N,,,,,,,,,,N,4,0,1,2,A,-,09,21804,A,N,G,B,B,A,H,-,C,A,0,Y,,,,Y,,N,60,0,0,1,0,1,0,0,0,0,"- ","- ",,,"LOS ANGELES","LOS ANGELES",-118.39395141601562,33.945610046386719
8710369,2018,2018-10-30,1942,2018-09-18,1830,43420,1469,2,5,7,1942,0,0,0,N,0,8A59,"LA TIJERA BL",KNOWLTON,0.00,,Y,A,-,N,,,,,,,,,,N,4,0,2,3,A,-,10,21950,A,N,G,B,B,A,H,-,A,A,0,Y,,,,Y,,A,01,0,0,2,0,2,0,0,0,0,"- ","- ",,,"LOS ANGELES","LOS ANGELES",-118.37317657470703,33.976119995117188
8710973,2018,2018-10-22,1942,2018-09-06,0750,37789,2134,4,5,7,1942,0,0,0,,0,21A1,"FARRALONE AV","SHERMAN WY",5.00,N,N,A,-,N,,,,,,,,,,N,4,0,1,2,A,-,10,21950,A,N,G,B,B,A,H,-,A,A,0,Y,,,,Y,,A,01,0,0,1,0,1,0,0,0,0,"- ","- ",,,"LOS ANGELES","LOS ANGELES",-118.61029815673828,34.201034545898438
8710993,2018,2018-10-22,1942,2018-09-17,2130,37304,2128,1,5,7,1942,0,0,0,,0,21A29,"SATICOY ST","WINNETKA AV",10.00,W,N,A,-,N,,,,,,,,,,N,4,0,1,2,A,-,10,21950,A,N,G,B,B,A,H,-,C,A,0,Y,,,,Y,,A,01,0,0,1,0,1,0,0,0,0,"- ","- ",,,"LOS ANGELES","LOS ANGELES",-118.57102966308594,34.208370208740234
8711029,2018,2018-11-05,1942,2018-09-05,0845,42029,2111,3,5,7,1942,0,0,0,,0,21A1,"DUCOR AV","INGOMAR ST",10.00,S,N,B,-,N,,,,,,,,,,Y,3,0,2,5,C,-,18,,,N,C,C,F,A,H,-,A,D,0,Y,,,,Y,,-,"- ",0,2,0,0,1,0,0,0,0,"- ","- ",,,"LOS ANGELES","LOS ANGELES",-118.62928009033203,34.211860656738281
8711138,2018,2018-11-05,1942,2018-09-18,1355,39779,0969,2,5,7,1942,0,0,0,I,0,9A37,"RIVERSIDE DR","COLDWATER CANYON AV",400.00,E,N,A,-,N,,,,,,,,,,N,3,0,1,2,A,-,11,21954,A,N,G,B,D,A,H,-,A,D,0,Y,,,,Y,,D,22,0,1,0,0,1,0,0,0,0,"- ","- ",,,"LOS ANGELES","LOS ANGELES",-118.41246795654297,34.157627105712891
8711153,2018,2018-10-24,1942,2018-09-29,1645,34426,1346,6,5,7,1942,0,0,0,M,0,13A9,"43RD PL","CENTRAL AV",0.00,,Y,A,-,N,,,,,,,,,,N,2,0,1,2,A,-,10,21950,A,F,G,B,B,A,H,-,A,A,0,Y,,,,Y,,-,99,1,0,0,0,1,0,0,0,0,"- ","- ",,,"LOS ANGELES","LOS ANGELES",-118.25649261474609,34.00482177734375
8711171,2018,2018-11-05,1942,2018-09-24,2220,35723,1113,1,5,7,1942,0,0,0,K,0,11A17,ELLENWOOD,COLORADO,40.00,,N,A,-,N,,,,,,,,,,N,4,0,1,2,C,-,18,,,N,H,B,F,A,H,-,C,D,0,Y,,,,Y,,-,"- ",0,0,1,0,1,0,0,0,0,"- ","- ",,,"LOS ANGELES","LOS ANGELES",-118.21897125244141,34.139999389648438
8711303,2018,2018-11-01,1942,2018-10-08,0810,39058,0938,1,5,7,1942,0,0,0,I,0,9A37,"FULTON AV","OXNARD ST",35.00,S,N,A,-,N,,,,,,,,,,N,4,0,1,2,A,-,10,21950,A,N,G,B,B,A,H,-,A,A,0,Y,,,,Y,,A,01,0,0,1,0,1,0,0,0,0,"- ","- ",,,"LOS ANGELES","LOS ANGELES",-118.42250823974609,34.179302215576172
8711323,2018,2018-11-01,1942,2018-10-04,1625,42018,0963,4,5,7,1942,0,0,0,I,0,9A89,"VAN NUYS BL","ADDISON ST",0.00,,Y,B,-,N,,,,,,,,,,N,4,0,1,2,A,-,09,21801,A,N,G,B,B,A,H,-,A,A,0,Y,,,,Y,,A,01,0,0,1,0,1,0,0,0,0,"- ","- ",,,"LOS ANGELES","LOS ANGELES",-118.44869232177734,34.161220550537109
8711344,2018,2018-10-29,1942,2018-09-19,0230,42818,0941,3,5,7,1942,0,0,0,I,0,9A41,"BURBANK BL","VAN NUYS BL",0.00,,Y,A,-,N,,,,,,,,,,N,4,0,1,2,A,-,10,21950,A,N,G,B,B,A,H,-,C,A,0,Y,,,,Y,,A,01,0,0,1,0,1,0,0,0,0,"- ","- ",,,"LOS ANGELES","LOS ANGELES",-118.44873809814453,34.172111511230469
8711389,2018,2018-10-30,1942,2018-09-10,1330,41179,0852,1,5,7,1942,0,0,0,H,0,8A53,"BARRINGTON AV","OHIO AV",0.00,,Y,A,-,N,,,,,,,,,,N,2,0,1,2,A,-,10,21950,A,N,G,B,B,A,H,-,A,A,0,Y,,,,Y,,A,07,1,0,0,0,1,0,0,0,0,"- ","- ",,,"LOS ANGELES","LOS ANGELES",-118.45664215087891,34.044410705566406
8711401,2018,2018-11-15,1942,2018-09-13,0830,43392,0892,4,5,7,1942,0,0,0,H,0,8A53,"SAWTELLE BL","EXPOSITION BL",0.00,,Y,A,-,N,,,,,,,,,,N,3,0,1,2,A,-,08,22107,,N,G,B,B,A,H,-,A,A,0,Y,,,,Y,,A,01,0,1,0,0,1,0,0,0,0,"- ","- ",,,"LOS ANGELES","LOS ANGELES",-118.43800354003906,34.034538269042969