CASE_ID,ACCIDENT_YEAR,PROC_DATE,JURIS,COLLISION_DATE,COLLISION_TIME,OFFICER_ID,REPORTING_DISTRICT,DAY_OF_WEEK,CHP_SHIFT,POPULATION,CNTY_CITY_LOC,SPECIAL_COND,BEAT_TYPE,CHP_BEAT_TYPE,CITY_DIVISION_LAPD,CHP_BEAT_CLASS,BEAT_NUMBER,PRIMARY_RD,SECONDARY_RD,DISTANCE,DIRECTION,INTERSECTION,WEATHER_1,WEATHER_2,STATE_HWY_IND,CALTRANS_COUNTY,CALTRANS_DISTRICT,STATE_ROUTE,ROUTE_SUFFIX,POSTMILE_PREFIX,POSTMILE,LOCATION_TYPE,RAMP_INTERSECTION,SIDE_OF_HWY,TOW_AWAY,COLLISION_SEVERITY,NUMBER_KILLED,NUMBER_INJURED,PARTY_COUNT,PRIMARY_COLL_FACTOR,PCF_CODE_OF_VIOL,PCF_VIOL_CATEGORY,PCF_VIOLATION,PCF_VIOL_SUBSECTION,HIT_AND_RUN,TYPE_OF_COLLISION,MVIW,PED_ACTION,ROAD_SURFACE,ROAD_COND_1,ROAD_COND_2,LIGHTING,CONTROL_DEVICE,CHP_ROAD_TYPE,PEDESTRIAN_ACCIDENT,BICYCLE_ACCIDENT,MOTORCYCLE_ACCIDENT,TRUCK_ACCIDENT,NOT_PRIVATE_PROPERTY,ALCOHOL_INVOLVED,STWD_VEHTYPE_AT_FAULT,CHP_VEHTYPE_AT_FAULT,COUNT_SEVERE_INJ,COUNT_VISIBLE_INJ,COUNT_COMPLAINT_PAIN,COUNT_PED_KILLED,COUNT_PED_INJURED,COUNT_BICYCLIST_KILLED,COUNT_BICYCLIST_INJURED,COUNT_MC_KILLED,COUNT_MC_INJURED,PRIMARY_RAMP,SECONDARY_RAMP,LATITUDE,LONGITUDE,COUNTY,CITY,POINT_X,POINT_Y
8712021,2018,2018-10-15,1942,2018-09-21,1845,42665,0358,5,5,7,1942,0,0,0,C,0,25T21,"JEFFERSON BL","FIGUEROA ST",45.00,E,N,A,-,N,,,,,,,,,,N,3,0,1,2,A,-,11,21950,B,F,-,B,-,A,H,-,A,D,0,Y,,,,Y,Y,N,60,0,1,0,0,1,0,0,0,0,"- ","- ",,,"LOS ANGELES","LOS ANGELES",-118.27986907958984,34.021892547607422
8712080,2018,2018-11-08,1942,2018-09-22,1910,41129,1255,6,5,7,1942,0,0,0,L,0,25T21,"W 78TH ST","S VERMONT AV",36.00,W,N,A,-,N,,,,,,,,,,Y,3,0,2,3,A,-,11,21955,,N,-,B,D,-,H,-,C,A,0,Y,,,,Y,Y,N,60,0,1,1,0,1,0,0,0,0,"- ","- ",,,"LOS ANGELES","LOS ANGELES",-118.29200744628906,33.96942138671875
8712096,2018,2018-10-12,1942,2018-09-07,1735,25115,1341,5,5,7,1942,0,0,0,M,0,13A41,"JEFFERSON BL","HILL ST",0.00,,Y,A,-,N,,,,,,,,,,N,4,0,1,2,A,-,10,21950,A,F,G,B,B,A,H,-,A,A,0,Y,,,,Y,,-,99,0,0,1,0,1,0,0,0,0,"- ","- ",,,"LOS ANGELES","LOS ANGELES",-118.27490997314453,34.019668579101562
8712104,2018,2018-10-12,1942,2018-09-13,1520,34426,1373,4,5,7,1942,0,0,0,M,0,13A85,"56TH ST","MCKINLEY AV",0.00,,Y,A,-,N,,,,,,,,,,N,4,0,1,2,A,-,10,21950,A,N,G,B,B,A,H,-,A,D,0,Y,,,,Y,,A,07,0,0,1,0,1,0,0,0,0,"- ","- ",,,"LOS ANGELES","LOS ANGELES",-118.26084899902344,33.991569519042969
8712116,2018,2018-10-15,1942,2018-09-06,0900,37540,1362,4,5,7,1942,0,0,0,M,0,13A61,"E 47TH PL","S MAIN ST",0.00,,Y,A,-,N,,,,,,,,,,N,4,0,1,2,A,-,10,21950,A,F,G,B,B,A,H,-,A,A,0,Y,,,,Y,,-,99,0,0,1,0,1,0,0,0,0,"- ","- ",,,"LOS ANGELES","LOS ANGELES",-118.27397918701172,34.000080108642578
8712306,2018,2018-10-19,1942,2018-09-23,1120,40008,0256,7,5,7,1942,0,0,0,B,0,2A56,"W 7TH ST","BONNIE BRAE ST",175.00,E,N,A,-,N,,,,,,,,,,N,4,0,1,2,B,-,22,,,F,G,B,F,A,H,-,A,D,0,Y,,,,Y,,-,99,0,0,1,0,1,0,0,0,0,"- ","- ",,,"LOS ANGELES","LOS ANGELES",-118.27407073974609,34.055213928222656
8712496,2018,2018-11-09,1942,2018-10-06,2110,43122,1207,6,5,7,1942,0,0,0,L,0,12A15,"VERMONT AV","47TH ST",60.00,S,N,A,-,N,,,,,,,,,,Y,2,0,2,3,A,-,11,21954,A,N,G,B,D,A,H,-,C,A,0,Y,,,,Y,,N,60,1,1,0,0,2,0,0,0,0,"- ","- ",,,"LOS ANGELES","LOS ANGELES",,
8712500,2018,2018-11-09,1942,2018-10-02,2000,41582,1267,2,5,7,1942,0,0,0,L,0,12A3,"FIGUEROA AV","85TH ST",15.00,S,N,A,-,N,,,,,,,,,,N,3,0,2,2,A,-,11,21954,A,N,G,B,D,A,H,-,C,D,0,Y,,Y,,Y,Y,N,60,0,1,1,0,1,0,0,0,1,"- ","- ",,,"LOS ANGELES","LOS ANGELES",-118.28273773193359,33.9610595703125
8712541,2018,2018-10-31,1942,2018-09-20,2300,40479,0245,4,5,7,1942,0,0,0,B,0,2A2W5,"3RD ST","ALVARADO AV",75.00,W,N,A,-,N,,,,,,,,,,N,4,0,1,2,A,-,11,21954,A,N,G,B,E,A,H,-,C,A,0,Y,,,,Y,,N,60,0,0,1,0,1,0,0,0,0,"- ","- ",,,"LOS ANGELES","LOS ANGELES",-118.27294921875,34.063018798828125
8713298,2018,2018-10-29,1942,2018-10-01,0805,37830,0457,1,5,7,1942,0,0,0,D,0,4A53,"SOTO ST","CESAR CHAVEZ",100.00,S,N,A,-,N,,,,,,,,,,N,4,0,1,2,A,-,09,21804,A,F,A,B,C,A,H,-,A,D,0,Y,,,,Y,,-,99,0,0,1,0,1,0,0,0,0,"- ","- ",,,"LOS ANGELES","LOS ANGELES",,
8713315,2018,2018-10-29,1942,2018-10-13,1620,41805,1213,6,5,7,1942,0,0,0,L,0,12X32,"54TH ST","SAINT ANDREWS PL",5.00,W,N,A,-,N,,,,,,,,,,N,4,0,1,2,A,-,03,22350,,F,G,B,D,A,H,-,A,D,0,Y,,,,Y,,-,,0,0,1,0,1,0,0,0,0,"- ","- ",,,"LOS ANGELES","LOS ANGELES",-118.31137847900391,33.993240356445312
8713319,2018,2018-10-29,1942,2018-10-15,0540,42266,1267,1,5,7,1942,0,0,0,L,0,12A67,BROADWAY,"85TH ST",5.00,N,N,A,-,N,,,,,,,,,,N,2,0,1,2,A,-,10,21950,,F,A,B,C,A,-,-,C,A,0,Y,,,,Y,,-,99,1,0,0,0,1,0,0,0,0,"- ","- ",,,"LOS ANGELES","LOS ANGELES",,
8713523,2018,2018-10-17,1942,2018-09-06,1730,39891,0926,4,5,7,1942,0,0,0,I,0,19X4,"VANOWEN ST","MATILIJA AV",0.00,,Y,A,-,N,,,,,,,,,,N,3,0,1,2,D,-,00,,,N,B,B,B,A,H,-,A,D,0,Y,,,,Y,,-,"- ",0,1,0,0,1,0,0,0,0,"- ","- ",,,"LOS ANGELES","LOS ANGELES",-118.43345642089844,34.193939208984375
8713555,2018,2018-10-17,1942,2018-09-10,1730,42562,969,1,5,7,1942,0,0,0,,0,9X52,"FULTON AV","RIVERSIDE DR",100.00,N,N,A,-,N,,,,,,,,,,N,3,0,1,2,A,-,11,21954,A,N,G,B,D,A,H,-,A,D,0,Y,,,,Y,,N,60,0,1,0,0,1,0,0,0,0,"- ","- ",,,"LOS ANGELES","LOS ANGELES",-118.42251586914062,34.157894134521484
8713583,2018,2018-10-17,1942,2018-09-07,1835,38135,0948,5,5,7,1942,0,0,0,I,0,9X16,"COLLINS ST","WOODMAN AV",6.00,E,N,A,-,N,,,,,,,,,,N,4,0,1,2,A,-,10,21950,A,N,G,B,B,A,H,-,B,D,0,Y,,,,Y,,A,01,0,0,1,0,1,0,0,0,0,"- ","- ",,,"LOS ANGELES","LOS ANGELES",-118.43124389648438,34.173919677734375
8714164,2018,2018-10-23,1942,2018-09-25,1950,39062,0135,2,5,7,1942,0,0,0,A,0,1A35,"S BOYD ST","LOS ANGELES ST",0.00,,Y,A,-,N,,,,,,,,,,N,4,0,1,2,A,-,11,21950,B,N,G,B,B,A,H,-,C,D,0,Y,,,,Y,Y,N,60,0,0,1,0,1,0,0,0,0,"- ","- ",,,"LOS ANGELES","LOS ANGELES",-118.245361328125,34.047870635986328
8714231,2018,2018-10-23,1942,2018-09-18,0715,42270,1394,2,5,7,1942,0,0,0,M,0,13A43,"GAGE AV","WALL ST",300.00,E,N,A,-,N,,,,,,,,,,N,4,0,1,2,A,-,10,21950,A,F,G,B,E,A,H,-,A,D,0,Y,,,,Y,,-,99,0,0,1,0,1,0,0,0,0,"- ","- ",,,"LOS ANGELES","LOS ANGELES",-118.27081298828125,33.982437133789062
8714239,2018,2018-10-24,1942,2018-09-29,1100,33296,0182,6,5,7,1942,0,0,0,A,0,1A61,"W 111TH ST","OLIVE ST",130.00,W,N,A,-,N,,,,,,,,,,N,4,0,1,2,A,-,09,21804,A,N,G,B,F,A,H,-,A,D,0,Y,,,,Y,,A,01,0,0,1,0,1,0,0,0,0,"- ","- ",,,"LOS ANGELES","LOS ANGELES",-118.27934265136719,33.934780120849609
8714398,2018,2018-10-23,1942,2018-09-08,1200,42332,1826,6,5,7,1942,0,0,0,R,0,13A35,"DEFIANCE AV","97TH ST",200.00,N,N,A,-,N,,,,,,,,,,N,3,0,1,2,A,-,21,22106,,N,G,B,E,A,H,-,A,D,0,Y,,,,Y,,A,01,0,1,0,0,1,0,0,0,0,"- ","- ",,,"LOS ANGELES","LOS ANGELES",-118.24531555175781,33.94866943359375
8714487,2018,2018-12-04,1942,2018-10-04,1330,42409,0161,4,5,7,1942,0,0,0,A,0,1Z1W4,"S FIGUEROA ST",8TH,215.00,N,N,A,-,N,,,,,,,,,,N,4,0,1,2,A,-,00,20016,,N,G,B,F,A,H,-,A,D,0,Y,,Y,,Y,,C,02,0,0,1,0,1,0,0,0,0,"- ","- ",,,"LOS ANGELES","LOS ANGELES",-118.2618408203125,34.047264099121094
8715311,2018,2018-11-13,1942,2018-09-08,2138,43495,"LOS A",6,5,7,1942,0,0,0,,0,19A61,"SEPULVEDA BL","PARTHENIA ST",0.00,,Y,A,-,N,,,,,,,,,,N,4,0,2,3,A,-,10,21950,A,N,G,B,B,A,H,-,C,A,0,Y,,,,Y,,A,01,0,0,2,0,2,0,0,0,0,"- ","- ",,,"LOS ANGELES","LOS ANGELES",-118.46765899658203,34.228271484375
8715494,2018,2018-11-08,1942,2018-10-16,1500,42665,1834,2,5,7,1942,0,0,0,R,0,18A34,"CENTRAL AV","CENTURY BL",12.00,N,N,A,-,N,,,,,,,,,,N,4,0,1,2,A,-,12,21453,A,F,G,B,B,A,H,-,A,A,0,Y,,,,Y,Y,-,99,0,0,1,0,1,0,0,0,0,"- ","- ",,,"LOS ANGELES","LOS ANGELES",-118.25408172607422,33.945693969726562
8715510,2018,2018-11-08,1942,2018-10-10,2000,42281,1849,3,5,7,1942,0,0,0,R,0,18X4,"115TH ST","MONA BL",30.00,E,N,A,-,N,,,,,,,,,,N,3,0,1,2,A,-,10,21952,,F,G,B,F,A,H,-,B,D,0,Y,,,,Y,,-,99,0,1,0,0,1,0,0,0,0,"- ","- ",,,"LOS ANGELES","LOS ANGELES",-118.23057556152344,33.930412292480469
8715533,2018,2018-11-15,1942,2018-10-05,1530,35267,2058,5,5,7,1942,0,0,0,,0,20A69,"W OLYMPIC BL","MENLO AV",5.00,W,N,A,-,N,,,,,,,,,,N,3,0,1,2,A,-,10,21950,A,N,G,B,B,A,H,-,A,D,0,Y,,,,Y,,A,01,0,1,0,0,1,0,0,0,0,"- ","- ",,,"LOS ANGELES","LOS ANGELES",-118.29073333740234,34.052410125732422
8715566,2018,2018-11-15,1942,2018-10-22,1420,30422,1767,1,5,7,1942,0,0,0,Q,0,17A49,"HALSTEAD ST","ETIWANDA AV",0.00,,Y,A,-,N,,,,,,,,,,N,4,0,1,2,A,-,11,21950,B,N,D,B,E,A,H,-,A,D,0,Y,,,,Y,,N,60,0,0,1,0,1,0,0,0,0,"- ","- ",,,"LOS ANGELES","LOS ANGELES",-118.53173828125,34.244579315185547
8715598,2018,2018-11-16,1942,2018-09-12,0756,42610,0833,3,5,7,1942,0,0,0,H,0,8A59,"GAYLEY ST","WILSHIRE BL",0.00,N,N,A,-,N,,,,,,,,,,N,3,0,1,2,B,-,22,,,F,G,B,F,A,H,-,A,D,0,Y,,,,Y,,-,99,0,1,0,0,1,0,0,0,0,"- ","- ",,,"LOS ANGELES","LOS ANGELES",-118.44551849365234,34.058330535888672
8715644,2018,2018-11-15,1942,2018-10-12,1840,43311," 1823",5,5,7,1942,0,0,0,,0,18X4,"E 102ND ST","WALL ST",120.00,W,N,A,-,N,,,,,,,,,,N,3,0,1,2,A,-,11,21954,A,N,G,B,D,A,H,-,B,D,0,Y,,,,Y,,N,60,0,1,0,0,1,0,0,0,0,"- ","- ",,,"LOS ANGELES","LOS ANGELES",-118.2720947265625,33.943771362304688
8715648,2018,2018-11-15,1942,2018-10-25,2210,42665,1822,4,5,7,1942,0,0,0,R,0,18A17,"COLDEN AV","MAIN ST",135.00,E,N,A,-,N,,,,,,,,,,N,4,0,1,2,A,-,11,21954,A,F,G,B,D,A,H,-,C,D,0,Y,,,,Y,,N,60,0,0,1,0,1,0,0,0,0,"- ","- ",,,"LOS ANGELES","LOS ANGELES",-118.27388763427734,33.949188232421875
8716104,2018,2018-10-16,1942,2018-08-23,1500,39759,0659,4,5,7,1942,0,0,0,F,0,6A79,"W FOUNTAIN AV","N NORMANDIE AV",0.00,,Y,A,-,N,,,,,,,,,,N,4,0,1,2,A,-,09,21801,A,N,G,B,B,A,H,-,A,D,0,Y,,,,Y,,A,01,0,0,1,0,1,0,0,0,0,"- ","- ",,,"LOS ANGELES","LOS ANGELES",-118.30049896240234,34.095199584960938
8716138,2018,2018-10-15,1942,2018-09-19,1955,41723,1441,3,5,7,1942,0,0,0,N,0,14FBL1,"WASHINGTON BL","PACIFIC AV",90.00,W,N,A,-,N,,,,,,,,,,N,4,0,1,2,A,-,21,22106,,F,G,B,E,A,H,-,C,D,0,Y,,,,Y,,-,99,0,0,1,0,1,0,0,0,0,"- ","- ",,,"LOS ANGELES","LOS ANGELES",-118.46588897705078,33.979595184326172
8716146,2018,2018-10-15,1942,2018-09-24,0930,36664,2073,1,5,7,1942,0,0,0,,0,20A71,"VENICE BL","S HOBART BL",0.00,,Y,A,-,N,,,,,,,,,,N,3,0,1,2,A,-,11,21950,B,N,G,B,B,A,H,-,A,A,0,Y,,,,Y,,N,60,0,1,0,0,1,0,0,0,0,"- ","- ",,,"LOS ANGELES","LOS ANGELES",-118.30529022216797,34.043609619140625
8716158,2018,2018-10-15,1942,2018-09-27,0900,38282,0668,4,5,7,1942,0,0,0,F,0,6A79,"WILTON PL","SUNSET BL",10.00,S,N,A,-,N,,,,,,,,,,N,4,0,1,2,A,-,10,21950,A,N,G,B,B,A,H,-,A,A,0,Y,,,,Y,,A,07,0,0,1,0,1,0,0,0,0,"- ","- ",,,"LOS ANGELES","LOS ANGELES",-118.3135986328125,34.098052978515625
8716660,2018,2018-10-17,1942,2018-10-01,1540,41973,1256,1,5,7,1942,0,0,0,L,0,12A57,"W FLORENCE AV","MENLO AV",184.00,E,N,A,-,N,,,,,,,,,,N,2,0,1,3,A,-,11,21954,A,N,G,B,D,A,H,-,A,D,0,Y,,,,Y,,N,60,1,0,0,0,1,0,0,0,0,"- ","- ",,,"LOS ANGELES","LOS ANGELES",-118.28864288330078,33.974639892578125
8716721,2018,2018-10-18,1942,2018-09-30,1450,43273,0333,7,5,7,1942,0,0,0,C,0,3A31,"WELLINGTON RD","JEFFERSON BL",125.00,N,N,A,-,N,,,,,,,,,,N,3,0,1,2,A,-,11,21954,A,N,G,B,D,A,H,-,A,D,0,Y,,,,Y,,N,60,0,1,0,0,1,0,0,0,0,"- ","- ",,,"LOS ANGELES","LOS ANGELES",-118.33843231201172,34.025913238525391
8716724,2018,2018-10-17,1942,2018-09-25,0610,36911,1243,2,5,7,1942,0,0,0,L,0,12445,"S GRAMERCY PL","W 62ND ST",0.00,,Y,A,-,N,,,,,,,,,,N,3,0,1,2,A,-,10,21950,A,N,G,B,B,A,H,-,C,A,0,Y,,,,Y,,A,07,0,1,0,0,1,0,0,0,0,"- ","- ",,,"LOS ANGELES","LOS ANGELES",-118.31343841552734,33.983360290527344
8716736,2018,2018-10-17,1942,2018-09-25,2220,41844,1258,2,5,7,1942,0,0,0,L,0,25T21,"S MAIN ST","75TH ST",84.00,N,N,A,-,N,,,,,,,,,,Y,2,0,1,2,A,-,11,21955,,N,G,B,C,-,H,-,C,D,0,Y,,,,Y,Y,N,60,1,0,0,0,1,0,0,0,0,"- ","- ",,,"LOS ANGELES","LOS ANGELES",-118.27393341064453,33.972370147705078
8716772,2018,2018-10-17,1942,2018-09-23,0955,42098,1213,7,5,7,1942,0,0,0,L,0,12A57,"52ND ST","SAINT ANDREWS PL",0.00,,Y,A,-,N,,,,,,,,,,N,3,0,1,2,A,-,10,21950,A,F,-,B,B,A,H,-,A,D,0,Y,,,,Y,,-,99,0,1,0,0,1,0,0,0,0,"- ","- ",,,"LOS ANGELES","LOS ANGELES",-118.31134796142578,33.995029449462891
8716876,2018,2018-10-31,1942,2018-09-11,2230,42731,1313,2,5,7,1942,0,0,0,M,0,13A13,"EAST WASHINGTON BL","S SAN PEDRO ST",0.00,,Y,A,-,N,,,,,,,,,,N,2,0,1,2,A,-,10,21954,,N,-,-,-,A,H,-,C,-,0,Y,,,,Y,,A,01,1,0,0,0,1,0,0,0,0,"- ","- ",,,"LOS ANGELES","LOS ANGELES",-118.25745391845703,34.027618408203125
8716975,2018,2018-10-24,1942,2018-09-13,1835,36553,0659,4,5,7,1942,0,0,0,F,0,6A79,"SUNSET BL","HOBART BL",12.00,W,N,A,-,N,,,,,,,,,,N,2,0,1,2,A,-,12,21453,A,N,G,B,B,A,H,-,A,A,0,Y,,,,Y,Y,A,07,1,0,0,0,1,0,0,0,0,"- ","- ",,,"LOS ANGELES","LOS ANGELES",-118.30564880371094,34.098121643066406
8717072,2018,2018-11-02,1942,2018-08-26,0125,36031,1265,7,5,7,1942,0,0,0,L,0,12A93,"MANCHESTER AV","BUDLONG AV",300.00,E,N,A,-,N,,,,,,,,,,N,2,0,1,2,A,-,11,21954,A,N,G,B,D,A,H,-,C,D,0,Y,,,,Y,,N,60,1,0,0,0,1,0,0,0,0,"- ","- ",,,"LOS ANGELES","LOS ANGELES",-118.29492950439453,33.960010528564453
8717116,2018,2018-10-16,1942,2018-08-25,1310,33599,0361,6,5,7,1942,0,0,0,C,0,3A41,"GIBRALTAR AV","PINAFORE AV",24.00,N,N,A,-,N,,,,,,,,,,N,2,0,1,2,C,-,18,,,N,G,B,F,A,E,-,A,D,0,Y,,,,Y,,-,"- ",1,0,0,0,1,0,0,0,0,"- ","- ",,,"LOS ANGELES","LOS ANGELES",-118.35472869873047,34.014965057373047
8718461,2018,2018-11-01,1942,2018-09-16,0320,43377,1307,7,5,7,1942,0,0,0,M,0,13A9,"AGATHA ST","STANFORD AV",0.00,,Y,A,-,N,,,,,,,,,,N,3,0,1,2,A,-,08,22107,,N,G,B,E,A,H,-,C,D,0,Y,,,,Y,,A,01,0,1,0,0,1,0,0,0,0,"- ","- ",,,"LOS ANGELES","LOS ANGELES",-118.24564361572266,34.037849426269531
8719043,2018,2018-10-23,1942,2018-08-23,1130,41917,1821,4,5,7,1942,0,0,0,R,0,18A26,"CENTURY BL","VERMONT AV",20.00,S,N,A,-,N,,,,,,,,,,N,3,0,1,2,A,-,11,21954,A,N,G,B,E,A,H,-,A,D,0,Y,,,,Y,,N,60,0,1,0,0,1,0,0,0,0,"- ","- ",,,"LOS ANGELES","LOS ANGELES",-118.29161071777344,33.945491790771484
8719074,2018,2019-03-25,1942,2018-09-14,1800,37540,1321,5,5,7,1942,0,0,0,M,0,13A13,"S GRAND AV","W 23RD ST",0.00,,Y,A,-,N,,,,,,,,,,N,4,0,1,2,A,-,10,21950,A,F,G,B,B,A,H,-,A,A,0,Y,,,,Y,,-,99,0,0,1,0,1,0,0,0,0,"- ","- ",,,"LOS ANGELES","LOS ANGELES",-118.29026031494141,33.723350524902344
8719077,2018,2018-10-17,1942,2018-09-11,0540,30380,,2,5,7,1942,0,0,0,,0,,"E CESAR E CHAVEZ AV","N EVERGREEN AV",0.00,,Y,A,-,N,,,,,,,,,,N,3,0,1,2,A,-,10,21950,A,N,H,B,B,A,H,-,C,A,0,Y,,,,Y,,A,07,0,1,0,0,1,0,0,0,0,"- ","- ",,,"LOS ANGELES","LOS ANGELES",-118.20041656494141,34.043571472167969
8719090,2018,2018-10-19,1942,2018-09-12,0100,25530,1268,3,5,7,1942,0,0,0,L,0,12A15,"SAN PEDRO ST","85TH ST",60.00,S,N,A,-,N,,,,,,,,,,N,3,0,1,2,A,-,11,21954,A,N,G,B,D,A,H,-,C,D,0,Y,,,,Y,Y,N,60,0,1,0,0,1,0,0,0,0,"- ","- ",,,"LOS ANGELES","LOS ANGELES",-118.26952362060547,33.960845947265625
8719281,2018,2018-10-22,1942,2018-08-11,2130,38090,1413,6,5,7,1942,0,0,0,N,0,,"ROSE AV","4TH AV",40.00,W,N,A,-,N,,,,,,,,,,N,3,0,1,2,A,-,11,21955,,N,G,B,D,A,H,-,C,A,0,Y,,,,Y,,N,60,0,1,0,0,1,0,0,0,0,"- ","- ",,,"LOS ANGELES","LOS ANGELES",-118.4752197265625,33.997470855712891
8719503,2018,2018-11-16,1942,2018-10-20,1645,33401,0353,6,5,7,1942,0,0,0,C,0,3W32,"CRENSHAW BL","COLISEUM ST",300.00,N,N,A,-,N,,,,,,,,,,N,4,0,1,2,A,-,03,22350,,N,G,B,E,A,G,-,A,D,0,Y,,,,Y,,M,96,0,0,1,0,1,0,0,0,0,"- ","- ",,,"LOS ANGELES","LOS ANGELES",-118.3353271484375,34.018199920654297
8719516,2018,2018-11-16,1942,2018-10-11,0750,34370,0315,4,5,7,1942,0,0,0,C,0,25MQ11,"ADAMS BL","SAINT ANDREWS PL",0.00,,Y,A,-,N,,,,,,,,,,N,4,0,1,2,A,-,12,21453,A,N,G,B,B,A,H,-,A,A,0,Y,,,,Y,,A,01,0,0,1,0,1,0,0,0,0,"- ","- ",,,"LOS ANGELES","LOS ANGELES",-118.31130218505859,34.032691955566406
8719711,2018,2018-10-25,1942,2018-09-27,2115,36504,2081,4,5,7,1942,0,0,0,,0,8TL35,"ARLINGTON AV","17TH ST",150.00,N,N,A,-,N,,,,,,,,,,N,4,0,1,3,A,-,03,22350,,F,B,C,F,A,H,-,B,A,0,Y,,,,Y,,-,99,0,0,1,0,1,0,0,0,0,"- ","- ",,,"LOS ANGELES","LOS ANGELES",-118.31773699999999,34.042222000000002
8719871,2018,2018-10-29,1942,2018-09-11,0830,34244,1795,2,5,7,1942,0,0,0,Q,0,17A23,"BALBOA BL","ROSCOE BL",600.00,N,N,A,-,N,,,,,,,,,,N,2,0,1,2,A,-,11,21954,A,N,B,B,D,A,H,-,A,D,0,Y,,,,Y,,N,60,1,0,0,0,1,0,0,0,0,"- ","- ",,,"LOS ANGELES","LOS ANGELES",-118.50263977050781,34.222846984863281
8719881,2018,2018-11-02,1942,2018-09-29,2345,39281,1008,6,5,7,1942,0,0,0,J,0,10A39,"ROSCOE BL","BALBOA BL",250.00,W,N,A,-,N,,,,,,,,,,N,4,0,1,3,A,-,09,21804,A,F,B,C,E,A,H,-,C,D,0,Y,,,,Y,,-,99,0,0,1,0,1,0,0,0,0,"- ","- ",,,"LOS ANGELES","LOS ANGELES",-118.50346374511719,34.22119140625
8719903,2018,2018-10-29,1942,2018-09-17,0623,43177,1798,1,5,7,1942,0,0,0,Q,0,17A95,"WOODLEY AV","NORDHOFF ST",0.00,,Y,A,-,N,,,,,,,,,,,3,0,1,2,A,-,10,21950,A,N,G,B,B,A,H,-,B,A,0,Y,,,,Y,,A,01,0,1,0,0,1,0,0,0,0,"- ","- ",,,"LOS ANGELES","LOS ANGELES",-118.48506927490234,34.235641479492188
8719939,2018,2018-11-09,1942,2018-10-06,0000,40876,1776,6,5,7,1942,0,0,0,Q,0,17A95,"LASSEN ST","HAYVENHURST AV",12.00,E,N,A,-,N,,,,,,,,,,N,3,0,1,2,A,-,10,21950,A,F,G,B,B,A,H,-,C,A,0,Y,,,,Y,,-,99,0,1,0,0,1,0,0,0,0,"- ","- ",,,"LOS ANGELES","LOS ANGELES",-118.49360656738281,34.250209808349609
8719950,2018,2018-11-20,1942,2018-10-02,2020,43439,1747,2,5,7,1942,0,0,0,Q,0,17A67,"CHATSWORTH ST","N BALBOA BL",0.00,,Y,B,-,N,,,,,,,,,,N,3,0,1,2,A,-,10,21950,A,N,A,B,B,A,H,-,C,A,0,Y,,,,Y,,A,01,0,1,0,0,1,0,0,0,0,"- ","- ",,,"LOS ANGELES","LOS ANGELES",-118.50225830078125,34.264789581298828
8720227,2018,2018-10-26,1942,2018-09-29,1900,40157,9849,6,5,7,1942,0,0,0,,0,6T7,"W PICO BL","S ROBERTSON BL",0.00,,Y,A,-,N,,,,,,,,,,Y,2,0,5,4,A,-,09,21801,A,N,D,C,B,A,H,-,C,A,0,Y,,,,Y,,-,"- ",1,1,3,0,1,0,0,0,0,"- ","- ",,,"LOS ANGELES","LOS ANGELES",-118.38372039794922,34.054779052734375
8720235,2018,2018-10-26,1942,2018-09-14,2350,41671,0721,5,5,7,1942,0,0,0,G,0,7A21,"3RD ST","DOHENY DR",0.00,,Y,A,-,N,,,,,,,,,,N,3,0,1,2,A,-,12,21453,A,F,G,B,B,A,H,-,C,A,0,Y,,,,Y,,-,99,0,1,0,0,1,0,0,0,0,"- ","- ",,,"LOS ANGELES","LOS ANGELES",-118.38971710205078,34.073631286621094
8720237,2018,2018-11-16,1942,2018-08-01,1915,42069,0529,3,5,7,1942,0,0,0,E,0,5A17,"BROAD AV","E ST",167.00,N,N,A,-,N,,,,,,,,,,Y,2,0,1,4,A,-,03,22350,,F,B,C,E,A,H,-,C,A,0,Y,,,,Y,Y,D,22,1,0,0,0,1,0,0,0,0,"- ","- ",,,"LOS ANGELES","LOS ANGELES",-118.2608642578125,33.776088714599609
8720276,2018,2018-10-29,1942,2018-10-04,0630,42451,0765,4,5,7,1942,0,0,0,G,0,7A47,"S LA BREA AV","SAN VICENTE BL",0.00,,Y,B,-,N,,,,,,,,,,N,3,0,1,2,A,-,10,21950,A,N,G,B,B,A,H,-,B,A,0,Y,,,,Y,,A,01,0,1,0,0,1,0,0,0,0,"- ","- ",,,"LOS ANGELES","LOS ANGELES",-118.34422302246094,34.050350189208984
8720492,2018,2019-05-21,1942,2018-02-06,2200,42876,0321,2,5,7,1942,0,0,0,C,0,3A31,"LA BREA AV","RODEO RD",100.00,S,N,A,-,N,,,,,,,,,,Y,1,1,0,2,A,-,11,21955,,N,G,B,D,A,H,-,C,D,0,Y,,,,Y,,N,60,0,0,0,1,0,0,0,0,0,"- ","- ",,,"LOS ANGELES","LOS ANGELES",-118.35560607910156,34.021255493164062