CASE_ID,ACCIDENT_YEAR,PROC_DATE,JURIS,COLLISION_DATE,COLLISION_TIME,OFFICER_ID,REPORTING_DISTRICT,DAY_OF_WEEK,CHP_SHIFT,POPULATION,CNTY_CITY_LOC,SPECIAL_COND,BEAT_TYPE,CHP_BEAT_TYPE,CITY_DIVISION_LAPD,CHP_BEAT_CLASS,BEAT_NUMBER,PRIMARY_RD,SECONDARY_RD,DISTANCE,DIRECTION,INTERSECTION,WEATHER_1,WEATHER_2,STATE_HWY_IND,CALTRANS_COUNTY,CALTRANS_DISTRICT,STATE_ROUTE,ROUTE_SUFFIX,POSTMILE_PREFIX,POSTMILE,LOCATION_TYPE,RAMP_INTERSECTION,SIDE_OF_HWY,TOW_AWAY,COLLISION_SEVERITY,NUMBER_KILLED,NUMBER_INJURED,PARTY_COUNT,PRIMARY_COLL_FACTOR,PCF_CODE_OF_VIOL,PCF_VIOL_CATEGORY,PCF_VIOLATION,PCF_VIOL_SUBSECTION,HIT_AND_RUN,TYPE_OF_COLLISION,MVIW,PED_ACTION,ROAD_SURFACE,ROAD_COND_1,ROAD_COND_2,LIGHTING,CONTROL_DEVICE,CHP_ROAD_TYPE,PEDESTRIAN_ACCIDENT,BICYCLE_ACCIDENT,MOTORCYCLE_ACCIDENT,TRUCK_ACCIDENT,NOT_PRIVATE_PROPERTY,ALCOHOL_INVOLVED,STWD_VEHTYPE_AT_FAULT,CHP_VEHTYPE_AT_FAULT,COUNT_SEVERE_INJ,COUNT_VISIBLE_INJ,COUNT_COMPLAINT_PAIN,COUNT_PED_KILLED,COUNT_PED_INJURED,COUNT_BICYCLIST_KILLED,COUNT_BICYCLIST_INJURED,COUNT_MC_KILLED,COUNT_MC_INJURED,PRIMARY_RAMP,SECONDARY_RAMP,LATITUDE,LONGITUDE,COUNTY,CITY,POINT_X,POINT_Y
8721211,2018,2018-10-22,1942,2018-08-19,0255,38707,1803,7,5,7,1942,0,0,0,R,0,12L50,"MANCHESTER AV","CROCKER ST",150.00,W,N,A,-,N,,,,,,,,,,Y,3,0,1,2,A,-,11,21954,A,F,G,B,D,A,H,-,C,D,0,Y,,,,Y,Y,N,60,0,1,0,0,1,0,0,0,0,"- ","- ",,,"LOS ANGELES","LOS ANGELES",-118.26859283447266,33.960109710693359
8721227,2018,2018-10-22,1942,2018-08-19,1835,99395,1494,7,5,7,1942,0,0,0,N,0,5M26,"WORLD WAY NORTH","WEST WAY",750.00,E,N,A,-,N,,,,,,,,,,N,4,0,1,3,A,-,03,22350,,N,G,B,E,A,H,-,A,A,0,Y,,,,Y,,A,08,0,0,1,0,1,0,0,0,0,"- ","- ",,,"LOS ANGELES","LOS ANGELES",-118.40361022949219,33.945083618164062
8721306,2018,2018-10-23,1942,2018-09-15,0820,39745,0398,6,5,7,1942,0,0,0,C,0,25M,"W MARTIN LUTHER KING JR BL","HARBOR FWY",8.00,E,N,A,-,N,,,,,,,,,,N,4,0,1,2,A,-,10,21950,A,N,A,B,B,A,H,-,A,A,0,Y,,,,Y,,A,01,0,0,1,0,1,0,0,0,0,"- ","- ",,,"LOS ANGELES","LOS ANGELES",,
8721308,2018,2018-11-14,1942,2018-09-15,1055,43462,WILSH,6,5,7,1942,0,0,0,,0,7A21,"LA CIENEGA BL","ROSEWOOD AV",0.00,,Y,A,B,N,,,,,,,,,,N,3,0,1,2,A,-,03,22350,,N,G,B,B,A,H,-,A,D,0,Y,,,,Y,,A,01,0,1,0,0,1,0,0,0,0,"- ","- ",,,"LOS ANGELES","LOS ANGELES",-118.37657165527344,34.080181121826172
8721333,2018,2018-11-13,1942,2018-10-03,1950,38233,0459,3,5,7,1942,0,0,0,D,0,4A59,"E CESAR E CHAVEZ AV","SLOAT ST",41.00,W,N,B,-,N,,,,,,,,,,N,3,0,1,2,A,-,11,21955,,N,G,B,D,B,H,-,C,D,0,Y,,,,Y,Y,N,60,0,1,0,0,1,0,0,0,0,"- ","- ",,,"LOS ANGELES","LOS ANGELES",-118.19876098632812,34.042823791503906
8723190,2018,2018-11-13,1942,2018-10-08,0945,41054,2024,1,5,7,1942,0,0,0,,0,20A33,"S NORMANDIE AV","W 6TH ST",0.00,,Y,A,-,N,,,,,,,,,,N,3,0,1,2,A,-,10,21950,A,N,G,B,B,A,H,-,A,A,0,Y,,,,Y,,A,08,0,1,0,0,1,0,0,0,0,"- ","- ",,,"LOS ANGELES","LOS ANGELES",-118.30036926269531,34.0635986328125
8723317,2018,2018-11-19,1942,2018-09-21,1820,42205,0361,5,5,7,1942,0,0,0,C,0,3A34,"RODEO RD","S LA BREA AV",224.00,E,N,A,-,N,,,,,,,,,,N,4,0,1,2,A,-,10,21952,,N,G,B,F,A,H,-,B,D,0,Y,,,,Y,,A,01,0,0,1,0,1,0,0,0,0,"- ","- ",,,"LOS ANGELES","LOS ANGELES",-118.35487365722656,34.021522521972656
8723345,2018,2018-11-06,1942,2018-09-24,1730,40123,2056,1,5,7,1942,0,0,0,,0,20A34,"BERENDO ST","11TH ST",0.00,,Y,A,-,N,,,,,,,,,,N,4,0,1,2,A,-,12,22450,A,N,G,B,E,A,H,-,A,D,0,Y,,,,Y,,N,60,0,0,1,0,1,0,0,0,0,"- ","- ",,,"LOS ANGELES","LOS ANGELES",-118.29369354248047,34.050910949707031
8723402,2018,2018-11-07,1942,2018-09-07,1345,43462,0721,5,5,7,1942,0,0,0,G,0,7A21,"LA CIENEGA BL","3RD ST",0.00,,Y,A,B,N,,,,,,,,,,N,3,0,1,2,A,-,10,21950,A,N,G,B,B,A,H,-,A,B,0,Y,,,,Y,,A,07,0,1,0,0,1,0,0,0,0,"- ","- ",,,"LOS ANGELES","LOS ANGELES",-118.37647247314453,34.073360443115234
8723852,2018,2018-11-26,1942,2018-10-18,1120,43553,0231,4,5,7,1942,0,0,0,B,0,2A91,"HOOVER ST","TEMPLE ST",8.00,N,N,A,-,N,,,,,,,,,,N,3,0,2,2,A,-,09,21801,A,N,G,B,B,A,H,-,A,A,0,Y,,,,Y,,A,01,0,2,0,0,1,0,0,0,0,"- ","- ",,,"LOS ANGELES","LOS ANGELES",-118.28437805175781,34.07672119140625
8723876,2018,2018-11-26,1942,2018-10-22,1105,31324,1395,1,5,7,1942,0,0,0,M,0,13A93,"E 67TH ST","AVALON BL",0.00,,Y,A,-,N,,,,,,,,,,N,3,0,1,2,A,-,10,21950,A,N,G,B,B,A,H,-,A,A,0,Y,,,,Y,,A,01,0,1,0,0,1,0,0,0,0,"- ","- ",,,"LOS ANGELES","LOS ANGELES",-118.26519775390625,33.978809356689453
8724617,2018,2018-10-25,1942,2018-09-26,1520,33779,1985,3,5,7,1942,0,0,0,,0,19A85,"VAN NUYS BL","CHASE ST",20.00,N,N,A,-,N,,,,,,,,,,N,3,0,1,2,A,-,09,21804,A,N,-,-,E,-,H,-,A,A,0,Y,,,,Y,,N,60,0,1,0,0,1,0,0,0,0,"- ","- ",,,"LOS ANGELES","LOS ANGELES",-118.44884490966797,34.224788665771484
8724661,2018,2018-10-29,1942,2018-09-19,1730,43326,1942,3,5,7,1942,0,0,0,,0,19A85,"WOODMAN AV","TERRA BELLA ST",0.00,,Y,A,-,N,,,,,,,,,,N,4,0,1,2,A,-,08,22107,,N,G,B,B,A,H,-,A,A,0,Y,,,,Y,,A,01,0,0,1,0,1,0,0,0,0,"- ","- ",,,"LOS ANGELES","LOS ANGELES",-118.44352722167969,34.23992919921875
8724662,2018,2018-10-24,1942,2018-10-09,1030,40937,1984,2,5,7,1942,0,0,0,,0,19A85,"ROSCOE BL","WILLIS ST",5.00,W,N,A,-,N,,,,,,,,,,N,3,0,1,2,A,-,10,21950,A,F,G,B,B,A,H,-,A,A,0,Y,,,,Y,Y,-,99,0,1,0,0,1,0,0,0,0,"- ","- ",,,"LOS ANGELES","LOS ANGELES",-118.45534515380859,34.221488952636719
8724691,2018,2018-10-24,1942,2018-10-01,1745,38995,1991,1,5,7,1942,0,0,0,,0,19A93,"LANARK ST","LANGDON AV",10.00,E,N,A,-,N,,,,,,,,,,N,3,0,1,2,A,-,10,21950,A,N,G,B,B,A,H,-,A,A,0,Y,,,,Y,,A,01,0,1,0,0,1,0,0,0,0,"- ","- ",,,"LOS ANGELES","LOS ANGELES",-118.46846771240234,34.217144012451172
8724715,2018,2018-10-24,1942,2018-10-05,1730,36087,1984,5,5,7,1942,0,0,0,,0,17X64,"CEDROS AV","ROSCOE BL",50.00,N,N,A,-,N,,,,,,,,,,N,3,0,1,3,A,-,21,22106,,F,H,B,E,A,H,-,A,D,0,Y,,,,Y,,-,99,0,1,0,0,1,0,0,0,0,"- ","- ",,,"LOS ANGELES","LOS ANGELES",-118.45358276367188,34.221637725830078
8724717,2018,2018-10-29,1942,2018-09-03,1410,40542,2156,1,5,7,1942,0,0,0,,0,21A57,"OWENSMOUTH AV","VICTORY BL",850.00,W,N,A,-,N,,,,,,,,,,N,4,0,1,2,C,-,18,,,N,G,B,F,A,H,-,A,D,0,Y,,,,Y,,-,"- ",0,0,1,0,1,0,0,0,0,"- ","- ",,,"LOS ANGELES","LOS ANGELES",-118.60153961181641,34.187728881835938
8724733,2018,2018-11-14,1942,2018-09-28,2300,40974,LA,5,5,7,1942,0,0,0,,0,2146,"TOPANGA CANYON BL","GAULT ST",3.00,N,N,A,-,N,,,,,,,,,,N,4,0,1,2,A,-,10,21950,A,F,G,B,B,A,H,-,C,D,0,Y,,,,Y,,-,99,0,0,1,0,1,0,0,0,0,"- ","- ",,,"LOS ANGELES","LOS ANGELES",-118.60594177246094,34.199256896972656
8724994,2018,2018-10-30,1942,2018-10-03,1515,40165,0946,3,5,7,1942,0,0,0,I,0,9A37,"TIARA ST","HAZELTINE AV",0.00,,Y,B,-,N,,,,,,,,,,N,4,0,1,2,A,-,11,21950,B,N,G,B,B,A,H,-,A,A,0,Y,,,,Y,Y,N,60,0,0,1,0,1,0,0,0,0,"- ","- ",,,"LOS ANGELES","LOS ANGELES",-118.43995666503906,34.178470611572266
8725043,2018,2018-10-24,1942,2018-10-03,0725,32996,1371,3,5,7,1942,0,0,0,M,0,13A85,"S BROADWAY","56TH ST",10.00,S,N,B,-,N,,,,,,,,,,N,4,0,1,2,A,-,10,21950,A,N,G,B,B,A,H,-,A,A,0,Y,,,,Y,,A,07,0,0,1,0,1,0,0,0,0,"- ","- ",,,"LOS ANGELES","LOS ANGELES",-118.2783203125,33.991451263427734
8725327,2018,2018-11-08,1942,2018-09-14,1130,27595,0914,5,5,7,1942,0,0,0,I,0,9A23,"SHERMAN WAY","SHERMAN CIR",590.00,W,N,A,-,N,,,,,,,,,,N,3,0,1,2,A,-,"- ",,I,N,G,B,F,A,H,-,A,D,0,Y,,,,Y,,N,60,0,1,0,0,1,0,0,0,0,"- ","- ",,,"LOS ANGELES","LOS ANGELES",-118.45285034179688,34.201187133789062
8725333,2018,2018-10-25,1942,2018-09-11,2000,43493,1063,2,5,7,1942,0,0,0,J,0,10A83,"VENTURA BL","RESEDA BL",0.00,,Y,A,-,N,,,,,,,,,,N,3,0,3,4,D,-,00,,,N,G,B,B,A,H,-,C,A,0,Y,,,,Y,,-,"- ",0,3,0,0,3,0,0,0,0,"- ","- ",,,"LOS ANGELES","LOS ANGELES",-118.53607940673828,34.168758392333984
8725364,2018,2018-10-29,1942,2018-10-10,1420,39779,0941,3,5,7,1942,0,0,0,I,0,9A41,"VAN NUYS BL","BURBANK BL",500.00,N,N,A,-,N,,,,,,,,,,N,3,0,1,2,B,-,22,,,N,G,B,F,A,H,-,A,D,0,Y,,,,Y,,A,07,0,1,0,0,1,0,0,0,0,"- ","- ",,,"LOS ANGELES","LOS ANGELES",-118.44873809814453,34.173480987548828
8725374,2018,2018-10-26,1942,2018-10-05,1900,32372,1794,5,5,7,1942,0,0,0,Q,0,17A67,"YOLANDA AV","PARTHENIA ST",42.00,S,N,A,-,N,,,,,,,,,,N,2,0,1,2,A,-,11,21954,A,N,G,B,D,A,H,-,C,D,0,Y,,,,Y,,N,60,1,0,0,0,1,0,0,0,0,"- ","- ",,,"LOS ANGELES","LOS ANGELES",-118.54048156738281,34.228126525878906
8725375,2018,2018-10-29,1942,2018-10-09,0655,40141,1796,2,5,7,1942,0,0,0,Q,0,17A95,"PETIT AV","NORDHOFF ST",12.00,S,N,A,-,N,,,,,,,,,,N,2,0,1,2,A,-,10,21950,A,N,G,B,B,A,H,-,A,A,0,Y,,,,Y,,A,07,1,0,0,0,1,0,0,0,0,"- ","- ",,,"LOS ANGELES","LOS ANGELES",-118.49821472167969,34.235698699951172
8725399,2018,2018-10-29,1942,2018-10-02,0745,27792,1765,2,5,7,1942,0,0,0,Q,0,17A35,"VANALDEN AV","MAYALL ST",10.00,N,N,B,-,N,,,,,,,,,,N,3,0,1,2,A,-,10,21950,A,N,G,B,B,A,H,-,A,A,0,Y,,,,Y,,A,01,0,1,0,0,1,0,0,0,0,"- ","- ",,,"LOS ANGELES","LOS ANGELES",-118.54923248291016,34.253646850585938
8725404,2018,2018-10-29,1942,2018-10-02,0750,38940,0974,2,5,7,1942,0,0,0,I,0,9A63,"VENTURA BL","CEDROS AV",10.00,E,N,A,-,N,,,,,,,,,,N,3,0,3,4,A,-,12,21453,A,N,G,B,B,A,H,-,A,A,0,Y,,,,Y,,A,08,0,1,2,0,3,0,0,0,0,"- ","- ",,,"LOS ANGELES","LOS ANGELES",-118.45301818847656,34.151634216308594
8725415,2018,2018-10-29,1942,2018-10-08,0810,39217,1768,1,5,7,1942,0,0,0,Q,0,17A95,"LABRADOR ST","BALBOA BL",160.00,W,N,A,-,N,,,,,,,,,,N,4,0,1,2,A,-,06,21751,,N,G,B,C,A,H,-,A,D,0,Y,,,,Y,,A,01,0,0,1,0,1,0,0,0,0,"- ","- ",,,"LOS ANGELES","LOS ANGELES",-118.5029296875,34.249122619628906
8725427,2018,2018-10-29,1942,2018-10-13,2350,42460,1077,6,5,7,1942,0,0,0,J,0,10A99,"VENTURA BL","LOUISE AV",582.00,E,N,A,-,N,,,,,,,,,,N,2,0,1,2,A,-,12,21457,A,F,G,B,C,A,H,-,C,A,0,Y,,,,Y,,-,99,1,0,0,0,1,0,0,0,0,"- ","- ",,,"LOS ANGELES","LOS ANGELES",-118.50790405273438,34.160575866699219
8725617,2018,2018-10-31,1942,2018-08-31,2230,30425,0316,5,5,7,1942,0,0,0,C,0,3A1,"23RD ST","VERMONT AV",500.00,W,N,A,-,N,,,,,,,,,,N,3,0,1,2,A,-,21,22106,,F,G,B,D,A,H,-,C,D,0,Y,,,,Y,,-,99,0,1,0,0,1,0,0,0,0,"- ","- ",,,"LOS ANGELES","LOS ANGELES",-118.29154968261719,34.035171508789062
8725620,2018,2018-11-15,1942,2018-09-28,2030,43190,1824,5,5,7,1942,0,0,0,R,0,18X96,"CENTURY BL","WADSWORTH AV",155.00,,N,A,-,N,,,,,,,,,,N,4,0,1,6,A,-,03,22350,,N,G,B,E,A,H,-,C,D,0,Y,,,,Y,,D,22,0,0,1,0,1,0,0,0,0,"- ","- ",,,"LOS ANGELES","LOS ANGELES",-118.25868988037109,33.945659637451172
8725651,2018,2018-11-02,1942,2018-10-03,2045,42364,0396,3,5,7,1942,0,0,0,C,0,3A99,"W VERNON AV","ORCHARD AV",24.00,E,N,A,-,N,,,,,,,,,,N,4,0,1,4,A,-,07,21658,A,F,G,B,E,A,H,-,C,A,0,Y,,,,Y,,-,99,0,0,1,0,1,0,0,0,0,"- ","- ",,,"LOS ANGELES","LOS ANGELES",-118.2889404296875,34.003700256347656
8725683,2018,2018-11-01,1942,2018-09-11,2035,37554,424,2,5,7,1942,0,0,0,,0,4A15,"LINCOLN PARK AV","MANITOU AV",200.00,N,N,A,-,N,,,,,,,,,,N,2,0,1,2,A,-,11,21956,A,N,G,B,E,A,H,-,C,A,0,Y,,,,Y,,N,60,1,0,0,0,1,0,0,0,0,"- ","- ",,,"LOS ANGELES","LOS ANGELES",-118.20252227783203,34.072578430175781
8725684,2018,2018-11-02,1942,2018-10-06,1325,37540,1307,6,5,7,1942,0,0,0,M,0,13A9,"E 8TH ST","CENTRAL AV",0.00,E,N,A,-,N,,,,,,,,,,N,4,0,1,2,B,-,22,,,F,G,B,E,A,H,-,A,D,0,Y,,,,Y,,-,99,0,0,1,0,1,0,0,0,0,"- ","- ",,,"LOS ANGELES","LOS ANGELES",-118.24327087402344,34.033599853515625
8725695,2018,2018-11-01,1942,2018-09-23,1900,39823,1362,7,5,7,1942,0,0,0,M,0,13X28,"49TH ST",AVALON,300.00,W,N,A,-,N,,,,,,,,,,N,2,0,1,3,A,-,06,21750,,F,G,B,E,A,H,-,C,D,0,Y,,,,Y,,-,99,1,0,0,0,1,0,0,0,0,"- ","- ",,,"LOS ANGELES","LOS ANGELES",-118.26622772216797,33.998798370361328
8725716,2018,2018-11-02,1942,2018-10-14,2050,39299,1863,7,5,7,1942,0,0,0,R,0,18A63,"AVALON BL","E 120TH ST",0.00,,Y,A,-,N,,,,,,,,,,N,4,0,1,2,A,-,11,21955,,N,G,B,D,A,H,-,C,D,0,Y,,,,Y,Y,N,60,0,0,1,0,1,0,0,0,0,"- ","- ",,,"LOS ANGELES","LOS ANGELES",-118.26524353027344,33.923709869384766
8725727,2018,2018-11-01,1942,2018-09-11,0730,42118,1844,2,5,7,1942,0,0,0,R,0,18A34,"109TH ST","SAN PEDRO ST",0.00,,Y,A,-,N,,,,,,,,,,N,4,0,1,2,A,-,10,21950,A,F,G,B,B,A,H,-,A,A,0,Y,,,,Y,,-,99,0,0,1,0,1,0,0,0,0,"- ","- ",,,"LOS ANGELES","LOS ANGELES",-118.26953887939453,33.937389373779297
8725730,2018,2018-10-30,1942,2018-09-15,1655,32774,1643,6,5,7,1942,0,0,0,P,0,16A23,"TELFAIR AV","TERRA BELLA ST",0.00,,Y,A,-,N,,,,,,,,,,N,4,0,1,2,A,-,10,21950,A,N,G,B,B,A,H,-,A,D,0,Y,,,,Y,,A,01,0,0,1,0,1,0,0,0,0,"- ","- ",,,"LOS ANGELES","LOS ANGELES",-118.41927337646484,34.257598876953125
8725736,2018,2018-11-02,1942,2018-10-08,2240,42665,1861,1,5,7,1942,0,0,0,R,0,18A97,"VERMONT AV","115TH ST",218.00,S,N,A,-,N,,,,,,,,,,N,3,0,1,2,A,-,10,21950,A,N,G,B,B,A,H,-,D,D,0,Y,,,,Y,,-,99,0,1,0,0,1,0,0,0,0,"- ","- ",,,"LOS ANGELES","LOS ANGELES",,
8725739,2018,2018-11-01,1942,2018-09-01,2345,40105,1243,6,5,7,1942,0,0,0,L,0,25TL23,"W GAGE AV","S WESTERN AV",2.00,W,N,A,-,N,,,,,,,,,,N,2,0,1,2,A,-,11,21456,B,N,D,J,B,A,H,-,C,A,0,Y,,,,Y,,N,60,1,0,0,0,1,0,0,0,0,"- ","- ",,,"LOS ANGELES","LOS ANGELES",-118.30896759033203,33.98236083984375
8725746,2018,2018-10-30,1942,2018-09-25,1055,38687,1637,2,5,7,1942,0,0,0,P,0,16A35,"ORO VISTA AV","FOOTHILL BL",0.00,,Y,A,-,N,,,,,,,,,,N,4,0,1,2,A,-,11,21950,B,N,G,B,B,A,H,-,A,A,0,Y,,,,Y,,N,60,0,0,1,0,1,0,0,0,0,"- ","- ",,,"LOS ANGELES","LOS ANGELES",-118.31575775146484,34.259689331054688
8726013,2018,2018-11-07,1942,2018-09-24,1015,39010,1321,1,5,7,1942,0,0,0,M,0,24TL29,"23RD ST","FLOWER ST",0.00,,Y,A,-,N,,,,,,,,,,N,3,0,2,2,A,-,11,21954,A,N,H,F,D,A,H,-,A,A,0,Y,,,,Y,,N,60,0,1,1,0,1,0,0,0,0,"- ","- ",,,"LOS ANGELES","LOS ANGELES",-118.27300262451172,34.0301513671875
8726368,2018,2018-11-06,1942,2018-10-14,1517,43138,526,7,5,7,1942,0,0,0,,0,5A25,"AVALON BL","G ST",0.00,,Y,A,-,N,,,,,,,,,,N,4,0,1,2,D,-,00,,,N,G,B,D,A,-,-,A,A,0,Y,,,,Y,,-,"- ",0,0,1,0,1,0,0,0,0,"- ","- ",,,"LOS ANGELES","LOS ANGELES",-118.2623291015625,33.778549194335938
8726414,2018,2018-11-07,1942,2018-09-28,1120,37816,1684,5,5,7,1942,0,0,0,P,0,16A81,"LANKERSHIM BL","ARMINTA ST",5.00,N,N,A,-,N,,,,,,,,,,N,4,0,1,2,A,-,10,21950,A,N,G,B,B,A,H,-,A,A,0,Y,,,,Y,,A,01,0,0,1,0,1,0,0,0,0,"- ","- ",,,"LOS ANGELES","LOS ANGELES",-118.38777923583984,34.213905334472656
8727007,2018,2018-11-06,1942,2018-10-22,1415,35203,0724,1,5,7,1942,0,0,0,G,0,7A33,"GILMORE LN","3RD ST",0.00,,Y,A,-,N,,,,,,,,,,N,4,0,1,2,A,-,10,21950,A,F,G,B,B,A,H,-,A,A,0,Y,,,,Y,,-,99,0,0,1,0,1,0,0,0,0,"- ","- ",,,"LOS ANGELES","LOS ANGELES",-118.35948181152344,34.071269989013672
8727008,2018,2018-11-06,1942,2018-10-25,2253,39655,1409,4,5,7,1942,0,0,0,N,0,14A27,"CANFIELD AV","VENICE BL",0.00,,Y,A,-,N,,,,,,,,,,N,4,0,1,2,A,-,10,21950,A,N,G,B,B,A,H,-,C,D,0,Y,,,,Y,,A,01,0,0,1,0,1,0,0,0,0,"- ","- ",,,"LOS ANGELES","LOS ANGELES",-118.39427947998047,34.026081085205078
8727012,2018,2018-11-06,1942,2018-10-28,1122,41179,0784,7,5,7,1942,0,0,0,G,0,7A73,"S LA BREA AV","WASHINGTON BL",7.00,N,N,A,-,N,,,,,,,,,,N,4,0,1,2,A,-,11,21456,B,F,B,B,B,A,H,-,A,A,0,Y,,,,Y,,N,60,0,0,1,0,1,0,0,0,0,"- ","- ",,,"LOS ANGELES","LOS ANGELES",-118.34751129150391,34.040416717529297
8727016,2018,2018-11-06,1942,2018-10-23,1630,42630,0852,2,5,7,1942,0,0,0,H,0,8EL4-W,"NEBRASKA AV","BARRY AV",0.00,E,N,A,-,N,,,,,,,,,,N,4,0,1,2,A,-,03,22350,,F,G,B,E,A,H,-,A,D,0,Y,,,,Y,,-,99,0,0,1,0,1,0,0,0,0,"- ","- ",,,"LOS ANGELES","LOS ANGELES",-118.45187377929688,34.040561676025391
8727845,2018,2018-11-02,1942,2018-10-08,2035,41870,567,1,5,7,1942,0,0,0,,0,5A59,"23RD ST","PACIFIC AV",7.00,W,N,A,-,N,,,,,,,,,,N,3,0,1,2,A,-,10,21950,A,N,G,B,C,A,H,-,C,D,0,Y,,,,Y,,A,01,0,1,0,0,1,0,0,0,0,"- ","- ",,,"LOS ANGELES","LOS ANGELES",-118.46923828125,33.983928680419922
8727949,2018,2018-11-06,1942,2018-09-10,1930,37353,1023,1,5,7,1942,0,0,0,J,0,10A21,"VANOWEN ST","TAMPA AV",0.00,,Y,A,-,N,,,,,,,,,,N,4,0,1,2,A,-,10,21950,A,N,G,B,B,A,H,-,C,A,0,Y,,,,Y,,A,01,0,0,1,0,1,0,0,0,0,"- ","- ",,,"LOS ANGELES","LOS ANGELES",-118.55345153808594,34.193828582763672
8728022,2018,2018-11-14,1942,2018-09-28,1900,43107,,5,5,7,1942,0,0,0,,0,15A24,"LANKERSHIM BL","EMELITA ST",5.00,N,N,A,-,N,,,,,,,,,,N,4,0,3,4,A,-,10,21950,A,N,G,B,B,A,H,-,C,A,0,Y,,,,Y,Y,A,07,0,0,3,0,3,0,0,0,0,"- ","- ",,,"LOS ANGELES","LOS ANGELES",-118.38175964355469,34.176681518554688
8728027,2018,2018-11-06,1942,2018-09-14,0845,34467,1519,5,5,7,1942,0,0,0,O,0,15A27,"VANOWEN ST","CLYBOURN AV",0.00,,Y,A,-,N,,,,,,,,,,N,4,0,1,2,A,-,10,21950,A,N,G,B,B,A,H,-,A,A,0,Y,,,,Y,,A,01,0,0,1,0,1,0,0,0,0,"- ","- ",,,"LOS ANGELES","LOS ANGELES",-118.36370086669922,34.193988800048828
8728050,2018,2018-11-05,1942,2018-09-28,2150,34599,0998,5,5,7,1942,0,0,0,I,0,17TL17,"VENTURA BL","COLDWATER CANYON AV",0.00,,Y,A,-,N,,,,,,,,,,N,3,0,1,2,A,-,10,21950,A,N,G,B,B,A,H,-,C,A,0,Y,,,,Y,,A,01,0,1,0,0,1,0,0,0,0,"- ","- ",,,"LOS ANGELES","LOS ANGELES",-118.41371917724609,34.145130157470703
8728088,2018,2018-11-19,1942,2018-09-18,0730,43443,1394,2,5,7,1942,0,0,0,M,0,1X32,FLORENCE,MAIN,0.00,,Y,A,-,N,,,,,,,,,,N,4,0,1,2,A,-,11,21954,A,F,G,B,B,A,H,-,A,A,0,Y,,,,Y,,-,99,0,0,1,0,1,0,0,0,0,"- ","- ",,,"LOS ANGELES","LOS ANGELES",-118.27394104003906,33.974681854248047
8728213,2018,2018-11-07,1942,2018-09-07,0645,30452,1543,5,5,7,1942,0,0,0,O,0,15A43,"WHITSETT AV","BURBANK BL",0.00,,Y,A,-,N,,,,,,,,,,N,4,0,1,2,A,-,10,21950,A,N,G,B,B,A,H,-,A,A,0,Y,,,,Y,,D,22,0,0,1,0,1,0,0,0,0,"- ","- ",,,"LOS ANGELES","LOS ANGELES",-118.40525817871094,34.172130584716797
8728294,2018,2018-11-16,1942,2018-10-12,2115,41240,1018,5,5,7,1942,0,0,0,J,0,10A39,"SATICOY ST","GLORIA AV",5.00,E,N,C,-,N,,,,,,,,,,N,4,0,1,2,A,-,10,21950,A,N,G,B,B,B,H,-,C,A,0,Y,,,,Y,,A,01,0,0,1,0,1,0,0,0,0,"- ","- ",,,"LOS ANGELES","LOS ANGELES",-118.47930145263672,34.208450317382812
8728304,2018,2018-11-09,1942,2018-10-18,1300,41514,1721,4,5,7,1942,0,0,0,Q,0,9TL52,"FARRALONE AV","CHATSWORTH ST",2450.00,W,N,A,-,N,,,,,,,,,,N,2,0,1,2,A,-,"- ",,,N,G,B,F,A,G,-,A,D,0,Y,,,,Y,,N,60,1,0,0,0,1,0,0,0,0,"- ","- ",,,"LOS ANGELES","LOS ANGELES",-118.61041259765625,34.264450073242188
8728335,2018,2018-11-14,1942,2018-10-19,2000,37724,0334,5,5,7,1942,0,0,0,C,0,3A31,"W 36TH ST","11TH AV",80.00,W,N,A,-,N,,,,,,,,,,Y,3,0,1,3,A,-,17,22517,,N,B,C,E,A,H,-,C,D,0,Y,,,,Y,Y,N,60,0,1,0,0,1,0,0,0,0,"- ","- ",,,"LOS ANGELES","LOS ANGELES",-118.32978820800781,34.022983551025391
8728416,2018,2018-11-15,1942,2018-10-12,2225,41753,0356,5,5,7,1942,0,0,0,C,0,3A55,"JEFFERSON BL","WESTERN AV",0.00,,Y,C,-,N,,,,,,,,,,N,4,0,1,2,A,-,10,21950,,N,G,B,B,B,H,-,C,A,0,Y,,,,Y,,A,01,0,0,1,0,1,0,0,0,0,"- ","- ",,,"LOS ANGELES","LOS ANGELES",-118.30889129638672,34.025550842285156
8728678,2018,2018-11-16,1942,2018-08-20,1205,42091,0301,1,5,7,1942,0,0,0,C,0,3A32,"W ADAMS","REDONDO BL",0.00,,Y,A,-,N,,,,,,,,,,N,2,0,1,2,A,-,11,21456,A,N,G,B,B,A,H,-,A,A,0,Y,,,,Y,,A,01,1,0,0,0,1,0,0,0,0,"- ","- ",,,"LOS ANGELES","LOS ANGELES",-118.35624694824219,34.032501220703125