CASE_ID,ACCIDENT_YEAR,PROC_DATE,JURIS,COLLISION_DATE,COLLISION_TIME,OFFICER_ID,REPORTING_DISTRICT,DAY_OF_WEEK,CHP_SHIFT,POPULATION,CNTY_CITY_LOC,SPECIAL_COND,BEAT_TYPE,CHP_BEAT_TYPE,CITY_DIVISION_LAPD,CHP_BEAT_CLASS,BEAT_NUMBER,PRIMARY_RD,SECONDARY_RD,DISTANCE,DIRECTION,INTERSECTION,WEATHER_1,WEATHER_2,STATE_HWY_IND,CALTRANS_COUNTY,CALTRANS_DISTRICT,STATE_ROUTE,ROUTE_SUFFIX,POSTMILE_PREFIX,POSTMILE,LOCATION_TYPE,RAMP_INTERSECTION,SIDE_OF_HWY,TOW_AWAY,COLLISION_SEVERITY,NUMBER_KILLED,NUMBER_INJURED,PARTY_COUNT,PRIMARY_COLL_FACTOR,PCF_CODE_OF_VIOL,PCF_VIOL_CATEGORY,PCF_VIOLATION,PCF_VIOL_SUBSECTION,HIT_AND_RUN,TYPE_OF_COLLISION,MVIW,PED_ACTION,ROAD_SURFACE,ROAD_COND_1,ROAD_COND_2,LIGHTING,CONTROL_DEVICE,CHP_ROAD_TYPE,PEDESTRIAN_ACCIDENT,BICYCLE_ACCIDENT,MOTORCYCLE_ACCIDENT,TRUCK_ACCIDENT,NOT_PRIVATE_PROPERTY,ALCOHOL_INVOLVED,STWD_VEHTYPE_AT_FAULT,CHP_VEHTYPE_AT_FAULT,COUNT_SEVERE_INJ,COUNT_VISIBLE_INJ,COUNT_COMPLAINT_PAIN,COUNT_PED_KILLED,COUNT_PED_INJURED,COUNT_BICYCLIST_KILLED,COUNT_BICYCLIST_INJURED,COUNT_MC_KILLED,COUNT_MC_INJURED,PRIMARY_RAMP,SECONDARY_RAMP,LATITUDE,LONGITUDE,COUNTY,CITY,POINT_X,POINT_Y
8728882,2018,2018-11-08,1942,2018-10-29,2055,42118,0328,1,5,7,1942,0,0,0,C,0,3A19,"HOOVER ST","32ND ST",0.00,,Y,A,-,N,,,,,,,,,,N,3,0,1,2,A,-,11,21456,B,N,G,B,B,A,H,-,C,A,0,Y,,,,Y,,N,60,0,1,0,0,1,0,0,0,0,"- ","- ",,,"LOS ANGELES","LOS ANGELES",-118.28397369384766,34.025558471679688
8728921,2018,2018-11-08,1942,2018-10-13,2210,41541,1259,6,5,7,1942,0,0,0,L,0,3XL95,"E 78TH ST","MCKINLEY AV",0.00,,Y,A,-,N,,,,,,,,,,N,3,0,1,2,A,-,10,21950,A,F,G,B,B,A,H,-,C,A,0,Y,,,,Y,,-,99,0,1,0,0,1,0,0,0,0,"- ","- ",,,"LOS ANGELES","LOS ANGELES",-118.26081848144531,33.968448638916016
8728946,2018,2018-11-09,1942,2018-10-16,0730,43261,1829,2,5,7,1942,0,0,0,R,0,18A35,"102ND ST","GRAPE ST",0.00,,Y,A,-,N,,,,,,,,,,N,3,0,1,2,A,-,10,21950,A,N,G,B,B,A,H,-,A,A,0,Y,,,,Y,,A,01,0,1,0,0,1,0,0,0,0,"- ","- ",,,"LOS ANGELES","LOS ANGELES",-118.23677825927734,33.944271087646484
8728951,2018,2018-11-08,1942,2018-10-09,1940,38567,0249,2,5,7,1942,0,0,0,B,0,2A69,"WILSHIRE BL","S BEAUDRY AV",0.00,,Y,A,-,N,,,,,,,,,,N,3,0,1,2,A,-,12,21453,A,F,G,B,B,A,H,-,C,A,0,Y,,,,Y,,-,99,0,1,0,0,1,0,0,0,0,"- ","- ",,,"LOS ANGELES","LOS ANGELES",-118.26146697998047,34.051498413085938
8728954,2018,2018-11-08,1942,2018-10-12,0515,38838,0265,5,5,7,1942,0,0,0,B,0,2Z1,"8TH ST","ALVARADO ST",30.00,W,N,A,-,N,,,,,,,,,,N,2,0,1,2,A,-,11,21956,A,N,G,B,D,A,H,-,C,A,0,Y,,,,Y,Y,N,60,1,0,0,0,1,0,0,0,0,"- ","- ",,,"LOS ANGELES","LOS ANGELES",-118.27792358398438,34.054927825927734
8729733,2018,2018-11-21,1942,2018-11-02,0700,37724,1861,5,5,7,1942,0,0,0,R,0,18A97,"116TH PL","HOOVER ST",12.00,E,N,A,-,N,,,,,,,,,,N,3,0,1,2,A,-,10,21950,A,N,G,B,B,A,H,-,A,A,0,Y,,,,Y,,A,01,0,1,0,0,1,0,0,0,0,"- ","- ",,,"LOS ANGELES","LOS ANGELES",-118.28693699999999,33.928091000000002
8729749,2018,2018-11-21,1942,2018-11-01,1150,34370,1249,4,5,7,1942,0,0,0,L,0,25MQ11,"FIGUEROA ST","GAGE AV",0.00,,Y,A,-,N,,,,,,,,,,Y,3,0,3,3,A,-,12,21453,A,N,D,C,F,A,H,-,A,A,0,Y,,,,Y,,-,,0,3,0,0,1,0,0,0,0,"- ","- ",,,"LOS ANGELES","LOS ANGELES",-118.28266906738281,33.982379913330078
8729845,2018,2018-11-19,1942,2018-10-05,2135,33452,0157,5,5,7,1942,0,0,0,A,0,1A29,"S SAN PEDRO ST","6TH ST",240.00,N,N,A,-,N,,,,,,,,,,N,3,0,1,2,A,-,11,21955,,F,G,B,D,A,H,-,C,D,0,Y,,,,Y,,N,60,0,1,0,0,1,0,0,0,0,"- ","- ",,,"LOS ANGELES","LOS ANGELES",-118.24485778808594,34.042819976806641
8729859,2018,2018-11-20,1942,2018-10-06,0755,37540,1307,6,5,7,1942,0,0,0,M,0,13A9,"EAST 7TH ST","CENTRAL AV",205.00,E,N,A,-,N,,,,,,,,,,N,4,0,1,2,B,-,22,,,N,G,B,F,A,H,-,A,D,0,Y,,,,Y,,A,07,0,0,1,0,1,0,0,0,0,"- ","- ",,,"LOS ANGELES","LOS ANGELES",-118.24065399169922,34.036411285400391
8729860,2018,2018-11-20,1942,2018-10-10,0818,38256,0122,3,5,7,1942,0,0,0,A,0,1X83,"GRAND AV","TEMPLE ST",0.00,,Y,A,-,N,,,,,,,,,,N,3,0,1,2,A,-,11,21954,A,N,G,B,D,A,H,-,A,A,0,Y,,,,Y,,N,60,0,1,0,0,1,0,0,0,0,"- ","- ",,,"LOS ANGELES","LOS ANGELES",-118.24643707275391,34.058139801025391
8729871,2018,2018-11-20,1942,2018-10-19,0745,40275,1391,5,5,7,1942,0,0,0,M,0,13A93,"W 65TH ST",BROADWAY,10.00,E,N,A,-,N,,,,,,,,,,N,3,0,3,4,A,-,10,21950,A,N,G,B,B,A,H,-,A,A,0,Y,,,,Y,,A,01,0,1,2,0,3,0,0,0,0,"- ","- ",,,"LOS ANGELES","LOS ANGELES",-118.27827453613281,33.98065185546875
8729872,2018,2018-12-06,1942,2018-10-16,1452,39759,0279,2,5,7,1942,0,0,0,B,0,2A92,"W OLYMPIC BL","BLAINE ST",0.00,,Y,A,-,N,,,,,,,,,,N,4,0,1,2,A,-,10,21950,A,N,G,B,B,A,H,-,A,A,0,Y,,,,Y,,A,01,0,0,1,0,1,0,0,0,0,"- ","- ",,,"LOS ANGELES","LOS ANGELES",-118.27005767822266,34.047321319580078
8729889,2018,2018-11-19,1942,2018-10-22,1855,35291,1163,1,5,7,1942,0,0,0,K,0,11A51,"SANTA MONICA BL","HELIOTROPE DR",0.00,,Y,A,-,N,,,,,,,,,,Y,2,0,1,2,A,-,10,21950,A,F,G,B,B,A,H,-,C,D,0,Y,,,,Y,,A,01,1,0,0,0,1,0,0,0,0,"- ","- ",,,"LOS ANGELES","LOS ANGELES",-118.29498291015625,34.090850830078125
8729901,2018,2018-11-19,1942,2018-10-06,2145,38729,0411,6,5,7,1942,0,0,0,D,0,4A3,"PASADENA AV","W AVENUE 21",0.00,,Y,A,-,N,,,,,,,,,,N,2,0,2,2,A,-,10,21950,A,N,G,B,B,A,H,-,C,A,0,Y,,,,Y,Y,-,"- ",1,0,1,0,1,0,0,0,0,"- ","- ",,,"LOS ANGELES","LOS ANGELES",-118.21997833251953,34.074718475341797
8729909,2018,2018-11-19,1942,2018-10-12,1231,37540,0122,5,5,7,1942,0,0,0,A,0,1A1,"W 1ST ST","HOPE ST",25.00,W,N,A,-,N,,,,,,,,,,N,4,0,1,2,A,-,11,21954,A,F,G,B,E,A,H,-,A,D,0,Y,,,,Y,,N,60,0,0,1,0,1,0,0,0,0,"- ","- ",,,"LOS ANGELES","LOS ANGELES",-118.24993896484375,34.056442260742188
8729912,2018,2018-11-20,1942,2018-10-12,0848,41629,0166,5,5,7,1942,0,0,0,A,0,1A35,"6TH ST","SAN PEDRO ST",185.00,W,N,A,-,N,,,,,,,,,,N,3,0,1,2,A,-,03,22350,,N,G,B,F,A,H,-,A,D,0,Y,,,,Y,,M,44,0,1,0,0,1,0,0,0,0,"- ","- ",,,"LOS ANGELES","LOS ANGELES",-118.24575042724609,34.042572021484375
8729917,2018,2018-11-19,1942,2018-10-18,1200,38061,0165,4,5,7,1942,0,0,0,A,0,15L56,MAPLE,"7TH ST",10.00,N,N,A,-,N,,,,,,,,,,N,4,0,1,2,A,-,21,22106,,N,G,B,B,A,H,-,A,A,0,Y,,,,Y,,A,07,0,0,1,0,1,0,0,0,0,"- ","- ",,,"LOS ANGELES","LOS ANGELES",-118.24924468994141,34.042499542236328
8730226,2018,2019-01-29,1942,2018-11-02,2021,32297,2069,5,5,7,1942,0,0,0,,0,20A53,"PICO BL","ELDEN AV",0.00,,Y,A,-,N,,,,,,,,,,N,3,0,1,2,C,-,18,,,N,G,B,E,A,H,-,C,D,0,Y,,,,Y,,-,"- ",0,1,0,0,1,0,0,0,0,"- ","- ",,,"LOS ANGELES","LOS ANGELES",-118.28769683837891,34.047298431396484
8730264,2018,2018-11-27,1942,2018-10-29,1910,43311,1821,1,5,7,1942,0,0,0,R,0,18A34,"113TH ST","COMPTON AV",0.00,,Y,A,-,N,,,,,,,,,,N,4,0,2,3,A,-,10,21950,A,F,G,B,C,A,H,-,C,D,0,Y,,,,Y,Y,-,99,0,0,2,0,2,0,0,0,0,"- ","- ",,,"LOS ANGELES","LOS ANGELES",-118.24630737304688,33.932048797607422
8730272,2018,2018-11-27,1942,2018-10-22,1135,33485,0185,1,5,7,1942,0,0,0,A,0,4A3,"LOS ANGELES ST","11TH ST",300.00,S,N,A,-,N,,,,,,,,,,N,2,0,1,2,A,-,11,21955,,N,G,B,D,A,H,-,A,D,0,Y,,,,Y,,N,60,1,0,0,0,1,0,0,0,0,"- ","- ",,,"LOS ANGELES","LOS ANGELES",,
8730275,2018,2018-11-27,1942,2018-10-05,1630,43418,2046,5,5,7,1942,0,0,0,,0,20A1,"SAN MARINO ST","CATALINA ST",0.00,,Y,A,-,N,,,,,,,,,,N,4,0,1,2,A,-,10,21950,A,N,G,B,B,A,H,-,A,D,0,Y,,,,Y,,A,01,0,0,1,0,1,0,0,0,0,"- ","- ",,,"LOS ANGELES","LOS ANGELES",-118.29537200927734,34.054508209228516
8730809,2018,2018-11-01,1942,2018-07-31,1100,37398,269,2,5,7,1942,0,0,0,,0,24TL41,ALVARADO,"8TH ST",71.00,S,N,A,-,N,,,,,,,,,,N,4,0,1,2,A,-,11,21954,A,F,G,B,E,A,H,-,A,D,0,Y,,,,Y,,N,60,0,0,1,0,1,0,0,0,0,"- ","- ",,,"LOS ANGELES","LOS ANGELES",-118.27794647216797,34.054718017578125
8730813,2018,2018-11-01,1942,2018-07-21,2345,39758,1861,6,5,7,1942,0,0,0,R,0,18A1,"IMPERIAL HWY","HOOVER ST",2.00,E,N,A,-,N,,,,,,,,,,N,2,0,1,2,A,-,11,21456,B,N,G,B,B,A,H,-,C,A,0,Y,,,,Y,,N,60,1,0,0,0,1,0,0,0,0,"- ","- ",,,"LOS ANGELES","LOS ANGELES",-118.28697967529297,33.930988311767578
8731220,2018,2018-10-30,1942,2018-08-28,1355,42169,0898,2,5,7,1942,0,0,0,H,0,8A95,"ROBERTSON BL","OLIN ST",0.00,,Y,A,-,N,,,,,,,,,,N,2,0,1,2,A,-,03,22350,,N,G,C,D,A,H,-,A,A,0,Y,,,,Y,,A,01,1,0,0,0,1,0,0,0,0,"- ","- ",,,"LOS ANGELES","LOS ANGELES",-118.38890838623047,34.036468505859375
8731316,2018,2018-10-31,1942,2018-09-01,0130,41773,0645,6,5,7,1942,0,0,0,F,0,6A49,SELMA,CAHUENGA,80.00,W,N,A,-,N,,,,,,,,,,N,4,0,1,2,A,-,03,22350,,N,B,B,E,A,H,-,C,A,0,Y,,,,Y,,A,01,0,0,1,0,1,0,0,0,0,"- ","- ",,,"LOS ANGELES","LOS ANGELES",-118.32979583740234,34.099769592285156
8731477,2018,2018-11-16,1942,2018-09-19,0805,38391,2053,3,5,7,1942,0,0,0,,0,20A13,"OLYMPIC BL","KINGSLEY DR",0.00,,Y,A,-,N,,,,,,,,,,N,3,0,1,2,A,-,10,21950,A,N,G,B,B,A,H,-,A,D,0,Y,,,,Y,,A,01,0,1,0,0,1,0,0,0,0,"- ","- ",,,"LOS ANGELES","LOS ANGELES",-118.30314636230469,34.052631378173828
8731653,2018,2018-11-19,1942,2018-10-20,1710,40404,0373,6,5,7,1942,0,0,0,C,0,3A73,"CRENSHAW BL","RODEO RD",295.00,S,N,A,-,N,,,,,,,,,,N,3,0,2,2,A,-,10,21952,,N,H,B,F,A,D,-,A,D,0,Y,Y,,,Y,,J,48,0,2,0,0,1,0,1,0,0,"- ","- ",,,"LOS ANGELES","LOS ANGELES",-118.33509826660156,34.020622253417969
8731874,2018,2018-11-20,1942,2018-07-26,1200,42451,0833,4,5,7,1942,0,0,0,H,0,8A29,"MIDVALE AV","WELLWORTH AV",85.00,N,N,A,-,N,,,,,,,,,,N,4,0,1,2,A,-,11,21954,A,N,B,B,E,A,H,-,A,D,0,Y,,Y,,Y,,N,60,0,0,1,0,1,0,0,0,0,"- ","- ",,,"LOS ANGELES","LOS ANGELES",-118.44464874267578,34.056800842285156
8731875,2018,2018-11-20,1942,2018-09-11,2210,41972,0377,2,5,7,1942,0,0,0,C,0,3A41,"W 39TH PL","W 39TH PL 1287",0.00,,N,A,-,N,,,,,,,,,,N,2,0,1,2,A,-,03,22350,,F,G,B,F,A,H,-,C,D,0,Y,,,,Y,,-,99,1,0,0,0,1,0,0,0,0,"- ","- ",,,"LOS ANGELES","LOS ANGELES",,
8731981,2018,2018-11-19,1942,2018-09-19,2135,43139,0358,3,5,7,1942,0,0,0,C,0,3A15,"S VERMONT AV","36TH PL",0.00,,Y,A,-,N,,,,,,,,,,N,4,0,1,2,A,-,10,21950,A,N,G,B,B,A,H,-,C,A,0,Y,,,,Y,,A,01,0,0,1,0,1,0,0,0,0,"- ","- ",,,"LOS ANGELES","LOS ANGELES",-118.29154968261719,34.022071838378906
8732191,2018,2018-12-19,1942,2018-10-10,1635,40164,1323,3,5,7,1942,0,0,0,M,0,24TL56,"27TH ST","GRIFFITH AV",30.00,E,N,A,-,N,,,,,,,,,,N,3,0,1,2,A,-,11,21954,A,N,G,B,D,A,H,-,A,A,0,Y,,,,Y,,N,60,0,1,0,0,1,0,0,0,0,"- ","- ",,,"LOS ANGELES","LOS ANGELES",-118.25796508789062,34.018959045410156
8732333,2018,2018-11-15,1942,2018-10-18,1100,38995,1785,4,5,7,1942,0,0,0,Q,0,17A67,"DARBY AV","DEARBORN ST",300.00,S,N,A,-,N,,,,,,,,,,N,4,0,1,2,A,-,11,21954,A,N,G,B,D,A,D,E,A,A,0,Y,,,,Y,,N,60,0,0,1,0,1,0,0,0,0,"- ","- ",,,"LOS ANGELES","LOS ANGELES",-118.53379058837891,34.236488342285156
8732365,2018,2018-11-15,1942,2018-10-18,0750,42898,1795,4,5,7,1942,0,0,0,Q,0,17A35,"LINDLEY AV","CHASE ST",15.00,N,N,A,-,N,,,,,,,,,,N,3,0,1,2,A,-,08,22107,,N,G,B,F,A,H,-,A,A,0,Y,Y,,,Y,,L,04,0,1,0,0,1,0,0,0,0,"- ","- ",,,"LOS ANGELES","LOS ANGELES",-118.52735137939453,34.224632263183594
8732726,2018,2018-11-19,1942,2018-10-11,0615,43013,2118,4,5,7,1942,0,0,0,,0,21A29,"ROSCOE BL","OSO AV",0.00,,Y,A,-,N,,,,,,,,,,,2,0,1,2,A,-,10,21950,A,N,G,B,B,A,H,-,C,A,0,Y,,,,Y,,A,01,1,0,0,0,1,0,0,0,0,"- ","- ",,,"LOS ANGELES","LOS ANGELES",-118.57543182373047,34.220188140869141
8732727,2018,2018-11-19,1942,2018-10-19,1220,38613,2157,5,5,7,1942,0,0,0,,0,21A57,"SKOURAS DR","LURLINE AV",110.00,E,N,A,-,N,,,,,,,,,,N,4,0,1,2,A,-,21,22106,,N,G,B,D,A,H,-,A,D,0,Y,,,,Y,,A,07,0,0,1,0,1,0,0,0,0,"- ","- ",,,"LOS ANGELES","LOS ANGELES",-118.58349609375,34.192562103271484
8732754,2018,2018-11-19,1942,2018-10-28,2000,37304,1982,7,5,7,1942,0,0,0,,0,19A61,"PARTHENIA ST","SEPULVEDA BL",6.00,W,N,A,-,N,,,,,,,,,,N,4,0,1,2,A,-,11,21456,B,N,G,B,B,A,H,-,C,A,0,Y,,,,Y,,N,60,0,0,1,0,1,0,0,0,0,"- ","- ",,,"LOS ANGELES","LOS ANGELES",-118.46768188476562,34.228271484375
8732769,2018,2018-11-15,1942,2018-10-12,1905,40876,2146,5,5,7,1942,0,0,0,,0,21A57,"OWENSMOUTH AV","SHERMAN WAY",30.00,N,N,A,-,N,,,,,,,,,,N,4,0,1,2,D,-,00,,,N,G,B,B,A,H,-,C,A,0,Y,,,,Y,,-,"- ",0,0,1,0,1,0,0,0,0,"- ","- ",,,"LOS ANGELES","LOS ANGELES",-118.6015625,34.20111083984375
8732880,2018,2018-11-20,1942,2018-11-01,0810,33599,0392,4,5,7,1942,0,0,0,C,0,3A73,"W 50TH ST","8TH AV",0.00,,Y,A,-,N,,,,,,,,,,N,4,0,1,2,A,-,10,21950,A,F,G,B,B,A,H,-,A,A,0,Y,,,,Y,,-,99,0,0,1,0,1,0,0,0,0,"- ","- ",,,"LOS ANGELES","LOS ANGELES",-118.32579803466797,33.998149871826172
8733128,2018,2019-01-10,1942,2018-10-11,1730,40876,2185,4,5,7,1942,0,0,0,,0,21A73,"TOPANGA CANYON BL","MARTINEZ ST",5.00,S,N,A,-,Y,LA,7,27,-,-,11.871,I,5,S,N,4,0,1,2,A,-,10,21950,A,F,G,B,B,A,H,-,B,A,0,Y,,,,Y,,-,99,0,0,1,0,1,0,0,0,0,"- ","- ",,,"LOS ANGELES","LOS ANGELES",-118.60584259033203,34.162570953369141
8733330,2018,2018-12-04,1942,2018-10-01,0733,42065,L,1,5,7,1942,0,0,0,,0,1891,"16TH PL","MENLO AV",0.00,,Y,A,-,N,,,,,,,,,,N,4,0,1,2,A,-,10,21950,A,N,G,B,B,A,H,-,A,A,0,Y,,,,Y,,A,01,0,0,1,0,1,0,0,0,0,"- ","- ",,,"LOS ANGELES","LOS ANGELES",-118.34719085693359,33.92913818359375
8733379,2018,2018-11-06,1942,2018-10-12,1940,43442,0378,5,5,7,1942,0,0,0,C,0,3A15,"EXPOSITION BL","VERMONT AV",0.00,,Y,C,-,N,,,,,,,,,,N,4,0,1,2,A,-,03,22350,,N,G,B,B,B,H,-,C,D,0,Y,,,,Y,,A,01,0,0,1,0,1,0,0,0,0,"- ","- ",,,"LOS ANGELES","LOS ANGELES",-118.29152679443359,34.018348693847656
8733383,2018,2018-11-16,1942,2018-10-10,1450,41236,396,3,5,7,1942,0,0,0,,0,3A73,"MENLO AV","42ND ST",0.00,,Y,A,-,N,,,,,,,,,,N,3,0,1,2,A,-,21,22106,,N,G,B,D,A,H,-,A,D,0,Y,,,,Y,,A,01,0,1,0,0,1,0,0,0,0,"- ","- ",,,"LOS ANGELES","LOS ANGELES",-118.29002380371094,34.007331848144531
8733414,2018,2018-11-06,1942,2018-10-06,2030,42266,1256,6,5,7,1942,0,0,0,L,0,12A67,"FLORENCE AV","HOOVER ST",0.00,,Y,A,-,N,,,,,,,,,,N,4,0,1,2,A,-,10,21950,A,F,A,B,B,A,H,-,C,A,0,Y,,,,Y,,-,99,0,0,1,0,1,0,0,0,0,"- ","- ",,,"LOS ANGELES","LOS ANGELES",-118.287109375,33.974639892578125
8733563,2018,2018-11-07,1942,2018-09-04,1805,39930,0779,2,5,7,1942,0,0,0,G,0,7A69,"4TH AV","WASHINGTON BL",400.00,N,N,A,-,N,,,,,,,,,,Y,3,0,1,3,A,-,06,21755,A,F,B,C,E,A,H,-,A,D,0,Y,,,,Y,,A,01,0,1,0,0,1,0,0,0,0,"- ","- ",,,"LOS ANGELES","LOS ANGELES",-118.32127380371094,34.040985107421875
8733602,2018,2018-11-20,1942,2018-10-20,1740,42981,0723,6,5,7,1942,0,0,0,G,0,7A22,"BEVERLY BL","LA JOLLA AV",0.00,,Y,A,-,N,,,,,,,,,,N,2,0,1,2,A,-,11,21950,B,N,G,B,D,A,H,-,B,D,0,Y,,,,Y,Y,N,60,1,0,0,0,1,0,0,0,0,"- ","- ",,,"LOS ANGELES","LOS ANGELES",-118.36800384521484,34.076091766357422
8733603,2018,2018-12-20,1942,2018-10-04,0526,04604,1494,4,5,7,1942,0,0,0,N,0,5M43,"WEST WY","WORLD WAY NORTH",0.00,,Y,B,-,N,,,,,,,,,,N,4,0,1,2,A,-,10,21950,A,N,A,B,B,B,H,-,C,D,0,Y,,,,Y,,A,01,0,0,1,0,1,0,0,0,0,"- ","- ",,,"LOS ANGELES","LOS ANGELES",-118.40605926513672,33.944839477539062
8733623,2018,2018-12-20,1942,2018-10-13,0150,43432,1431,6,5,7,1942,0,0,0,N,0,14A11,"ABBOTT KINNEY BL","CADIZ CT",150.00,S,N,B,-,N,,,,,,,,,,N,2,0,1,3,A,-,03,22350,,F,B,B,E,B,H,-,C,D,0,Y,,,,Y,,-,,1,0,0,0,1,0,0,0,0,"- ","- ",,,"LOS ANGELES","LOS ANGELES",-118.46762847900391,33.991065979003906
8733631,2018,2018-12-20,1942,2018-10-17,1125,38282,0725,3,5,7,1942,0,0,0,G,0,7A33,"3RD ST","GARDNER ST",9.00,E,N,A,-,N,,,,,,,,,,N,3,0,2,3,A,-,10,21950,A,N,G,B,B,A,H,-,A,A,0,Y,,,,Y,,A,07,0,1,1,0,2,0,0,0,0,"- ","- ",,,"LOS ANGELES","LOS ANGELES",-118.35320281982422,34.070343017578125
8733653,2018,2018-11-20,1942,2018-10-12,2325,36537,2033,5,5,7,1942,0,0,0,,0,20A97,"WILSHIRE BL","WESTERN AV",0.00,,Y,C,-,N,,,,,,,,,,Y,3,0,1,2,A,-,11,21954,A,N,G,B,D,B,H,-,C,D,0,Y,,,,Y,Y,-,"- ",0,1,0,0,1,0,0,0,0,"- ","- ",,,"LOS ANGELES","LOS ANGELES",-118.30908203125,34.061679840087891
8733674,2018,2018-11-20,1942,2018-10-15,0905,34959,0881,1,5,7,1942,0,0,0,H,0,8A53,"MISSISSIPPI AV","S BUNDY DR",0.00,,Y,A,-,N,,,,,,,,,,N,3,0,1,2,A,-,10,21950,A,N,G,B,B,A,H,-,A,D,0,Y,,,,Y,,A,01,0,1,0,0,1,0,0,0,0,"- ","- ",,,"LOS ANGELES","LOS ANGELES",-118.45406341552734,34.032649993896484
8735083,2018,2018-11-13,1942,2018-08-23,1750,39073,0375,4,5,7,1942,0,0,0,C,0,12X4,"LEIGHTON AV","WILTON PL",35.00,W,N,A,-,N,,,,,,,,,,N,4,0,1,2,A,-,11,21954,A,N,G,B,D,A,H,-,A,D,0,Y,,,,Y,,N,60,0,0,1,0,1,0,0,0,0,"- ","- ",,,"LOS ANGELES","LOS ANGELES",-118.3153076171875,34.012809753417969
8735167,2018,2018-11-13,1942,2018-10-07,2215,41870,1251,7,5,7,1942,0,0,0,L,0,12A51,"FLORENCE AV","CRENSHAW BL",23.00,W,N,A,-,N,,,,,,,,,,N,3,0,1,2,A,-,11,21956,A,N,G,B,D,A,H,-,C,A,0,Y,,,,Y,,N,60,0,1,0,0,1,0,0,0,0,"- ","- ",,,"LOS ANGELES","LOS ANGELES",-118.33096313476562,33.974540710449219
8735169,2018,2018-11-07,1942,2018-09-27,0845,42169,0842,4,5,7,1942,0,0,0,H,0,8A53,"WESTGATE AV","WILSHIRE BL",50.00,S,N,A,-,N,,,,,,,,,,N,4,0,1,2,A,-,15,21235,A,F,D,B,F,A,H,-,A,D,0,Y,,Y,,Y,,C,03,0,0,1,0,1,0,0,0,0,"- ","- ",,,"LOS ANGELES","LOS ANGELES",-118.46392059326172,34.046981811523438
8735416,2018,2018-11-21,1942,2018-11-01,0710,41856,1477,4,5,7,1942,0,0,0,N,0,14A67,"FLIGHT AV","78TH ST",13.00,E,N,A,-,N,,,,,,,,,,N,2,0,1,2,A,-,10,21954,B,N,G,B,D,A,H,-,A,A,0,Y,,,,Y,,A,07,1,0,0,0,1,0,0,0,0,"- ","- ",,,"LOS ANGELES","LOS ANGELES",-118.38227081298828,33.968845367431641
8735461,2018,2018-11-15,1942,2018-10-17,1110,43485,,3,5,7,1942,0,0,0,,0,,"VAN NUYS BL","NORRIS AV",5.00,E,N,A,-,N,,,,,,,,,,N,3,0,1,2,A,-,10,21950,A,F,G,B,B,A,H,-,A,A,0,Y,,,,Y,,-,99,0,1,0,0,1,0,0,0,0,"- ","- ",,,"LOS ANGELES","LOS ANGELES",-118.41622924804688,34.270389556884766
8735488,2018,2018-11-20,1942,2018-11-03,1135,38995,1767,6,5,7,1942,0,0,0,Q,0,17A67,"RESEDA BL","LABRADOR ST",85.00,S,N,A,-,N,,,,,,,,,,N,2,0,1,3,A,-,11,21954,A,F,G,B,D,A,H,-,A,A,0,Y,,,,Y,,N,60,1,0,0,0,1,0,0,0,0,"- ","- ",,,"LOS ANGELES","LOS ANGELES",-118.53608703613281,34.249015808105469
8735621,2018,2018-11-16,1942,2018-07-28,1710,42151,1265,6,5,7,1942,0,0,0,L,0,12X4,"NORMANDIE AV","83RD ST",0.00,,Y,A,-,N,,,,,,,,,,N,4,0,1,3,A,-,03,22350,,F,C,C,B,A,H,-,A,A,0,Y,,,,Y,,-,99,0,0,1,0,1,0,0,0,0,"- ","- ",,,"LOS ANGELES","LOS ANGELES",-118.30027008056641,33.963649749755859
8735629,2018,2018-11-16,1942,2018-07-05,0500,41140,0581,4,5,7,1942,0,0,0,E,0,18A41,"W PASEO DEL MAR","ANCHOVY AV",1000.00,E,N,A,-,N,,,,,,,,,,N,3,0,1,2,A,-,11,21954,A,N,G,B,E,A,H,-,B,D,0,Y,,,,Y,,N,60,0,1,0,0,1,0,0,0,0,"- ","- ",,,"LOS ANGELES","LOS ANGELES",-118.32221984863281,33.719600677490234
8736171,2018,2018-11-20,1942,2018-10-30,1900,39299,1256,2,5,7,1942,0,0,0,L,0,12A57,"S BROADWAY","W 73RD ST",0.00,,Y,A,-,N,,,,,,,,,,N,2,0,1,2,A,-,11,21954,A,N,G,B,D,A,H,-,C,A,0,Y,,,,Y,,N,60,1,0,0,0,1,0,0,0,0,"- ","- ",,,"LOS ANGELES","LOS ANGELES",-118.2783203125,33.973709106445312
8736174,2018,2018-11-19,1942,2018-10-12,2050,42883,1215,5,5,7,1942,0,0,0,L,0,12A45,"54TH ST",VERMONT,100.00,E,N,C,-,N,,,,,,,,,,N,2,0,1,2,A,-,11,21954,A,F,G,B,D,B,H,-,C,D,0,Y,,,,Y,,-,99,1,0,0,0,1,0,0,0,0,"- ","- ",,,"LOS ANGELES","LOS ANGELES",-118.29116821289062,33.993217468261719
8736207,2018,2018-11-20,1942,2018-10-28,2050,42665,1245,7,5,7,1942,0,0,0,L,0,12A45,"S NORMANDIE AV","W 65TH ST",0.00,,Y,A,-,N,,,,,,,,,,N,4,0,1,2,A,-,10,21950,A,N,G,B,B,A,H,-,C,D,0,Y,,,,Y,,A,01,0,0,1,0,1,0,0,0,0,"- ","- ",,,"LOS ANGELES","LOS ANGELES",-118.30027770996094,33.980598449707031