CASE_ID,ACCIDENT_YEAR,PROC_DATE,JURIS,COLLISION_DATE,COLLISION_TIME,OFFICER_ID,REPORTING_DISTRICT,DAY_OF_WEEK,CHP_SHIFT,POPULATION,CNTY_CITY_LOC,SPECIAL_COND,BEAT_TYPE,CHP_BEAT_TYPE,CITY_DIVISION_LAPD,CHP_BEAT_CLASS,BEAT_NUMBER,PRIMARY_RD,SECONDARY_RD,DISTANCE,DIRECTION,INTERSECTION,WEATHER_1,WEATHER_2,STATE_HWY_IND,CALTRANS_COUNTY,CALTRANS_DISTRICT,STATE_ROUTE,ROUTE_SUFFIX,POSTMILE_PREFIX,POSTMILE,LOCATION_TYPE,RAMP_INTERSECTION,SIDE_OF_HWY,TOW_AWAY,COLLISION_SEVERITY,NUMBER_KILLED,NUMBER_INJURED,PARTY_COUNT,PRIMARY_COLL_FACTOR,PCF_CODE_OF_VIOL,PCF_VIOL_CATEGORY,PCF_VIOLATION,PCF_VIOL_SUBSECTION,HIT_AND_RUN,TYPE_OF_COLLISION,MVIW,PED_ACTION,ROAD_SURFACE,ROAD_COND_1,ROAD_COND_2,LIGHTING,CONTROL_DEVICE,CHP_ROAD_TYPE,PEDESTRIAN_ACCIDENT,BICYCLE_ACCIDENT,MOTORCYCLE_ACCIDENT,TRUCK_ACCIDENT,NOT_PRIVATE_PROPERTY,ALCOHOL_INVOLVED,STWD_VEHTYPE_AT_FAULT,CHP_VEHTYPE_AT_FAULT,COUNT_SEVERE_INJ,COUNT_VISIBLE_INJ,COUNT_COMPLAINT_PAIN,COUNT_PED_KILLED,COUNT_PED_INJURED,COUNT_BICYCLIST_KILLED,COUNT_BICYCLIST_INJURED,COUNT_MC_KILLED,COUNT_MC_INJURED,PRIMARY_RAMP,SECONDARY_RAMP,LATITUDE,LONGITUDE,COUNTY,CITY,POINT_X,POINT_Y
8736290,2018,2018-11-28,1942,2018-07-28,1015,42989,1257,6,5,7,1942,0,0,0,L,0,18A41,BROADWAY,"79TH ST",65.00,N,N,A,-,N,,,,,,,,,,N,4,0,1,2,A,-,21,22106,,N,G,B,F,A,H,-,A,A,0,Y,,,,Y,,A,01,0,0,1,0,1,0,0,0,0,"- ","- ",,,"LOS ANGELES","LOS ANGELES",,
8736827,2018,2018-11-28,1942,2018-10-26,1040,41566,1519,5,5,7,1942,0,0,0,O,0,15A68,"VANOWEN ST","CLEON ST",37.00,E,N,A,-,N,,,,,,,,,,N,3,0,1,2,A,-,21,22106,,N,G,B,D,A,H,-,A,D,0,Y,,,,Y,,A,01,0,1,0,0,1,0,0,0,0,"- ","- ",,,"LOS ANGELES","LOS ANGELES",-118.36801910400391,34.1939697265625
8736955,2018,2018-11-26,1942,2018-11-02,1635,36733,1794,5,5,7,1942,0,0,0,Q,0,17A67,"CHASE ST","RESEDA BL",25.00,E,N,A,-,N,,,,,,,,,,N,4,0,1,2,A,-,10,21950,A,F,G,B,B,A,H,-,A,A,0,Y,,,,Y,,-,99,0,0,1,0,1,0,0,0,0,"- ","- ",,,"LOS ANGELES","LOS ANGELES",-118.5360107421875,34.224601745605469
8737092,2018,2019-01-07,1942,2018-10-17,2310,41210,1409,3,5,7,1942,0,0,0,N,0,14T47,"VENICE BL","DELMAS TR",110.00,E,N,A,-,N,,,,,,,,,,N,3,0,1,2,A,-,11,21956,A,N,G,B,E,A,H,-,C,D,0,Y,,,,Y,Y,N,60,0,1,0,0,1,0,0,0,0,"- ","- ",,,"LOS ANGELES","LOS ANGELES",-118.39763641357422,34.02410888671875
8737501,2018,2018-11-20,1942,2018-08-04,0230,43056,0657,6,5,7,1942,0,0,0,F,0,6A79,"SANTA MONICA BL","SAINT ANDREWS PL",0.00,,Y,A,-,N,,,,,,,,,,N,3,0,1,2,A,-,10,21950,A,F,G,B,B,A,H,-,C,A,0,Y,,,,Y,Y,-,99,0,1,0,0,1,0,0,0,0,"- ","- ",,,"LOS ANGELES","LOS ANGELES",-118.31139373779297,34.09075927734375
8738861,2018,2019-01-31,1942,2018-10-26,0500,40275,0438,5,5,7,1942,0,0,0,D,0,4A9,"VALLEY BL","RT 710",11.00,W,N,A,-,Y,LA,7,710,-,T,27.354,R,4,S,N,2,0,1,2,A,-,21,22106,,N,G,B,E,A,H,-,C,D,0,Y,,,Y,Y,,F,24,1,0,0,0,1,0,0,0,0,"- ",SO,,,"LOS ANGELES","LOS ANGELES",-118.16131591796875,34.073085784912109
8739253,2018,2019-01-14,1942,2018-11-01,1217,38357,1117,4,5,7,1942,0,0,0,K,0,11A17,"AVENUE 45","EAGLE ROCK BL",0.00,,Y,A,-,N,,,,,,,,,,N,3,0,1,2,A,-,10,21950,A,N,G,B,B,-,H,-,A,D,0,Y,,,,Y,,-,,0,1,0,0,1,0,0,0,0,"- ","- ",,,"LOS ANGELES","LOS ANGELES",-118.21916961669922,34.126091003417969
8739393,2018,2018-12-05,1942,2018-11-13,0800,42293,0515,2,5,7,1942,0,0,0,E,0,5A15,"GULF AV","W Q ST",0.00,,Y,A,-,N,,,,,,,,,,N,4,0,1,2,A,-,10,21950,A,N,G,B,B,A,H,-,A,A,0,Y,,,,Y,,A,01,0,0,1,0,1,0,0,0,0,"- ","- ",,,"LOS ANGELES","LOS ANGELES",-118.27417755126953,33.794830322265625
8739397,2018,2018-12-05,1942,2018-11-10,1045,38502,0438,6,5,7,1942,0,0,0,D,0,4A9,"N EASTERN AV","LOMBARDY BL",0.00,,Y,A,-,N,,,,,,,,,,N,4,0,2,3,A,-,10,21950,A,N,G,B,B,A,H,-,A,D,0,Y,,,,Y,,A,01,0,0,2,0,2,0,0,0,0,"- ","- ",,,"LOS ANGELES","LOS ANGELES",-118.17829895019531,34.07781982421875
8740580,2018,2018-11-20,1942,2018-11-03,0820,R6386,1494,6,5,7,1942,0,0,0,N,0,14A49W,"CENTURY BL","AVION DR",10.00,E,N,A,-,N,,,,,,,,,,N,3,0,1,2,A,-,10,21950,A,N,G,B,B,A,H,-,A,A,0,Y,,,,Y,,A,01,0,1,0,0,1,0,0,0,0,"- ","- ",,,"LOS ANGELES","LOS ANGELES",-118.39010620117188,33.945579528808594
8740656,2018,2018-11-21,1942,2018-10-16,0750,03566,1494,2,5,7,1942,0,0,0,N,0,5M22,"CENTURY BL","VICKSBURG AV",220.00,E,N,A,-,N,,,,,,,,,,Y,4,0,1,3,A,-,03,22350,,N,C,B,D,A,H,-,A,D,0,Y,,,,Y,,D,22,0,0,1,0,0,0,0,0,0,"- ","- ",,,"LOS ANGELES","LOS ANGELES",-118.39322662353516,33.945610046386719
8740660,2018,2018-11-20,1942,2018-09-09,1905,38310,1494,7,5,7,1942,0,0,0,N,0,14PBL8,"WORLD WAY SOUTH","EAST WY",405.00,W,N,A,-,N,,,,,,,,,,N,4,0,1,2,A,-,21,22106,,N,G,B,E,A,H,-,A,D,0,Y,,,,Y,,D,22,0,0,1,0,1,0,0,0,0,"- ","- ",,,"LOS ANGELES","LOS ANGELES",-118.40305328369141,33.943035125732422
8740722,2018,2018-11-20,1942,2018-10-29,2230,40436,1434,1,5,7,1942,0,0,0,N,0,,"WASHINGTON BL","PACIFIC AV",0.00,,Y,E,-,N,,,,,,,,,,N,4,0,1,2,A,-,09,21801,A,N,G,B,D,A,H,-,C,A,0,Y,,,,Y,,A,01,0,0,1,0,1,0,0,0,0,"- ","- ",,,"LOS ANGELES","LOS ANGELES",-118.46563720703125,33.979728698730469
8740725,2018,2018-11-19,1942,2018-10-18,1140,43392,0887,4,5,7,1942,0,0,0,H,0,8A53,"BEVERLYWOOD ST","BEVERLY DR",0.00,,Y,A,-,N,,,,,,,,,,N,2,0,1,2,A,-,10,21950,A,N,G,B,B,A,H,-,A,D,0,Y,,,,Y,,A,01,1,0,0,0,1,0,0,0,0,"- ","- ",,,"LOS ANGELES","LOS ANGELES",-118.39559173583984,34.040088653564453
8740740,2018,2018-11-28,1942,2018-08-01,1925,4095,2074,3,5,7,1942,0,0,0,,0,20A69,"IROLO ST","PICO BL",35.00,N,N,A,-,N,,,,,,,,,,N,4,0,1,2,A,-,21,22106,,F,G,B,F,A,H,-,A,D,0,Y,,,,Y,,-,99,0,0,1,0,1,0,0,0,0,"- ","- ",,,"LOS ANGELES","LOS ANGELES",-118.30101776123047,34.047325134277344
8740744,2018,2018-11-28,1942,2018-08-13,1755,41054,2017,1,5,7,1942,0,0,0,,0,20A25,"VERMONT AV","1ST ST",325.00,S,N,A,-,N,,,,,,,,,,N,3,0,1,2,C,-,18,,,F,G,B,F,A,H,-,A,D,0,Y,,,,Y,,-,"- ",0,1,0,0,1,0,0,0,0,"- ","- ",,,"LOS ANGELES","LOS ANGELES",,
8740766,2018,2018-11-20,1942,2018-10-16,1250,43441,0815,2,5,7,1942,0,0,0,H,0,8A12,"SEPULVEDA BL","CASHEMERE ST",200.00,S,N,A,-,N,,,,,,,,,,N,3,0,1,2,A,-,11,21954,A,N,G,B,D,A,H,-,A,D,0,Y,,,,Y,,N,60,0,1,0,0,1,0,0,0,0,"- ","- ",,,"LOS ANGELES","LOS ANGELES",-118.45987701416016,34.065765380859375
8740773,2018,2018-11-19,1942,2018-10-28,0750,34959,1446,7,5,7,1942,0,0,0,N,0,14A49,"PACIFIC AV","GRAND VIEW BL",60.00,W,N,E,-,N,,,,,,,,,,N,4,0,1,2,A,-,10,21954,B,F,G,B,E,A,G,-,A,D,0,Y,,,,Y,Y,-,99,0,0,1,0,1,0,0,0,0,"- ","- ",,,"LOS ANGELES","LOS ANGELES",-118.43067932128906,34.003879547119141
8740777,2018,2018-11-19,1942,2018-10-24,0700,37770,1427,3,5,7,1942,0,0,0,N,0,14A27,"PALMS BL","SEPULVEDA BL",3.00,N,N,A,-,N,,,,,,,,,,N,3,0,1,2,A,-,10,21950,A,F,G,B,B,A,H,-,A,A,0,Y,,,,Y,,-,99,0,1,0,0,1,0,0,0,0,"- ","- ",,,"LOS ANGELES","LOS ANGELES",-118.42218780517578,34.019245147705078
8740795,2018,2018-11-20,1942,2018-08-19,0230,43082,2027,7,5,7,1942,0,0,0,,0,20A33,"WILSHIRE BL","S NEW HAMPSHIRE AV",0.00,,Y,A,-,N,,,,,,,,,,N,4,0,1,2,A,-,10,21950,A,N,G,B,B,A,H,-,C,A,0,Y,,,,Y,,-,99,0,0,1,0,1,0,0,0,0,"- ","- ",,,"LOS ANGELES","LOS ANGELES",-118.29290008544922,34.061790466308594
8740798,2018,2018-11-20,1942,2018-10-08,1920,43176,816,1,5,7,1942,0,0,0,,0,A13,"KELTON AV","LEVERING AV",0.00,,Y,A,-,N,,,,,,,,,,N,3,0,1,2,A,-,10,21950,A,N,G,B,B,A,H,-,C,D,0,Y,,,,Y,,A,01,0,1,0,0,1,0,0,0,0,"- ","- ",,,"LOS ANGELES","LOS ANGELES",-118.45343780517578,34.0665283203125
8741822,2018,2018-12-03,1942,2018-11-08,1130,38600,0585,4,5,7,1942,0,0,0,E,0,5X64,"24TH ST","GAFFEY ST",200.00,W,N,A,-,N,,,,,,,,,,Y,4,0,1,4,D,-,00,,,N,D,B,E,A,H,-,A,D,0,Y,,,,Y,,-,"- ",0,0,1,0,1,0,0,0,0,"- ","- ",,,"LOS ANGELES","LOS ANGELES",-118.29307556152344,33.722461700439453
8742406,2018,2018-11-26,1942,2018-10-12,1900,42665,0396,5,5,7,1942,0,0,0,C,0,3A99,"VERNON AV","VERMONT AV",197.00,E,N,A,-,N,,,,,,,,,,N,2,0,1,2,A,-,11,21954,A,N,G,B,D,A,H,-,A,D,0,Y,,,,Y,,N,60,1,0,0,0,1,0,0,0,0,"- ","- ",,,"LOS ANGELES","LOS ANGELES",-118.29092407226562,34.003688812255859
8742471,2018,2018-12-07,1942,2018-10-23,0720,39397,0331,2,5,7,1942,0,0,0,C,0,3A31,"S LA BREA AV","ADAMS BL",630.00,N,N,A,-,N,,,,,,,,,,N,2,0,1,2,A,-,10,21954,,N,G,B,D,A,H,-,A,D,0,Y,,,Y,Y,,N,60,1,0,0,0,1,0,0,0,0,"- ","- ",,,"LOS ANGELES","LOS ANGELES",-118.35009002685547,34.034076690673828
8742493,2018,2018-11-27,1942,2018-08-31,2210,38942,2093,5,5,7,1942,0,0,0,,0,,"NORMANDIE AV","WASHINGTON BL",0.00,,Y,A,-,N,,,,,,,,,,Y,4,0,1,3,A,-,09,21801,A,N,D,C,F,A,H,-,C,D,0,Y,,,,Y,,A,07,0,0,1,0,1,0,0,0,0,"- ","- ",,,"LOS ANGELES","LOS ANGELES",-118.30084228515625,34.039989471435547
8742829,2018,2018-12-28,1942,2018-11-16,2210,32372,2103,5,5,7,1942,0,0,0,,0,21A1,"ROSCOE BL","SHOUP AV",189.00,W,N,A,-,N,,,,,,,,,,N,2,0,1,2,A,-,11,21954,A,F,G,B,D,A,H,-,C,D,0,Y,,,,Y,,N,60,1,0,0,0,1,0,0,0,0,"- ","- ",,,"LOS ANGELES","LOS ANGELES",-118.61533355712891,34.219501495361328
8742853,2018,2018-12-28,1942,2018-11-15,0900,30452,1018,4,5,7,1942,0,0,0,J,0,10A39,"GLORIA AV","SATICOY ST",0.00,,Y,A,-,N,,,,,,,,,,N,3,0,1,2,A,-,10,21950,A,F,G,B,B,A,H,-,A,A,0,Y,,,,Y,,A,01,0,1,0,0,1,0,0,0,0,"- ","- ",,,"LOS ANGELES","LOS ANGELES",-118.47931671142578,34.208450317382812
8742872,2018,2018-11-29,1942,2018-11-11,1515,36238,0477,7,5,7,1942,0,0,0,D,0,4A71,"WHITTIER BL","SOTO ST",5.00,E,N,A,-,N,,,,,,,,,,N,4,0,1,2,A,-,10,21950,A,F,G,B,B,A,H,-,A,A,0,Y,,,,Y,,-,99,0,0,1,0,1,0,0,0,0,"- ","- ",,,"LOS ANGELES","LOS ANGELES",-118.21568298339844,34.03436279296875
8742880,2018,2018-11-29,1942,2018-11-08,1755,42780,0565,4,5,7,1942,0,0,0,E,0,5A58,"WEST TEMPLE AV","S GAFFEY ST",0.00,,Y,A,-,N,,,,,,,,,,N,4,0,1,2,D,-,00,,,N,G,B,B,A,H,-,C,A,0,Y,,,,Y,Y,-,"- ",0,0,1,0,1,0,0,0,0,"- ","- ",,,"LOS ANGELES","LOS ANGELES",,
8742955,2018,2018-11-29,1942,2018-10-25,2230,33452,0246,4,5,7,1942,0,0,0,B,0,2A56,"W 6TH ST","BONNIE BRAE ST",80.00,E,N,A,-,N,,,,,,,,,,N,4,0,1,2,A,-,11,21955,,N,G,B,D,A,H,-,C,D,0,Y,,,,Y,Y,N,60,0,0,1,0,1,0,0,0,0,"- ","- ",,,"LOS ANGELES","LOS ANGELES",-118.27232360839844,34.058418273925781
8744108,2018,2018-11-30,1942,2018-10-10,1020,37765,0528,3,5,7,1942,0,0,0,E,0,5A18,"PACIFIC COAST HWY","BLINN AV",0.00,,Y,A,-,N,,,,,,,,,,N,4,0,1,2,A,-,10,21950,A,N,G,B,B,A,H,-,A,A,0,Y,,,,Y,,D,22,0,0,1,0,1,0,0,0,0,"- ","- ",,,"LOS ANGELES","LOS ANGELES",-118.24542236328125,33.791069030761719
8744379,2018,2019-01-17,1942,2018-10-31,1550,39523,0513,3,5,7,1942,0,0,0,E,0,5A58,"VERMONT AV","PACIFIC COAST HWY",0.00,,Y,A,-,Y,LA,7,1,-,-,12.171,I,5,N,N,4,0,1,2,A,-,10,21950,A,F,B,B,B,A,H,-,B,A,0,Y,,,,Y,,-,99,0,0,1,0,1,0,0,0,0,"- ","- ",,,"LOS ANGELES","LOS ANGELES",-118.291748046875,33.791065216064453
8744389,2018,2019-01-16,1942,2018-11-08,2000,41743,515,4,5,7,1942,0,0,0,,0,5A15,"PACIFIC COAST HWY","AVALON BL",250.00,W,N,A,-,Y,LA,7,1,-,-,10.580,H,-,N,N,3,0,1,2,A,-,11,21954,A,N,G,B,D,A,H,-,C,A,0,Y,,,,Y,,N,60,0,1,0,0,1,0,0,0,0,"- ","- ",,,"LOS ANGELES","LOS ANGELES",-118.26416778564453,33.791164398193359
8744496,2018,2018-11-29,1942,2018-08-17,1930,39127,0667,5,5,7,1942,0,0,0,F,0,6A67,"LEXINGTON AVE","GOWER ST",0.00,,Y,B,-,N,,,,,,,,,,Y,2,0,1,4,A,-,09,21802,A,N,D,C,B,A,H,-,B,A,0,Y,,,,Y,,D,22,1,0,0,0,1,0,0,0,0,"- ","- ",,,"LOS ANGELES","LOS ANGELES",-118.32228088378906,34.092559814453125
8744825,2018,2019-01-25,1942,2018-11-03,1915,42471,0666,6,5,7,1942,0,0,0,F,0,6A66,"DE LONGPRE AV","VINE ST",0.00,,Y,A,-,N,,,,,,,,,,N,3,0,1,2,A,-,10,21950,,N,A,B,B,A,H,-,A,A,0,Y,,,,Y,,A,01,0,1,0,0,1,0,0,0,0,"- ","- ",,,"LOS ANGELES","LOS ANGELES",-118.32663726806641,34.096160888671875
8744860,2018,2019-01-17,1942,2018-10-31,0750,42566,0637,3,5,7,1942,0,0,0,F,0,6A45,"BRONSON AV","CARLOS AV",30.00,N,N,A,-,N,,,,,,,,,,N,3,0,1,2,A,-,11,21954,A,N,G,B,D,A,H,-,A,D,0,Y,,,,Y,,N,60,0,1,0,0,1,0,0,0,0,"- ","- ",,,"LOS ANGELES","LOS ANGELES",-118.31800079345703,34.102863311767578
8744947,2018,2018-11-29,1942,2018-11-08,2305,43445,0629,4,5,7,1942,0,0,0,F,0,6A49,"WESTERN AV","FRANKLIN AV",0.00,,Y,A,-,N,,,,,,,,,,N,2,0,1,2,A,-,12,21453,A,F,G,B,B,A,H,-,C,A,0,Y,,,,Y,,-,99,1,0,0,0,1,0,0,0,0,"- ","- ",,,"LOS ANGELES","LOS ANGELES",-118.30925750732422,34.105381011962891
8745409,2018,2018-11-29,1942,2018-10-23,0750,41747,0516,2,5,7,1942,0,0,0,E,0,25T25,"ISLAND AV","W M ST",0.00,,Y,A,-,N,,,,,,,,,,N,3,0,1,2,A,-,21,22106,,N,G,B,B,A,H,-,A,A,0,Y,,,,Y,,A,01,0,1,0,0,1,0,0,0,0,"- ","- ",,,"LOS ANGELES","LOS ANGELES",-118.26683807373047,33.788959503173828
8745800,2018,2018-12-11,1942,2018-10-10,0740,42323,0548,3,5,7,1942,0,0,0,E,0,6A37,"CARLTON WY","WESTERN AV",0.00,,Y,A,-,N,,,,,,,,,,N,4,0,1,2,A,-,10,21950,,N,G,B,B,A,H,-,A,D,0,Y,,,,Y,,A,01,0,0,1,0,1,0,0,0,0,"- ","- ",,,"LOS ANGELES","LOS ANGELES",-118.30924224853516,34.100509643554688
8745832,2018,2018-12-11,1942,2018-10-30,1630,43274,0702,2,5,7,1942,0,0,0,G,0,7A86,"MELROSE AV","SIERRA BONITA AV",0.00,,Y,A,-,N,,,,,,,,,,N,4,0,1,2,A,-,10,21950,,N,G,B,B,A,H,-,A,D,0,Y,,,,Y,,A,01,0,0,1,0,1,0,0,0,0,"- ","- ",,,"LOS ANGELES","LOS ANGELES",-118.35427093505859,34.083671569824219
8745862,2018,2018-11-27,1942,2018-05-17,2110,40325,1317,4,5,7,1942,0,0,0,M,0,13A9,"20TH ST","CENTRAL AV",430.00,W,N,A,-,N,,,,,,,,,,N,4,0,2,3,A,-,01,23152,A,N,B,C,E,A,H,-,C,A,0,Y,,,,Y,Y,A,08,0,0,2,0,1,0,0,0,0,"- ","- ",,,"LOS ANGELES","LOS ANGELES",-118.25164794921875,34.023269653320312
8746641,2018,2019-01-26,1942,2018-11-13,1207,36705,0782,2,5,7,1942,0,0,0,G,0,7A73,"S LA CIENEGA BL","CADILLAC AV",0.00,,Y,A,-,N,,,,,,,,,,N,4,0,1,2,A,-,10,21950,A,N,G,B,B,A,H,-,A,A,0,Y,,,,Y,,A,01,0,0,1,0,1,0,0,0,0,"- ","- ",,,"LOS ANGELES","LOS ANGELES",-118.37722015380859,34.038238525390625
8746714,2018,2019-01-26,1942,2018-11-10,1925,41439,0832,6,5,7,1942,0,0,0,H,0,8A13,"SAN VICENTE BL","BARRINGTON AV",10.00,W,N,A,-,N,,,,,,,,,,N,3,0,1,2,A,-,11,21955,,N,G,B,D,A,H,-,C,A,0,Y,,,,Y,,N,60,0,1,0,0,1,0,0,0,0,"- ","- ",,,"LOS ANGELES","LOS ANGELES",-118.46572113037109,34.053714752197266
8746843,2018,2018-12-05,1942,2018-09-14,1320,42656,0732,5,5,7,1942,0,0,0,G,0,7A21,"CRESCENT HEIGHTS BL","DREXEL AV",0.00,,Y,A,-,N,,,,,,,,,,Y,3,0,3,4,A,-,12,21453,A,N,D,C,B,A,H,-,A,A,0,Y,,,,Y,,-,"- ",0,2,1,0,1,0,0,0,0,"- ","- ",,,"LOS ANGELES","LOS ANGELES",-118.36441040039062,34.068569183349609
8746856,2018,2018-12-05,1942,2018-10-13,1520,42656,2097,6,5,7,1942,0,0,0,,0,20A97,"S MARIPOSA AV","WEST WASHINGTON BL",164.00,S,N,B,-,N,,,,,,,,,,N,3,0,1,2,A,-,11,21954,A,F,G,B,E,A,H,-,A,D,0,Y,,,,Y,,N,60,0,1,0,0,1,0,0,0,0,"- ","- ",,,"LOS ANGELES","LOS ANGELES",-118.29836273193359,34.03955078125
8746880,2018,2018-12-05,1942,2018-10-07,1500,34882,0642,7,5,7,1942,0,0,0,F,0,6A31,"COURTNEY AV","HOLLYWOOD BL",4.00,S,N,A,-,N,,,,,,,,,,N,3,0,1,2,A,-,10,21950,A,N,G,B,B,A,H,-,A,A,0,Y,,,,Y,,A,01,0,1,0,0,1,0,0,0,0,"- ","- ",,,"LOS ANGELES","LOS ANGELES",-118.35736083984375,34.101680755615234
8747172,2018,2019-01-08,1942,2018-10-31,1850,41128,1735,3,5,7,1942,0,0,0,Q,0,17X66,"LOUISE AV","CHATSWORTH ST",157.00,N,N,A,-,N,,,,,,,,,,N,4,0,1,3,A,-,03,22350,,N,C,C,F,A,H,-,C,D,0,Y,,,,Y,,A,01,0,0,1,0,1,0,0,0,0,"- ","- ",,,"LOS ANGELES","LOS ANGELES",-118.51100158691406,34.265270233154297
8747784,2018,2018-12-12,1942,2018-10-29,1350,43285,HOBK,1,5,7,1942,0,0,0,,0,4A1S,"DALY ST","MAIN ST",200.00,S,N,A,-,N,,,,,,,,,,N,4,0,1,2,A,-,21,22106,,N,G,B,F,A,H,-,A,D,0,Y,,,,Y,,-,"- ",0,0,1,0,1,0,0,0,0,"- ","- ",,,"LOS ANGELES","LOS ANGELES",-118.21537780761719,34.065437316894531
8747788,2018,2018-12-12,1942,2018-10-08,0600,34257,0443,1,5,7,1942,0,0,0,D,0,4A9W3,"MARENGO ST","CORNWELL ST",0.00,,Y,A,-,N,,,,,,,,,,N,3,0,1,2,A,-,10,21950,A,N,G,B,B,A,H,-,C,A,0,Y,,,,Y,,D,22,0,1,0,0,1,0,0,0,0,"- ","- ",,,"LOS ANGELES","LOS ANGELES",-118.20507049560547,34.055599212646484
8748246,2018,2019-01-18,1942,2018-11-06,1230,38613,1063,2,5,7,1942,0,0,0,J,0,10A83,"VENTURA BL","WILBUR AV",0.00,,Y,A,-,N,,,,,,,,,,N,3,0,1,2,A,-,10,21950,A,N,G,B,B,A,H,-,A,A,0,Y,,,,Y,,A,01,0,1,0,0,1,0,0,0,0,"- ","- ",,,"LOS ANGELES","LOS ANGELES",-118.54472351074219,34.172218322753906
8748344,2018,2019-01-18,1942,2018-10-24,1710,40099,0265,3,5,7,1942,0,0,0,B,0,2A75,"S ALVARADO ST","7TH ST",2.00,N,N,A,-,N,,,,,,,,,,Y,3,0,1,2,A,-,10,21950,A,N,G,B,B,A,H,-,A,A,0,Y,,,,Y,,-,"- ",0,1,0,0,1,0,0,0,0,"- ","- ",,,"LOS ANGELES","LOS ANGELES",-118.27680969238281,34.056484222412109
8748467,2018,2018-12-10,1942,2018-09-29,2210,39540,0426,6,5,7,1942,0,0,0,D,0,11A25,"TEMPLETON ST","CASTALIA AV",115.00,W,N,A,-,N,,,,,,,,,,N,3,0,1,4,A,-,03,22350,,F,B,B,E,A,H,-,A,D,0,Y,,,,Y,,-,99,0,1,0,0,1,0,0,0,0,"- ","- ",,,"LOS ANGELES","LOS ANGELES",-118.17575073242188,34.081985473632812
8748482,2018,2018-12-10,1942,2018-07-14,0430,43181,LAPD,6,5,7,1942,0,0,0,,0,,"SUNSET BL","BRONSON AV",0.00,,Y,A,-,N,,,,,,,,,,N,4,0,1,2,A,-,10,21950,A,F,G,B,B,A,H,-,C,A,0,Y,,,,Y,,-,99,0,0,1,0,1,0,0,0,0,"- ","- ",,,"LOS ANGELES","LOS ANGELES",-118.3179931640625,34.098041534423828
8748625,2018,2018-12-21,1942,2018-11-27,2500,41977,0666,2,5,7,1942,0,0,0,F,0,6A67,"WILCOX AV","S FOUNTAIN AV",20.00,N,N,A,-,N,,,,,,,,,,N,4,0,1,2,A,-,10,21950,A,N,G,B,B,A,H,-,A,A,0,Y,,,,Y,,D,22,0,0,1,0,1,0,0,0,0,"- ","- ",,,"LOS ANGELES","LOS ANGELES",-118.33100891113281,34.094383239746094
8748788,2018,2019-01-19,1942,2018-11-30,1740,42838,0333,5,5,7,1942,0,0,0,C,0,3X72,JEFFERSON,WELLINGTON,0.00,,Y,A,-,N,,,,,,,,,,N,2,0,1,2,A,-,10,21950,A,N,G,B,D,A,D,-,C,D,0,Y,,,,Y,,-,99,1,0,0,0,1,0,0,0,0,"- ","- ",,,"LOS ANGELES","LOS ANGELES",-118.33843231201172,34.025569915771484
8748818,2018,2019-01-19,1942,2018-11-21,1830,39022,0701,3,5,7,1942,0,0,0,G,0,7A1,"N LA CIENEGA BL","WILLOUGHBY AV",25.00,N,N,B,-,N,,,,,,,,,,N,4,0,1,2,A,-,21,22106,,N,G,B,E,A,H,-,C,D,0,Y,,,,Y,,A,01,0,0,1,0,1,0,0,0,0,"- ","- ",,,"LOS ANGELES","LOS ANGELES",-118.37644958496094,34.087078094482422
8748823,2018,2019-01-25,1942,2018-11-11,0400,43522,1454,7,5,7,1942,0,0,0,N,0,14A13,"MINDANAO WY","MARINA FWY",5.00,N,N,A,-,N,,,,,,,,,,N,4,0,1,2,A,-,10,21950,A,F,G,B,D,A,H,-,C,A,0,Y,,,,Y,Y,-,99,0,0,1,0,1,0,0,0,0,"- ","- ",,,"LOS ANGELES","LOS ANGELES",,
8748846,2018,2019-01-19,1942,2018-11-17,1455,37613,0835,6,5,7,1942,0,0,0,H,0,8A35,"WESTWOOD BL","MISSOURI AV",3.00,S,N,A,-,N,,,,,,,,,,N,2,0,1,2,A,-,10,21950,A,N,G,B,B,A,H,-,A,A,0,Y,,,,Y,,A,01,1,0,0,0,1,0,0,0,0,"- ","- ",,,"LOS ANGELES","LOS ANGELES",-118.43545532226562,34.048213958740234
8748861,2018,2019-01-19,1942,2018-11-29,1215,31573,2001,4,5,7,1942,0,0,0,,0,20A1,"INGRAHAM ST","WESTERN AV",3.00,W,N,B,-,N,,,,,,,,,,N,4,0,1,2,A,-,10,21950,A,F,G,B,B,A,H,-,A,A,0,Y,,,,Y,,-,99,0,0,1,0,1,0,0,0,0,"- ","- ",,,"LOS ANGELES","LOS ANGELES",-118.30909729003906,34.060691833496094
8749004,2018,2018-12-28,1942,2018-11-26,0750,41054,0701,1,5,7,1942,0,0,0,G,0,7A1,"N KINGS RD","MELROSE AV",0.00,,Y,A,-,N,,,,,,,,,,Y,4,0,1,3,-,-,"- ",,,N,D,E,F,A,H,-,A,D,0,Y,,,Y,Y,,-,"- ",0,0,1,0,1,0,0,0,0,"- ","- ",,,"LOS ANGELES","LOS ANGELES",-118.37223815917969,34.083660125732422