CASE_ID,ACCIDENT_YEAR,PROC_DATE,JURIS,COLLISION_DATE,COLLISION_TIME,OFFICER_ID,REPORTING_DISTRICT,DAY_OF_WEEK,CHP_SHIFT,POPULATION,CNTY_CITY_LOC,SPECIAL_COND,BEAT_TYPE,CHP_BEAT_TYPE,CITY_DIVISION_LAPD,CHP_BEAT_CLASS,BEAT_NUMBER,PRIMARY_RD,SECONDARY_RD,DISTANCE,DIRECTION,INTERSECTION,WEATHER_1,WEATHER_2,STATE_HWY_IND,CALTRANS_COUNTY,CALTRANS_DISTRICT,STATE_ROUTE,ROUTE_SUFFIX,POSTMILE_PREFIX,POSTMILE,LOCATION_TYPE,RAMP_INTERSECTION,SIDE_OF_HWY,TOW_AWAY,COLLISION_SEVERITY,NUMBER_KILLED,NUMBER_INJURED,PARTY_COUNT,PRIMARY_COLL_FACTOR,PCF_CODE_OF_VIOL,PCF_VIOL_CATEGORY,PCF_VIOLATION,PCF_VIOL_SUBSECTION,HIT_AND_RUN,TYPE_OF_COLLISION,MVIW,PED_ACTION,ROAD_SURFACE,ROAD_COND_1,ROAD_COND_2,LIGHTING,CONTROL_DEVICE,CHP_ROAD_TYPE,PEDESTRIAN_ACCIDENT,BICYCLE_ACCIDENT,MOTORCYCLE_ACCIDENT,TRUCK_ACCIDENT,NOT_PRIVATE_PROPERTY,ALCOHOL_INVOLVED,STWD_VEHTYPE_AT_FAULT,CHP_VEHTYPE_AT_FAULT,COUNT_SEVERE_INJ,COUNT_VISIBLE_INJ,COUNT_COMPLAINT_PAIN,COUNT_PED_KILLED,COUNT_PED_INJURED,COUNT_BICYCLIST_KILLED,COUNT_BICYCLIST_INJURED,COUNT_MC_KILLED,COUNT_MC_INJURED,PRIMARY_RAMP,SECONDARY_RAMP,LATITUDE,LONGITUDE,COUNTY,CITY,POINT_X,POINT_Y
8749041,2018,2018-12-13,1942,2018-10-17,1650,39088,1351,3,5,7,1942,0,0,0,M,0,4A3,"BROADWAY ST","43RD ST",0.00,,Y,A,-,N,,,,,,,,,,N,3,0,2,3,A,-,10,21950,A,N,G,B,B,A,H,-,A,A,0,Y,,,,Y,,-,,0,2,0,0,2,0,0,0,0,"- ","- ",,,"LOS ANGELES","LOS ANGELES",-118.27837371826172,34.005588531494141
8749045,2018,2019-01-15,1942,2018-10-18,0750,43319,1345,4,5,7,1942,0,0,0,M,0,13A75,"41ST ST","HOOPER AV",0.00,,Y,A,-,N,,,,,,,,,,N,4,0,1,2,A,-,10,21950,A,N,G,B,B,-,H,-,A,A,0,Y,,,,Y,,-,,0,0,1,0,1,0,0,0,0,"- ","- ",,,"LOS ANGELES","LOS ANGELES",-118.25213623046875,34.009281158447266
8749323,2018,2018-12-18,1942,2018-09-13,0735,42770,1834,4,5,7,1942,0,0,0,R,0,18A17,"108TH ST","AVALON BL",2.00,N,N,A,-,N,,,,,,,,,,Y,4,0,1,2,A,-,10,21950,A,F,G,B,B,A,H,-,A,A,0,Y,,,,Y,,A,01,0,0,1,0,1,0,0,0,0,"- ","- ",,,"LOS ANGELES","LOS ANGELES",-118.26519775390625,33.938278198242188
8749327,2018,2018-12-18,1942,2018-09-07,1450,43331,0513,5,5,7,1942,0,0,0,E,0,5A15,"PACIFIC COAST HWY","VERMONT AV",0.00,,Y,A,-,N,,,,,,,,,,N,3,0,1,2,A,-,11,21456,B,N,G,B,B,A,H,-,A,A,0,Y,,,,Y,,N,60,0,1,0,0,1,0,0,0,0,"- ","- ",,,"LOS ANGELES","LOS ANGELES",-118.29174041748047,33.791011810302734
8749825,2018,2019-01-07,1942,2018-08-26,1800,43175,1446,7,5,7,1942,0,0,0,N,0,14A67,"VENICE BL","INGLEWOOD BL",0.00,,Y,A,-,N,,,,,,,,,,N,4,0,1,2,A,-,10,21950,A,F,G,B,B,A,H,-,A,A,0,Y,,,,Y,,-,99,0,0,1,0,1,0,0,0,0,"- ","- ",,,"LOS ANGELES","LOS ANGELES",-118.42899322509766,34.006259918212891
8750058,2018,2019-01-24,1942,2018-11-04,1145,41143,50H,7,5,7,1942,0,0,0,,0,3X72,"GARTHWAITE AV","11TH AV",500.00,N,N,A,-,N,,,,,,,,,,N,3,0,1,2,A,-,17,21235,G,F,G,B,F,A,-,-,A,D,0,Y,,,,Y,,-,"- ",0,1,0,0,1,0,0,0,0,"- ","- ",,,"LOS ANGELES","LOS ANGELES",,
8750068,2018,2018-12-07,1942,2018-10-31,0730,31713,1345,3,5,7,1942,0,0,0,M,0,13A27,"E 40TH PL","HOOPER AV",0.00,,Y,A,-,N,,,,,,,,,,N,4,0,2,3,A,-,10,21950,A,N,G,B,B,A,H,-,A,D,0,Y,,,,Y,,D,22,0,0,2,0,2,0,0,0,0,"- ","- ",,,"LOS ANGELES","LOS ANGELES",-118.25214385986328,34.010219573974609
8750070,2018,2019-01-24,1942,2018-11-01,1940,43457,0334,4,5,7,1942,0,0,0,C,0,3A63,"CRENSHAW BL","29TH ST",0.00,,Y,A,-,N,,,,,,,,,,N,4,0,1,2,A,-,10,21950,A,F,-,B,B,A,H,-,C,D,0,Y,,,,Y,,-,99,0,0,1,0,1,0,0,0,0,"- ","- ",,,"LOS ANGELES","LOS ANGELES",-118.3351,34.02946
8750099,2018,2018-12-04,1942,2018-10-21,1314,33130,1331,7,5,7,1942,0,0,0,M,0,13A41,"E 29TH ST","MAPLE AV",7.00,E,N,A,-,N,,,,,,,,,,N,3,0,1,2,A,-,10,21950,A,N,G,B,B,A,H,-,A,A,0,Y,,,,Y,,A,01,0,1,0,0,1,0,0,0,0,"- ","- ",,,"LOS ANGELES","LOS ANGELES",-118.26692199707031,34.021080017089844
8750127,2018,2018-12-04,1942,2018-10-24,1930,43402,0464,3,5,7,1942,0,0,0,D,0,4A53,"4TH ST","ST LOUIS",60.00,E,N,A,-,N,,,,,,,,,,N,4,0,1,2,A,-,11,21954,A,N,G,B,C,A,H,-,B,A,0,Y,,,,Y,,N,60,0,0,1,0,1,0,0,0,0,"- ","- ",,,"LOS ANGELES","LOS ANGELES",-118.21527862548828,34.042171478271484
8750132,2018,2018-12-04,1942,2018-10-31,0855,42186,0111,3,5,7,1942,0,0,0,A,0,1A35,"COLLEGE ST","YALE ST",0.00,,Y,A,-,N,,,,,,,,,,N,3,0,1,2,A,-,10,21950,A,N,G,B,B,A,H,-,A,A,0,Y,,,,Y,,A,01,0,1,0,0,1,0,0,0,0,"- ","- ",,,"LOS ANGELES","LOS ANGELES",-118.23996734619141,34.064861297607422
8750138,2018,2018-12-05,1942,2018-10-31,0805,38502,0219,3,5,7,1942,0,0,0,B,0,2A39,"EAST EDGEWARE RD","KEMALL ST",90.00,E,N,A,-,N,,,,,,,,,,N,3,0,1,2,A,-,21,22106,,N,G,B,E,A,H,-,A,D,0,Y,,,,Y,,A,01,0,1,0,0,1,0,0,0,0,"- ","- ",,,"LOS ANGELES","LOS ANGELES",,
8750262,2018,2018-12-05,1942,2018-11-20,2340,32372,1651,2,5,7,1942,0,0,0,P,0,16A23,"LAUREL CANYON BL","OSBORNE ST",490.00,N,N,A,-,N,,,,,,,,,,N,3,0,1,2,A,-,11,21954,A,F,G,B,D,A,H,-,C,D,0,Y,,,,Y,,N,60,0,1,0,0,1,0,0,0,0,"- ","- ",,,"LOS ANGELES","LOS ANGELES",-118.42060852050781,34.247890472412109
8750471,2018,2018-12-07,1942,2018-10-04,1220,35046,1252,4,5,7,1942,0,0,0,L,0,12A3,"CRENSHAW BL","73RD ST",85.00,S,N,A,-,N,,,,,,,,,,N,4,0,1,2,A,-,11,21954,A,N,G,B,D,A,H,-,A,D,0,Y,,,,Y,,A,01,0,0,1,0,1,0,0,0,0,"- ","- ",,,"LOS ANGELES","LOS ANGELES",,
8750669,2018,2018-12-07,1942,2018-10-16,0730,41629,0479,2,5,7,1942,0,0,0,D,0,4A97,"PERCY ST","ESPERANZA ST",253.00,W,N,A,-,N,,,,,,,,,,N,3,0,1,2,A,-,11,21954,A,N,G,B,E,A,H,-,A,D,0,Y,,,,Y,,N,60,0,1,0,0,1,0,0,0,0,"- ","- ",,,"LOS ANGELES","LOS ANGELES",-118.19615173339844,34.0269775390625
8750693,2018,2018-12-07,1942,2018-10-31,0615,42293,1801,3,5,7,1942,0,0,0,R,0,25T27,"W 92ND ST","S FIGUEROA ST",0.00,,Y,E,-,N,,,,,,,,,,N,3,0,1,2,A,-,10,21950,A,F,G,B,B,A,H,-,B,A,0,Y,,,,Y,,-,99,0,1,0,0,1,0,0,0,0,"- ","- ",,,"LOS ANGELES","LOS ANGELES",-118.28270721435547,33.952808380126953
8750752,2018,2019-05-02,1942,2018-11-23,1730,36733,1681,5,5,7,1942,0,0,0,P,0,17TL18,"LAUREL CANYON BL","PEORIA ST",342.00,S,N,A,-,N,,,,,,,,,,N,1,1,0,2,A,-,11,21954,A,F,G,B,D,A,H,-,D,D,0,Y,,,,Y,,N,60,0,0,0,1,0,0,0,0,0,"- ","- ",,,"LOS ANGELES","LOS ANGELES",-118.39679718017578,34.225223541259766
8750787,2018,2019-01-31,1942,2018-11-07,1900,40924,1219,3,5,7,1942,0,0,0,L,0,12A51,"SLAUSON AV","RT 110",0.00,,Y,A,-,Y,LA,7,110,-,-,17.877,R,3,S,N,3,0,1,2,A,-,10,21950,C,F,G,B,B,A,H,-,C,A,0,Y,,,,Y,,-,99,0,1,0,0,1,0,0,0,0,"- ",SO,,,"LOS ANGELES","LOS ANGELES",-118.28061676025391,33.987754821777344
8750799,2018,2018-12-21,1942,2018-11-09,1835,43555,1263,5,5,7,1942,0,0,0,L,0,12A15,"83RD ST",WESTERN,0.00,,Y,A,-,N,,,,,,,,,,N,4,0,1,2,A,-,10,21950,A,F,G,B,B,A,H,-,C,A,0,Y,,,,Y,Y,-,99,0,0,1,0,1,0,0,0,0,"- ","- ",,,"LOS ANGELES","LOS ANGELES",-118.30901336669922,33.963649749755859
8750904,2018,2019-01-25,1942,2018-11-06,1630,43311,1269,2,5,7,1942,0,0,0,L,0,18A44,"AVALON BL","84TH ST",0.00,,Y,A,-,N,,,,,,,,,,N,3,0,1,2,A,-,10,21950,,F,H,B,D,A,H,-,A,D,0,Y,,,,Y,Y,-,99,0,1,0,0,1,0,0,0,0,"- ","- ",,,"LOS ANGELES","LOS ANGELES",-118.26513671875,33.962848663330078
8750959,2018,2019-01-25,1942,2018-11-20,1810,39745,1834,2,5,7,1942,0,0,0,R,0,18A34,"S CENTRAL AV","E 109TH ST",0.00,,Y,A,-,N,,,,,,,,,,N,2,0,1,2,A,-,03,22350,,F,G,B,B,A,H,-,C,D,0,Y,,,,Y,,-,99,1,0,0,0,1,0,0,0,0,"- ","- ",,,"LOS ANGELES","LOS ANGELES",-118.25421142578125,33.936790466308594
8750973,2018,2019-01-18,1942,2018-11-06,1410,42514,1766,2,5,7,1942,0,0,0,Q,0,17A99,"WILBUR AV","LASSEN ST",0.00,,Y,A,-,N,,,,,,,,,,N,3,0,1,2,A,-,10,21950,A,N,G,B,B,A,H,-,A,A,0,Y,,,,Y,,A,01,0,1,0,0,1,0,0,0,0,"- ","- ",,,"LOS ANGELES","LOS ANGELES",-118.54483795166016,34.25
8751043,2018,2018-12-12,1942,2018-10-25,1850,37511,0679,4,5,7,1942,0,0,0,F,0,6A79,"N NORMANDIE AV","MONROE ST",0.00,,Y,A,-,N,,,,,,,,,,Y,4,0,1,2,A,-,10,21950,A,N,G,B,B,A,H,-,C,D,0,Y,,,,Y,,A,01,0,0,1,0,1,0,0,0,0,"- ","- ",,,"LOS ANGELES","LOS ANGELES",-118.30046081542969,34.085590362548828
8751050,2018,2019-01-16,1942,2018-11-16,0930,37724,1824,5,5,7,1942,0,0,0,R,0,18A34,"E 96TH ST","CENTRAL AV",5.00,E,N,A,-,N,,,,,,,,,,N,4,0,1,2,A,-,10,21950,A,N,G,B,B,A,H,-,A,A,0,Y,,,,Y,,A,01,0,0,1,0,1,0,0,0,0,"- ","- ",,,"LOS ANGELES","LOS ANGELES",-118.25404357910156,33.949260711669922
8751051,2018,2018-12-12,1942,2018-10-31,2325,42324,1798,3,5,7,1942,0,0,0,Q,0,17EL3,"HASKELL AV","PARTHENIA ST",0.00,,Y,A,-,N,,,,,,,,,,N,2,0,1,2,A,-,10,21950,C,N,G,B,B,A,H,-,C,A,0,Y,,,,Y,,A,01,1,0,0,0,1,0,0,0,0,"- ","- ",,,"LOS ANGELES","LOS ANGELES",-118.47640228271484,34.228321075439453
8751064,2018,2018-12-11,1942,2018-10-29,2010,30631,1205,1,5,7,1942,0,0,0,L,0,12X4,"NORMANDIE AV","49TH ST",0.00,,Y,A,-,N,,,,,,,,,,N,4,0,1,2,A,-,10,21950,A,N,G,B,B,A,H,-,C,D,0,Y,,,,Y,,A,07,0,0,1,0,1,0,0,0,0,"- ","- ",,,"LOS ANGELES","LOS ANGELES",-118.30019378662109,33.999141693115234
8751078,2018,2019-01-16,1942,2018-11-04,1815,37743,1258,7,5,7,1942,0,0,0,L,0,12X52,"76TH ST","MAIN ST",100.00,E,N,A,-,N,,,,,,,,,,N,3,0,1,3,A,-,03,22350,,N,B,E,-,A,H,-,C,D,0,Y,,,,Y,,A,07,0,1,0,0,1,0,0,0,0,"- ","- ",,,"LOS ANGELES","LOS ANGELES",-118.27359771728516,33.971298217773438
8751087,2018,2018-12-12,1942,2018-10-20,0700,36664,1412,6,5,7,1942,0,0,0,N,0,14A11,"OZONE AV",SPEEDWAY,20.00,W,N,A,-,N,,,,,,,,,,N,4,0,1,2,A,-,21,22106,,N,G,B,E,A,H,-,A,D,0,Y,,,,Y,,A,08,0,0,1,0,1,0,0,0,0,"- ","- ",,,"LOS ANGELES","LOS ANGELES",-118.48074340820312,33.995429992675781
8751090,2018,2019-03-25,1942,2018-11-24,1550,43257,0409,6,5,7,1942,0,0,0,D,0,4A56,"HUNTINGTON DR N","ALHAMBRA AV",0.00,,Y,A,-,N,,,,,,,,,,N,3,0,1,2,A,-,10,21950,,F,G,B,B,A,H,-,A,A,0,Y,,,,Y,,-,99,0,1,0,0,1,0,0,0,0,"- ","- ",,,"LOS ANGELES","LOS ANGELES",-118.15521240234375,34.09857177734375
8751091,2018,2018-12-12,1942,2018-10-23,2300,38090,1499,2,5,7,1942,0,0,0,N,0,6T7,"S LA CIENEGA BL","111TH ST",525.00,S,N,A,-,N,,,,,,,,,,N,3,0,1,2,A,-,11,21954,A,N,G,B,D,A,H,-,C,D,0,Y,,,,Y,Y,N,60,0,1,0,0,1,0,0,0,0,"- ","- ",,,"LOS ANGELES","LOS ANGELES",-118.3701171875,33.933128356933594
8751095,2018,2018-12-12,1942,2018-10-04,1150,41003,0806,4,5,7,1942,0,0,0,H,0,8T26,"CHALON RD","TARCUTO WY",500.00,E,N,A,-,N,,,,,,,,,,N,3,0,1,2,A,-,03,22350,,N,G,-,E,A,H,-,A,D,0,Y,,,,Y,,A,08,0,1,0,0,1,0,0,0,0,"- ","- ",,,"LOS ANGELES","LOS ANGELES",-118.45509338378906,34.082778930664062
8751098,2018,2019-01-16,1942,2018-11-01,2350,43373,0464,4,5,7,1942,0,0,0,D,0,4A71,"CHICAGO ST","4TH ST",0.00,,Y,A,-,N,,,,,,,,,,N,4,0,1,2,A,-,10,21950,A,F,G,B,B,A,H,-,C,A,0,Y,,,,Y,Y,-,99,0,0,1,0,1,0,0,0,0,"- ","- ",,,"LOS ANGELES","LOS ANGELES",-118.21424102783203,34.041721343994141
8751120,2018,2018-12-11,1942,2018-10-31,1645,30830,1668,3,5,7,1942,0,0,0,P,0,16A59,"VALMONT ST","VALAHO DR",150.00,E,N,A,-,N,,,,,,,,,,N,4,0,2,3,C,-,18,,,N,B,E,E,A,H,-,A,D,0,Y,,,,Y,,-,"- ",0,0,2,0,1,0,0,0,0,"- ","- ",,,"LOS ANGELES","LOS ANGELES",-118.29588317871094,34.252346038818359
8751422,2018,2018-12-07,1942,2018-10-13,0638,31152,1324,6,5,7,1942,0,0,0,M,0,13A27,"CENTRAL AV","23RD ST",12.00,N,N,B,-,N,,,,,,,,,,N,3,0,1,2,A,-,11,21954,A,N,G,B,D,B,H,-,C,A,0,Y,,,,Y,,N,60,0,1,0,0,1,0,0,0,0,"- ","- ",,,"LOS ANGELES","LOS ANGELES",-118.25383758544922,34.020866394042969
8751468,2018,2018-12-07,1942,2018-10-29,0800,33311,0461,1,5,7,1942,0,0,0,D,0,4A71,"CLARENCE ST","3RD ST",10.00,S,N,A,-,N,,,,,,,,,,N,4,0,2,3,A,-,10,21950,A,N,G,B,B,A,H,-,A,D,0,Y,,,,Y,,A,01,0,0,2,0,2,0,0,0,0,"- ","- ",,,"LOS ANGELES","LOS ANGELES",-118.22429656982422,34.045150756835938
8751472,2018,2018-12-07,1942,2018-10-31,0435,43265,467,3,5,7,1942,0,0,0,,0,467,"SOTO ST","4TH ST",250.00,S,N,A,-,N,,,,,,,,,,N,3,0,1,2,A,-,10,21950,C,N,G,B,D,A,H,-,C,D,0,Y,,,,Y,,A,01,0,1,0,0,1,0,0,0,0,"- ","- ",,,"LOS ANGELES","LOS ANGELES",-118.21215057373047,34.040012359619141
8752025,2018,2018-12-17,1942,2018-10-26,2244,42927,0451,5,5,7,1942,0,0,0,D,0,HOBK,"MISSION RD",ALISO,0.00,,Y,A,-,N,,,,,,,,,,N,4,0,1,2,A,-,10,21950,A,F,G,B,B,A,H,-,C,A,0,Y,,,,Y,,-,99,0,0,1,0,1,0,0,0,0,"- ","- ",,,"LOS ANGELES","LOS ANGELES",-118.22669982910156,34.052410125732422
8752310,2018,2018-12-27,1942,2018-11-07,1950,43421,LAPD,3,5,7,1942,0,0,0,,0,10A99,"RESEDA BL","VENTURA BL",0.00,,Y,A,-,N,,,,,,,,,,N,4,0,1,2,A,-,10,21954,,N,G,B,D,A,H,-,C,A,0,Y,,,,Y,,N,60,0,0,1,0,1,0,0,0,0,"- ","- ",,,"LOS ANGELES","LOS ANGELES",-118.53607940673828,34.168758392333984
8752414,2018,2018-12-11,1942,2018-11-23,1520,39745,0354,5,5,7,1942,0,0,0,C,0,3A55,"JEFFERSON BL","4TH AV",160.00,W,N,A,-,N,,,,,,,,,,N,3,0,1,3,A,-,13,22515,A,N,G,B,E,A,H,-,A,D,0,Y,,,,Y,,A,01,0,1,0,0,1,0,0,0,0,"- ","- ",,,"LOS ANGELES","LOS ANGELES",-118.32177734375,34.025562286376953
8752449,2018,2018-12-12,1942,2018-11-19,1745,37146,0337,1,5,7,1942,0,0,0,C,0,25TL22,"JEFFERSON BL","HOBART BL",5.00,W,N,A,-,N,,,,,,,,,,N,3,0,1,2,A,-,10,21950,A,N,G,B,B,A,H,-,C,A,0,Y,,,,Y,,A,07,0,1,0,0,1,0,0,0,0,"- ","- ",,,"LOS ANGELES","LOS ANGELES",-118.30783843994141,34.025558471679688
8752561,2018,2019-01-19,1942,2018-11-26,1514,39930,0705,1,5,7,1942,0,0,0,G,0,7A1,"CLINTON ST","N LA BREA AV",0.00,,Y,A,-,N,,,,,,,,,,N,4,0,1,2,A,-,10,21950,A,N,G,B,B,A,H,-,A,A,0,Y,,,,Y,,A,07,0,0,1,0,1,0,0,0,0,"- ","- ",,,"LOS ANGELES","LOS ANGELES",-118.34406280517578,34.081851959228516
8752593,2018,2019-01-19,1942,2018-11-08,1820,41982,0775,4,5,7,1942,0,0,0,G,0,7A64,"RIMPAU BL","SAINT CHARLES PL",0.00,,-,A,-,N,,,,,,,,,,N,4,0,1,2,A,-,10,21950,A,N,G,-,D,A,H,-,C,-,0,Y,,,,Y,Y,A,01,0,0,1,0,1,0,0,0,0,"- ","- ",,,"LOS ANGELES","LOS ANGELES",-118.34078979492188,34.045761108398438
8752602,2018,2019-01-22,1942,2018-11-10,1105,35945,0735,6,5,7,1942,0,0,0,G,0,7A33,"S RIDGELEY DR","6TH ST",25.00,S,N,A,-,N,,,,,,,,,,N,3,0,1,2,A,-,11,21954,A,N,G,B,D,A,H,-,A,D,0,Y,,,,Y,,N,60,0,1,0,0,1,0,0,0,0,"- ","- ",,,"LOS ANGELES","LOS ANGELES",-118.35041809082031,34.064811706542969
8752625,2018,2019-01-19,1942,2018-11-15,2340,37511,0834,4,5,7,1942,0,0,0,H,0,8A29,"WILSHIRE BL","SELBY AV",5.00,W,N,A,-,N,,,,,,,,,,N,3,0,1,2,A,-,11,21456,B,F,G,B,B,A,H,-,C,A,0,Y,,,,Y,,N,60,0,1,0,0,1,0,0,0,0,"- ","- ",,,"LOS ANGELES","LOS ANGELES",-118.43798828125,34.060356140136719
8752633,2018,2019-01-19,1942,2018-11-10,1300,41370,0701,6,5,7,1942,0,0,0,G,0,7A1,"ALFRED ST","MELROSE ST",70.00,N,N,A,-,N,,,,,,,,,,N,4,0,1,2,A,-,21,22106,,F,G,B,F,A,H,-,A,D,0,Y,,,,Y,,-,99,0,0,1,0,1,0,0,0,0,"- ","- ",,,"LOS ANGELES","LOS ANGELES",-118.37531280517578,34.083812713623047
8752637,2018,2019-01-19,1942,2018-11-06,1920,43454,0702,2,5,7,1942,0,0,0,G,0,7A02,"MELROSE AV","GENESEE AV",0.00,,Y,A,-,N,,,,,,,,,,N,2,0,1,2,A,-,10,21950,,N,A,B,B,A,H,-,C,D,0,Y,,,,Y,,A,01,1,0,0,0,1,0,0,0,0,"- ","- ",,,"LOS ANGELES","LOS ANGELES",-118.35842895507812,34.083759307861328
8752979,2018,2019-01-03,1942,2018-11-20,1950,40325,1383,2,5,7,1942,0,0,0,M,0,13A93,BROADWAY,"61ST ST",56.00,N,N,A,-,N,,,,,,,,,,N,2,0,1,2,A,-,11,21954,A,N,G,B,D,A,H,-,C,A,0,Y,,,,Y,Y,N,60,1,0,0,0,1,0,0,0,0,"- ","- ",,,"LOS ANGELES","LOS ANGELES",,
8753416,2018,2018-12-26,1942,2018-12-07,1005,41704,0393,5,5,7,1942,0,0,0,C,0,25TL22,"VERNON AV","CRENSHAW BL",20.00,W,N,A,-,N,,,,,,,,,,N,4,0,1,2,A,-,10,21950,A,F,B,B,B,A,H,-,A,A,0,Y,,,,Y,,-,99,0,0,1,0,1,0,0,0,0,"- ","- ",,,"LOS ANGELES","LOS ANGELES",-118.33202362060547,34.003593444824219
8756003,2018,2019-01-02,1942,2018-11-11,1540,42469,0904,7,5,7,1942,0,0,0,I,0,9A5,"WOODMAN PL","WOODMAN AV",0.00,,Y,A,-,N,,,,,,,,,,Y,3,0,2,3,A,-,10,21950,A,N,G,B,-,A,H,-,A,A,0,Y,,,,Y,,A,01,0,2,0,0,2,0,0,0,0,"- ","- ",,,"LOS ANGELES","LOS ANGELES",-118.43125915527344,34.207160949707031
8756008,2018,2019-01-19,1942,2018-11-02,1630,35481,0994,5,5,7,1942,0,0,0,I,0,9A89,"OAKFIELD DR","MILLBROOK DR",700.00,S,N,A,-,N,,,,,,,,,,N,4,0,1,2,A,-,10,21954,B,N,G,B,E,A,H,-,A,D,0,Y,,,,Y,,A,01,0,0,1,0,1,0,0,0,0,"- ","- ",,,"LOS ANGELES","LOS ANGELES",-118.44614410400391,34.142562866210938
8756036,2018,2019-01-19,1942,2018-11-22,0115,38119,1559,4,5,7,1942,0,0,0,O,0,15A27,"AUCKLAND AV","MAGNOLIA BL",50.00,S,N,C,-,N,,,,,,,,,,N,3,0,1,2,A,-,11,21954,A,N,G,B,E,B,H,-,C,D,0,Y,,,,Y,,N,60,0,1,0,0,1,0,0,0,0,"- ","- ",,,"LOS ANGELES","LOS ANGELES",-118.36042022705078,34.164772033691406
8756042,2018,2018-12-13,1942,2018-11-23,1925,38956,1966,5,5,7,1942,0,0,0,,0,19A75,"VAN NUYS BL","TUPPER ST",180.00,N,N,A,-,N,,,,,,,,,,N,4,0,1,2,A,-,08,22107,,F,G,B,E,A,H,-,C,D,0,Y,,,,Y,,-,99,0,0,1,0,1,0,0,0,0,"- ","- ",,,"LOS ANGELES","LOS ANGELES",-118.45023345947266,34.239513397216797
8756046,2018,2018-12-13,1942,2018-11-14,0735,39217,1999,3,5,7,1942,0,0,0,,0,19A93,"WOODMAN AV","LANARK ST",0.00,,Y,A,-,N,,,,,,,,,,N,3,0,1,2,A,-,10,21950,A,F,G,-,B,A,H,-,A,A,0,Y,,,,Y,,-,99,0,1,0,0,1,0,0,0,0,"- ","- ",,,"LOS ANGELES","LOS ANGELES",-118.43209838867188,34.219478607177734
8756066,2018,2018-12-13,1942,2018-11-26,1325,37080,0952,1,5,7,1942,0,0,0,I,0,9A41,"MAGNOLIA BL","KESTER AV",330.00,E,N,A,-,N,,,,,,,,,,N,3,0,1,2,A,-,11,21954,A,F,G,B,D,A,H,-,A,D,0,Y,,,,Y,,N,60,0,1,0,0,1,0,0,0,0,"- ","- ",,,"LOS ANGELES","LOS ANGELES",-118.45632171630859,34.16485595703125
8756067,2018,2019-01-02,1942,2018-11-02,0820,27792,0941,5,5,7,1942,0,0,0,I,0,9A41,"KESTER AV","OXNARD ST",23.00,N,N,A,-,N,,,,,,,,,,N,2,0,1,2,A,-,10,21950,A,N,G,B,-,A,H,-,A,A,0,Y,,,,Y,,A,01,1,0,0,0,1,0,0,0,0,"- ","- ",,,"LOS ANGELES","LOS ANGELES",-118.45744323730469,34.179454803466797
8756072,2018,2019-01-19,1942,2018-11-24,1235,42066,1981,6,5,7,1942,0,0,0,,0,19A61,"CHASE ST",SEPULVEDA,400.00,W,N,A,-,N,,,,,,,,,,N,4,0,1,2,D,-,00,,,F,G,B,E,A,H,-,A,D,0,Y,,,,Y,,-,"- ",0,0,1,0,1,0,0,0,0,"- ","- ",,,"LOS ANGELES","LOS ANGELES",-118.46903228759766,34.224651336669922
8756082,2018,2019-01-18,1942,2018-11-13,2125,36271,1781,2,5,7,1942,0,0,0,Q,0,17A81,"WINNETKA AV","NORDHOFF ST",0.00,,Y,A,-,N,,,,,,,,,,N,4,0,1,2,A,-,10,21950,A,N,G,B,B,A,H,-,C,A,0,Y,,,,Y,,A,01,0,0,1,0,1,0,0,0,0,"- ","- ",,,"LOS ANGELES","LOS ANGELES",-118.57106018066406,34.231800079345703
8756178,2018,2018-12-13,1942,2018-10-23,2500,39022,0858,2,5,7,1942,0,0,0,H,0,8A95,"S LA PEER DR","PICO BL",75.00,N,N,A,-,N,,,,,,,,,,N,2,0,1,2,A,-,21,22106,,F,G,B,F,A,H,-,A,D,0,Y,,,,Y,,-,99,1,0,0,0,1,0,0,0,0,"- ","- ",,,"LOS ANGELES","LOS ANGELES",-118.38682556152344,34.055465698242188
8756475,2018,2018-12-17,1942,2018-11-14,1115,40165,0939,3,5,7,1942,0,0,0,I,0,9A37,"ETHEL AV","BURBANK BL",0.00,,Y,A,-,N,,,,,,,,,,N,3,0,1,2,A,-,10,21950,A,N,G,B,B,A,H,-,A,A,0,Y,,,,Y,,A,01,0,1,0,0,1,0,0,0,0,"- ","- ",,,"LOS ANGELES","LOS ANGELES",-118.41815948486328,34.172130584716797
8756594,2018,2018-12-10,1942,2018-10-23,2015,41780,0636,2,5,7,1942,0,0,0,F,0,0615,FRANKLIN,VINE,0.00,,Y,A,-,N,,,,,,,,,,N,2,0,1,2,A,-,11,21954,A,F,A,B,E,A,H,-,C,A,0,Y,,,,Y,,N,60,1,0,0,0,1,0,0,0,0,"- ","- ",,,"LOS ANGELES","LOS ANGELES",-118.32672119140625,34.105228424072266