CASE_ID,ACCIDENT_YEAR,PROC_DATE,JURIS,COLLISION_DATE,COLLISION_TIME,OFFICER_ID,REPORTING_DISTRICT,DAY_OF_WEEK,CHP_SHIFT,POPULATION,CNTY_CITY_LOC,SPECIAL_COND,BEAT_TYPE,CHP_BEAT_TYPE,CITY_DIVISION_LAPD,CHP_BEAT_CLASS,BEAT_NUMBER,PRIMARY_RD,SECONDARY_RD,DISTANCE,DIRECTION,INTERSECTION,WEATHER_1,WEATHER_2,STATE_HWY_IND,CALTRANS_COUNTY,CALTRANS_DISTRICT,STATE_ROUTE,ROUTE_SUFFIX,POSTMILE_PREFIX,POSTMILE,LOCATION_TYPE,RAMP_INTERSECTION,SIDE_OF_HWY,TOW_AWAY,COLLISION_SEVERITY,NUMBER_KILLED,NUMBER_INJURED,PARTY_COUNT,PRIMARY_COLL_FACTOR,PCF_CODE_OF_VIOL,PCF_VIOL_CATEGORY,PCF_VIOLATION,PCF_VIOL_SUBSECTION,HIT_AND_RUN,TYPE_OF_COLLISION,MVIW,PED_ACTION,ROAD_SURFACE,ROAD_COND_1,ROAD_COND_2,LIGHTING,CONTROL_DEVICE,CHP_ROAD_TYPE,PEDESTRIAN_ACCIDENT,BICYCLE_ACCIDENT,MOTORCYCLE_ACCIDENT,TRUCK_ACCIDENT,NOT_PRIVATE_PROPERTY,ALCOHOL_INVOLVED,STWD_VEHTYPE_AT_FAULT,CHP_VEHTYPE_AT_FAULT,COUNT_SEVERE_INJ,COUNT_VISIBLE_INJ,COUNT_COMPLAINT_PAIN,COUNT_PED_KILLED,COUNT_PED_INJURED,COUNT_BICYCLIST_KILLED,COUNT_BICYCLIST_INJURED,COUNT_MC_KILLED,COUNT_MC_INJURED,PRIMARY_RAMP,SECONDARY_RAMP,LATITUDE,LONGITUDE,COUNTY,CITY,POINT_X,POINT_Y
8757155,2018,2018-12-20,1942,2018-11-05,1050,34458,1394,1,5,7,1942,0,0,0,M,0,13A93,"E 70TH ST","SAN PEDRO ST",5.00,E,N,A,-,N,,,,,,,,,,N,3,0,1,2,A,-,10,21950,A,N,G,B,B,A,H,-,A,D,0,Y,,,Y,Y,,F,21,0,1,0,0,1,0,0,0,0,"- ","- ",,,"LOS ANGELES","LOS ANGELES",-118.26955413818359,33.976161956787109
8757238,2018,2018-12-17,1942,2018-11-01,2310,25115,1394,4,5,7,1942,0,0,0,M,0,13A93,"E GAGE AV","SAN PEDRO ST",75.00,W,N,A,-,N,,,,,,,,,,N,3,0,1,2,A,-,11,21954,A,N,G,B,D,A,H,-,C,D,0,Y,,,,Y,,N,60,0,1,0,0,1,0,0,0,0,"- ","- ",,,"LOS ANGELES","LOS ANGELES",-118.26982879638672,33.982440948486328
8757332,2018,2018-12-17,1942,2018-11-30,1710,37146,0308,5,5,7,1942,0,0,0,C,0,25TL22,"S UNION AV","22ND ST",80.00,N,N,A,-,N,,,,,,,,,,N,4,0,1,2,A,-,11,21956,A,N,G,B,D,A,H,-,C,D,0,Y,,,,Y,,N,60,0,0,1,0,1,0,0,0,0,"- ","- ",,,"LOS ANGELES","LOS ANGELES",-118.28279876708984,34.035923004150391
8757716,2018,2019-01-30,1942,2018-12-02,1405,40452,2056,7,5,7,1942,0,0,0,,0,20A69,"S VERMONT AV","12TH ST",100.00,S,N,A,-,N,,,,,,,,,,N,4,0,2,2,A,-,11,21954,A,N,G,B,D,A,H,-,A,A,0,Y,,,,Y,,N,60,0,0,2,0,1,0,0,0,0,"- ","- ",,,"LOS ANGELES","LOS ANGELES",-118.29161071777344,34.048847198486328
8757739,2018,2019-05-08,1942,2018-11-17,1322,43133,0397,6,5,7,1942,0,0,0,C,0,3A28,"W 41ST PL","S BUDLONG AV",0.00,,Y,A,-,N,,,,,,,,,,Y,2,0,1,2,A,-,03,22350,,F,G,B,F,A,H,-,A,D,0,Y,,,,Y,,A,01,1,0,0,0,1,0,0,0,0,"- ","- ",,,"LOS ANGELES","LOS ANGELES",-118.2958984375,34.008201599121094
8758037,2018,2019-01-25,1942,2018-12-02,1400,41973,1267,7,5,7,1942,0,0,0,L,0,12A67,"W 83RD ST","S VERMONT AV",0.00,,Y,A,-,N,,,,,,,,,,N,4,0,1,2,A,-,08,22107,,N,G,B,B,A,H,-,A,A,0,Y,,,,Y,,A,01,0,0,1,0,1,0,0,0,0,"- ","- ",,,"LOS ANGELES","LOS ANGELES",-118.29183197021484,33.963649749755859
8758135,2018,2019-01-25,1942,2018-12-08,2030,38956,1039,6,5,7,1942,0,0,0,J,0,10A39,"DENSMORE AV","VANOWEN ST",0.00,,Y,A,-,N,,,,,,,,,,N,4,0,1,2,A,-,08,22107,,F,G,B,B,A,H,-,D,D,0,Y,,,,Y,,-,99,0,0,1,0,1,0,0,0,0,"- ","- ",,,"LOS ANGELES","LOS ANGELES",-118.47723388671875,34.193920135498047
8758147,2018,2019-01-25,1942,2018-12-05,1905,38947,1063,3,5,7,1942,0,0,0,J,0,10A83,"VENTURA BL","AVENIDA ORIENTE AV",192.00,W,N,C,-,N,,,,,,,,,,N,3,0,1,2,A,-,11,21954,A,F,G,B,D,B,H,-,C,D,0,Y,,,,Y,,N,60,0,1,0,0,1,0,0,0,0,"- ","- ",,,"LOS ANGELES","LOS ANGELES",-118.53224945068359,34.167243957519531
8758825,2018,2018-12-21,1942,2018-11-09,1532,43072,0855,5,5,7,1942,0,0,0,H,0,8A35,MASSACHUSETTS,CAMEDEN,5.00,W,N,A,-,N,,,,,,,,,,N,4,0,1,2,A,-,10,21950,A,N,A,B,B,A,H,-,A,D,0,Y,,,,Y,,A,01,0,0,1,0,1,0,0,0,0,"- ","- ",,,"LOS ANGELES","LOS ANGELES",-118.44392395019531,34.050132751464844
8758843,2018,2018-12-19,1942,2018-10-12,2355,39342,1488,5,5,7,1942,0,0,0,N,0,14A67,"AIRPORT BL","98TH ST",0.00,,Y,C,-,N,,,,,,,,,,N,4,0,1,2,A,-,10,21950,A,F,G,B,B,B,H,-,C,A,0,Y,,,,Y,,-,99,0,0,1,0,1,0,0,0,0,"- ","- ",,,"LOS ANGELES","LOS ANGELES",-118.385986328125,33.947341918945312
8758892,2018,2018-12-21,1942,2018-11-04,1510,43251,1412,7,5,7,1942,0,0,0,N,0,14A11,"SPEED WY","ROSE AV",0.00,,Y,A,-,N,,,,,,,,,,N,4,0,1,2,A,-,11,21954,A,F,G,-,E,A,H,-,A,A,0,Y,,,,Y,,N,60,0,0,1,0,1,0,0,0,0,"- ","- ",,,"LOS ANGELES","LOS ANGELES",-118.48011016845703,33.994888305664062
8759803,2018,2019-01-07,1942,2018-11-30,0615,36553,1406,5,5,7,1942,0,0,0,N,0,14A27,"VENICE BL","KEYSTONE AV",27.00,W,N,A,-,N,,,,,,,,,,N,3,0,1,2,A,-,21,22106,,N,G,B,E,A,H,-,B,D,0,Y,,,Y,Y,,F,26,0,1,0,0,1,0,0,0,0,"- ","- ",,,"LOS ANGELES","LOS ANGELES",-118.40621185302734,34.019229888916016
8760420,2018,2018-12-27,1942,2018-10-25,0630,36911,1846,4,5,7,1942,0,0,0,R,0,18A35,"E IMPERIAL HWY","COMPTON AV",160.00,W,N,B,-,N,,,,,,,,,,N,2,0,1,2,A,-,11,21956,A,F,-,B,E,A,H,-,C,D,0,Y,,,,Y,,N,60,1,0,0,0,1,0,0,0,0,"- ","- ",,,"LOS ANGELES","LOS ANGELES",-118.24680328369141,33.929489135742188
8760562,2018,2019-01-29,1942,2018-12-11,0720,38326,1621,2,5,7,1942,0,0,0,P,0,16A11,"LAUREL CANYON BL","MERCER ST",9.00,N,N,A,-,N,,,,,,,,,,N,2,0,1,2,A,-,10,21954,B,F,G,B,B,A,H,-,A,A,0,Y,,,,Y,,-,99,1,0,0,0,1,0,0,0,0,"- ","- ",,,"LOS ANGELES","LOS ANGELES",-118.43373107910156,34.260318756103516
8760641,2018,2018-12-28,1942,2018-11-21,1230,39013,0147,3,5,7,1942,0,0,0,A,0,1A35,"SAN JULIAN ST","5TH ST",15.00,S,N,A,-,N,,,,,,,,,,N,4,0,1,2,A,-,08,22107,,M,G,B,F,A,H,-,A,D,0,Y,,,,Y,,-,99,0,0,1,0,1,0,0,0,0,"- ","- ",,,"LOS ANGELES","LOS ANGELES",-118.24498748779297,34.044563293457031
8760697,2018,2018-12-28,1942,2018-11-11,1440,41461,0139,7,5,7,1942,0,0,0,A,0,1A1W2,"1ST ST","ALAMEDA ST",0.00,,Y,A,-,N,,,,,,,,,,N,3,0,1,2,A,-,10,21950,A,N,G,B,B,A,H,-,A,A,0,Y,,,,Y,,A,01,0,1,0,0,1,0,0,0,0,"- ","- ",,,"LOS ANGELES","LOS ANGELES",-118.23812866210938,34.048988342285156
8760702,2018,2018-12-28,1942,2018-11-29,0800,39397,1842,4,5,7,1942,0,0,0,R,0,18A41,"S SAN PEDRO ST","E 110TH ST",0.00,,Y,C,-,N,,,,,,,,,,N,3,0,1,2,A,-,10,21950,A,N,G,B,B,B,H,-,A,A,0,Y,,,,Y,,A,01,0,1,0,0,1,0,0,0,0,"- ","- ",,,"LOS ANGELES","LOS ANGELES",-118.26954650878906,33.935871124267578
8760710,2018,2018-12-28,1942,2018-11-30,2330,42069,1838,5,5,7,1942,0,0,0,R,0,18A49,"E 107TH ST","WILMINGTON AV",56.00,N,N,A,-,N,,,,,,,,,,Y,2,0,1,2,A,-,11,21954,A,F,A,B,D,A,H,-,C,A,0,Y,,,,Y,,N,60,1,0,0,0,1,0,0,0,0,"- ","- ",,,"LOS ANGELES","LOS ANGELES",-118.23903656005859,33.938949584960938
8760964,2018,2019-01-26,1942,2018-12-15,0750,39097,0529,6,5,7,1942,0,0,0,E,0,5A17,"ANAHEIM ST","BROAD AV",0.00,,Y,A,-,N,,,,,,,,,,N,3,0,1,2,A,-,10,21950,A,N,G,B,B,A,H,-,A,A,0,Y,,,,Y,,-,"- ",0,1,0,0,1,0,0,0,0,"- ","- ",,,"LOS ANGELES","LOS ANGELES",-118.26117706298828,33.780048370361328
8760972,2018,2019-01-26,1942,2018-12-12,2020,42084,517,3,5,7,1942,0,0,0,,0,5A15,"OPP ST","AVALON BL",40.00,E,N,A,-,N,,,,,,,,,,N,3,0,1,2,A,-,11,21956,A,N,G,B,D,A,H,-,C,A,0,Y,,,,Y,Y,N,60,0,1,0,0,1,0,0,0,0,"- ","- ",,,"LOS ANGELES","LOS ANGELES",-118.26268005371094,33.782928466796875
8761635,2018,2019-01-16,1942,2018-11-27,1725,36814,1309,2,5,7,1942,0,0,0,M,0,13A9,"S ALAMEDA ST","8TH ST",245.00,N,N,A,-,N,,,,,,,,,,N,2,0,1,2,A,-,11,21955,,N,G,B,D,A,H,-,C,D,0,Y,,,,Y,,N,60,1,0,0,0,1,0,0,0,0,"- ","- ",,,"LOS ANGELES","LOS ANGELES",-118.2388916015625,34.030719757080078
8761860,2018,2019-01-17,1942,2018-12-26,1530,34426,0111,3,5,7,1942,0,0,0,A,0,1A1,"COLLEGE ST","HILL ST",0.00,,Y,A,-,N,,,,,,,,,,N,4,0,1,2,A,-,10,21950,A,N,G,B,B,A,H,-,A,A,0,Y,,,,Y,,A,07,0,0,1,0,1,0,0,0,0,"- ","- ",,,"LOS ANGELES","LOS ANGELES",-118.23872375488281,34.064430236816406
8761901,2018,2019-01-17,1942,2018-11-22,0635,38357,0162,4,5,7,1942,0,0,0,A,0,1A61,"S HILL ST","W 7TH ST",0.00,,Y,A,-,N,,,,,,,,,,Y,2,0,3,3,A,-,09,21801,A,N,A,C,F,B,H,-,A,D,0,Y,,,,Y,,A,01,1,2,0,0,1,0,0,0,0,"- ","- ",,,"LOS ANGELES","LOS ANGELES",-118.25449371337891,34.045928955078125
8761905,2018,2019-01-17,1942,2018-11-14,1555,36238,1321,3,5,7,1942,0,0,0,M,0,13A13,"S LOS ANGELES ST","21ST ST",5.00,N,N,A,-,N,,,,,,,,,,N,4,0,1,2,A,-,10,21950,A,N,G,B,B,A,H,-,A,D,0,Y,,,,Y,,A,01,0,0,1,0,1,0,0,0,0,"- ","- ",,,"LOS ANGELES","LOS ANGELES",-118.26493072509766,34.028430938720703
8761909,2018,2019-01-17,1942,2018-11-16,1420,34426,1344,5,5,7,1942,0,0,0,M,0,13A43,"E 42ND ST","S CENTRAL AV",0.00,,Y,A,-,N,,,,,,,,,,N,4,0,1,2,A,-,10,21950,A,N,G,B,B,A,H,-,A,A,0,Y,,,,Y,,A,01,0,0,1,0,1,0,0,0,0,"- ","- ",,,"LOS ANGELES","LOS ANGELES",-118.25649261474609,34.007518768310547
8762108,2018,2019-02-04,1942,2018-01-26,0805,42144,1849,5,5,7,1942,0,0,0,R,0,18A49,"92ND ST",COMPTON,30.00,E,N,A,-,N,,,,,,,,,,N,4,0,1,2,A,-,11,21954,A,N,G,B,C,A,H,-,A,A,0,Y,,,,Y,,N,60,0,0,1,0,1,0,0,0,0,"- ","- ",,,"LOS ANGELES","LOS ANGELES",-118.24741363525391,33.953338623046875
8762272,2018,2019-01-07,1942,2018-12-12,0125,39022,0646,3,5,7,1942,0,0,0,F,0,6A63,"HOLLYWOOD BL","CHEROKEE AV",20.00,W,N,A,-,N,,,,,,,,,,N,2,0,1,2,A,-,11,21456,B,N,G,B,B,A,H,-,C,A,0,Y,,,,Y,,N,60,1,0,0,0,1,0,0,0,0,"- ","- ",,,"LOS ANGELES","LOS ANGELES",-118.3350830078125,34.101570129394531
8762275,2018,2019-01-07,1942,2018-12-16,0935,34959,0644,7,5,7,1942,0,0,0,F,0,6A45,"FOUNTAIN AV","FULLER AV",0.00,,Y,A,-,N,,,,,,,,,,N,4,0,1,2,A,-,10,21950,A,N,G,B,B,A,H,-,A,D,0,Y,,,,Y,,A,07,0,0,1,0,1,0,0,0,0,"- ","- ",,,"LOS ANGELES","LOS ANGELES",-118.34953308105469,34.094371795654297
8762279,2018,2019-01-07,1942,2018-12-16,1340,34959,2046,7,5,7,1942,0,0,0,,0,20A45,"JAMES M WOOD BL","NEW HAMPSHIRE AV",0.00,,Y,A,-,N,,,,,,,,,,Y,3,0,1,2,A,-,10,21950,A,N,G,B,B,A,H,-,A,D,0,Y,,,,Y,,A,01,0,1,0,0,1,0,0,0,0,"- ","- ",,,"LOS ANGELES","LOS ANGELES",-118.29289,34.055950000000003
8762283,2018,2019-01-07,1942,2018-12-10,1920,43128,2005,1,5,7,1942,0,0,0,,0,20A53,"OAKWOOD AV","NORMANDIE PL",75.00,E,N,A,-,N,,,,,,,,,,N,4,0,1,2,A,-,11,21954,A,N,G,B,D,A,H,-,C,D,0,Y,,,,Y,,N,60,0,0,1,0,1,0,0,0,0,"- ","- ",,,"LOS ANGELES","LOS ANGELES",-118.30094909667969,34.077632904052734
8762824,2018,2019-01-28,1942,2018-12-03,1730,40690,0644,1,5,7,1942,0,0,0,F,0,6A45,"W SUNSET BL","ALTA VISTA BL",55.00,E,N,A,-,N,,,,,,,,,,Y,2,0,2,2,A,-,11,21954,A,N,G,B,D,A,H,-,C,A,0,Y,,Y,,Y,,N,60,2,0,0,0,1,0,0,0,1,"- ","- ",,,"LOS ANGELES","LOS ANGELES",-118.34687805175781,34.097988128662109
8762883,2018,2018-12-27,1942,2018-11-24,1800,42655,0841,6,5,7,1942,0,0,0,H,0,8A98,"BUNDY DR","TEXAS AV",0.00,,Y,A,-,N,,,,,,,,,,N,3,0,1,2,A,-,10,21950,,N,G,B,B,A,H,-,C,A,0,Y,,,,Y,,A,01,0,1,0,0,1,0,0,0,0,"- ","- ",,,"LOS ANGELES","LOS ANGELES",-118.46611022949219,34.042919158935547
8762904,2018,2018-12-27,1942,2018-11-29,0725,38282,0758,4,5,7,1942,0,0,0,G,0,7A47,"WEST BL","PICO BL",90.00,S,N,C,-,N,,,,,,,,,,N,4,0,1,2,A,-,11,21954,A,N,G,B,E,B,H,-,A,D,0,Y,,,,Y,,N,60,0,0,1,0,1,0,0,0,0,"- ","- ",,,"LOS ANGELES","LOS ANGELES",-118.33376312255859,34.048500061035156
8762927,2018,2018-12-21,1942,2018-11-24,2200,41081,0835,6,5,7,1942,0,0,0,H,0,8A59,"WESTWOOD BL","MASSACHUSETTS AV",500.00,S,N,A,-,N,,,,,,,,,,N,3,0,1,2,A,-,11,21954,A,N,G,B,D,A,H,-,C,D,0,Y,,,,Y,,N,60,0,1,0,0,1,0,0,0,0,"- ","- ",,,"LOS ANGELES","LOS ANGELES",-118.43782806396484,34.050727844238281
8763317,2018,2019-01-03,1942,2018-08-23,1525,43139,0328,4,5,7,1942,0,0,0,C,0,3A62,"FIGUEROA ST","28TH ST",0.00,,Y,A,-,N,,,,,,,,,,N,4,0,1,2,A,-,10,21950,A,N,G,B,B,A,H,-,A,A,0,Y,,,,Y,,A,01,0,0,1,0,1,0,0,0,0,"- ","- ",,,"LOS ANGELES","LOS ANGELES",-118.27735900878906,34.026088714599609
8763468,2018,2019-01-02,1942,2018-12-16,1730,41056,1863,7,5,7,1942,0,0,0,R,0,18A63,"S TOWNE AV","E IMPERIAL HWY",150.00,S,N,A,-,N,,,,,,,,,,N,2,0,1,2,A,-,11,21956,A,F,G,B,D,A,H,-,C,D,0,Y,,,,Y,,N,60,1,0,0,0,1,0,0,0,0,"- ","- ",,,"LOS ANGELES","LOS ANGELES",-118.26643371582031,33.930637359619141
8763487,2018,2019-01-02,1942,2018-12-06,0630,43173,77TH,4,5,7,1942,0,0,0,,0,12A31,"W FLORENCE AVE","S FIGUEROA ST",0.00,,Y,C,-,N,,,,,,,,,,N,4,0,1,2,A,-,10,21950,A,N,G,B,B,B,-,-,B,A,0,Y,,,,Y,,A,01,0,0,1,0,1,0,0,0,0,"- ","- ",,,"LOS ANGELES","LOS ANGELES",-118.28269958496094,33.974658966064453
8763538,2018,2018-12-28,1942,2018-12-03,1650,37700,2013,1,5,7,1942,0,0,0,,0,20A13,"W OXFORD AV","2ND ST",3.00,N,N,A,-,N,,,,,,,,,,N,4,0,1,2,A,-,10,21950,A,N,G,B,B,A,H,-,C,A,0,Y,,,,Y,,A,01,0,0,1,0,1,0,0,0,0,"- ","- ",,,"LOS ANGELES","LOS ANGELES",-118.30789184570312,34.071109771728516
8763551,2018,2018-12-28,1942,2018-12-11,2215,40690,1425,2,5,7,1942,0,0,0,N,0,14A25,"NATIONA BL","BUTLER AV",0.00,,Y,A,-,N,,,,,,,,,,N,4,0,1,2,A,-,10,21950,A,F,G,B,B,A,H,-,C,A,0,Y,,,,Y,,-,99,0,0,1,0,1,0,0,0,0,"- ","- ",,,"LOS ANGELES","LOS ANGELES",-118.43411254882812,34.024921417236328
8763591,2018,2018-12-28,1942,2018-12-14,2120,43217,0557,5,5,7,1942,0,0,0,E,0,5A55,"W 5TH ST","S PACIFIC AV",0.00,,Y,A,-,N,,,,,,,,,,N,2,0,1,2,A,-,10,21950,A,F,G,B,B,A,H,-,C,A,0,Y,,,,Y,,-,99,1,0,0,0,1,0,0,0,0,"- ","- ",,,"LOS ANGELES","LOS ANGELES",-118.28791046142578,33.739688873291016
8763692,2018,2019-01-03,1942,2018-11-23,1900,42451,2081,5,5,7,1942,0,0,0,,0,20A71,"18TH ST","WESTERN AV",110.00,W,N,A,-,N,,,,,,,,,,N,3,0,1,2,A,-,11,21954,A,N,G,B,D,A,H,-,C,D,0,Y,,,,Y,,N,60,0,1,0,0,1,0,0,0,0,"- ","- ",,,"LOS ANGELES","LOS ANGELES",-118.30939483642578,34.041736602783203
8763694,2018,2019-01-30,1942,2018-11-30,1420,37900,1464,5,5,7,1942,0,0,0,N,0,14A45,MILLENNIUM,"MCCONNELL AV",0.00,,Y,A,-,N,,,,,,,,,,N,4,0,1,2,A,-,11,21451,C,N,G,B,B,-,C,-,A,A,0,Y,,,,Y,,N,60,0,0,1,0,1,0,0,0,0,"- ","- ",,,"LOS ANGELES","LOS ANGELES",-118.41777801513672,33.975360870361328
8763712,2018,2019-01-03,1942,2018-11-29,0810,41795,0379,4,5,7,1942,0,0,0,C,0,3A99,"VERMONT AV","39TH ST",0.00,,Y,C,-,N,,,,,,,,,,N,4,0,1,2,A,-,08,22107,,F,G,B,B,B,-,-,A,A,0,Y,,,,Y,,-,"- ",0,0,1,0,1,0,0,0,0,"- ","- ",,,"LOS ANGELES","LOS ANGELES",,
8763765,2018,2019-01-02,1942,2018-11-26,1655,41797,0736,1,5,7,1942,0,0,0,G,0,7A84,"6TH ST","DETROIT ST",0.00,,Y,A,-,N,,,,,,,,,,N,3,0,1,2,A,-,10,21950,A,N,G,B,B,A,H,-,C,A,0,Y,,,,Y,,A,07,0,1,0,0,1,0,0,0,0,"- ","- ",,,"LOS ANGELES","LOS ANGELES",-118.34513854980469,34.06488037109375
8763810,2018,2019-01-02,1942,2018-11-29,2130,43224,1472,4,5,7,1942,0,0,0,N,0,14A73,"MANCHESTER AV","EMERSON AV",0.00,,Y,C,-,N,,,,,,,,,,N,4,0,1,2,A,-,10,21950,A,N,G,B,B,B,H,-,C,A,0,Y,,,,Y,,A,07,0,0,1,0,1,0,0,0,0,"- ","- ",,,"LOS ANGELES","LOS ANGELES",-118.40440368652344,33.959880828857422
8763829,2018,2019-01-02,1942,2018-11-29,0850,43101,0376,4,5,7,1942,0,0,0,C,0,3A57,WESTERN,"39TH ST",0.00,,Y,C,-,N,,,,,,,,,,N,4,0,1,2,A,-,10,21950,A,F,G,B,B,B,H,-,A,A,0,Y,,,,Y,,-,99,0,0,1,0,1,0,0,0,0,"- ","- ",,,"LOS ANGELES","LOS ANGELES",-118.30890655517578,34.014598846435547
8764107,2018,2019-01-11,1942,2018-12-12,1700,38469,1028,3,5,7,1942,0,0,0,J,0,10X98,"BALBOA BL","VANOWEN ST",2.00,N,N,A,-,N,,,,,,,,,,N,2,0,2,3,A,-,10,21950,A,F,D,B,B,A,H,-,C,A,0,Y,,,,Y,Y,-,99,1,0,1,0,2,0,0,0,0,"- ","- ",,,"LOS ANGELES","LOS ANGELES",-118.50112152099609,34.193904876708984
8764449,2018,2019-01-07,1942,2018-10-07,1710,43506,645,7,5,7,1942,0,0,0,,0,6A22,"HAWTHORN AV","HIGHLAND AV",100.00,E,N,A,-,N,,,,,,,,,,N,4,0,1,2,A,-,10,21950,,N,B,B,E,A,H,-,A,D,0,Y,,,,Y,,A,01,0,0,1,0,1,0,0,0,0,"- ","- ",,,"LOS ANGELES","LOS ANGELES",-118.33836364746094,34.100540161132812
8764805,2018,2019-01-10,1942,2018-12-14,1052,27792,2115,5,5,7,1942,0,0,0,,0,21A5,"OWENSMOUTH AV","ROSCOE BL",13.00,N,N,A,-,N,,,,,,,,,,N,3,0,1,2,A,-,10,21950,A,N,G,B,B,A,H,-,A,A,0,Y,,,,Y,,J,48,0,1,0,0,1,0,0,0,0,"- ","- ",,,"LOS ANGELES","LOS ANGELES",-118.60163116455078,34.219764709472656
8764920,2018,2019-02-05,1942,2018-11-24,2315,42818,2118,6,5,7,1942,0,0,0,,0,21A29,"ROSCOE BL","OSO AV",162.00,W,N,A,-,N,,,,,,,,,,N,2,0,1,2,A,-,21,22106,,N,G,B,E,A,H,-,C,D,0,Y,,,,Y,,J,48,1,0,0,0,1,0,0,0,0,"- ","- ",,,"LOS ANGELES","LOS ANGELES",-118.57596588134766,34.220172882080078
8765365,2018,2018-12-31,1942,2018-10-16,1830,42434,"LOS A",2,5,7,1942,0,0,0,,0,1258,"MAIN ST","76TH PL",0.00,,Y,A,-,N,,,,,,,,,,N,2,0,1,2,A,-,10,21950,A,F,G,B,B,A,H,-,B,D,0,Y,,,,Y,,-,99,1,0,0,0,1,0,0,0,0,"- ","- ",,,"LOS ANGELES","LOS ANGELES",-118.27391815185547,33.970458984375
8765519,2018,2019-02-14,1942,2018-11-21,1712,38264,1675,3,5,7,1942,0,0,0,P,0,0W2,"PENROSE ST","RT 5",135.00,E,N,A,-,Y,LA,7,5,-,-,34.105,R,4,N,N,2,0,1,2,A,-,11,21956,A,N,G,B,E,A,-,-,D,D,0,Y,,,,Y,,N,60,1,0,0,0,1,0,0,0,0,"- ","- ",,,"LOS ANGELES","LOS ANGELES",-118.37309265136719,34.224613189697266
8765693,2018,2019-01-29,1942,2018-12-07,1840,42118,1215,5,5,7,1942,0,0,0,L,0,12A15,"W 77TH ST","N NORMANDIE AV",0.00,,Y,A,-,N,,,,,,,,,,N,4,0,1,2,A,-,10,21950,A,N,G,B,B,A,H,-,C,D,0,Y,,,,Y,,A,07,0,0,1,0,1,0,0,0,0,"- ","- ",,,"LOS ANGELES","LOS ANGELES",-118.30030822753906,33.970199584960938
8765804,2018,2019-01-07,1942,2018-11-07,1425,40099,1141,3,5,7,1942,0,0,0,K,0,11A1,"N VERMONT AV","FINLEY AV",1.00,S,N,A,-,N,,,,,,,,,,N,3,0,1,3,A,-,10,21950,A,N,G,B,B,A,H,-,A,A,0,Y,,,,Y,,A,01,0,1,0,0,1,0,0,0,0,"- ","- ",,,"LOS ANGELES","LOS ANGELES",-118.29180145263672,34.107677459716797
8765832,2018,2019-01-17,1942,2018-10-22,0800,43282,1371,1,5,7,1942,0,0,0,M,0,13A63,"FLORENCE AV","SAN PEDRO ST",0.00,,Y,A,-,N,,,,,,,,,,N,4,0,1,2,A,-,10,21950,C,F,G,B,F,A,-,-,A,A,0,Y,,,,Y,,-,99,0,0,1,0,1,0,0,0,0,"- ","- ",,,"LOS ANGELES","LOS ANGELES",-118.26956939697266,33.974689483642578
8766073,2018,2019-01-04,1942,2018-11-29,2000,41575,1214,4,5,7,1942,0,0,0,L,0,12X4,"FIGUEROA AV","54TH ST",0.00,,Y,C,-,N,,,,,,,,,,N,4,0,1,2,A,-,10,21950,A,N,A,B,B,B,-,-,C,A,0,Y,,,,Y,,-,"- ",0,0,1,0,1,0,0,0,0,"- ","- ",,,"LOS ANGELES","LOS ANGELES",-118.28267669677734,33.993289947509766
8766076,2018,2019-01-10,1942,2018-11-04,1100,39395,0491,7,5,7,1942,0,0,0,D,0,4A97,"E OLYMPIC BL","SOTO ST",95.00,W,N,A,-,N,,,,,,,,,,N,3,0,8,9,A,-,03,22350,,N,C,C,F,A,H,-,A,D,0,Y,,,,Y,,D,22,0,4,4,0,6,0,0,0,0,"- ","- ",,,"LOS ANGELES","LOS ANGELES",-118.22012329101562,34.024391174316406
8766093,2018,2019-01-02,1942,2018-10-23,2000,43335,0299,2,5,7,1942,0,0,0,B,0,2A47,"ALBANY ST","PICO BL",74.00,S,N,A,-,N,,,,,,,,,,N,4,0,1,2,A,-,21,22106,,N,G,A,E,A,H,-,C,D,0,Y,,,,Y,,A,01,0,0,1,0,1,0,0,0,0,"- ","- ",,,"LOS ANGELES","LOS ANGELES",-118.27411651611328,34.04315185546875
8766097,2018,2019-01-02,1942,2018-10-06,2032,43244,0212,6,5,7,1942,0,0,0,B,0,2A39,VIRGIL,"CLINTON AV",21.00,N,N,A,-,N,,,,,,,,,,N,3,0,1,2,A,-,11,21950,B,N,G,B,D,A,H,-,C,A,0,Y,,,,Y,,N,60,0,1,0,0,1,0,0,0,0,"- ","- ",,,"LOS ANGELES","LOS ANGELES",-118.28682708740234,34.081836700439453
8766113,2018,2019-01-03,1942,2018-10-31,1830,43468,1351,3,5,7,1942,0,0,0,M,0,1A2,"W 40TH PL","BROADWAY PL",0.00,,Y,A,-,N,,,,,,,,,,N,3,0,1,2,A,-,10,21950,A,F,G,B,B,A,H,-,C,-,0,Y,,,,Y,,-,99,0,1,0,0,1,0,0,0,0,"- ","- ",,,"LOS ANGELES","LOS ANGELES",-118.27835845947266,34.0101318359375