CASE_ID,ACCIDENT_YEAR,PROC_DATE,JURIS,COLLISION_DATE,COLLISION_TIME,OFFICER_ID,REPORTING_DISTRICT,DAY_OF_WEEK,CHP_SHIFT,POPULATION,CNTY_CITY_LOC,SPECIAL_COND,BEAT_TYPE,CHP_BEAT_TYPE,CITY_DIVISION_LAPD,CHP_BEAT_CLASS,BEAT_NUMBER,PRIMARY_RD,SECONDARY_RD,DISTANCE,DIRECTION,INTERSECTION,WEATHER_1,WEATHER_2,STATE_HWY_IND,CALTRANS_COUNTY,CALTRANS_DISTRICT,STATE_ROUTE,ROUTE_SUFFIX,POSTMILE_PREFIX,POSTMILE,LOCATION_TYPE,RAMP_INTERSECTION,SIDE_OF_HWY,TOW_AWAY,COLLISION_SEVERITY,NUMBER_KILLED,NUMBER_INJURED,PARTY_COUNT,PRIMARY_COLL_FACTOR,PCF_CODE_OF_VIOL,PCF_VIOL_CATEGORY,PCF_VIOLATION,PCF_VIOL_SUBSECTION,HIT_AND_RUN,TYPE_OF_COLLISION,MVIW,PED_ACTION,ROAD_SURFACE,ROAD_COND_1,ROAD_COND_2,LIGHTING,CONTROL_DEVICE,CHP_ROAD_TYPE,PEDESTRIAN_ACCIDENT,BICYCLE_ACCIDENT,MOTORCYCLE_ACCIDENT,TRUCK_ACCIDENT,NOT_PRIVATE_PROPERTY,ALCOHOL_INVOLVED,STWD_VEHTYPE_AT_FAULT,CHP_VEHTYPE_AT_FAULT,COUNT_SEVERE_INJ,COUNT_VISIBLE_INJ,COUNT_COMPLAINT_PAIN,COUNT_PED_KILLED,COUNT_PED_INJURED,COUNT_BICYCLIST_KILLED,COUNT_BICYCLIST_INJURED,COUNT_MC_KILLED,COUNT_MC_INJURED,PRIMARY_RAMP,SECONDARY_RAMP,LATITUDE,LONGITUDE,COUNTY,CITY,POINT_X,POINT_Y
8766156,2018,2019-01-07,1942,2018-12-05,1355,3714,0308,3,5,7,1942,0,0,0,C,0,25TL22,"S UNION AV","21ST ST",12.00,N,N,C,-,N,,,,,,,,,,N,4,0,1,2,A,-,10,21950,A,N,G,B,B,B,H,-,A,A,0,Y,,,,Y,,A,01,0,0,1,0,1,0,0,0,0,"- ","- ",,,"LOS ANGELES","LOS ANGELES",-118.28242492675781,34.036548614501953
8766169,2018,2019-01-15,1942,2018-10-27,0950,31271,1125,6,5,7,1942,0,0,0,K,0,11A25,"AVENUE 50","BUCHANAN ST",0.00,,Y,A,-,N,,,,,,,,,,N,4,0,1,2,A,-,10,21950,A,N,G,B,B,A,H,-,A,A,0,Y,,,,Y,,A,01,0,0,1,0,1,0,0,0,0,"- ","- ",,,"LOS ANGELES","LOS ANGELES",-118.20738983154297,34.119701385498047
8766190,2018,2019-01-03,1942,2018-10-23,1710,43125,1342,2,5,7,1942,0,0,0,M,0,0LA,"MAIN ST",35TH,0.00,,Y,A,-,N,,,,,,,,,,N,3,0,1,2,A,-,17,21454,A,N,A,B,D,A,H,-,A,D,0,Y,,,,Y,,N,60,0,1,0,0,1,0,0,0,0,"- ","- ",,,"LOS ANGELES","LOS ANGELES",-118.27346038818359,34.017391204833984
8766206,2018,2019-01-14,1942,2018-10-10,2000,36326,1361,3,5,7,1942,0,0,0,M,0,13A85,"GRAND AV","VERNON AV",65.00,S,N,A,-,N,,,,,,,,,,N,3,0,1,2,A,-,11,21956,A,N,A,B,E,A,H,-,C,D,0,Y,,,,Y,,N,60,0,1,0,0,1,0,0,0,0,"- ","- ",,,"LOS ANGELES","LOS ANGELES",-118.28054046630859,34.003593444824219
8766357,2018,2019-01-07,1942,2018-11-15,0750,43153,1613,4,5,7,1942,0,0,0,P,0,16A23,"VAN NUYS BL",BORDEN,5.00,N,N,A,-,N,,,,,,,,,,N,3,0,1,2,A,-,10,21950,A,N,G,B,B,A,H,-,A,D,0,Y,,,,Y,,A,01,0,1,0,0,1,0,0,0,0,"- ","- ",,,"LOS ANGELES","LOS ANGELES",-118.40840911865234,34.276088714599609
8766463,2018,2019-01-03,1942,2018-12-03,2025,42926,1383,1,5,7,1942,0,0,0,M,0,13A93,"E SLAUSON AV","S LOS ANGELES ST",70.00,,N,A,-,N,,,,,,,,,,N,2,0,1,2,A,-,11,21955,,N,G,B,D,A,H,-,C,-,0,Y,,,,Y,,N,60,1,0,0,0,1,0,0,0,0,"- ","- ",,,"LOS ANGELES","LOS ANGELES",-118.27055358886719,33.989219665527344
8766625,2018,2018-12-27,1942,2018-11-26,1350,37900,0817,1,5,7,1942,0,0,0,H,0,8A29,"WESTWOOD BL","WEYBURN AV",325.00,S,N,A,-,N,,,,,,,,,,N,3,0,1,2,A,-,10,21950,A,F,G,B,C,-,H,-,A,A,0,Y,,,,Y,,-,99,0,1,0,0,1,0,0,0,0,"- ","- ",,,"LOS ANGELES","LOS ANGELES",-118.44545745849609,34.061679840087891
8766693,2018,2019-01-28,1942,2018-12-03,1320,43405,2021,1,5,7,1942,0,0,0,,0,20A45,"WILTON PL","4TH ST",0.00,,Y,A,-,N,,,,,,,,,,N,4,0,1,2,A,-,12,21453,A,N,G,B,B,A,H,-,A,A,0,Y,,,,Y,,N,60,0,0,1,0,1,0,0,0,0,"- ","- ",,,"LOS ANGELES","LOS ANGELES",-118.3140869140625,34.067131042480469
8766732,2018,2019-01-03,1942,2018-11-19,1100,43500,1942,1,5,7,1942,0,0,0,,0,14A13,"HOWARD B DROLLINGER WY","SEPULVEDA BL",10.00,E,N,B,-,N,,,,,,,,,,N,4,0,1,2,A,-,21,22106,,N,G,B,E,A,H,-,A,A,0,Y,,,,Y,,A,01,0,0,1,0,1,0,0,0,0,"- ","- ",,,"LOS ANGELES","LOS ANGELES",,
8766748,2018,2019-01-08,1942,2018-12-09,1450,35267,2056,7,5,7,1942,0,0,0,,0,20A69,"W PICO BL","CATALINA AV",160.00,W,N,A,-,N,,,,,,,,,,N,3,0,1,2,A,-,10,21952,,F,G,B,F,A,H,-,A,D,0,Y,,,,Y,,-,99,0,1,0,0,1,0,0,0,0,"- ","- ",,,"LOS ANGELES","LOS ANGELES",-118.29524993896484,34.047271728515625
8766775,2018,2019-01-03,1942,2018-11-02,1220,43508,0738,5,5,7,1942,0,0,0,G,0,7A47,"6TH ST","MCCADDEN AV",0.00,,Y,A,-,N,,,,,,,,,,N,3,0,1,2,A,-,10,21950,A,N,G,B,B,A,H,-,A,A,0,Y,,,,Y,,A,01,0,1,0,0,1,0,0,0,0,"- ","- ",,,"LOS ANGELES","LOS ANGELES",-118.337158203125,34.064918518066406
8766787,2018,2019-01-03,1942,2018-11-19,1750,38459,1415,1,5,7,1942,0,0,0,N,0,14A26,"ROSE AV","LINCOLN BL",340.00,E,N,B,-,N,,,,,,,,,,Y,4,0,1,2,A,-,11,21954,A,N,G,B,D,A,H,-,D,A,0,Y,,,,Y,,N,60,0,0,1,0,1,0,0,0,0,"- ","- ",,,"LOS ANGELES","LOS ANGELES",-118.46690368652344,34.001842498779297
8766795,2018,2019-01-03,1942,2018-11-16,1955,43452,1494,5,5,7,1942,0,0,0,N,0,14A73,"VICKSBURG AV","W CENTURY BL",5.00,N,N,A,-,N,,,,,,,,,,N,4,0,1,2,A,-,10,21950,A,N,G,B,B,A,H,-,C,A,0,Y,,,,Y,,A,01,0,0,1,0,1,0,0,0,0,"- ","- ",,,"LOS ANGELES","LOS ANGELES",-118.39395141601562,33.945625305175781
8766964,2018,2019-01-02,1942,2018-11-29,2045,42861,0762,4,5,7,1942,0,0,0,G,0,7A69,"LA CIENEGA BL","AIRDROME ST",250.00,S,N,A,-,N,,,,,,,,,,N,4,0,1,2,A,-,11,21954,A,N,G,B,D,B,H,-,C,D,0,Y,,,,Y,,N,60,0,0,1,0,1,0,0,0,0,"- ","- ",,,"LOS ANGELES","LOS ANGELES",-118.37635040283203,34.046421051025391
8766972,2018,2019-01-02,1942,2018-11-22,1920,43274,"LOS A",4,5,7,1942,0,0,0,,0,7A76,"6TH AV","VENICE BL",0.00,,Y,B,-,N,,,,,,,,,,N,4,0,1,2,A,-,10,21950,A,N,G,B,B,A,H,-,C,A,0,Y,,,,Y,,A,01,0,0,1,0,1,0,0,0,0,"- ","- ",,,"LOS ANGELES","LOS ANGELES",-118.32367706298828,34.043571472167969
8766984,2018,2019-01-02,1942,2018-11-21,1755,43383,762,3,5,7,1942,0,0,0,,0,7A64,"S BURNSIDE AV","WASHINGTON BL",420.00,S,N,A,-,N,,,,,,,,,,N,4,0,1,2,A,-,03,22350,,N,G,B,D,A,H,-,C,A,0,Y,,,,Y,,A,01,0,0,1,0,1,0,0,0,0,"- ","- ",,,"LOS ANGELES","LOS ANGELES",-118.35777282714844,34.040409088134766
8767201,2018,2019-01-08,1942,2018-11-02,1845,41852,1622,5,5,7,1942,0,0,0,P,0,16X78,"VAN NUYS","SAN FERNANDO",20.00,W,N,A,-,N,,,,,,,,,,,2,0,1,2,A,-,05,21650,1,N,G,B,D,A,H,-,C,D,0,Y,,,,Y,,A,01,1,0,0,0,1,0,0,0,0,"- ","- ",,,"LOS ANGELES","LOS ANGELES",-118.42215728759766,34.266063690185547
8767231,2018,2018-12-28,1942,2018-11-12,1435,43427,1527,1,5,7,1942,0,0,0,O,0,15A44,"VICTORY BL","VINELAND AV",0.00,,Y,-,-,N,,,,,,,,,,,4,0,1,2,A,-,11,21456,B,N,G,B,B,A,H,-,A,A,0,Y,,,,Y,,N,60,0,0,1,0,1,0,0,0,0,"- ","- ",,,"LOS ANGELES","LOS ANGELES",-118.37030792236328,34.186691284179688
8767272,2018,2018-12-28,1942,2018-11-16,1125,36121,1591,5,5,7,1942,0,0,0,O,0,15A85,"VENTURA BL","RHODES AV",7.00,E,N,A,-,N,,,,,,,,,,N,3,0,1,2,A,-,10,21950,A,N,G,B,B,A,H,-,A,D,0,Y,,,,Y,,N,60,0,1,0,0,1,0,0,0,0,"- ","- ",,,"LOS ANGELES","LOS ANGELES",-118.40301513671875,34.142871856689453
8767299,2018,2019-01-02,1942,2018-11-30,1710,40398,0914,5,5,7,1942,0,0,0,I,0,9A23,"SEPULVEDA BL","SHERMAN WY",330.00,S,N,A,-,N,,,,,,,,,,N,2,0,1,2,A,-,11,21954,A,N,G,B,D,A,H,-,B,A,0,Y,,Y,,Y,,N,60,1,0,0,0,1,0,0,0,0,"- ","- ",,,"LOS ANGELES","LOS ANGELES",-118.46620178222656,34.200344085693359
8767502,2018,2019-01-30,1942,2018-12-13,0750,30452,2118,4,5,7,1942,0,0,0,,0,21A29,"ARMINTA ST","SUNNY BRAE AV",0.00,,Y,A,-,N,,,,,,,,,,N,2,0,1,2,A,-,10,21950,A,N,G,B,B,A,H,-,A,A,0,Y,,,,Y,,A,01,1,0,0,0,1,0,0,0,0,"- ","- ",,,"LOS ANGELES","LOS ANGELES",-118.58083343505859,34.213329315185547
8767747,2018,2019-01-08,1942,2018-11-11,1830,42618,1954,7,5,7,1942,0,0,0,,0,19EL4,"SEPULVEDA BL","SAN JOSE ST",0.00,,Y,A,-,N,,,,,,,,,,N,3,0,1,2,A,-,10,21950,A,N,G,B,B,A,H,-,C,D,0,Y,,,,Y,,A,01,0,1,0,0,1,0,0,0,0,"- ","- ",,,"LOS ANGELES","LOS ANGELES",-118.46743774414062,34.260898590087891
8767962,2018,2020-05-26,1942,2018-12-24,0545,30452,0915,1,5,7,1942,0,0,0,I,0,9A19,"SHERMAN WY","KATHERINE AV",300.00,E,N,A,-,N,,,,,,,,,,N,1,1,0,2,A,-,11,21954,A,N,G,B,E,A,H,-,C,D,0,Y,,,Y,Y,Y,N,60,0,0,0,1,0,0,0,0,0,"- ","- ",,,"LOS ANGELES","LOS ANGELES",-118.44223022460938,34.201221466064453
8768324,2018,2019-01-04,1942,2018-11-09,1200,41842,0443,5,5,7,1942,0,0,0,D,0,4A12,MARENGO,BRITTANIA,0.00,,Y,A,-,N,,,,,,,,,,N,4,0,1,2,A,-,10,21950,A,N,G,B,B,A,H,-,A,A,0,Y,,,,Y,,A,01,0,0,1,0,1,0,0,0,0,"- ","- ",,,"LOS ANGELES","LOS ANGELES",-118.20841979980469,34.057071685791016
8768372,2018,2019-01-04,1942,2018-11-13,0830,34168,0236,2,5,7,1942,0,0,0,B,0,236,"BONNIE BRAE ST","BEVERLY BL",3.00,S,N,A,-,N,,,,,,,,,,N,4,0,1,2,A,-,10,21950,A,N,H,B,B,A,H,-,A,A,0,Y,,,,Y,,A,01,0,0,1,0,1,0,0,0,0,"- ","- ",,,"LOS ANGELES","LOS ANGELES",-118.26799011230469,34.065631866455078
8768409,2018,2019-01-03,1942,2018-11-11,1545,34426,0218,7,5,7,1942,0,0,0,B,0,2A39,"BELLEVUE AV","ECHO PARK AV",0.00,,Y,A,-,N,,,,,,,,,,N,4,0,1,2,A,-,10,21950,A,N,G,B,B,A,H,-,A,A,0,Y,,,,Y,,A,07,0,0,1,0,1,0,0,0,0,"- ","- ",,,"LOS ANGELES","LOS ANGELES",-118.25955200195312,34.069831848144531
8768513,2018,2019-01-26,1942,2018-12-09,1410,41514,0932,7,5,7,1942,0,0,0,I,0,9A23,"COLUMBUS AV","VICTORY BL",5.00,N,N,A,-,N,,,,,,,,,,N,3,0,1,2,A,-,10,21950,A,N,G,B,B,A,H,-,A,A,0,Y,,,,Y,,A,01,0,1,0,0,1,0,0,0,0,"- ","- ",,,"LOS ANGELES","LOS ANGELES",-118.46401214599609,34.186672210693359
8768546,2018,2019-01-26,1942,2018-12-26,1908,25907,1792,3,5,7,1942,0,0,0,Q,0,,"ROSCOE BL","TUNNEY AV",92.00,W,N,A,-,N,,,,,,,,,,N,2,0,1,2,A,-,11,21954,A,N,G,B,D,A,H,-,C,D,0,Y,,,,Y,,N,60,1,0,0,0,1,0,0,0,0,"- ","- ",,,"LOS ANGELES","LOS ANGELES",-118.55714416503906,34.220428466796875
8768883,2018,2019-01-10,1942,2018-10-15,2000,42224,NEWT,1,5,7,1942,0,0,0,,0,13A85,"60TH ST","CENTRAL AV",0.00,,N,A,-,N,,,,,,,,,,N,4,0,1,2,A,-,10,21950,A,F,A,B,B,A,H,-,E,-,0,Y,,,,Y,,-,99,0,0,1,0,1,0,0,0,0,"- ","- ",,,"LOS ANGELES","LOS ANGELES",-118.25646209716797,33.985698699951172
8768930,2018,2019-01-10,1942,2018-10-23,1545,33950,1163,2,5,7,1942,0,0,0,K,0,11A51,"FOUNTAIN AV","L RON HUBBARD WY",3.00,E,N,A,-,N,,,,,,,,,,N,4,0,1,2,A,-,10,21950,A,F,G,B,B,A,H,-,A,A,0,Y,,,,Y,,-,99,0,0,1,0,1,0,0,0,0,"- ","- ",,,"LOS ANGELES","LOS ANGELES",-118.29395294189453,34.095458984375
8768938,2018,2019-01-10,1942,2018-10-30,2020,35291,1163,2,5,7,1942,0,0,0,K,0,11A51,"SANTA MONICA BL","NEW HAMPSHIRE AV",130.00,E,N,A,-,N,,,,,,,,,,N,2,0,1,2,A,-,11,21954,A,N,G,B,D,A,H,-,C,D,0,Y,,,,Y,Y,N,60,1,0,0,0,1,0,0,0,0,"- ","- ",,,"LOS ANGELES","LOS ANGELES",-118.29238128662109,34.090869903564453
8769331,2018,2019-01-29,1942,2018-12-08,1625,34426,1303,6,5,7,1942,0,0,0,M,0,13A13,"MYRTLE ST","PICO BL",0.00,,Y,A,-,N,,,,,,,,,,N,4,0,1,2,A,-,10,21950,A,N,G,B,B,A,H,-,A,A,0,Y,,,,Y,,D,22,0,0,1,0,1,0,0,0,0,"- ","- ",,,"LOS ANGELES","LOS ANGELES",-118.25575256347656,34.033748626708984
8770451,2018,2019-02-05,1942,2018-01-27,2145,41921,0529,6,5,7,1942,0,0,0,E,0,5XL3,"ANAHEIM ST","PIONEER BL",92.00,E,N,A,-,N,,,,,,,,,,Y,2,0,1,2,A,-,11,21954,A,N,D,G,-,A,H,-,A,A,0,Y,,,,Y,,N,60,1,0,0,0,1,0,0,0,0,"- ","- ",,,"LOS ANGELES","LOS ANGELES",-118.24811553955078,33.780750274658203
8770475,2018,2019-02-05,1942,2018-02-12,2250,42889,0529,1,5,7,1942,0,0,0,E,0,5A25,"EUBANK AV","E ST",0.00,,Y,C,-,N,,,,,,,,,,N,2,0,1,2,A,-,12,22450,A,F,G,-,-,B,H,-,C,D,0,Y,,,,Y,,-,99,1,0,0,0,1,0,0,0,0,"- ","- ",,,"LOS ANGELES","LOS ANGELES",-118.25433349609375,33.776050567626953
8771821,2018,2019-01-12,1942,2018-12-09,2030,43480,0632,7,5,7,1942,0,0,0,F,0,6A48,FAIRFAX,"HOLLYWOOD BL",130.00,S,N,A,G,N,,,,,,,,,,N,3,0,1,2,A,-,11,21954,A,N,G,B,D,A,H,-,D,D,0,Y,,,,Y,Y,N,60,0,1,0,0,1,0,0,0,0,"- ","- ",,,"LOS ANGELES","LOS ANGELES",-118.361572265625,34.100944519042969
8772132,2018,2019-01-29,1942,2018-12-06,1040,31669,566,4,5,7,1942,0,0,0,,0,25TL29,"PACIFIC AV","11TH ST",0.00,,Y,C,-,N,,,,,,,,,,N,3,0,1,2,A,-,10,21950,,N,G,B,B,B,H,-,A,A,0,Y,,,,Y,,D,22,0,1,0,0,1,0,0,0,0,"- ","- ",,,"LOS ANGELES","LOS ANGELES",-118.28794097900391,33.734218597412109
8772211,2018,2019-01-10,1942,2018-12-04,1045,37078,1061,2,5,7,1942,0,0,0,J,0,10A39,"VENTURA BL","TAMPA AV",3.00,N,N,A,-,N,,,,,,,,,,N,2,0,1,2,A,-,10,21950,A,N,G,B,B,A,H,-,A,A,0,Y,,,,Y,,A,01,1,0,0,0,1,0,0,0,0,"- ","- ",,,"LOS ANGELES","LOS ANGELES",-118.553466796875,34.172641754150391
8772251,2018,2019-01-14,1942,2018-11-21,0910,31324,1153,3,5,7,1942,0,0,0,K,0,11A1,"FERN DELL DR","LOS FELIZ BL",0.00,,Y,A,-,N,,,,,,,,,,N,3,0,1,2,A,-,10,21950,A,N,G,B,B,A,H,-,A,A,0,Y,,,,Y,,A,07,0,1,0,0,1,0,0,0,0,"- ","- ",,,"LOS ANGELES","LOS ANGELES",-118.307861328125,34.108081817626953
8772274,2018,2019-01-14,1942,2018-11-20,1925,43402,0421,2,5,7,1942,0,0,0,D,0,4A6,"S AVENUE 19",BROADWAY,200.00,S,N,A,-,N,,,,,,,,,,N,3,0,1,2,A,-,11,21955,,N,G,B,D,A,H,-,C,A,0,Y,,,,Y,,N,60,0,1,0,0,1,0,0,0,0,"- ","- ",,,"LOS ANGELES","LOS ANGELES",-118.22100067138672,34.071647644042969
8772279,2018,2019-01-14,1942,2018-11-30,1635,35230,0457,5,5,7,1942,0,0,0,D,0,4A53,"CINCINNATI ST","SOTO ST",100.00,E,N,A,-,N,,,,,,,,,,Y,4,0,1,2,A,-,21,22106,,N,G,B,D,A,H,-,A,D,0,Y,,,,Y,,A,08,0,0,1,0,1,0,0,0,0,"- ","- ",,,"LOS ANGELES","LOS ANGELES",-118.20693206787109,34.047611236572266
8772282,2018,2019-01-14,1942,2018-11-19,1730,43137,"LOS A",1,5,7,1942,0,0,0,,0,4A78,"E OLYMPIC","ORME AV",75.00,E,N,A,-,N,,,,,,,,,,N,4,0,1,2,A,-,11,21955,,F,G,B,D,A,H,-,C,D,0,Y,,,,Y,,-,99,0,0,1,0,1,0,0,0,0,"- ","- ",,,"LOS ANGELES","LOS ANGELES",-118.217529296875,34.023284912109375
8772286,2018,2019-01-14,1942,2018-11-22,1000,41387,0421,4,5,7,1942,0,0,0,D,0,4A15,"MAIN ST",DALY,0.00,,Y,A,-,N,,,,,,,,,,N,4,0,1,2,B,-,22,,,F,G,B,F,A,H,-,A,D,0,Y,,,,Y,,-,99,0,0,1,0,1,0,0,0,0,"- ","- ",,,"LOS ANGELES","LOS ANGELES",-118.21546936035156,34.06597900390625
8772347,2018,2019-01-11,1942,2018-12-16,0600,40008,0216,7,5,7,1942,0,0,0,B,0,2A17,"N ALVARADO ST",SUNSET,5.00,S,N,A,-,N,,,,,,,,,,N,3,0,1,2,A,-,10,21950,A,N,G,B,B,A,H,-,B,A,0,Y,,,,Y,,A,01,0,1,0,0,1,0,0,0,0,"- ","- ",,,"LOS ANGELES","LOS ANGELES",-118.26348876953125,34.077606201171875
8772371,2018,2019-01-12,1942,2018-12-07,1700,42040,0477,5,5,7,1942,0,0,0,D,0,4A71,"EUCLID AV","OREGON ST",0.00,,Y,A,-,N,,,,,,,,,,N,4,0,1,2,A,-,10,21950,A,N,G,B,B,A,H,-,C,A,0,Y,,,,Y,,A,07,0,0,1,0,1,0,0,0,0,"- ","- ",,,"LOS ANGELES","LOS ANGELES",-118.20683288574219,34.031501770019531
8772388,2018,2019-01-11,1942,2018-12-11,1500,35942,2145,2,5,7,1942,0,0,0,,0,21W85,"TOPANGA CANYON BL","KITTRIDGE ST",0.00,,Y,A,-,N,,,,,,,,,,N,4,0,1,2,A,-,10,21950,A,N,G,B,B,A,H,-,A,A,0,Y,,,,Y,,A,08,0,0,1,0,1,0,0,0,0,"- ","- ",,,"LOS ANGELES","LOS ANGELES",-118.60590362548828,34.191131591796875
8772395,2018,2019-01-12,1942,2018-12-07,0930,37554,0411,5,5,7,1942,0,0,0,D,0,4A3,BROADWAY,"AVENUE 20",0.00,,Y,A,-,N,,,,,,,,,,N,3,0,1,2,A,-,08,22100,B,N,G,B,B,A,H,-,A,A,0,Y,,,,Y,,A,01,0,1,0,0,1,0,0,0,0,"- ","- ",,,"LOS ANGELES","LOS ANGELES",-118.22015380859375,34.072639465332031
8772440,2018,2019-01-11,1942,2018-12-04,2030,43584,1041,2,5,7,1942,0,0,0,J,0,10A83,"YOLANDA AV","HATTERAS ST",0.00,,Y,A,-,N,,,,,,,,,,N,4,0,1,2,A,-,10,21950,A,N,G,B,B,A,H,-,C,A,0,Y,,,,Y,,A,01,0,0,1,0,1,0,0,0,0,"- ","- ",,,"LOS ANGELES","LOS ANGELES",-118.54074859619141,34.177139282226562
8772453,2018,2019-01-26,1942,2018-12-01,0830,39473,0941,6,5,7,1942,0,0,0,I,0,9A41,"KESTER AV","OXNARD ST",0.00,,Y,A,-,N,,,,,,,,,,N,3,0,1,2,A,-,10,21950,A,N,G,B,B,A,H,-,A,A,0,Y,,,,Y,,A,01,0,1,0,0,1,0,0,0,0,"- ","- ",,,"LOS ANGELES","LOS ANGELES",-118.45744323730469,34.179389953613281
8772574,2018,2019-01-18,1942,2018-12-05,1900,43423,0518,3,5,7,1942,0,0,0,E,0,5A18,"AVALON BL","R ST",30.00,E,N,C,-,N,,,,,,,,,,N,3,0,1,2,A,-,03,22350,,N,G,B,B,B,H,-,C,A,0,Y,,,,Y,,A,01,0,1,0,0,1,0,0,0,0,"- ","- ",,,"LOS ANGELES","LOS ANGELES",-118.26380920410156,33.797409057617188
8772640,2018,2019-01-16,1942,2018-11-13,2000,42491,2126,2,5,7,1942,0,0,0,,0,21A43,"CANOGA AV","SCHOENBORN ST",30.00,N,N,A,-,N,,,,,,,,,,N,3,0,1,2,A,-,11,21955,,N,G,B,D,A,H,-,C,D,0,Y,,,,Y,,N,60,0,1,0,0,1,0,0,0,0,"- ","- ",,,"LOS ANGELES","LOS ANGELES",-118.59751892089844,34.221000671386719
8772927,2018,2019-01-16,1942,2018-11-28,1915,32427,1211,3,5,7,1942,0,0,0,L,0,12A31,"9TH AV","W 54TH ST",25.00,E,N,A,-,N,,,,,,,,,,N,4,0,1,2,A,-,10,21950,A,F,G,B,D,A,H,-,C,D,0,Y,,,,Y,,-,99,0,0,1,0,1,0,0,0,0,"- ","- ",,,"LOS ANGELES","LOS ANGELES",,
8773037,2018,2019-01-12,1942,2018-12-18,1700,41129,0357,2,5,7,1942,0,0,0,C,0,3A57,"NORMANDIE AV","35TH PL",50.00,N,N,A,-,N,,,,,,,,,,N,4,0,1,2,A,-,11,21954,A,F,G,B,D,A,H,-,A,A,0,Y,,,,Y,,N,60,0,0,1,0,1,0,0,0,0,"- ","- ",,,"LOS ANGELES","LOS ANGELES",-118.30023193359375,34.023845672607422
8773847,2018,2019-02-14,1942,2018-11-09,1710,38218,1149,5,5,7,1942,0,0,0,K,0,4A71,"AVE 57","MEDIA DR",100.00,N,N,A,-,N,,,,,,,,,,N,4,0,1,2,A,-,11,21954,A,M,G,B,E,A,H,-,C,D,0,Y,,,,Y,,-,99,0,0,1,0,1,0,0,0,0,"- ","- ",,,"LOS ANGELES","LOS ANGELES",-118.19232177734375,34.107624053955078
8773918,2018,2019-01-23,1942,2018-11-26,1310,43410,1137,1,5,7,1942,0,0,0,K,0,11A25,"AVENUE 52","MARMOIN WY",2.00,S,N,A,-,N,,,,,,,,,,N,4,0,1,2,A,-,08,22107,,F,H,B,B,A,H,-,A,A,0,Y,,,,Y,,-,99,0,0,1,0,1,0,0,0,0,"- ","- ",,,"LOS ANGELES","LOS ANGELES",-118.2003173828125,34.107425689697266
8774346,2018,2019-01-18,1942,2018-12-20,1500,40235,0721,4,5,7,1942,0,0,0,G,0,7A21,"SHERBOURNE DR","BURTON WY",90.00,N,N,A,-,N,,,,,,,,,,N,4,0,1,3,A,-,03,22350,,N,B,E,E,A,H,-,B,D,0,Y,,,,Y,,A,01,0,0,1,0,1,0,0,0,0,"- ","- ",,,"LOS ANGELES","LOS ANGELES",-118.37956237792969,34.072605133056641
8774394,2018,2019-01-18,1942,2018-12-28,1044,39624,0765,5,5,7,1942,0,0,0,G,0,20TL59,"W PICO BL","MULLEN AV",51.00,E,N,A,-,N,,,,,,,,,,N,4,0,1,2,A,-,03,22350,,F,G,B,E,A,H,-,A,A,0,Y,,,,Y,,-,99,0,0,1,0,1,0,0,0,0,"- ","- ",,,"LOS ANGELES","LOS ANGELES",-118.33555603027344,34.048721313476562
8775004,2018,2019-01-09,1942,2018-10-12,2100,41669,1183,5,5,7,1942,0,0,0,K,0,11A71,"GLENDALE BL",MONTANA,0.00,,Y,B,C,N,,,,,,,,,,N,3,0,1,2,A,-,10,21950,A,F,G,B,B,B,H,-,C,A,0,Y,,,,Y,,-,99,0,1,0,0,1,0,0,0,0,"- ","- ",,,"LOS ANGELES","LOS ANGELES",-118.26026916503906,34.079841613769531
8775388,2018,2019-01-11,1942,2018-11-19,1145,41629,0246,1,5,7,1942,0,0,0,B,0,2A47,"ALVARADO ST","6TH ST",266.00,N,N,B,-,N,,,,,,,,,,N,3,0,1,2,A,-,11,21954,A,N,G,B,D,A,H,-,A,D,0,Y,,,,Y,,N,60,0,1,0,0,1,0,0,0,0,"- ","- ",,,"LOS ANGELES","LOS ANGELES",-118.274449,34.060189000000001
8775392,2018,2019-01-11,1942,2018-11-28,1330,39938,0211,3,5,7,1942,0,0,0,B,0,2A1,"N VERMONT AV","CLINTON ST",400.00,S,N,A,-,N,,,,,,,,,,N,4,0,1,2,A,-,10,21950,A,F,G,B,B,A,H,-,A,A,0,Y,,,,Y,,-,"- ",0,0,1,0,1,0,0,0,0,"- ","- ",,,"LOS ANGELES","LOS ANGELES",-118.29170989990234,34.080654144287109
8775399,2018,2019-01-11,1942,2018-11-29,1300,33395,1143,4,5,7,1942,0,0,0,K,0,11A17,"HYPERION AV","SCOTLAND AV",0.00,,Y,A,-,N,,,,,,,,,,N,4,0,1,2,A,-,08,22107,,N,G,B,C,-,H,-,A,D,0,Y,,,,Y,,A,01,0,0,1,0,1,0,0,0,0,"- ","- ",,,"LOS ANGELES","LOS ANGELES",-118.27320098876953,34.101161956787109
8775411,2018,2019-01-11,1942,2018-11-24,1650,41045,1124,6,5,7,1942,0,0,0,K,0,11A72,"ESTARA AV","DREW ST",17.00,N,N,A,-,N,,,,,,,,,,N,3,0,1,2,A,-,09,21802,A,N,G,B,E,A,H,-,A,D,0,Y,,,,Y,,A,07,0,1,0,0,1,0,0,0,0,"- ","- ",,,"LOS ANGELES","LOS ANGELES",-118.24315643310547,34.119976043701172