CASE_ID,ACCIDENT_YEAR,PROC_DATE,JURIS,COLLISION_DATE,COLLISION_TIME,OFFICER_ID,REPORTING_DISTRICT,DAY_OF_WEEK,CHP_SHIFT,POPULATION,CNTY_CITY_LOC,SPECIAL_COND,BEAT_TYPE,CHP_BEAT_TYPE,CITY_DIVISION_LAPD,CHP_BEAT_CLASS,BEAT_NUMBER,PRIMARY_RD,SECONDARY_RD,DISTANCE,DIRECTION,INTERSECTION,WEATHER_1,WEATHER_2,STATE_HWY_IND,CALTRANS_COUNTY,CALTRANS_DISTRICT,STATE_ROUTE,ROUTE_SUFFIX,POSTMILE_PREFIX,POSTMILE,LOCATION_TYPE,RAMP_INTERSECTION,SIDE_OF_HWY,TOW_AWAY,COLLISION_SEVERITY,NUMBER_KILLED,NUMBER_INJURED,PARTY_COUNT,PRIMARY_COLL_FACTOR,PCF_CODE_OF_VIOL,PCF_VIOL_CATEGORY,PCF_VIOLATION,PCF_VIOL_SUBSECTION,HIT_AND_RUN,TYPE_OF_COLLISION,MVIW,PED_ACTION,ROAD_SURFACE,ROAD_COND_1,ROAD_COND_2,LIGHTING,CONTROL_DEVICE,CHP_ROAD_TYPE,PEDESTRIAN_ACCIDENT,BICYCLE_ACCIDENT,MOTORCYCLE_ACCIDENT,TRUCK_ACCIDENT,NOT_PRIVATE_PROPERTY,ALCOHOL_INVOLVED,STWD_VEHTYPE_AT_FAULT,CHP_VEHTYPE_AT_FAULT,COUNT_SEVERE_INJ,COUNT_VISIBLE_INJ,COUNT_COMPLAINT_PAIN,COUNT_PED_KILLED,COUNT_PED_INJURED,COUNT_BICYCLIST_KILLED,COUNT_BICYCLIST_INJURED,COUNT_MC_KILLED,COUNT_MC_INJURED,PRIMARY_RAMP,SECONDARY_RAMP,LATITUDE,LONGITUDE,COUNTY,CITY,POINT_X,POINT_Y
8775419,2018,2019-01-11,1942,2018-11-21,1735,40873,1132,3,5,7,1942,0,0,0,K,0,11A58,"ROWENA AV","AVENEL ST",178.00,E,N,A,-,N,,,,,,,,,,N,4,0,1,2,A,-,17,21209,,N,G,B,E,A,H,-,C,D,0,Y,,,,Y,,-,,0,0,1,0,1,0,0,0,0,"- ","- ",,,"LOS ANGELES","LOS ANGELES",-118.26893615722656,34.108547210693359
8775420,2018,2019-01-11,1942,2018-11-26,1530,42040,0203,1,5,7,1942,0,0,0,B,0,2A1,"N VERMONT AV","MELROSE AV",4.00,S,N,A,-,N,,,,,,,,,,N,4,0,1,2,A,-,10,21950,A,N,G,B,B,A,H,-,A,A,0,Y,,,,Y,,A,07,0,0,1,0,1,0,0,0,0,"- ","- ",,,"LOS ANGELES","LOS ANGELES",-118.29170989990234,34.083568572998047
8775424,2018,2019-01-11,1942,2018-11-16,1900,42592,0219,5,5,7,1942,0,0,0,B,0,1A1,"BOYLSTON ST","SUNSET BL",0.00,,Y,A,-,N,,,,,,,,,,N,4,0,1,2,A,-,10,21950,A,N,G,B,B,A,H,-,D,A,0,Y,,,,Y,,A,01,0,0,1,0,1,0,0,0,0,"- ","- ",,,"LOS ANGELES","LOS ANGELES",-118.2498779296875,34.067268371582031
8775436,2018,2019-01-11,1942,2018-11-21,0900,35771,0204,3,5,7,1942,0,0,0,B,0,2A39,"SUNSET BL","LUCILE AV",0.00,,Y,A,-,N,,,,,,,,,,N,4,0,1,2,A,-,10,21950,A,N,G,B,B,A,H,-,A,A,0,Y,,,,Y,,A,01,0,0,1,0,1,0,0,0,0,"- ","- ",,,"LOS ANGELES","LOS ANGELES",-118.27880096435547,34.090888977050781
8775440,2018,2019-01-11,1942,2018-11-30,0945,36262,0211,5,5,7,1942,0,0,0,B,0,2A5,"HELIOTROPE AV",MELROSE,0.00,,Y,A,-,N,,,,,,,,,,N,4,0,1,2,A,-,10,21950,A,N,G,B,B,A,H,-,A,A,0,Y,,,,Y,,A,01,0,0,1,0,1,0,0,0,0,"- ","- ",,,"LOS ANGELES","LOS ANGELES",-118.29530334472656,34.083599090576172
8775467,2018,2019-01-26,1942,2018-12-13,1045,33060,0827,4,5,7,1942,0,0,0,H,0,8A1,"SAN VICENTE BL","BARRINGTON AV",150.00,E,N,A,-,N,,,,,,,,,,N,4,0,1,2,A,-,21,22106,,N,G,B,E,A,H,-,A,D,0,Y,,,,Y,,A,01,0,0,1,0,1,0,0,0,0,"- ","- ",,,"LOS ANGELES","LOS ANGELES",-118.46520233154297,34.053802490234375
8775474,2018,2019-01-26,1942,2018-12-07,1530,34426,0299,5,5,7,1942,0,0,0,B,0,2A91,"UNION AV","VENICE BL",0.00,,Y,A,-,N,,,,,,,,,,N,4,0,2,3,A,-,10,21950,A,N,G,B,B,A,H,-,A,A,0,Y,,,,Y,,A,01,0,0,2,0,2,0,0,0,0,"- ","- ",,,"LOS ANGELES","LOS ANGELES",-118.27915191650391,34.041549682617188
8775485,2018,2019-01-26,1942,2018-12-16,1329,31152,0118,7,5,7,1942,0,0,0,A,0,1A1,"ANN ST","MAGDALENA ST",9.00,W,N,B,-,N,,,,,,,,,,N,3,0,1,2,A,-,10,21950,A,N,G,B,B,A,H,-,A,A,0,Y,,,,Y,,A,01,0,1,0,0,1,0,0,0,0,"- ","- ",,,"LOS ANGELES","LOS ANGELES",-118.23061370849609,34.063919067382812
8775498,2018,2019-01-26,1942,2018-12-05,1530,37952,0212,3,5,7,1942,0,0,0,B,0,2A12,"BEVERLY BL","N JUANITA",25.00,W,N,B,C,N,,,,,,,,,,N,4,0,2,3,A,-,10,21950,A,F,G,B,B,B,H,-,A,D,0,Y,,,,Y,Y,-,99,0,0,2,0,2,0,0,0,0,"- ","- ",,,"LOS ANGELES","LOS ANGELES",-118.29061126708984,34.076309204101562
8775501,2018,2019-01-26,1942,2018-12-07,1230,34458,0147,5,5,7,1942,0,0,0,A,0,1A35,"EAST 4TH ST","SAN PEDRO ST",17.00,W,N,A,-,N,,,,,,,,,,N,3,0,1,2,A,-,10,21950,A,N,G,B,B,A,H,-,A,A,0,Y,,,,Y,,A,01,0,1,0,0,1,0,0,0,0,"- ","- ",,,"LOS ANGELES","LOS ANGELES",-118.24304962158203,34.045867919921875
8775502,2018,2019-01-26,1942,2018-12-01,0600,41434,0256,6,5,7,1942,0,0,0,B,0,2A39,"6TH ST","BURLINGTON AV",0.00,,Y,A,-,N,,,,,,,,,,N,4,0,1,2,A,-,10,21950,A,F,A,B,B,A,H,-,A,A,0,Y,,,,Y,,-,"- ",0,0,1,0,1,0,0,0,0,"- ","- ",,,"LOS ANGELES","LOS ANGELES",-118.27149200439453,34.058029174804688
8775514,2018,2019-01-26,1942,2018-12-05,1910,39062,0279,3,5,7,1942,0,0,0,B,0,2A92,"JAMES M WOOD BL","SUNBURY ST",320.00,E,N,B,-,N,,,,,,,,,,N,3,0,1,2,A,-,11,21954,A,N,G,B,D,A,H,-,C,D,0,Y,,,,Y,,N,60,0,1,0,0,1,0,0,0,0,"- ","- ",,,"LOS ANGELES","LOS ANGELES",,
8775518,2018,2019-01-26,1942,2018-12-06,0640,34332,0237,4,5,7,1942,0,0,0,B,0,2A39,"LUCAS AV","W 3RD ST",0.00,,Y,C,-,N,,,,,,,,,,N,4,0,1,2,A,-,10,21950,A,N,G,B,B,B,H,-,A,A,0,Y,,,,Y,,A,01,0,0,1,0,1,0,0,0,0,"- ","- ",,,"LOS ANGELES","LOS ANGELES",-118.26161956787109,34.058300018310547
8775524,2018,2019-01-28,1942,2018-12-17,1930,41507,0645,1,5,7,1942,0,0,0,F,0,6FB18,"HAWTHORN AV","ORANGE DR",0.00,,Y,A,-,N,,,,,,,,,,N,4,0,1,2,A,-,10,21950,A,F,H,B,B,A,H,-,C,D,0,Y,,,,Y,,-,99,0,0,1,0,1,0,0,0,0,"- ","- ",,,"LOS ANGELES","LOS ANGELES",-118.34140777587891,34.100349426269531
8775532,2018,2019-01-28,1942,2018-12-22,1210,40452,0646,6,5,7,1942,0,0,0,F,0,6A63,"HOLLYWOOD BL","CAHUENGA BL",187.00,W,N,A,-,N,,,,,,,,,,Y,2,0,1,2,A,-,11,21954,A,N,G,B,D,A,H,-,A,D,0,Y,,,,Y,,N,60,1,0,0,0,1,0,0,0,0,"- ","- ",,,"LOS ANGELES","LOS ANGELES",-118.33012390136719,34.101600646972656
8775547,2018,2019-01-28,1942,2018-12-30,2115,38688,2031,7,5,7,1942,0,0,0,,0,20A53,"S WESTERN AV","INGRAHAM ST",10.00,N,N,A,-,N,,,,,,,,,,N,4,0,1,2,A,-,10,21950,A,N,G,B,B,A,H,-,C,D,0,Y,,,,Y,,A,01,0,0,1,0,1,0,0,0,0,"- ","- ",,,"LOS ANGELES","LOS ANGELES",-118.30908966064453,34.060718536376953
8775567,2018,2019-01-28,1942,2018-12-30,1900,41957,0705,7,5,7,1942,0,0,0,G,0,7A1,"MELROSE AV","POINSETTIA PL",100.00,E,N,A,-,N,,,,,,,,,,Y,3,0,2,4,A,-,03,22350,,F,B,C,E,A,H,-,C,D,0,Y,,,,Y,,-,99,0,1,1,0,2,0,0,0,0,"- ","- ",,,"LOS ANGELES","LOS ANGELES",-118.34835052490234,34.083545684814453
8775583,2018,2019-01-28,1942,2018-12-22,0730,38025,1245,6,5,7,1942,0,0,0,L,0,12A45,"NORMANDIE AV","GAGE AV",18.00,N,N,A,-,N,,,,,,,,,,N,3,0,1,2,A,-,10,21950,A,N,G,B,B,A,H,-,A,A,0,Y,,,,Y,,A,01,0,1,0,0,1,0,0,0,0,"- ","- ",,,"LOS ANGELES","LOS ANGELES",-118.30026245117188,33.982398986816406
8775584,2018,2019-01-28,1942,2018-12-15,1340,39035,2019,6,5,7,1942,0,0,0,,0,20A16,"VERMONT AV","3RD ST",15.00,N,N,A,-,N,,,,,,,,,,N,3,0,1,2,A,-,11,21954,A,N,G,B,D,A,H,-,A,A,0,Y,,,,Y,,N,60,0,1,0,0,1,0,0,0,0,"- ","- ",,,"LOS ANGELES","LOS ANGELES",,
8775596,2018,2019-01-28,1942,2018-12-07,0700,38502,2055,5,5,7,1942,0,0,0,,0,20A69,"W 12TH ST","S MARIPOSA AV",0.00,,Y,A,-,N,,,,,,,,,,N,2,0,1,2,A,-,10,21950,A,N,G,B,B,A,H,-,A,D,0,Y,,,,Y,,A,01,1,0,0,0,1,0,0,0,0,"- ","- ",,,"LOS ANGELES","LOS ANGELES",-118.29892730712891,34.049079895019531
8775600,2018,2019-01-28,1942,2018-12-21,1535,40452,1476,5,5,7,1942,0,0,0,N,0,14A73,"S SEPULVEDA BL","83RD ST",12.00,S,N,A,-,N,,,,,,,,,,N,2,0,1,2,A,-,10,21950,A,N,G,B,B,A,H,-,A,A,0,Y,,,,Y,,A,08,1,0,0,0,1,0,0,0,0,"- ","- ",,,"LOS ANGELES","LOS ANGELES",-118.39620971679688,33.963455200195312
8776066,2018,2019-01-28,1942,2018-11-22,1915,41844,1842,4,5,7,1942,0,0,0,R,0,18A41,"S BROADWAY","W IMPERIAL HWY",0.00,,Y,A,-,N,,,,,,,,,,N,4,0,1,2,A,-,10,21950,A,F,G,B,B,A,H,-,C,A,0,Y,,,,Y,,-,99,0,0,1,0,1,0,0,0,0,"- ","- ",,,"LOS ANGELES","LOS ANGELES",-118.27845764160156,33.931011199951172
8776182,2018,2019-01-28,1942,2018-11-17,1000,40289,1128,6,5,7,1942,0,0,0,K,0,11A25,"YORK BL","NORTH FIGUEROA ST",132.00,E,N,A,-,N,,,,,,,,,,N,3,0,1,2,A,-,10,21950,A,F,G,B,C,A,H,-,A,A,0,Y,,,,Y,,-,99,0,1,0,0,1,0,0,0,0,"- ","- ",,,"LOS ANGELES","LOS ANGELES",-118.1839599609375,34.115322113037109
8776254,2018,2019-02-01,1942,2018-12-24,1745,39473,1024,1,5,7,1942,0,0,0,J,0,10A21,"SHERMAN WY","RESEDA BL",150.00,W,N,A,-,N,,,,,,,,,,N,4,0,1,2,D,-,00,,,F,G,B,E,A,H,-,C,D,0,Y,,,,Y,,-,"- ",0,0,1,0,1,0,0,0,0,"- ","- ",,,"LOS ANGELES","LOS ANGELES",-118.53653717041016,34.201179504394531
8776594,2018,2019-01-22,1942,2018-12-24,1150,43367,2069,1,5,7,1942,0,0,0,,0,20A1,"VERMONT AV","12TH ST",0.00,,Y,A,-,N,,,,,,,,,,N,3,0,1,2,A,-,10,21950,A,F,G,B,D,A,H,-,A,-,0,Y,,,,Y,,-,99,0,1,0,0,1,0,0,0,0,"- ","- ",,,"LOS ANGELES","LOS ANGELES",,
8776614,2018,2019-01-22,1942,2018-12-17,1520,40235,0852,1,5,7,1942,0,0,0,H,0,8A53,"SANTA MONICA BL","BARRINGTON AV",188.00,E,N,A,-,N,,,,,,,,,,N,2,0,1,2,A,-,15,21235,A,N,G,B,F,A,H,-,A,D,0,Y,,Y,,Y,,C,03,1,0,0,0,1,0,0,0,0,"- ","- ",,,"LOS ANGELES","LOS ANGELES",-118.45548248291016,34.043979644775391
8776836,2018,2019-09-30,1942,2018-10-15,1140,43125,1353,1,5,7,1942,0,0,0,M,0,0LA,"43RD PL",WADSWORTH,100.00,E,N,A,-,N,,,,,,,,,,N,4,0,1,2,A,-,11,21954,A,F,B,B,D,A,H,-,A,A,0,Y,,,,Y,,-,99,0,0,1,0,1,0,0,0,0,"- ","- ",,,"LOS ANGELES","LOS ANGELES",-118.25846862792969,34.004814147949219
8777766,2018,2019-01-24,1942,2018-12-22,1730,37176,1381,6,5,7,1942,0,0,0,M,0,13XL4,BROADWAY,"58TH ST",50.00,S,N,A,-,N,,,,,,,,,,N,4,0,1,2,A,-,11,21954,A,N,G,B,E,A,H,-,C,A,0,Y,,,,Y,,N,60,0,0,1,0,1,0,0,0,0,"- ","- ",,,"LOS ANGELES","LOS ANGELES",,
8777770,2018,2019-01-24,1942,2018-12-25,0055,40325,1333,2,5,7,1942,0,0,0,M,0,13A43,"SAN PEDRO ST","29TH ST",0.00,,Y,B,-,N,,,,,,,,,,N,4,0,1,2,A,-,10,21950,A,F,G,B,B,B,H,-,C,A,0,Y,,,,Y,Y,-,99,0,0,1,0,1,0,0,0,0,"- ","- ",,,"LOS ANGELES","LOS ANGELES",-118.26300048828125,34.0189208984375
8778342,2018,2019-01-29,1942,2018-12-18,1755,38105,2185,2,5,7,1942,0,0,0,,0,21X62,"AVENUE SAN LUIS","MACFARLANE DR",65.00,E,N,A,-,N,,,,,,,,,,N,3,0,1,2,A,-,10,21950,A,F,G,B,D,A,H,-,D,D,0,Y,,,,Y,,-,99,0,1,0,0,1,0,0,0,0,"- ","- ",,,"LOS ANGELES","LOS ANGELES",-118.61106872558594,34.165996551513672
8778707,2018,2019-01-30,1942,2018-12-15,1530,37724,0363,6,5,7,1942,0,0,0,C,0,3A63,"CRENSHAW BL","MARTIN LUTHER KING JR BL",200.00,S,N,A,-,N,,,,,,,,,,N,3,0,1,2,B,-,22,,,N,G,B,F,A,H,-,A,D,0,Y,,,,Y,,A,01,0,1,0,0,1,0,0,0,0,"- ","- ",,,"LOS ANGELES","LOS ANGELES",-118.33512115478516,34.010379791259766
8778739,2018,2019-02-04,1942,2018-12-06,1315,36733,1771,4,5,7,1942,0,0,0,Q,0,17A81,"DE SOTO AV","PLUMMER ST",0.00,,Y,C,-,N,,,,,,,,,,N,3,0,1,2,D,-,00,,,N,G,B,B,B,H,-,A,A,0,Y,,,,Y,,-,"- ",0,1,0,0,1,0,0,0,0,"- ","- ",,,"LOS ANGELES","LOS ANGELES",-118.58856964111328,34.242721557617188
8779099,2018,2019-02-28,1942,2018-12-17,2310,39534,1208,1,5,7,1942,0,0,0,L,0,12A57,"HOOVER ST","48TH ST",230.00,N,N,A,-,N,,,,,,,,,,Y,4,0,1,5,A,-,05,21651,B,N,B,C,E,A,H,-,C,D,0,Y,,,,Y,,-,"- ",0,0,1,0,1,0,0,0,0,"- ","- ",,,"LOS ANGELES","LOS ANGELES",-118.28714752197266,34.000251770019531
8779476,2018,2019-02-11,1942,2018-11-13,0800,31674,0397,2,5,7,1942,0,0,0,C,0,25MX1,"41ST PL","NORMANDIE AV",12.00,E,N,A,-,N,,,,,,,,,,N,3,0,1,2,A,-,10,21950,,N,D,B,-,A,H,-,A,A,0,Y,,,,Y,,A,01,0,1,0,0,1,0,0,0,0,"- ","- ",,,"LOS ANGELES","LOS ANGELES",-118.30017852783203,34.008430480957031
8779495,2018,2019-02-12,1942,2018-10-01,1950,42969,1213,1,5,7,1942,0,0,0,L,0,12A67,"SLAUSON AV","WESTERN AV",0.00,,Y,A,-,N,,,,,,,,,,N,3,0,1,2,A,-,11,21953,,N,G,B,B,A,H,-,C,A,0,Y,,,,Y,,N,60,0,1,0,0,1,0,0,0,0,"- ","- ",,,"LOS ANGELES","LOS ANGELES",-118.30895233154297,33.989151000976562
8779519,2018,2019-02-12,1942,2018-10-01,2150,32620,1213,1,5,7,1942,0,0,0,L,0,12A39,"WESTERN AV","SLAUSON BL",100.00,S,N,A,-,N,,,,,,,,,,N,4,0,1,2,A,-,11,21954,A,N,G,B,D,A,H,-,C,A,0,Y,,,,Y,,N,60,0,0,1,0,1,0,0,0,0,"- ","- ",,,"LOS ANGELES","LOS ANGELES",-118.30895233154297,33.988876342773438
8780242,2018,2019-02-08,1942,2018-12-10,0600,32996,0249,1,5,7,1942,0,0,0,B,0,2A69,"W 6TH ST","BIXEL ST",125.00,W,N,A,-,N,,,,,,,,,,N,4,0,1,3,A,-,03,22350,,N,G,B,E,A,H,-,B,A,0,Y,,,,Y,,-,"- ",0,0,1,0,1,0,0,0,0,"- ","- ",,,"LOS ANGELES","LOS ANGELES",-118.26250457763672,34.054225921630859
8780469,2018,2019-01-18,1942,2018-12-21,1800,43516,0111,5,5,7,1942,0,0,0,A,0,1912,"CESAR CHAVEZ",ALAMEDA,4.00,E,N,-,-,N,,,,,,,,,,N,4,0,1,2,A,-,10,21950,A,N,-,B,B,-,-,-,-,-,0,Y,,,,Y,,I,20,0,0,1,0,1,0,0,0,0,"- ","- ",,,"LOS ANGELES","LOS ANGELES",,
8780667,2018,2019-01-24,1942,2018-12-01,2315,43323,0837,6,5,7,1942,0,0,0,H,0,8A29,"OPHIR DR","LANDFAIR AV",10.00,W,N,A,-,N,,,,,,,,,,N,3,0,1,2,A,-,10,21950,A,N,G,B,B,A,H,-,C,D,0,Y,,,,Y,,A,01,0,1,0,0,1,0,0,0,0,"- ","- ",,,"LOS ANGELES","LOS ANGELES",-118.45115661621094,34.068603515625
8780716,2018,2019-01-25,1942,2018-10-12,1940,42780,1844,5,5,7,1942,0,0,0,R,0,18X4,AVALON,"109TH PL",0.00,,Y,A,-,N,,,,,,,,,,N,4,0,1,2,A,-,03,22350,,N,A,B,B,A,H,-,A,D,0,Y,,,,Y,,A,01,0,0,1,0,1,0,0,0,0,"- ","- ",,,"LOS ANGELES","LOS ANGELES",-118.26519775390625,33.936450958251953
8782298,2018,2019-01-23,1942,2018-11-14,1830,42924,0354,3,5,7,1942,0,0,0,C,0,3A73,"MARTIN LUTHER KING BL","ARLINGTON BL",0.00,,Y,A,-,N,,,,,,,,,,N,4,0,1,2,A,-,10,21950,A,N,G,B,B,A,H,-,C,A,0,Y,,,,Y,,A,07,0,0,1,0,1,0,0,0,0,"- ","- ",,,"LOS ANGELES","LOS ANGELES",-118.31825256347656,34.010818481445312
8783484,2018,2019-01-26,1942,2018-01-21,2230,43532,1183,7,5,7,1942,0,0,0,K,0,11A95,"LAKE SHORE AV","SCOTT AV",250.00,N,N,C,-,N,,,,,,,,,,N,3,0,1,2,A,-,03,22350,,F,G,B,E,B,H,-,C,D,0,Y,,,,Y,,-,99,0,1,0,0,1,0,0,0,0,"- ","- ",,,"LOS ANGELES","LOS ANGELES",-118.25817108154297,34.081825256347656
8783927,2018,2019-01-29,1942,2018-12-17,1450,36460,0153,1,5,7,1942,0,0,0,A,0,1A41,"S SPRING ST","6TH ST",200.00,S,N,A,-,N,,,,,,,,,,N,4,0,1,2,A,-,17,21209,A,F,G,B,E,A,H,-,A,D,0,Y,,,,Y,,-,99,0,0,1,0,1,0,0,0,0,"- ","- ",,,"LOS ANGELES","LOS ANGELES",-118.25139617919922,34.045528411865234
8783939,2018,2019-01-29,1942,2018-12-31,1750,42011,1846,1,5,7,1942,0,0,0,R,0,18A35,"S PARMELE AV","E IMPERIAL HWY",27.00,N,N,A,-,N,,,,,,,,,,Y,2,0,2,2,A,-,11,21954,A,N,G,B,D,A,H,-,C,A,0,Y,,,,Y,Y,N,60,1,1,0,0,1,0,0,0,0,"- ","- ",,,"LOS ANGELES","LOS ANGELES",,
8783950,2018,2019-01-29,1942,2018-12-13,0620,41911,1233,4,5,7,1942,0,0,0,L,0,12A45,"S WILTON PL","W SLAUSON AV",0.00,,Y,A,-,N,,,,,,,,,,N,4,0,1,2,A,-,12,22450,A,F,G,B,B,A,H,-,B,A,0,Y,,,,Y,,-,99,0,0,1,0,1,0,0,0,0,"- ","- ",,,"LOS ANGELES","LOS ANGELES",-118.31494140625,33.989120483398438
8783954,2018,2019-01-29,1942,2018-12-08,2100,40690,1232,6,5,7,1942,0,0,0,L,0,12A31,"8TH AV","W SLAUSON AV",0.00,,Y,A,-,N,,,,,,,,,,N,4,0,1,2,A,-,10,21950,A,N,G,B,B,A,H,-,C,A,0,Y,,,,Y,,A,01,0,0,1,0,1,0,0,0,0,"- ","- ",,,"LOS ANGELES","LOS ANGELES",-118.32643127441406,33.989051818847656
8783974,2018,2019-01-29,1942,2018-12-13,1430,32973,0166,4,5,7,1942,0,0,0,A,0,1A35,"EAST 6TH ST","SAN PEDRO ST",150.00,W,N,A,-,N,,,,,,,,,,N,4,0,1,2,A,-,11,21954,A,F,G,B,E,A,H,-,A,D,0,Y,,,,Y,,N,60,0,0,1,0,1,0,0,0,0,"- ","- ",,,"LOS ANGELES","LOS ANGELES",-118.24565887451172,34.042510986328125
8783990,2018,2019-02-20,1942,2018-12-14,1715,43516,0151,5,5,7,1942,0,0,0,A,0,1A12W5,"FRANCISCO ST",WILSHIRE,150.00,S,N,A,-,N,,,,,,,,,,N,4,0,1,2,A,-,10,21950,A,N,G,B,D,A,H,-,C,D,0,Y,,,,Y,,A,07,0,0,1,0,1,0,0,0,0,"- ","- ",,,"LOS ANGELES","LOS ANGELES",-118.26078033447266,34.050544738769531
8783997,2018,2019-01-29,1942,2018-12-03,0510,43231,LAPD,1,5,7,1942,0,0,0,,0,11A89,"W AVENUE 27","MCCLURE ST",2.00,S,N,A,-,N,,,,,,,,,,N,3,0,1,2,A,-,21,22106,,N,E,B,E,A,H,-,C,D,0,Y,,,,Y,,A,01,0,1,0,0,1,0,0,0,0,"- ","- ",,,"LOS ANGELES","LOS ANGELES",-118.22513580322266,34.087429046630859
8783998,2018,2019-01-29,1942,2018-12-07,1900,40325,0158,5,5,7,1942,0,0,0,A,0,1A29,"7TH ST","KOHLER ST",0.00,,Y,A,-,N,,,,,,,,,,N,3,0,1,2,A,-,10,21950,A,F,G,B,B,A,H,-,C,A,0,Y,,,,Y,,-,99,0,1,0,0,1,0,0,0,0,"- ","- ",,,"LOS ANGELES","LOS ANGELES",-118.24247741699219,34.037681579589844
8784642,2018,2019-02-14,1942,2018-12-29,1000,36553,0851,6,5,7,1942,0,0,0,H,0,8A53,"BUNDY DR","OHIO AV",12.00,W,N,A,-,N,,,,,,,,,,N,3,0,1,2,A,-,09,21801,A,N,G,B,C,A,H,-,A,D,0,Y,,,,Y,,A,07,0,1,0,0,1,0,0,0,0,"- ","- ",,,"LOS ANGELES","LOS ANGELES",-118.46291351318359,34.040195465087891
8784796,2018,2019-02-15,1942,2018-12-20,0810,31573,0701,4,5,7,1942,0,0,0,G,0,7A1,"CURSON AV","BEVERLY BL",13.00,N,N,A,-,N,,,,,,,,,,N,4,0,1,2,A,-,10,21950,A,N,G,B,B,A,H,-,A,A,0,Y,,,,Y,,A,01,0,0,1,0,1,0,0,0,0,"- ","- ",,,"LOS ANGELES","LOS ANGELES",-118.35530853271484,34.076187133789062
8784969,2018,2019-02-15,1942,2018-12-26,0935,39127,0642,3,5,7,1942,0,0,0,F,0,6A31,"N CURSON AV","HOLLYWOOD BL",10.00,E,N,A,-,N,,,,,,,,,,N,4,0,1,2,A,-,10,21950,A,N,D,B,B,A,H,-,A,A,0,Y,,,,Y,,A,01,0,0,1,0,1,0,0,0,0,"- ","- ",,,"LOS ANGELES","LOS ANGELES",-118.35504913330078,34.101661682128906
8784991,2018,2019-02-15,1942,2018-12-22,2240,42278,2115,6,5,7,1942,0,0,0,,0,21A29,"OWENSMOUTH AV","ROSCOE BL",25.00,S,N,A,-,N,,,,,,,,,,N,3,0,1,2,A,-,17,21451,A,N,G,B,B,A,-,-,C,-,0,Y,,,,Y,,A,01,0,1,0,0,1,0,0,0,0,"- ","- ",,,"LOS ANGELES","LOS ANGELES",-118.60163116455078,34.219661712646484
8784995,2018,2019-02-15,1942,2018-12-27,1610,36733,2158,4,5,7,1942,0,0,0,,0,21A97,"ERWIN ST","CANOGA AV",40.00,E,N,A,-,N,,,,,,,,,,N,3,0,1,2,A,-,11,21954,A,N,-,B,D,A,H,-,A,D,0,Y,,,,Y,,N,60,0,1,0,0,1,0,0,0,0,"- ","- ",,,"LOS ANGELES","LOS ANGELES",-118.59739685058594,34.182830810546875
8785761,2018,2019-02-01,1942,2018-10-28,0250,42188,1839,7,5,7,1942,0,0,0,R,0,1839,WILMINGTON,"107TH ST",15.00,N,N,E,-,N,,,,,,,,,,N,3,0,1,2,A,-,11,21955,,N,G,B,D,A,H,-,C,D,0,Y,,,,Y,,N,60,0,1,0,0,1,0,0,0,0,"- ","- ",,,"LOS ANGELES","LOS ANGELES",-118.23903656005859,33.938991546630859
8785846,2018,2019-03-01,1942,2018-12-31,2200,42309,1067,1,5,7,1942,0,0,0,J,0,10A99,"BALBOA BL","MCCORMICK ST",370.00,N,N,B,-,N,,,,,,,,,,N,3,0,1,2,A,-,11,21954,A,N,G,B,C,A,H,-,C,A,0,Y,,,,Y,,N,60,0,1,0,0,1,0,0,0,0,"- ","- ",,,"LOS ANGELES","LOS ANGELES",-118.5010986328125,34.166866302490234
8785854,2018,2019-04-08,1942,2018-12-12,1000,30830,1034,3,5,7,1942,0,0,0,J,0,10A21,"VICTORY BL","RESEDA BL",104.00,E,N,A,-,N,,,,,,,,,,N,2,0,1,2,A,-,11,21954,A,N,G,B,D,A,H,-,A,D,0,Y,,,,Y,,N,60,1,0,0,0,1,0,0,0,0,"- ","- ",,,"LOS ANGELES","LOS ANGELES",-118.53567504882812,34.186565399169922
8785858,2018,2019-01-31,1942,2018-12-05,1720,43421,LAPD,3,5,7,1942,0,0,0,,0,10A21,LOUIS,VICTORY,0.00,,Y,C,-,N,,,,,,,,,,N,2,0,1,2,A,-,10,21950,A,N,G,B,B,B,H,-,C,A,0,Y,,,,Y,,A,01,1,0,0,0,1,0,0,0,0,"- ","- ",,,"LOS ANGELES","LOS ANGELES",-118.509849,34.186596000000002
8785862,2018,2019-01-31,1942,2018-12-20,1910,36653,1567,4,5,7,1942,0,0,0,O,0,15A85,"LANKERSHIM BL","KING ST",150.00,N,N,A,-,N,,,,,,,,,,Y,2,0,1,2,A,-,11,21955,,N,G,B,D,A,H,-,E,D,0,Y,,,,Y,,N,60,1,0,0,0,1,0,0,0,0,"- ","- ",,,"LOS ANGELES","LOS ANGELES",-118.3692626953125,34.156036376953125