CASE_ID,ACCIDENT_YEAR,PROC_DATE,JURIS,COLLISION_DATE,COLLISION_TIME,OFFICER_ID,REPORTING_DISTRICT,DAY_OF_WEEK,CHP_SHIFT,POPULATION,CNTY_CITY_LOC,SPECIAL_COND,BEAT_TYPE,CHP_BEAT_TYPE,CITY_DIVISION_LAPD,CHP_BEAT_CLASS,BEAT_NUMBER,PRIMARY_RD,SECONDARY_RD,DISTANCE,DIRECTION,INTERSECTION,WEATHER_1,WEATHER_2,STATE_HWY_IND,CALTRANS_COUNTY,CALTRANS_DISTRICT,STATE_ROUTE,ROUTE_SUFFIX,POSTMILE_PREFIX,POSTMILE,LOCATION_TYPE,RAMP_INTERSECTION,SIDE_OF_HWY,TOW_AWAY,COLLISION_SEVERITY,NUMBER_KILLED,NUMBER_INJURED,PARTY_COUNT,PRIMARY_COLL_FACTOR,PCF_CODE_OF_VIOL,PCF_VIOL_CATEGORY,PCF_VIOLATION,PCF_VIOL_SUBSECTION,HIT_AND_RUN,TYPE_OF_COLLISION,MVIW,PED_ACTION,ROAD_SURFACE,ROAD_COND_1,ROAD_COND_2,LIGHTING,CONTROL_DEVICE,CHP_ROAD_TYPE,PEDESTRIAN_ACCIDENT,BICYCLE_ACCIDENT,MOTORCYCLE_ACCIDENT,TRUCK_ACCIDENT,NOT_PRIVATE_PROPERTY,ALCOHOL_INVOLVED,STWD_VEHTYPE_AT_FAULT,CHP_VEHTYPE_AT_FAULT,COUNT_SEVERE_INJ,COUNT_VISIBLE_INJ,COUNT_COMPLAINT_PAIN,COUNT_PED_KILLED,COUNT_PED_INJURED,COUNT_BICYCLIST_KILLED,COUNT_BICYCLIST_INJURED,COUNT_MC_KILLED,COUNT_MC_INJURED,PRIMARY_RAMP,SECONDARY_RAMP,LATITUDE,LONGITUDE,COUNTY,CITY,POINT_X,POINT_Y
8785874,2018,2019-01-31,1942,2018-12-19,1820,43110,1539,3,5,7,1942,0,0,0,O,0,15A38,"CAHUENGA BL","COLLINS ST",15.00,S,N,A,-,N,,,,,,,,,,N,3,0,1,2,A,-,11,21954,A,N,C,B,D,A,H,-,C,D,0,Y,,,,Y,,N,60,0,1,0,0,1,0,0,0,0,"- ","- ",,,"LOS ANGELES","LOS ANGELES",-118.361572265625,34.173927307128906
8786889,2018,2019-02-08,1942,2018-12-08,1500,34426,1373,6,5,7,1942,0,0,0,M,0,,"MCKINLEY AV","SLAUSON AV",0.00,,Y,A,-,N,,,,,,,,,,N,4,0,2,3,A,-,10,21950,A,F,G,B,B,A,H,-,A,A,0,Y,,,,Y,,-,99,0,0,2,0,2,0,0,0,0,"- ","- ",,,"LOS ANGELES","LOS ANGELES",-118.26085662841797,33.989280700683594
8786933,2018,2019-02-08,1942,2018-12-11,1510,30830,1767,2,5,7,1942,0,0,0,Q,0,17A67,"RESEDA BL","LASSEN ST",13.00,S,N,A,-,N,,,,,,,,,,N,2,0,1,2,A,-,10,21950,A,N,G,B,B,A,H,-,A,A,0,Y,,,,Y,,A,01,1,0,0,0,1,0,0,0,0,"- ","- ",,,"LOS ANGELES","LOS ANGELES",-118.53608703613281,34.249954223632812
8786987,2018,2019-02-26,1942,2018-11-15,0810,43554,363,4,5,7,1942,0,0,0,,0,3A63,"MUIRFIELD RD","SANTA ROSALIA",3.00,S,N,A,-,N,,,,,,,,,,N,4,0,1,2,A,-,10,21950,A,F,G,B,B,A,H,-,A,D,0,Y,,,,Y,,-,99,0,0,1,0,1,0,0,0,0,"- ","- ",,,"LOS ANGELES","LOS ANGELES",-118.34571838378906,34.013172149658203
8786991,2018,2019-02-11,1942,2018-11-26,2200,43551,1891,1,5,7,1942,0,0,0,R,0,18A18,"GARDENA BL","DENVER AV",0.00,,Y,A,-,N,,,,,,,,,,N,4,0,1,2,A,-,10,21950,C,N,G,B,B,A,H,-,C,D,0,Y,,,,Y,,A,01,0,0,1,0,1,0,0,0,0,"- ","- ",,,"LOS ANGELES","LOS ANGELES",-118.28375244140625,33.881809234619141
8786995,2018,2019-02-11,1942,2018-11-25,1555,34426,1149,7,5,7,1942,0,0,0,K,0,11A37,"NORTH FIGUEROA ST","AVENUE 53",11.00,N,N,A,-,N,,,,,,,,,,N,3,0,1,2,A,-,11,21954,A,N,G,B,D,A,H,-,A,D,0,Y,,,,Y,,N,60,0,1,0,0,1,0,0,0,0,"- ","- ",,,"LOS ANGELES","LOS ANGELES",-118.19834899902344,34.106853485107422
8787012,2018,2019-02-11,1942,2018-12-26,0530,43554,0376,3,5,7,1942,0,0,0,C,0,3A99,"DENKER AV","MARTIN LUTHER KING BL",0.00,,Y,A,-,N,,,,,,,,,,N,4,0,1,2,A,-,10,21950,A,N,B,B,B,A,H,-,C,A,0,Y,,,,Y,,A,01,0,0,1,0,1,0,0,0,0,"- ","- ",,,"LOS ANGELES","LOS ANGELES",-118.30455017089844,34.010848999023438
8788224,2018,2019-02-01,1942,2018-11-26,1120,63467,SOE,1,5,7,1942,0,0,0,,0,18A63,"120TH ST E",AVALON,1.00,W,N,A,-,N,,,,,,,,,,N,4,0,1,2,A,-,08,22100,A,M,G,B,F,A,H,-,A,D,0,Y,,,,Y,,I,19,0,0,1,0,1,0,0,0,0,"- ","- ",,,"LOS ANGELES","LOS ANGELES",-118.26524353027344,33.923709869384766
8788653,2018,2019-03-25,1942,2018-12-02,0230,39508,0162,7,5,7,1942,0,0,0,A,0,1A61,"W 8TH ST","S FIGUEROA ST",0.00,,Y,A,-,N,,,,,,,,,,N,4,0,1,2,A,-,10,21950,A,F,G,B,B,A,H,-,C,A,0,Y,,,,Y,,-,99,0,0,1,0,1,0,0,0,0,"- ","- ",,,"LOS ANGELES","LOS ANGELES",-118.26119995117188,34.047939300537109
8788667,2018,2019-01-28,1942,2018-11-24,2045,43030,0162,6,5,7,1942,0,0,0,A,0,1X23,"HOPE ST","8TH ST",266.00,S,N,A,-,N,,,,,,,,,,N,2,0,1,2,A,-,08,22107,,N,-,B,D,A,H,-,C,A,0,Y,,,,Y,,A,07,1,0,0,0,1,0,0,0,0,"- ","- ",,,"LOS ANGELES","LOS ANGELES",-118.25957489013672,34.045993804931641
8788696,2018,2019-01-28,1942,2018-11-06,1815,30083,0415,2,5,7,1942,0,0,0,D,0,4A15,"SICHEL ST","ALTURA ST",0.00,,Y,A,-,N,,,,,,,,,,N,4,0,1,2,A,-,10,21950,A,N,G,B,B,A,H,-,C,D,0,Y,,,,Y,,-,99,0,0,1,0,1,0,0,0,0,"- ","- ",,,"LOS ANGELES","LOS ANGELES",-118.21312713623047,34.075458526611328
8788702,2018,2019-02-12,1942,2018-12-23,1247,40971,1269,7,5,7,1942,0,0,0,L,0,12X32,"CENTRAL AV","81ST ST",0.00,,Y,A,-,N,,,,,,,,,,N,2,0,1,2,A,-,10,21950,A,N,B,B,B,A,H,-,A,D,0,Y,,,,Y,,A,01,1,0,0,0,1,0,0,0,0,"- ","- ",,,"LOS ANGELES","LOS ANGELES",-118.25643157958984,33.965591430664062
8789485,2018,2019-02-01,1942,2018-11-20,1650,42543,1842,2,5,7,1942,0,0,0,R,0,,"MAIN ST","110TH ST",0.00,,Y,A,-,N,,,,,,,,,,N,4,0,1,2,A,-,03,22350,,N,G,B,C,A,H,-,B,D,0,Y,,,,Y,,-,"- ",0,0,1,0,1,0,0,0,0,"- ","- ",,,"LOS ANGELES","LOS ANGELES",-118.27388763427734,33.935661315917969
8789923,2018,2019-02-06,1942,2018-12-12,1000,40131,,3,5,7,1942,0,0,0,,0,1021,"CORBIN AV","HART ST",0.00,,Y,A,-,N,,,,,,,,,,N,4,0,1,2,A,-,10,21950,C,N,G,B,B,A,H,-,A,A,0,Y,,,,Y,,A,01,0,0,1,0,1,0,0,0,0,"- ","- ",,,"LOS ANGELES","LOS ANGELES",-118.56223297119141,34.197441101074219
8789928,2018,2019-02-20,1942,2018-12-30,1640,38012,1063,7,5,7,1942,0,0,0,J,0,10X18,"RESEDA BL","CLARK ST",0.00,,Y,A,-,N,,,,,,,,,,N,4,0,2,3,A,-,11,21954,A,N,G,B,D,A,H,-,A,D,0,Y,,,,Y,,A,01,0,0,2,0,2,0,0,0,0,"- ","- ",,,"LOS ANGELES","LOS ANGELES",-118.53600311279297,34.170368194580078
8789931,2018,2019-02-06,1942,2018-12-21,0215,91736,0989,5,5,7,1942,0,0,0,I,0,9A89,"VAN NUYS BL","VENTURA BL",10.00,S,N,A,-,N,,,,,,,,,,N,4,0,1,2,A,-,03,22350,,N,E,J,F,A,H,-,C,A,0,Y,,,,Y,,A,01,0,0,1,0,1,0,0,0,0,"- ","- ",,,"LOS ANGELES","LOS ANGELES",-118.44870758056641,34.150894165039062
8789935,2018,2019-02-06,1942,2018-12-26,0720,38857,0901,3,5,7,1942,0,0,0,I,0,9A5,"ORION AV","STAGG ST",0.00,,Y,A,-,N,,,,,,,,,,N,3,0,1,2,A,-,10,21950,A,N,G,B,B,A,H,-,A,A,0,Y,,,,Y,,A,01,0,1,0,0,1,0,0,0,0,"- ","- ",,,"LOS ANGELES","LOS ANGELES",-118.47058868408203,34.212089538574219
8789943,2018,2019-02-06,1942,2018-12-27,1505,30830,0998,4,5,7,1942,0,0,0,I,0,9A89,"COLDWATER CANYON AV","VENTURA BL",0.00,,Y,A,-,N,,,,,,,,,,N,4,0,1,2,A,-,10,21950,A,N,G,B,B,A,H,-,A,A,0,Y,,,,Y,,A,01,0,0,1,0,1,0,0,0,0,"- ","- ",,,"LOS ANGELES","LOS ANGELES",-118.41371917724609,34.145130157470703
8789967,2018,2019-02-06,1942,2018-12-17,1320,30930,1538,1,5,7,1942,0,0,0,O,0,15A39,"BURBANK BL","FULCHER AV",0.00,,Y,A,-,N,,,,,,,,,,N,3,0,1,2,A,-,10,21950,A,N,G,B,B,A,H,-,A,D,0,Y,,,,Y,,A,01,0,1,0,0,1,0,0,0,0,"- ","- ",,,"LOS ANGELES","LOS ANGELES",-118.373046875,34.172149658203125
8789971,2018,2019-02-06,1942,2018-12-15,2000,43559,1559,6,5,7,1942,0,0,0,O,0,15A67,"CAHUENGA BL","KLING ST",54.00,N,N,A,-,N,,,,,,,,,,N,4,0,1,2,A,-,11,21954,A,N,G,B,D,A,H,-,D,D,0,Y,,,,Y,,N,60,0,0,1,0,1,0,0,0,0,"- ","- ",,,"LOS ANGELES","LOS ANGELES",-118.36153411865234,34.155979156494141
8789975,2018,2019-02-25,1942,2018-12-14,2145,33504,1591,5,5,7,1942,0,0,0,O,0,15A85,"COLDWATER CANYON AV","VENTURA BL",280.00,N,N,A,-,N,,,,,,,,,,N,3,0,1,2,A,-,21,22106,,N,G,B,E,A,H,-,C,D,0,Y,,,,Y,Y,A,07,0,1,0,0,1,0,0,0,0,"- ","- ",,,"LOS ANGELES","LOS ANGELES",-118.41378021240234,34.145896911621094
8789991,2018,2019-02-06,1942,2018-12-29,2005,42487,1061,6,5,7,1942,0,0,0,J,0,10X8,VENTURA,SHIRLEY,490.00,W,N,A,-,,,,,,,,,,,Y,2,0,1,2,A,-,11,21954,A,N,A,B,D,A,H,-,D,D,0,Y,,,,Y,,N,60,1,0,0,0,1,0,0,0,0,"- ","- ",,,"LOS ANGELES","LOS ANGELES",-118.55945587158203,34.172786712646484
8789995,2018,2019-02-06,1942,2018-12-24,2250,42744,0923,1,5,7,1942,0,0,0,I,0,9A23,"VANOWEN ST","COLUMBUS AV",170.00,E,N,C,-,N,,,,,,,,,,N,2,0,1,2,A,-,11,21954,A,N,G,B,D,B,H,-,E,D,0,Y,,,,Y,,N,60,1,0,0,0,1,0,0,0,0,"- ","- ",,,"LOS ANGELES","LOS ANGELES",-118.46347045898438,34.193931579589844
8790544,2018,2019-02-20,1942,2018-10-18,1930,39299,0514,4,5,7,1942,0,0,0,E,0,5A15,"FIGUEROA ST","PACIFIC COAST HWY",75.00,S,N,A,-,Y,LA,7,1,-,-,11.559,I,6,S,N,4,0,1,2,A,-,10,21952,,F,G,B,F,A,H,-,C,D,0,Y,,,,Y,,-,99,0,0,1,0,1,0,0,0,0,"- ","- ",,,"LOS ANGELES","LOS ANGELES",-118.28128051757812,33.790420532226562
8790548,2018,2019-01-31,1942,2018-10-31,1920,41870,0515,3,5,7,1942,0,0,0,E,0,5A15,"AVALON BL","DON ST",74.00,S,N,A,-,N,,,,,,,,,,N,2,0,1,2,A,-,11,21954,A,N,G,B,D,A,H,-,C,D,0,Y,,,,Y,,N,60,1,0,0,0,1,0,0,0,0,"- ","- ",,,"LOS ANGELES","LOS ANGELES",-118.26386260986328,33.79815673828125
8791449,2018,2019-02-07,1942,2018-12-01,1605,43551,1835,6,5,7,1942,0,0,0,R,0,18A35,"PARMELEE AV","104TH ST",0.00,,Y,A,-,N,,,,,,,,,,N,4,0,1,2,A,-,11,21956,A,N,G,B,B,A,H,-,A,A,0,Y,,,,Y,,N,60,0,0,1,0,1,0,0,0,0,"- ","- ",,,"LOS ANGELES","LOS ANGELES",-118.25057220458984,33.942428588867188
8791453,2018,2019-02-07,1942,2018-12-01,1200,40013,1821,6,5,7,1942,0,0,0,R,0,18A1,"HOOVER ST",CENTURY,5.00,N,N,A,-,N,,,,,,,,,,N,4,0,1,2,A,-,10,21950,A,N,G,B,B,A,H,-,A,A,0,Y,,,,Y,,A,01,0,0,1,0,1,0,0,0,0,"- ","- ",,,"LOS ANGELES","LOS ANGELES",-118.28697204589844,33.945522308349609
8791972,2018,2019-02-07,1942,2018-12-15,1210,37540,0164,6,5,7,1942,0,0,0,A,0,1A35,"EAST 6TH ST","S MAIN ST",0.00,,Y,A,-,N,,,,,,,,,,N,2,0,1,2,A,-,11,21456,B,N,G,B,B,A,H,-,A,A,0,Y,,,,Y,,N,60,1,0,0,0,1,0,0,0,0,"- ","- ",,,"LOS ANGELES","LOS ANGELES",-118.24992370605469,34.045249938964844
8792402,2018,2019-02-14,1942,2018-12-18,2320,43501,1804,2,5,7,1942,0,0,0,R,0,18A3,"CENTRAL AV","88TH ST",0.00,,Y,A,-,N,,,,,,,,,,N,4,0,1,2,A,-,10,21950,,F,G,B,B,A,H,-,C,A,0,Y,,,,Y,Y,-,99,0,0,1,0,1,0,0,0,0,"- ","- ",,,"LOS ANGELES","LOS ANGELES",-118.25641632080078,33.957439422607422
8792410,2018,2019-02-14,1942,2018-12-20,2355,43294,1806,4,5,7,1942,0,0,0,R,0,18A3,"90TH ST","CENTRAL AV",300.00,W,N,A,-,N,,,,,,,,,,,4,0,1,2,A,-,11,21954,A,F,G,B,D,A,H,-,D,D,0,Y,,,,Y,,N,60,0,0,1,0,1,0,0,0,0,"- ","- ",,,"LOS ANGELES","LOS ANGELES",-118.25741577148438,33.954723358154297
8792768,2018,2019-02-21,1942,2018-12-12,0540,34257,0465,3,5,7,1942,0,0,0,D,0,4A9,"EUCLID AV","LANFRANCO ST",0.00,,Y,A,-,N,,,,,,,,,,N,3,0,1,2,A,-,10,21950,A,F,G,B,D,A,H,-,C,D,0,Y,,,,Y,,-,99,0,1,0,0,1,0,0,0,0,"- ","- ",,,"LOS ANGELES","LOS ANGELES",-118.20487976074219,34.034568786621094
8793876,2018,2019-02-26,1942,2018-11-30,0817,43037,1756,5,5,7,1942,0,0,0,Q,0,17A49,"AMESTOY AV","DEVONSHIRE ST",0.00,,Y,A,-,N,,,,,,,,,,N,4,0,2,3,A,-,10,21950,A,N,G,B,B,A,H,-,A,A,0,Y,,,,Y,,A,01,0,0,2,0,2,0,0,0,0,"- ","- ",,,"LOS ANGELES","LOS ANGELES",-118.50673675537109,34.257549285888672
8797458,2018,2019-02-08,1942,2018-12-23,2130,43301,LA,7,5,7,1942,0,0,0,,0,4A72,"4TH ST","BREED ST",0.00,,Y,A,-,N,,,,,,,,,,N,4,0,1,2,A,-,10,21950,A,N,G,B,B,A,H,-,C,A,0,Y,,,,Y,,A,01,0,0,1,0,1,0,0,0,0,"- ","- ",,,"LOS ANGELES","LOS ANGELES",-118.21302795410156,34.041168212890625
8797477,2018,2019-03-29,1942,2018-11-03,1735,42210,0312,6,5,7,1942,0,0,0,C,0,3A58,"LA BREA","ROSELAND ST",288.00,N,N,A,-,N,,,,,,,,,,N,3,0,1,2,A,-,11,21954,A,N,G,B,D,A,H,-,A,D,0,Y,,,,Y,,N,60,0,1,0,0,1,0,0,0,0,"- ","- ",,,"LOS ANGELES","LOS ANGELES",-118.35322570800781,34.027870178222656
8797492,2018,2019-02-08,1942,2018-12-25,1050,37505,0464,2,5,7,1942,0,0,0,D,0,4A71,"N SOTO ST","1ST ST",6.00,W,N,A,-,N,,,,,,,,,,N,3,0,1,2,A,-,10,21950,A,F,D,B,B,A,H,-,A,A,0,Y,,,,Y,,-,99,0,1,0,0,1,0,0,0,0,"- ","- ",,,"LOS ANGELES","LOS ANGELES",-118.20977783203125,34.043750762939453
8797493,2018,2019-03-29,1942,2018-11-25,2007,42978,0119,7,5,7,1942,0,0,0,A,0,1A1,"N ALAMEDA ST","LOS ANGELES ST",85.00,N,N,A,-,N,,,,,,,,,,N,4,0,2,2,A,-,11,21954,A,F,G,B,D,A,H,-,C,D,0,Y,,,,Y,,N,60,0,0,2,0,0,0,0,0,0,"- ","- ",,,"LOS ANGELES","LOS ANGELES",-118.23746490478516,34.056369781494141
8797501,2018,2019-03-29,1942,2018-11-07,1155,41143,50W,3,5,7,1942,0,0,0,,0,3X72,"W MARTIN LUTHER KING BL","DALTON AV",50.00,E,N,A,-,N,,,,,,,,,,N,3,0,1,2,A,-,17,21235,G,F,G,B,F,A,-,-,A,D,0,Y,,,,Y,,-,99,0,1,0,0,1,0,0,0,0,"- ","- ",,,"LOS ANGELES","LOS ANGELES",-118.30328369140625,34.010848999023438
8797603,2018,2019-02-11,1942,2018-12-30,2145,39395,0478,7,5,7,1942,0,0,0,D,0,4A97,"S LORENA ST","WHITTIER BL",405.00,N,N,A,-,N,,,,,,,,,,N,3,0,1,2,A,-,10,21950,A,N,G,B,B,A,H,-,C,A,0,Y,,,,Y,,D,22,0,1,0,0,1,0,0,0,0,"- ","- ",,,"LOS ANGELES","LOS ANGELES",-118.20033264160156,34.028755187988281
8797686,2018,2019-02-11,1942,2018-12-25,1800,34426,0265,2,5,7,1942,0,0,0,B,0,2A75,"7TH ST","ALVARADO ST",50.00,W,N,A,-,N,,,,,,,,,,N,4,0,1,2,A,-,11,21954,A,N,G,B,D,A,H,-,A,A,0,Y,,,,Y,Y,N,60,0,0,1,0,1,0,0,0,0,"- ","- ",,,"LOS ANGELES","LOS ANGELES",-118.27695465087891,34.056545257568359
8797690,2018,2019-02-11,1942,2018-12-30,1440,37700,2027,7,5,7,1942,0,0,0,,0,20A45,"S VERMONT AV","5TH ST",15.00,N,N,A,-,N,,,,,,,,,,N,4,0,1,2,A,-,17,21663,,N,G,B,F,A,H,-,A,D,0,Y,,,,Y,,A,01,0,0,1,0,1,0,0,0,0,"- ","- ",,,"LOS ANGELES","LOS ANGELES",-118.29165649414062,34.065452575683594
8797706,2018,2019-02-11,1942,2018-12-23,1750,43405,2053,7,5,7,1942,0,0,0,,0,20A58,"W OLYMPIC BL","SERRANO AV",0.00,,Y,A,-,N,,,,,,,,,,N,3,0,1,2,A,-,10,21950,C,N,G,B,B,A,H,-,C,D,0,Y,,,,Y,,A,01,0,1,0,0,1,0,0,0,0,"- ","- ",,,"LOS ANGELES","LOS ANGELES",-118.30632019042969,34.052619934082031
8797714,2018,2019-02-11,1942,2018-12-04,1240,41484,LAPD,2,5,7,1942,0,0,0,,0,CENTRA,"S HARLEM PL","7TH ST",420.00,N,N,A,-,N,,,,,,,,,,N,3,0,1,2,A,-,11,21956,A,F,G,B,E,A,H,-,A,D,0,Y,,,,Y,,N,60,0,1,0,0,1,0,0,0,0,"- ","- ",,,"LOS ANGELES","LOS ANGELES",-118.25096893310547,34.045112609863281
8797722,2018,2019-02-11,1942,2018-12-04,1440,43422,0134,2,5,7,1942,0,0,0,A,0,1A41,"HILL ST","3RD ST",24.00,E,N,A,-,N,,,,,,,,,,N,4,0,1,2,A,-,10,21950,A,F,G,B,B,A,H,-,A,A,0,Y,,,,Y,Y,-,99,0,0,1,0,1,0,0,0,0,"- ","- ",,,"LOS ANGELES","LOS ANGELES",-118.24908447265625,34.051692962646484
8797726,2018,2019-02-11,1942,2018-12-12,1830,38492,RD011,3,5,7,1942,0,0,0,,0,19X32,"ALAMEDA ST","LOS ANGELES ST",65.00,S,N,A,-,N,,,,,,,,,,N,3,0,1,2,A,-,11,21954,A,F,G,B,D,A,H,-,C,A,0,Y,,,,Y,,N,60,0,1,0,0,1,0,0,0,0,"- ","- ",,,"LOS ANGELES","LOS ANGELES",-118.237548828125,34.055965423583984
8797730,2018,2019-02-11,1942,2018-12-29,1330,42689,1205,6,5,7,1942,0,0,0,L,0,12A31,"51ST PL","S VERMONT AV",0.00,,Y,A,-,N,,,,,,,,,,N,4,0,1,2,A,-,10,21950,A,N,H,B,B,A,H,-,A,A,0,Y,,,,Y,,A,01,0,0,1,0,1,0,0,0,0,"- ","- ",,,"LOS ANGELES","LOS ANGELES",-118.29152679443359,33.9959716796875
8797741,2018,2019-02-11,1942,2018-12-09,2015,37353,1787,7,5,7,1942,0,0,0,Q,0,17A67,"PLUMMER ST","ZELZAH AV",350.00,E,N,A,-,N,,,,,,,,,,N,4,0,1,3,A,-,03,22350,,N,G,B,F,A,H,-,C,D,0,Y,,,,Y,,A,01,0,0,1,0,1,0,0,0,0,"- ","- ",,,"LOS ANGELES","LOS ANGELES",-118.5220947265625,34.243137359619141
8797803,2018,2019-02-12,1942,2018-12-05,1418,38256,0174,3,5,7,1942,0,0,0,A,0,1X83,"W 77TH ST","MAIN ST",200.00,W,N,A,-,N,,,,,,,,,,N,4,0,1,2,A,-,11,21956,A,M,G,B,E,A,H,-,A,-,0,Y,,,,Y,,N,60,0,0,1,0,1,0,0,0,0,"- ","- ",,,"LOS ANGELES","LOS ANGELES",-118.27458190917969,33.9698486328125
8798258,2018,2019-02-12,1942,2018-12-30,1250,38357,0195,7,5,7,1942,0,0,0,A,0,1A85,"E 14TH ST","S LOS ANGELES ST",0.00,,Y,A,-,N,,,,,,,,,,Y,3,0,4,3,A,-,09,21802,A,N,D,C,E,A,H,-,A,D,0,Y,,,,Y,,A,01,0,1,3,0,1,0,0,0,0,"- ","- ",,,"LOS ANGELES","LOS ANGELES",-118.26016998291016,34.034740447998047
8798262,2018,2019-02-12,1942,2018-12-12,1000,34332,1148,3,5,7,1942,0,0,0,K,0,11A37,"W AVE 45","NORTH FIGUEROA ST",0.00,,Y,B,-,N,,,,,,,,,,N,4,0,1,2,A,-,10,21950,A,N,G,B,C,A,H,-,A,A,0,Y,,,,Y,,A,07,0,0,1,0,1,0,0,0,0,"- ","- ",,,"LOS ANGELES","LOS ANGELES",-118.20733642578125,34.095928192138672
8798274,2018,2019-02-12,1942,2018-12-12,1200,34667,1129,3,5,7,1942,0,0,0,K,0,11A58,"CHURCH ST","AVENUE 64",0.00,,Y,A,-,N,,,,,,,,,,N,4,0,1,2,A,-,09,21804,A,F,G,B,C,A,H,-,A,A,0,Y,,,,Y,,-,99,0,0,1,0,1,0,0,0,0,"- ","- ",,,"LOS ANGELES","LOS ANGELES",-118.17674255371094,34.125080108642578
8798282,2018,2019-02-27,1942,2018-12-12,0515,25942,1171,3,5,7,1942,0,0,0,K,0,11A71,"GOLDEN GATE AV","SUNSET BL",300.00,N,N,A,-,N,,,,,,,,,,N,4,0,1,2,A,-,11,21954,A,N,G,B,D,A,H,-,C,D,0,Y,,,,Y,,N,60,0,0,1,0,1,0,0,0,0,"- ","- ",,,"LOS ANGELES","LOS ANGELES",-118.27592468261719,34.089431762695312
8798981,2018,2019-02-15,1942,2018-11-26,2125,39062,1343,1,5,7,1942,0,0,0,M,0,13A43,"37TH ST","E GRIFFIN AV",0.00,,Y,A,-,N,,,,,,,,,,N,3,0,1,2,A,-,10,21950,A,F,G,B,B,A,H,-,C,A,0,Y,,,,Y,,-,99,0,1,0,0,1,0,0,0,0,"- ","- ",,,"LOS ANGELES","LOS ANGELES",,
8798997,2018,2019-02-19,1942,2018-11-29,0520,41677,1327,4,5,7,1942,0,0,0,M,0,13A27,ALAMEDA,"22ND ST",0.00,,Y,C,-,N,,,,,,,,,,N,4,0,1,2,A,-,10,21950,A,N,G,B,B,B,H,-,C,D,0,Y,,,,Y,,A,01,0,0,1,0,1,0,0,0,0,"- ","- ",,,"LOS ANGELES","LOS ANGELES",-118.23963999999999,34.016449999999999
8798998,2018,2019-02-28,1942,2018-11-30,1410,38660,1313,5,5,7,1942,0,0,0,M,0,13A13,"WASHINGTON BL","GRIFFITH AV",0.00,,Y,A,-,N,,,,,,,,,,Y,3,0,2,3,A,-,"- ",,A,N,G,B,F,A,H,-,A,D,0,Y,,,,Y,,-,"- ",0,1,1,0,2,0,0,0,0,"- ","- ",,,"LOS ANGELES","LOS ANGELES",-118.25361633300781,34.025848388671875
8799025,2018,2019-02-15,1942,2018-12-21,1535,34667,1142,5,5,7,1942,0,0,0,K,0,11A58,"LOS FELIZ BL","HILLHURST AV",0.00,,Y,A,-,N,,,,,,,,,,Y,3,0,4,4,A,-,09,21801,A,N,A,G,B,A,H,-,A,A,0,Y,,,,Y,,A,01,0,4,0,0,1,0,0,0,0,"- ","- ",,,"LOS ANGELES","LOS ANGELES",-118.28743743896484,34.111888885498047
8799247,2018,2019-02-26,1942,2018-12-19,1545,41927,1354,3,5,7,1942,0,0,0,M,0,13A13,"SAN PEDRO PL","41ST PL",5.00,S,N,A,-,N,,,,,,,,,,N,3,0,1,2,A,-,10,21950,A,N,G,B,B,A,H,-,B,A,0,Y,,,,Y,,D,22,0,1,0,0,1,0,0,0,0,"- ","- ",,,"LOS ANGELES","LOS ANGELES",-118.26992034912109,34.0081787109375
8799617,2018,2019-02-26,1942,2018-12-03,1450,35230,1352,1,5,7,1942,0,0,0,M,0,13A61,"CROCKER ST","E VERNON AV",0.00,,Y,A,-,N,,,,,,,,,,N,4,0,1,2,A,-,10,21950,A,F,G,B,B,A,H,-,A,D,0,Y,,,,Y,,-,99,0,0,1,0,1,0,0,0,0,"- ","- ",,,"LOS ANGELES","LOS ANGELES",-118.26873016357422,34.003860473632812
8799629,2018,2019-02-26,1942,2018-12-22,1050,42925,1891,6,5,7,1942,0,0,0,R,0,18A17W,"VERMONT AV","GARDENA BL",0.00,,Y,A,-,N,,,,,,,,,,N,4,0,1,2,A,-,10,21950,A,F,B,B,B,A,H,-,A,A,0,Y,,,,Y,,-,99,0,0,1,0,1,0,0,0,0,"- ","- ",,,"LOS ANGELES","LOS ANGELES",-118.29131317138672,33.881591796875
8799675,2018,2019-02-26,1942,2018-12-13,0750,41629,1353,4,5,7,1942,0,0,0,M,0,13A43,"E 43RD PL","MCKINLEY AV",4.00,W,N,A,-,N,,,,,,,,,,N,3,0,1,2,A,-,10,21950,A,N,G,B,B,A,H,-,A,D,0,Y,,,,Y,,A,01,0,1,0,0,1,0,0,0,0,"- ","- ",,,"LOS ANGELES","LOS ANGELES",-118.26090240478516,34.004798889160156
8799734,2018,2019-02-26,1942,2018-12-25,2230,43011,0898,2,5,7,1942,0,0,0,H,0,8A95,"S CANFIELD AV","NATIONAL BL",400.00,N,N,A,-,N,,,,,,,,,,N,4,0,1,2,A,-,21,22106,,N,G,B,E,A,H,-,D,D,0,Y,,,,Y,,A,07,0,0,1,0,1,0,0,0,0,"- ","- ",,,"LOS ANGELES","LOS ANGELES",-118.39426422119141,34.032367706298828