CASE_ID,ACCIDENT_YEAR,PROC_DATE,JURIS,COLLISION_DATE,COLLISION_TIME,OFFICER_ID,REPORTING_DISTRICT,DAY_OF_WEEK,CHP_SHIFT,POPULATION,CNTY_CITY_LOC,SPECIAL_COND,BEAT_TYPE,CHP_BEAT_TYPE,CITY_DIVISION_LAPD,CHP_BEAT_CLASS,BEAT_NUMBER,PRIMARY_RD,SECONDARY_RD,DISTANCE,DIRECTION,INTERSECTION,WEATHER_1,WEATHER_2,STATE_HWY_IND,CALTRANS_COUNTY,CALTRANS_DISTRICT,STATE_ROUTE,ROUTE_SUFFIX,POSTMILE_PREFIX,POSTMILE,LOCATION_TYPE,RAMP_INTERSECTION,SIDE_OF_HWY,TOW_AWAY,COLLISION_SEVERITY,NUMBER_KILLED,NUMBER_INJURED,PARTY_COUNT,PRIMARY_COLL_FACTOR,PCF_CODE_OF_VIOL,PCF_VIOL_CATEGORY,PCF_VIOLATION,PCF_VIOL_SUBSECTION,HIT_AND_RUN,TYPE_OF_COLLISION,MVIW,PED_ACTION,ROAD_SURFACE,ROAD_COND_1,ROAD_COND_2,LIGHTING,CONTROL_DEVICE,CHP_ROAD_TYPE,PEDESTRIAN_ACCIDENT,BICYCLE_ACCIDENT,MOTORCYCLE_ACCIDENT,TRUCK_ACCIDENT,NOT_PRIVATE_PROPERTY,ALCOHOL_INVOLVED,STWD_VEHTYPE_AT_FAULT,CHP_VEHTYPE_AT_FAULT,COUNT_SEVERE_INJ,COUNT_VISIBLE_INJ,COUNT_COMPLAINT_PAIN,COUNT_PED_KILLED,COUNT_PED_INJURED,COUNT_BICYCLIST_KILLED,COUNT_BICYCLIST_INJURED,COUNT_MC_KILLED,COUNT_MC_INJURED,PRIMARY_RAMP,SECONDARY_RAMP,LATITUDE,LONGITUDE,COUNTY,CITY,POINT_X,POINT_Y
8799754,2018,2019-02-25,1942,2018-12-05,1600,35391,1952,3,5,7,1942,0,0,0,,0,19TL76,"DEVONSHIRE ST","SEPULVEDA BL",175.00,E,N,A,-,N,,,,,,,,,,Y,3,0,1,2,A,-,11,21954,A,N,G,B,D,-,H,-,A,D,0,Y,,,,Y,Y,A,01,0,1,0,0,1,0,0,0,0,"- ","- ",,,"LOS ANGELES","LOS ANGELES",-118.46688842773438,34.257301330566406
8800888,2018,2019-02-21,1942,2018-11-01,2055,32142,1863,4,5,7,1942,0,0,0,R,0,18A34,"118TH PL","AVALON BL",250.00,E,N,A,-,N,,,,,,,,,,N,3,0,1,2,A,-,11,21954,A,N,G,A,D,A,H,-,C,D,0,Y,Y,,,Y,,L,04,0,1,0,0,1,0,0,0,0,"- ","- ",,,"LOS ANGELES","LOS ANGELES",-118.26439666748047,33.925571441650391
8801131,2018,2019-02-21,1942,2018-09-06,1230,43347,1257,4,5,7,1942,0,0,0,L,0,12A31,"S HOOVER ST","77TH ST",0.00,,Y,A,-,N,,,,,,,,,,Y,2,0,4,5,A,-,12,21453,A,N,B,B,C,A,H,-,A,A,0,Y,,,,Y,,A,01,2,2,0,0,2,0,0,0,0,"- ","- ",,,"LOS ANGELES","LOS ANGELES",-118.28713226318359,33.969779968261719
8803506,2018,2019-02-25,1942,2018-01-07,2000,42867,18,7,5,7,1942,0,0,0,R,0,18A41,"103RD ST","GRANDEE AV",0.00,,Y,A,-,N,,,,,,,,,,N,4,0,1,2,A,-,00,20015,,F,G,B,B,A,H,-,C,A,0,Y,,,,Y,,-,99,0,0,1,0,1,0,0,0,0,"- ","- ",,,"LOS ANGELES","LOS ANGELES",-118.24346160888672,33.943210601806641
8805519,2018,2019-02-26,1942,2018-11-26,0200,38323,1393,1,5,7,1942,0,0,0,M,0,13A93,BROADWAY,FLORENCE,0.00,,Y,A,-,N,,,,,,,,,,N,2,0,1,2,A,-,10,21950,A,N,A,B,B,A,H,-,C,A,0,Y,,,,Y,,A,01,1,0,0,0,1,0,0,0,0,"- ","- ",,,"LOS ANGELES","LOS ANGELES",-118.27832794189453,33.974658966064453
8805562,2018,2019-02-20,1942,2018-12-31,1220,42109,NORTH,1,5,7,1942,0,0,0,,0,1126,"AVENUE 56","YORK BL",125.00,S,N,A,-,N,,,,,,,,,,N,4,0,1,2,A,-,10,21954,,N,G,B,E,A,H,-,A,D,0,Y,,,,Y,,N,60,0,0,1,0,1,0,0,0,0,"- ","- ",,,"LOS ANGELES","LOS ANGELES",-118.19678497314453,34.119064331054688
8805566,2018,2019-02-20,1942,2018-12-28,2015,39781,0421,5,5,7,1942,0,0,0,D,0,4A6,"MOULTON AV","NORTH MAIN ST",750.00,S,N,A,-,N,,,,,,,,,,N,4,0,1,3,A,-,03,22350,,N,G,B,E,A,H,-,C,D,0,Y,,,,Y,,A,01,0,0,1,0,1,0,0,0,0,"- ","- ",,,"LOS ANGELES","LOS ANGELES",-118.21986389160156,34.064071655273438
8806279,2018,2019-02-28,1942,2018-12-05,1830,41434,0219,3,5,7,1942,0,0,0,B,0,2A39,"BELLEVUE AV","EDGEWARE RD",0.00,,Y,C,-,N,,,,,,,,,,N,4,0,1,2,A,-,03,22350,,F,G,B,D,B,H,-,B,D,0,Y,,,,Y,,-,99,0,0,1,0,1,0,0,0,0,"- ","- ",,,"LOS ANGELES","LOS ANGELES",-118.25785,34.06908
8807316,2018,2019-04-09,1942,2018-11-15,2045,43454,0889,4,5,7,1942,0,0,0,H,0,8A95,"ROBERTSON BL","SAWYER ST",0.00,,Y,A,-,N,,,,,,,,,,N,2,0,1,2,A,-,10,21950,A,N,G,B,B,A,H,-,C,A,0,Y,,,,Y,,A,01,1,0,0,0,1,0,0,0,0,"- ","- ",,,"LOS ANGELES","LOS ANGELES",-118.38662719726562,34.044898986816406
8808035,2018,2019-03-27,1942,2018-09-21,0850,42700,1243,5,5,7,1942,0,0,0,L,0,12A3,"FLORENCE AV","HAAS AV",20.00,E,N,A,-,N,,,,,,,,,,N,1,1,0,2,A,-,11,21954,A,N,A,B,E,A,H,-,A,D,0,Y,,,,Y,,N,60,0,0,0,1,0,0,0,0,0,"- ","- ",,,"LOS ANGELES","LOS ANGELES",-118.31678771972656,33.974601745605469
8809830,2018,2019-03-11,1942,2018-12-15,1630,42791,0218,6,5,7,1942,0,0,0,B,0,2A56W4,LOGAN,PARK,0.00,,Y,A,-,N,,,,,,,,,,N,2,0,1,2,A,-,11,21954,A,N,A,B,D,A,H,-,A,D,0,Y,,,,Y,,N,60,1,0,0,0,1,0,0,0,0,"- ","- ",,,"LOS ANGELES","LOS ANGELES",-118.25952911376953,34.075359344482422
8809940,2018,2019-03-12,1942,2018-12-28,2320,43582,1383,5,5,7,1942,0,0,0,M,0,13A93,"61ST ST","61ST ST 115",0.00,,N,A,-,N,,,,,,,,,,N,3,0,1,2,A,-,21,22106,,N,G,B,E,A,H,-,D,D,0,Y,,,,Y,Y,A,01,0,1,0,0,1,0,0,0,0,"- ","- ",,,"LOS ANGELES","LOS ANGELES",-118.27460600000001,33.984240999999997
8810160,2018,2019-03-11,1942,2018-11-26,0855,42387,0395,1,5,7,1942,0,0,0,C,0,3A31,"MARTIN LUTHER KING BL","DENKER AV",10.00,E,N,A,-,N,,,,,,,,,,N,3,0,1,2,A,-,09,21801,A,F,G,B,B,A,H,-,A,A,0,Y,,,,Y,,-,99,0,1,0,0,1,0,0,0,0,"- ","- ",,,"LOS ANGELES","LOS ANGELES",-118.30451965332031,34.010848999023438
8819870,2018,2019-04-05,1942,2018-09-23,1340,41943,0315,7,5,7,1942,0,0,0,C,0,3U1,"WESTERN AV","ADAMS BL",20.00,S,N,A,-,N,,,,,,,,,,N,3,0,1,2,A,-,11,21955,,N,A,B,C,A,H,-,A,D,0,Y,,,,Y,,N,60,0,1,0,0,1,0,0,0,0,"- ","- ",,,"LOS ANGELES","LOS ANGELES",-118.30897521972656,34.032646179199219
8839048,2018,2019-04-16,1942,2018-11-11,0440,43124,0182,7,5,7,1942,0,0,0,A,0,1A61,"BROADWAY ST","12TH ST",1.00,S,N,A,-,N,,,,,,,,,,N,2,0,1,2,A,-,10,21950,A,F,G,B,B,A,H,-,C,D,0,Y,,,,Y,Y,-,99,1,0,0,0,1,0,0,0,0,"- ","- ",,,"LOS ANGELES","LOS ANGELES",-118.26028442382812,34.03814697265625
8846145,2018,2019-10-10,1942,2018-03-09,1625,41803,,5,5,7,1942,0,0,0,,0,11A17,"FIGUEROA ST","NEOLA ST",200.00,N,N,A,-,N,,,,,,,,,,N,4,0,1,2,-,-,"- ",,,F,B,B,E,A,H,-,A,D,0,Y,,,,Y,,-,"- ",0,0,1,0,1,0,0,0,0,"- ","- ",,,"LOS ANGELES","LOS ANGELES",-118.18820953369141,34.136390686035156
8853337,2018,2019-05-14,1942,2018-09-21,1615,39444,0156,5,5,7,1942,0,0,0,A,0,6D253,"5TH ST","S BROADWAY",46.00,E,N,A,-,N,,,,,,,,,,N,2,0,1,2,A,-,11,21954,A,N,G,B,E,A,H,-,A,A,0,Y,,,,Y,Y,N,60,1,0,0,0,1,0,0,0,0,"- ","- ",,,"LOS ANGELES","LOS ANGELES",-118.25058746337891,34.047996520996094
8876126,2018,2019-06-18,1942,2018-06-01,1835,39759,1231,5,5,7,1942,0,0,0,L,0,12A31,"W 61ST ST","VERNON AV",0.00,,Y,A,-,N,,,,,,,,,,N,2,0,1,2,A,-,11,21954,A,N,G,B,E,A,H,-,A,A,0,Y,,,,Y,,N,60,1,0,0,0,1,0,0,0,0,"- ","- ",,,"LOS ANGELES","LOS ANGELES",,
8939048,2018,2020-05-22,1942,2018-02-05,1950,41056,0529,1,5,7,1942,0,0,0,E,0,25T21,"E ST","MCFARLAND AV",315.00,E,N,A,-,N,,,,,,,,,,N,1,1,0,2,C,-,18,,,N,G,B,E,A,H,-,C,A,0,Y,,,,Y,,-,"- ",0,0,0,1,0,0,0,0,0,"- ","- ",,,"LOS ANGELES","LOS ANGELES",-118.25200653076172,33.776172637939453
90642162,2018,2018-01-17,9565,2018-01-04,2320,021915,,4,3,7,1942,0,1,1,,2,062,"I-405 S/B (SAN DIEGO FWY)","PICO BLVD",271.00,N,N,A,-,Y,,,405,,,,,,S,Y,2,0,1,2,A,-,08,22107,,N,G,B,E,A,H,-,D,D,0,Y,,,,Y,,A,01,1,0,0,0,1,0,0,0,0,"- ","- ",34.03594970703125,-118.43846130371094,"LOS ANGELES","LOS ANGELES",-118.43834686279297,34.036003112792969
90680184,2018,2018-03-12,9590,2018-03-03,0210,021179,,6,3,7,1942,0,1,2,,2,070,"US-101  N/B (HOLLYWOOD FWY.)","VERMONT AVE",600.00,N,N,A,G,Y,,,101,,,,,,N,N,2,0,1,2,A,-,11,21954,A,N,G,B,E,A,H,-,C,D,0,Y,,,,Y,,N,60,1,0,0,0,1,0,0,0,0,"- ","- ",34.081130981445312,-118.29354858398438,"LOS ANGELES","LOS ANGELES",-118.29354095458984,34.081150054931641
90690755,2018,2018-04-30,9530,2018-01-27,0429,021642,,6,3,7,1942,0,1,1,,2,200,"I-105 E/B (GLENN ANDERSON FWY)","CENTRAL AVENUE",291.00,W,N,A,-,Y,,,105,,,,,,E,Y,1,1,1,5,A,-,03,22350,,N,D,C,E,A,H,-,D,D,0,Y,,,,Y,,A,01,0,0,1,1,0,0,0,0,0,"- ","- ",33.927490234375,-118.25698852539062,"LOS ANGELES","LOS ANGELES",-118.25700378417969,33.927566528320312
90698900,2018,2018-04-04,9590,2018-03-25,0148,021622,,7,3,7,1942,0,1,1,,2,020,"I-10 E/B (SBF)","CESAR CHAVEZ AVENUE",136.00,E,N,A,-,Y,,,,,,,,,,Y,3,0,2,4,A,-,03,22350,,N,D,C,E,A,H,-,C,D,0,Y,,,,Y,Y,A,01,0,2,0,0,1,0,0,0,0,"- ","- ",35.053440093994141,-118.22248840332031,"LOS ANGELES","LOS ANGELES",,
90700275,2018,2018-04-16,9580,2018-03-27,0950,019573,,2,1,7,1942,0,1,1,,2,407,"I-405 S/B FROM NORDHOFF ST.","NORDHOFF ST",4.00,S,N,A,-,Y,,,405,,,,R,,S,N,2,0,1,2,A,-,10,21950,A,N,G,B,B,A,H,-,A,A,0,Y,,,,Y,,A,07,1,0,0,0,1,0,0,0,0,"- ","- ",34.235500335693359,-118.47350311279297,"LOS ANGELES","LOS ANGELES",-118.47350311279297,34.235500335693359
90707860,2018,2018-04-18,9540,2018-03-28,2359,021464,,3,3,7,1942,0,1,1,,1,501,"I-5 S/B (GOLDEN STATE FREEWAY)","SAN FERNANDO MISSION BLVD",1056.00,N,N,A,-,Y,,,5,,,,,,S,N,3,0,1,2,A,-,08,22107,,F,G,B,E,A,H,-,D,D,0,Y,,,,Y,,-,99,0,1,0,0,1,0,0,0,0,"- ","- ",34.283538818359375,-118.45829010009766,"LOS ANGELES","LOS ANGELES",-118.45819091796875,34.283626556396484
90709454,2018,2018-04-20,9580,2018-04-13,1635,021257,,5,2,7,1942,0,1,2,,2,105,"US-101 S/B (VENTURA FREEWAY)","VALLEY CIRCLE BLVD.",1800.00,N,N,A,-,Y,,,101,,,,,,S,N,3,0,1,2,A,-,08,22107,,F,G,B,E,A,H,-,A,D,0,Y,,,,Y,,A,01,0,1,0,0,1,0,0,0,0,"- ","- ",34.157768249511719,-118.64161682128906,"LOS ANGELES","LOS ANGELES",-118.64162445068359,34.157787322998047
90711788,2018,2018-04-24,9530,2018-04-16,0855,021689,,1,1,7,1942,0,1,1,,2,200,"I-105 W/B TO VERMONT AVE.","VERMONT AVE.",6.00,E,N,A,-,Y,,,105,,,,R,,W,N,2,0,1,2,A,-,10,21950,A,N,G,B,C,A,H,-,A,A,0,Y,,,,Y,,A,01,1,0,0,0,1,0,0,0,0,"- ","- ",33.929271697998047,-118.29151153564453,"LOS ANGELES","LOS ANGELES",-118.29151153564453,33.929271697998047
90711915,2018,2018-04-24,9590,2018-04-22,0240,021678,,7,3,7,1942,0,1,2,,2,073,"US-101 S/B (HOLLYWOOD FREEWAY)","PILGRIMAGE BRIDGE",1500.00,N,N,A,-,Y,,,101,,,,,,S,Y,2,0,4,5,A,-,01,23152,A,N,A,C,E,A,G,-,C,D,0,Y,,,,Y,Y,A,01,2,2,0,0,1,0,0,0,0,"- ","- ",34.118160247802734,-118.33762359619141,"LOS ANGELES","LOS ANGELES",-118.33771514892578,34.118122100830078
90720593,2018,2018-05-07,9590,2018-05-04,1150,019008,,5,1,7,1942,0,1,2,,2,073,"US-101 SB (HOF) TO HOLLYWOOD BLVD","HOLLYWOOD BLVD",20.00,N,N,A,-,Y,,,101,,,,R,,S,N,4,0,1,2,A,-,10,21950,C,F,G,B,E,A,H,-,A,D,0,Y,,,,Y,,A,01,0,0,1,0,1,0,0,0,0,"- ","- ",34.101871490478516,-118.31713104248047,"LOS ANGELES","LOS ANGELES",-118.31713104248047,34.101871490478516
90722427,2018,2018-05-08,9580,2018-04-26,1832,020402,,4,2,7,1942,0,1,3,,2,170,"SR-170 N/B FROM MAGNOLIA BLVD.","MAGNOLIA BLVD",3.00,N,N,A,-,Y,,,170,,,,R,,N,N,4,0,1,2,A,-,08,22107,,N,G,B,B,A,H,-,B,A,0,Y,,,,Y,,D,22,0,0,1,0,1,0,0,0,0,"- ","- ",34.165279388427734,-118.38227844238281,"LOS ANGELES","LOS ANGELES",-118.38227844238281,34.165279388427734
90723095,2018,2018-05-09,9590,2018-05-05,0225,021998,,6,3,7,1942,0,1,1,,2,040,"I-5 N/B (SANTA ANA FREEWAY)","ESPERANZA ST.",1000.00,N,N,A,-,Y,,,5,,,,,,N,Y,3,0,3,4,A,-,03,22350,,N,C,C,E,A,H,-,C,D,0,Y,,,,Y,,A,01,0,3,0,0,1,0,0,0,0,"- ","- ",34.022670745849609,-118.19889831542969,"LOS ANGELES","LOS ANGELES",-118.19891357421875,34.022632598876953
90736180,2018,2018-05-29,9590,2018-01-31,0042,020344,,3,3,7,1942,0,1,1,,2,051,"I-110 S/B (HARBOR FWY.) TO 51ST STREET","49TH STREET",110.00,N,N,A,-,Y,,,110,,,,R,,S,N,1,1,0,2,C,-,18,,,F,G,B,E,A,H,-,C,D,0,Y,,,,Y,,-,"- ",0,0,0,1,0,0,0,0,0,"- ","- ",33.998790740966797,-118.28108978271484,"LOS ANGELES","LOS ANGELES",-118.28108978271484,33.998790740966797
90744307,2018,2018-06-08,9530,2018-06-04,1700,021994,,1,2,7,1942,0,3,5,,2,001,"92ND STREET (1400 BLOCK)","PARMELEE AVE.",16.00,E,N,A,-,N,,,,,,,,,,N,4,0,1,2,A,-,11,21954,A,N,G,B,D,A,H,-,A,D,0,Y,,,,Y,,N,60,0,0,1,0,1,0,0,0,0,"- ","- ",33.953281402587891,-118.24990844726562,"LOS ANGELES","LOS ANGELES",-118.24998474121094,33.953289031982422
90746164,2018,2018-06-12,9530,2018-06-08,0102,021108,,5,3,7,1942,0,1,1,,2,110,"I-110 S/B TO I-405","182ND ST.",60.00,N,N,A,-,Y,,,110,,,,R,,S,Y,3,0,1,4,A,-,08,22107,,M,D,E,E,A,H,-,C,D,0,Y,,,,Y,,A,01,0,1,0,0,1,0,0,0,0,"- ","- ",33.869541168212891,-118.28530120849609,"LOS ANGELES","LOS ANGELES",-118.28530120849609,33.869541168212891
90766982,2018,2018-07-11,9565,2018-06-28,0934,019138,,4,1,7,1942,0,1,1,,2,062,"I-405 SB PHILIP D. ORTIZ MEMORIAL FWY","PALMS BLVD",750.00,S,N,A,-,Y,,,405,,,,,,S,Y,4,0,1,2,A,-,01,23152,F,F,G,B,E,A,H,-,A,D,0,Y,,,,Y,,A,01,0,0,1,0,1,0,0,0,0,"- ","- ",34.016948699951172,-118.42259216308594,"LOS ANGELES","LOS ANGELES",-118.42244720458984,34.017063140869141
90773845,2018,2018-07-20,9590,2018-07-15,0245,021848,,7,3,7,1942,0,1,1,,2,013,"SR-110 S/B (ARROYO SECO PARKWAY)","AVENUE 60",300.00,S,N,A,-,Y,,,110,,,,,,S,N,3,0,1,2,A,-,11,21956,,N,G,B,E,A,H,-,C,D,0,Y,,,,Y,,N,60,0,1,0,0,1,0,0,0,0,"- ","- ",34.107151031494141,-118.1868896484375,"LOS ANGELES","LOS ANGELES",-118.18687438964844,34.107131958007812
90779717,2018,2018-07-30,9540,2018-07-20,0015,021802,,5,3,7,1942,0,1,1,,1,501,"I-5 S/B (GOLDEN STATE FREEWAY)","ROXFORD ST",1400.00,S,N,A,-,Y,,,5,,,,,,S,N,4,0,1,2,A,-,11,21954,A,N,G,B,E,A,H,-,C,D,0,Y,,,,Y,Y,N,60,0,0,1,0,1,0,0,0,0,"- ","- ",34.299991607666016,-118.47676849365234,"LOS ANGELES","LOS ANGELES",-118.47666168212891,34.300098419189453
90796284,2018,2018-08-23,9580,2018-08-13,0005,022103,,1,3,7,1942,0,1,1,,2,406,"I-405 N/B FROM NORDHOFF STREET","NORDHOFF ST",200.00,N,N,A,-,Y,,,405,,,,R,,N,N,4,0,1,2,A,-,08,22107,,F,E,J,F,A,G,-,C,D,0,Y,,,,Y,,-,99,0,0,1,0,1,0,0,0,0,"- ","- ",34.233489990234375,-118.47280883789062,"LOS ANGELES","LOS ANGELES",-118.47280883789062,34.233489990234375
90807375,2018,2018-09-06,9590,2018-03-31,1055,021883,,6,1,7,1942,0,1,2,,2,072,"US-101 NORTHBOUND (HOLLYWOOD FREEWAY)","HOLLYWOOD BOULEVARD",300.00,S,N,A,-,Y,,,101,,,,,,N,N,1,1,0,2,A,-,11,21954,A,N,G,B,E,A,H,-,A,D,0,Y,,,,Y,,N,60,0,0,0,1,0,0,0,0,0,"- ","- ",34.099910736083984,-118.31543731689453,"LOS ANGELES","LOS ANGELES",-118.31545257568359,34.099899291992188
90808590,2018,2018-09-10,9580,2018-08-27,0215,021236,,1,3,7,1942,0,1,3,,2,115,"SR-118 W/B (RONALD REAGAN FWY.)","FOX STREET",6.00,E,N,A,-,Y,,,118,,,,,,W,Y,2,0,3,6,A,-,01,23152,A,N,E,J,F,A,D,-,C,A,0,Y,,,,Y,Y,A,07,1,0,2,0,2,0,0,0,0,"- ","- ",34.2659912109375,-118.45359802246094,"LOS ANGELES","LOS ANGELES",-118.45359802246094,34.266002655029297
90820435,2018,2018-09-25,9530,2018-09-14,1450,020983,,5,2,7,1942,0,3,5,,2,001,"FIRESTONE BOULEVARD","PRINCE AVENUE",0.00,,Y,A,-,N,,,,,,,,,,N,4,0,1,2,A,-,10,21950,A,F,G,B,D,A,H,-,A,D,0,Y,,,,Y,,-,99,0,0,1,0,1,0,0,0,0,"- ","- ",33.960140228271484,-118.24813079833984,"LOS ANGELES","LOS ANGELES",-118.24809265136719,33.960159301757812
90822723,2018,2018-09-27,9530,2018-08-22,1330,022109,,3,1,7,1942,0,1,1,,2,200,"I-105 W/B (GLENN ANDERSON FWY)","CENTRAL AVE.",1584.00,W,N,A,-,Y,,,105,,,,,,W,N,4,0,1,2,A,-,11,21954,A,N,G,B,E,A,H,-,A,D,0,Y,,,Y,Y,,N,60,0,0,1,0,1,0,0,0,0,"- ","- ",33.927661895751953,-118.26036071777344,"LOS ANGELES","LOS ANGELES",-118.26036071777344,33.927650451660156
90832323,2018,2018-10-09,9580,2018-09-27,1013,018101,,4,1,7,1942,0,1,1,,2,407,"I-405 S/B (SAN DIEGO FWY) TO HASKELL AV","SHERMAN WAY",1500.00,N,N,A,-,Y,,,405,,,,R,,S,Y,4,0,1,2,A,-,01,23152,A,N,G,B,E,A,H,-,A,D,0,Y,,,,Y,Y,A,01,0,0,1,0,1,0,0,0,0,"- ","- ",34.204601287841797,-118.47364807128906,"LOS ANGELES","LOS ANGELES",-118.47364807128906,34.204601287841797
90837906,2018,2020-04-28,9590,2018-08-01,2127,021671,,3,2,7,1942,0,1,1,,2,050,"I-110 N/B (HARBOR FWY.) TO GAGE AVENUE","65TH STREET PEDESTRIAN UNDERCROSSING",11.30,S,N,A,-,Y,,,110,,,,R,,N,N,1,1,0,2,A,-,11,21954,A,N,G,B,E,A,H,-,C,D,0,Y,,,,Y,,N,60,0,0,0,1,0,0,0,0,0,"- ","- ",33.980690002441406,-118.28038787841797,"LOS ANGELES","LOS ANGELES",-118.28038787841797,33.980690002441406
90838091,2018,2018-10-17,9590,2018-10-09,0736,017520,,2,1,7,1942,0,1,1,,2,011,"SR-110 S/B (ASP)","SUNSET BLVD.",198.00,N,N,A,-,Y,,,,,,,,,,N,4,0,1,2,A,-,03,22350,,N,G,B,E,A,H,-,A,D,0,Y,,,,Y,,A,01,0,0,1,0,1,0,0,0,0,"- ","- ",33.215610504150391,-118.51622772216797,"LOS ANGELES","LOS ANGELES",-118.24714660644531,34.064132690429688
90863598,2018,2018-11-20,9590,2018-11-09,1820,021622,,5,2,7,1942,0,1,1,,2,061,"I-10 W/B (SMF) TO WESTERN AVENUE","WESTERN AVENUE",900.00,E,N,A,-,Y,,,10,,,,R,,W,N,2,0,1,2,A,-,08,22107,,F,G,B,E,A,H,-,C,D,0,Y,,,,Y,,-,99,1,0,0,0,1,0,0,0,0,"- ","- ",34.037509918212891,-118.30592346191406,"LOS ANGELES","LOS ANGELES",-118.30592346191406,34.037509918212891
90867730,2018,2018-11-27,9575,2018-11-15,1145,021302,,4,1,7,1942,0,1,1,,2,053,"I-5 N/B (GOLDEN STATE FREEWAY)","OSBORNE ST",1.00,S,N,A,-,Y,,,,,,,,,,N,4,0,1,2,A,-,10,21950,A,N,A,B,B,A,H,-,A,A,0,Y,,,,Y,,J,48,0,0,1,0,1,0,0,0,0,"- ","- ",34.245380401611328,-118.42134094238281,"LOS ANGELES","LOS ANGELES",-118.42227935791016,34.244838714599609
90873866,2018,2018-12-03,9590,2018-11-20,1735,022127,,2,2,7,1942,0,1,2,,2,070,"US-101 N/B (HOLLYWOOD FREEWAY)","GLENDALE BLVD.",1.00,S,N,A,-,Y,,,101,,,,,,N,N,2,0,1,2,A,-,11,21954,A,N,G,B,E,A,H,-,C,D,0,Y,,,,Y,,N,60,1,0,0,0,1,0,0,0,0,"- ","- ",34.069728851318359,-118.26114654541016,"LOS ANGELES","LOS ANGELES",-118.26113891601562,34.06976318359375
90877178,2018,2018-12-06,9575,2018-11-30,2053,020702,,5,2,7,1942,0,1,1,,2,053,"I-5 N/B TO SR-118 E/B","LAUREL CANYON BLVD.",250.00,W,N,A,-,Y,,,5,,,,R,,N,N,4,0,1,2,A,-,11,21954,A,N,B,B,E,A,H,-,C,D,0,Y,,,,Y,,N,60,0,0,1,0,1,0,0,0,0,"- ","- ",34.265510559082031,-118.44077301025391,"LOS ANGELES","LOS ANGELES",-118.44077301025391,34.265510559082031
90893600,2018,2018-12-28,9580,2018-03-09,0608,021554,,5,1,7,1942,0,1,2,,2,101,"US-101 S/B (VENTURA FREEWAY)","RADFORD AVENUE",92.00,S,N,A,-,Y,,,101,,,,,,S,Y,1,1,0,2,A,-,11,21954,A,N,G,B,E,A,H,-,B,D,0,Y,,,,Y,Y,N,60,0,0,0,1,0,0,0,0,0,"- ","- ",34.154411315917969,-118.39166259765625,"LOS ANGELES","LOS ANGELES",-118.39166259765625,34.154354095458984
90907063,2018,2019-01-18,9530,2018-12-07,2055,022102,,5,2,7,1942,0,3,5,,2,001,"FIRESTONE BLVD. (1600 BLOCK)","MAIE AVE. (8700 BLOCK)",150.00,E,N,A,-,N,,,,,,,,,,N,4,0,1,2,A,-,11,21950,B,N,G,B,D,A,H,-,C,D,0,Y,,,,Y,,N,60,0,0,1,0,1,0,0,0,0,"- ","- ",33.960151672363281,-118.24382781982422,"LOS ANGELES","LOS ANGELES",-118.24394989013672,33.960151672363281
90927275,2018,2019-02-15,9575,2018-10-02,0619,020887,,2,1,7,1942,0,1,1,,2,052,"I-5 N/B (GOLDEN STATE FREEWAY)","TUXFORD OFF-RAMP O/C",355.00,N,N,B,-,Y,,,5,,,,,,N,N,1,1,0,2,A,-,11,21954,A,F,G,B,E,A,H,-,D,A,0,Y,,,,Y,,N,60,0,0,0,1,0,0,0,0,0,"- ","- ",34.226581573486328,-118.385986328125,"LOS ANGELES","LOS ANGELES",-118.38599395751953,34.226543426513672
90963095,2018,2019-04-08,9590,2018-10-14,0301,021848,,7,3,7,1942,0,1,1,,2,050,"I-110 NORTHBOUND (HARBOR FREEWAY)","MANCHESTER AVENUE",1460.00,S,N,B,-,Y,,,110,,,,,,N,Y,1,1,0,2,C,-,18,,,F,G,B,E,A,G,-,C,D,0,Y,,,,Y,,-,"- ",0,0,0,1,0,0,0,0,0,"- ","- ",33.955448150634766,-118.28054809570312,"LOS ANGELES","LOS ANGELES",-118.28070831298828,33.955448150634766